"Time","Ga. Southern","Score","Akron"
"19:50","BROWN,TOOKIE missed Three Point Jumper","0-0",""
"19:50","","0-0","WILLIAMS,JOSH Defensive Rebound"
"19:31","O'CONNELL,SHAWN Commits Foul","0-0",""
"19:31","GLADDEN,BJ Enters Game","0-0",""
"19:31","O'CONNELL,SHAWN Leaves Game","0-0",""
"19:24","","0-0","ROBOTHAM,NOAH missed Three Point Jumper"
"19:24","HUGHES,MIKE Defensive Rebound","0-0",""
"19:04","GLADDEN,BJ Turnover","0-0",""
"19:04","GLADDEN,BJ Commits Foul","0-0",""
"18:43","","0-3","CHEATHAM,JR, KWAN made Three Point Jumper"
"18:43","","0-3","ROBOTHAM,NOAH Assist"
"18:27","BROWN,TOOKIE Turnover","0-3",""
"18:11","","0-3","JACKSON,ANTINO Turnover"
"18:11","BROWN,TOOKIE Steal","0-3",""
"18:11","","0-3","ROBOTHAM,NOAH Commits Foul"
"17:52","GLADDEN,BJ made Layup","2-3",""
"17:32","","2-3","JACKSON,ANTINO missed Three Point Jumper"
"17:32","TEAM Defensive Rebound","2-3",""
"17:31","","2-3","JOHNSON,ISAIAH Commits Foul"
"17:16","SMITH,IKE made Layup","4-3",""
"16:52","","4-5","CHEATHAM,JR, KWAN made Two Point Jumper"
"16:31","BROWN,TOOKIE missed Two Point Jumper","4-5",""
"16:31","","4-5","JACKSON,ANTINO Blocked Shot"
"16:29","","4-5","CHEATHAM,JR, KWAN Defensive Rebound"
"16:19","SMITH,IKE Commits Foul","4-5",""
"16:19","","4-5","HUGHES,MICHAEL Enters Game"
"16:19","","4-5","JACKSON,AARON Enters Game"
"16:19","","4-5","CHEATHAM,JR, KWAN Leaves Game"
"16:19","","4-5","JOHNSON,ISAIAH Leaves Game"
"16:08","BROWN,TOOKIE Commits Foul","4-5",""
"16:08","","4-5","UTOMI,DANIEL Enters Game"
"15:52","","4-8","JACKSON,ANTINO made Three Point Jumper"
"15:36","","4-8","JACKSON,AARON Commits Foul"
"15:36","TEAM Media Timeout","4-8",""
"15:36","GLADDEN,BJ missed Free Throw","4-8",""
"15:36","TEAM Deadball Rebound","4-8",""
"15:36","GLADDEN,BJ missed Free Throw","4-8",""
"15:36","","4-8","JACKSON,AARON Defensive Rebound"
"15:36","BOYKINS,DEVONTE Enters Game","4-8",""
"15:36","ALLSMILLER,JAKE Enters Game","4-8",""
"15:36","SIMMONS,COYE Enters Game","4-8",""
"15:36","SMITH,IKE Leaves Game","4-8",""
"15:36","GLENN,MONTAE Leaves Game","4-8",""
"15:36","BROWN,TOOKIE Leaves Game","4-8",""
"15:36","","4-8","IVEY,JIMOND Enters Game"
"15:36","","4-8","ROBOTHAM,NOAH Leaves Game"
"15:25","","4-8","HUGHES,MICHAEL Turnover"
"15:08","GLADDEN,BJ missed Three Point Jumper","4-8",""
"15:08","","4-8","IVEY,JIMOND Defensive Rebound"
"14:51","","4-8","IVEY,JIMOND missed Layup"
"14:51","","4-8","HUGHES,MICHAEL Offensive Rebound"
"14:46","","4-8","HUGHES,MICHAEL missed Layup"
"14:46","SIMMONS,COYE Blocked Shot","4-8",""
"14:44","SIMMONS,COYE Defensive Rebound","4-8",""
"14:37","HUGHES,MIKE Turnover","4-8",""
"14:37","HUGHES,MIKE Commits Foul","4-8",""
"14:37","BROWN,TOOKIE Enters Game","4-8",""
"14:37","O'CONNELL,SHAWN Enters Game","4-8",""
"14:37","HUGHES,MIKE Leaves Game","4-8",""
"14:37","GLADDEN,BJ Leaves Game","4-8",""
"14:37","","4-8","ROBOTHAM,NOAH Enters Game"
"14:37","","4-8","JOHNSON,ISAIAH Enters Game"
"14:37","","4-8","DUNN-MARTIN,TAVIAN Enters Game"
"14:37","","4-8","JACKSON,ANTINO Leaves Game"
"14:37","","4-8","HUGHES,MICHAEL Leaves Game"
"14:37","","4-8","WILLIAMS,JOSH Leaves Game"
"14:20","","4-8","DUNN-MARTIN,TAVIAN missed Three Point Jumper"
"14:20","","4-8","DUNN-MARTIN,TAVIAN Offensive Rebound"
"14:13","","4-10","JOHNSON,ISAIAH made Layup"
"14:13","","4-10","DUNN-MARTIN,TAVIAN Assist"
"13:51","BOYKINS,DEVONTE made Layup","6-10",""
"13:29","BROWN,TOOKIE Commits Foul","6-10",""
"13:29","SMITH,IKE Enters Game","6-10",""
"13:29","BROWN,TOOKIE Leaves Game","6-10",""
"13:27","BOYKINS,DEVONTE Commits Foul","6-10",""
"13:27","","6-10","JOHNSON,ISAIAH missed Free Throw"
"13:27","SIMMONS,COYE Defensive Rebound","6-10",""
"13:17","SMITH,IKE made Two Point Jumper","8-10",""
"13:15","BOYKINS,DEVONTE Commits Foul","8-10",""
"13:15","BOYKINS,DEVONTE Commits Foul","8-10",""
"13:15","","8-11","ROBOTHAM,NOAH made Free Throw"
"13:15","","8-12","ROBOTHAM,NOAH made Free Throw"
"13:15","HUGHES,MIKE Enters Game","8-12",""
"13:15","SMITH,IKE Leaves Game","8-12",""
"13:15","","8-12","CHEATHAM,JR, KWAN Enters Game"
"13:15","","8-12","JACKSON,AARON Leaves Game"
"13:04","","8-12","IVEY,JIMOND missed Three Point Jumper"
"13:04","HUGHES,MIKE Defensive Rebound","8-12",""
"12:46","ALLSMILLER,JAKE made Three Point Jumper","11-12",""
"12:46","BOYKINS,DEVONTE Assist","11-12",""
"12:32","","11-12","ROBOTHAM,NOAH Turnover"
"12:31","O'CONNELL,SHAWN Steal","11-12",""
"12:28","O'CONNELL,SHAWN missed Layup","11-12",""
"12:28","TEAM Offensive Rebound","11-12",""
"12:28","","11-12","WILLIAMS,JOSH Enters Game"
"12:28","","11-12","IVEY,JIMOND Leaves Game"
"12:23","HUGHES,MIKE missed Three Point Jumper","11-12",""
"12:23","","11-12","ROBOTHAM,NOAH Defensive Rebound"
"12:13","","11-12","CHEATHAM,JR, KWAN missed Three Point Jumper"
"12:13","TEAM Defensive Rebound","11-12",""
"12:11","SMITH,IKE Enters Game","11-12",""
"12:11","ALLSMILLER,JAKE Leaves Game","11-12",""
"12:01","","11-12","DUNN-MARTIN,TAVIAN Commits Foul"
"12:01","","11-12","JACKSON,ANTINO Enters Game"
"12:01","","11-12","DUNN-MARTIN,TAVIAN Leaves Game"
"11:42","SMITH,IKE made Layup","13-12",""
"11:29","","13-12","ROBOTHAM,NOAH missed Three Point Jumper"
"11:29","TEAM Defensive Rebound","13-12",""
"11:24","TEAM Media Timeout","13-12",""
"11:24","GLENN,MONTAE Enters Game","13-12",""
"11:24","SIMMONS,COYE Leaves Game","13-12",""
"11:12","SMITH,IKE missed Layup","13-12",""
"11:12","","13-12","JOHNSON,ISAIAH Blocked Shot"
"11:12","O'CONNELL,SHAWN Offensive Rebound","13-12",""
"11:12","","13-12","JACKSON,ANTINO Commits Foul"
"11:12","O'CONNELL,SHAWN made Free Throw","14-12",""
"11:12","O'CONNELL,SHAWN missed Free Throw","14-12",""
"11:12","","14-12","CHEATHAM,JR, KWAN Defensive Rebound"
"11:03","","14-15","WILLIAMS,JOSH made Three Point Jumper"
"11:03","","14-15","JACKSON,ANTINO Assist"
"10:45","SMITH,IKE missed Two Point Jumper","14-15",""
"10:45","GLENN,MONTAE Offensive Rebound","14-15",""
"10:38","BOYKINS,DEVONTE missed Three Point Jumper","14-15",""
"10:38","","14-15","CHEATHAM,JR, KWAN Defensive Rebound"
"10:18","","14-15","WILLIAMS,JOSH missed Three Point Jumper"
"10:18","TEAM Defensive Rebound","14-15",""
"10:10","BROWN,TOOKIE Enters Game","14-15",""
"10:10","GLADDEN,BJ Enters Game","14-15",""
"10:10","BOYKINS,DEVONTE Leaves Game","14-15",""
"10:10","O'CONNELL,SHAWN Leaves Game","14-15",""
"10:10","","14-15","HUGHES,MICHAEL Enters Game"
"10:10","","14-15","JOHNSON,ISAIAH Leaves Game"
"09:57","HUGHES,MIKE Turnover","14-15",""
"09:57","HUGHES,MIKE Commits Foul","14-15",""
"09:40","","14-15","CHEATHAM,JR, KWAN missed Three Point Jumper"
"09:40","GLENN,MONTAE Defensive Rebound","14-15",""
"09:25","GLENN,MONTAE missed Layup","14-15",""
"09:25","","14-15","HUGHES,MICHAEL Blocked Shot"
"09:23","HUGHES,MIKE Offensive Rebound","14-15",""
"09:08","GLADDEN,BJ missed Layup","14-15",""
"09:08","","14-15","TEAM Deadball Rebound"
"09:06","ALLSMILLER,JAKE Enters Game","14-15",""
"09:06","BOYKINS,DEVONTE Enters Game","14-15",""
"09:06","BROWN,TOOKIE Leaves Game","14-15",""
"09:06","HUGHES,MIKE Leaves Game","14-15",""
"08:55","","14-15","JACKSON,ANTINO Turnover"
"08:30","SMITH,IKE missed Three Point Jumper","14-15",""
"08:30","","14-15","ROBOTHAM,NOAH Defensive Rebound"
"08:15","","14-18","JACKSON,ANTINO made Three Point Jumper"
"08:15","","14-18","ROBOTHAM,NOAH Assist"
"07:55","SMITH,IKE made Three Point Jumper","17-18",""
"07:55","GLADDEN,BJ Assist","17-18",""
"07:38","","17-21","WILLIAMS,JOSH made Three Point Jumper"
"07:38","","17-21","ROBOTHAM,NOAH Assist"
"07:16","","17-21","WILLIAMS,JOSH Commits Foul"
"07:16","TEAM Media Timeout","17-21",""
"07:16","SMITH,IKE made Free Throw","18-21",""
"07:16","SMITH,IKE made Free Throw","19-21",""
"07:16","SMITH,IKE missed Free Throw","19-21",""
"07:16","","19-21","CHEATHAM,JR, KWAN Defensive Rebound"
"07:16","SIMMONS,COYE Enters Game","19-21",""
"07:16","GLENN,MONTAE Leaves Game","19-21",""
"07:16","","19-21","IVEY,JIMOND Enters Game"
"07:16","","19-21","DUNN-MARTIN,TAVIAN Enters Game"
"07:16","","19-21","JOHNSON,ISAIAH Enters Game"
"07:16","","19-21","ROBOTHAM,NOAH Leaves Game"
"07:16","","19-21","HUGHES,MICHAEL Leaves Game"
"07:16","","19-21","JACKSON,ANTINO Leaves Game"
"06:51","","19-23","JOHNSON,ISAIAH made Layup"
"06:51","","19-23","IVEY,JIMOND Assist"
"06:35","SMITH,IKE made Layup","21-23",""
"06:35","ALLSMILLER,JAKE Assist","21-23",""
"06:13","","21-23","JACKSON,AARON Enters Game"
"06:13","","21-23","CHEATHAM,JR, KWAN Leaves Game"
"06:05","","21-26","DUNN-MARTIN,TAVIAN made Three Point Jumper"
"05:45","GLADDEN,BJ Turnover","21-26",""
"05:45","GLENN,MONTAE Enters Game","21-26",""
"05:45","SIMMONS,COYE Leaves Game","21-26",""
"05:21","GLADDEN,BJ Commits Foul","21-26",""
"05:21","","21-27","JOHNSON,ISAIAH made Free Throw"
"05:21","","21-28","JOHNSON,ISAIAH made Free Throw"
"05:06","GLADDEN,BJ missed Three Point Jumper","21-28",""
"05:06","","21-28","JOHNSON,ISAIAH Defensive Rebound"
"04:58","","21-28","WILLIAMS,JOSH missed Three Point Jumper"
"04:58","GLADDEN,BJ Defensive Rebound","21-28",""
"04:49","GLADDEN,BJ made Layup","23-28",""
"04:33","","23-28","JACKSON,AARON missed Three Point Jumper"
"04:33","","23-28","JOHNSON,ISAIAH Offensive Rebound"
"04:32","ALLSMILLER,JAKE Commits Foul","23-28",""
"04:32","","23-29","JOHNSON,ISAIAH made Free Throw"
"04:32","","23-30","JOHNSON,ISAIAH made Free Throw"
"04:32","BROWN,TOOKIE Enters Game","23-30",""
"04:32","SIMMONS,COYE Enters Game","23-30",""
"04:32","HUGHES,MIKE Enters Game","23-30",""
"04:32","O'CONNELL,SHAWN Enters Game","23-30",""
"04:32","ALLSMILLER,JAKE Leaves Game","23-30",""
"04:32","GLENN,MONTAE Leaves Game","23-30",""
"04:32","BOYKINS,DEVONTE Leaves Game","23-30",""
"04:32","GLADDEN,BJ Leaves Game","23-30",""
"04:32","","23-30","JACKSON,ANTINO Enters Game"
"04:32","","23-30","DUNN-MARTIN,TAVIAN Leaves Game"
"04:32","","23-30","JACKSON,AARON Leaves Game"
"04:08","BROWN,TOOKIE made Three Point Jumper","26-30",""
"04:08","SMITH,IKE Assist","26-30",""
"03:49","","26-32","IVEY,JIMOND made Layup"
"03:49","","26-32","JOHNSON,ISAIAH Assist"
"03:23","HUGHES,MIKE missed Layup","26-32",""
"03:22","","26-32","JACKSON,ANTINO Defensive Rebound"
"03:16","","26-34","IVEY,JIMOND made Layup"
"03:16","","26-34","JACKSON,ANTINO Assist"
"03:06","TEAM  Timeout","26-34",""
"03:06","","26-34","DUNN-MARTIN,TAVIAN Enters Game"
"03:06","","26-34","ROBOTHAM,NOAH Enters Game"
"03:06","","26-34","IVEY,JIMOND Leaves Game"
"03:06","","26-34","WILLIAMS,JOSH Leaves Game"
"02:47","HUGHES,MIKE missed Three Point Jumper","26-34",""
"02:47","","26-34","UTOMI,DANIEL Defensive Rebound"
"02:22","","26-34","UTOMI,DANIEL missed Two Point Jumper"
"02:22","BROWN,TOOKIE Defensive Rebound","26-34",""
"02:16","","26-34","JACKSON,ANTINO Commits Foul"
"02:16","BROWN,TOOKIE made Free Throw","27-34",""
"02:16","BROWN,TOOKIE made Free Throw","28-34",""
"02:16","ALLSMILLER,JAKE Enters Game","28-34",""
"02:16","BOYKINS,DEVONTE Enters Game","28-34",""
"02:16","BROWN,TOOKIE Leaves Game","28-34",""
"02:16","HUGHES,MIKE Leaves Game","28-34",""
"02:16","","28-34","IVEY,JIMOND Enters Game"
"02:16","","28-34","CHEATHAM,JR, KWAN Enters Game"
"02:16","","28-34","UTOMI,DANIEL Leaves Game"
"02:16","","28-34","JACKSON,ANTINO Leaves Game"
"01:58","","28-37","IVEY,JIMOND made Three Point Jumper"
"01:58","","28-37","CHEATHAM,JR, KWAN Assist"
"01:31","ALLSMILLER,JAKE missed Three Point Jumper","28-37",""
"01:31","","28-37","ROBOTHAM,NOAH Defensive Rebound"
"01:20","","28-37","IVEY,JIMOND Turnover"
"01:18","SIMMONS,COYE Steal","28-37",""
"01:13","BOYKINS,DEVONTE made Layup","30-37",""
"01:03","","30-39","JOHNSON,ISAIAH made Layup"
"01:03","","30-39","IVEY,JIMOND Assist"
"00:25","SIMMONS,COYE missed Two Point Jumper","30-39",""
"00:25","","30-39","JOHNSON,ISAIAH Defensive Rebound"
"00:03","","30-39","WILLIAMS,JOSH missed Three Point Jumper"
"00:03","O'CONNELL,SHAWN Defensive Rebound","30-39",""
"End of 1st Half"
