"Time","Akron","Score","Northern Ill."
"19:44","CHEATHAM,JR, KWAN missed Three Point Jumper","33-47",""
"19:44","","33-47","TEAM Defensive Rebound"
"19:42","","33-47","MARIC,MARIN Commits Foul"
"19:32","ROBOTHAM,NOAH missed Three Point Jumper","33-47",""
"19:32","IVEY,JIMOND Offensive Rebound","33-47",""
"19:27","JACKSON,ANTINO missed Three Point Jumper","33-47",""
"19:27","","33-47","ARMSTEAD,AARIC Defensive Rebound"
"19:02","","33-47","MARIC,MARIN Turnover"
"19:00","JACKSON,ANTINO Steal","33-47",""
"18:58","JACKSON,ANTINO missed Layup","33-47",""
"18:58","IVEY,JIMOND Offensive Rebound","33-47",""
"18:55","IVEY,JIMOND made Tip In","35-47",""
"18:29","","35-49","HIGHSMITH,DONTEL made Layup"
"18:10","JOHNSON,ISAIAH Turnover","35-49",""
"18:09","","35-49","ARMSTEAD,AARIC Steal"
"18:07","JACKSON,ANTINO Commits Foul","35-49",""
"18:07","","35-49","ARMSTEAD,AARIC missed Free Throw"
"18:07","","35-49","TEAM Deadball Rebound"
"18:07","","35-49","ARMSTEAD,AARIC missed Free Throw"
"18:07","IVEY,JIMOND Defensive Rebound","35-49",""
"17:49","JACKSON,ANTINO made Layup","37-49",""
"17:27","","37-52","KEY,JAYLEN made Three Point Jumper"
"17:02","JOHNSON,ISAIAH made Layup","39-52",""
"16:41","","39-52","ARMSTEAD,AARIC missed Three Point Jumper"
"16:41","","39-52","HIGHSMITH,DONTEL Offensive Rebound"
"16:36","","39-52","HIGHSMITH,DONTEL Turnover"
"16:35","JACKSON,ANTINO Steal","39-52",""
"16:29","JACKSON,ANTINO made Three Point Jumper","42-52",""
"16:29","ROBOTHAM,NOAH Assist","42-52",""
"16:14","ROBOTHAM,NOAH Commits Foul","42-52",""
"16:14","","42-52","PORTER,LAYTWAN Enters Game"
"16:14","","42-52","BRADLEY,LEVI Enters Game"
"16:14","","42-52","HIGHSMITH,DONTEL Leaves Game"
"16:14","","42-52","KEY,JAYLEN Leaves Game"
"16:02","","42-52","BRADLEY,LEVI Turnover"
"16:01","JACKSON,ANTINO Steal","42-52",""
"15:58","CHEATHAM,JR, KWAN missed Three Point Jumper","42-52",""
"15:58","TEAM Offensive Rebound","42-52",""
"15:55","TEAM  Timeout","42-52",""
"15:45","JACKSON,ANTINO made Three Point Jumper","45-52",""
"15:45","ROBOTHAM,NOAH Assist","45-52",""
"15:22","","45-52","THOMAS,JUSTIN missed Two Point Jumper"
"15:22","JOHNSON,ISAIAH Defensive Rebound","45-52",""
"15:07","","45-52","BRADLEY,LEVI Commits Foul"
"15:07","","45-52","GERMAN,EUGENE Enters Game"
"15:07","","45-52","THOMAS,JUSTIN Leaves Game"
"14:55","JOHNSON,ISAIAH missed Layup","45-52",""
"14:55","","45-52","ARMSTEAD,AARIC Defensive Rebound"
"14:54","JOHNSON,ISAIAH Commits Foul","45-52",""
"14:40","","45-52","GERMAN,EUGENE Turnover"
"14:39","IVEY,JIMOND Steal","45-52",""
"14:27","JOHNSON,ISAIAH Turnover","45-52",""
"14:15","","45-55","PORTER,LAYTWAN made Three Point Jumper"
"14:15","","45-55","ARMSTEAD,AARIC Assist"
"13:53","JOHNSON,ISAIAH made Layup","47-55",""
"13:39","","47-57","ARMSTEAD,AARIC made Two Point Jumper"
"13:17","IVEY,JIMOND missed Layup","47-57",""
"13:17","","47-57","PORTER,LAYTWAN Blocked Shot"
"13:15","","47-57","TEAM Defensive Rebound"
"13:14","WILLIAMS,JOSH Enters Game","47-57",""
"13:14","ROBOTHAM,NOAH Leaves Game","47-57",""
"13:14","","47-57","WILSON,MARSHAWN Enters Game"
"13:14","","47-57","KEY,JAYLEN Enters Game"
"13:14","","47-57","GERMAN,EUGENE Leaves Game"
"13:14","","47-57","MARIC,MARIN Leaves Game"
"13:07","","47-57","ARMSTEAD,AARIC Turnover"
"13:07","","47-57","ARMSTEAD,AARIC Commits Foul"
"12:53","JOHNSON,ISAIAH missed Layup","47-57",""
"12:53","","47-57","ARMSTEAD,AARIC Defensive Rebound"
"12:34","","47-59","PORTER,LAYTWAN made Layup"
"12:02","JACKSON,ANTINO missed Three Point Jumper","47-59",""
"12:02","","47-59","ARMSTEAD,AARIC Defensive Rebound"
"11:48","","47-59","WILSON,MARSHAWN missed Two Point Jumper"
"11:48","IVEY,JIMOND Defensive Rebound","47-59",""
"11:26","JOHNSON,ISAIAH made Layup","49-59",""
"11:06","","49-59","KEY,JAYLEN missed Two Point Jumper"
"11:06","CHEATHAM,JR, KWAN Defensive Rebound","49-59",""
"10:54","WILLIAMS,JOSH missed Three Point Jumper","49-59",""
"10:54","","49-59","KEY,JAYLEN Defensive Rebound"
"10:43","","49-59","PORTER,LAYTWAN Turnover"
"10:42","CHEATHAM,JR, KWAN Steal","49-59",""
"10:41","","49-59","BRADLEY,LEVI Commits Foul"
"10:41","TEAM Media Timeout","49-59",""
"10:41","UTOMI,DANIEL Enters Game","49-59",""
"10:41","ROBOTHAM,NOAH Enters Game","49-59",""
"10:41","JOHNSON,ISAIAH Leaves Game","49-59",""
"10:41","JACKSON,ANTINO Leaves Game","49-59",""
"10:41","","49-59","MARIC,MARIN Enters Game"
"10:41","","49-59","HIGHSMITH,DONTEL Enters Game"
"10:41","","49-59","ARMSTEAD,AARIC Leaves Game"
"10:41","","49-59","KEY,JAYLEN Leaves Game"
"10:18","","49-59","PORTER,LAYTWAN Commits Foul"
"10:18","UTOMI,DANIEL missed Free Throw","49-59",""
"10:18","TEAM Deadball Rebound","49-59",""
"10:18","UTOMI,DANIEL made Free Throw","50-59",""
"10:18","","50-59","KEY,JAYLEN Enters Game"
"10:18","","50-59","BRADLEY,LEVI Leaves Game"
"10:02","","50-59","PORTER,LAYTWAN Turnover"
"10:00","UTOMI,DANIEL Steal","50-59",""
"09:51","CHEATHAM,JR, KWAN missed Three Point Jumper","50-59",""
"09:51","","50-59","PORTER,LAYTWAN Defensive Rebound"
"09:39","","50-59","KEY,JAYLEN Turnover"
"09:39","","50-59","THOMAS,JUSTIN Enters Game"
"09:39","","50-59","PORTER,LAYTWAN Leaves Game"
"09:16","UTOMI,DANIEL made Three Point Jumper","53-59",""
"09:16","CHEATHAM,JR, KWAN Assist","53-59",""
"08:50","UTOMI,DANIEL Commits Foul","53-59",""
"08:50","","53-61","MARIC,MARIN made Two Point Jumper"
"08:36","IVEY,JIMOND made Layup","55-61",""
"08:36","CHEATHAM,JR, KWAN Assist","55-61",""
"08:21","","55-61","MARIC,MARIN missed Two Point Jumper"
"08:21","CHEATHAM,JR, KWAN Defensive Rebound","55-61",""
"08:06","WILLIAMS,JOSH missed Three Point Jumper","55-61",""
"08:06","","55-61","MARIC,MARIN Defensive Rebound"
"07:46","UTOMI,DANIEL Commits Foul","55-61",""
"07:46","","55-61","TEAM Media Timeout"
"07:46","JACKSON,ANTINO Enters Game","55-61",""
"07:46","JOHNSON,ISAIAH Enters Game","55-61",""
"07:46","WILLIAMS,JOSH Leaves Game","55-61",""
"07:46","UTOMI,DANIEL Leaves Game","55-61",""
"07:46","","55-61","ARMSTEAD,AARIC Enters Game"
"07:46","","55-61","WILSON,MARSHAWN Leaves Game"
"07:40","","55-61","MARIC,MARIN missed Two Point Jumper"
"07:40","JOHNSON,ISAIAH Defensive Rebound","55-61",""
"07:12","JOHNSON,ISAIAH made Layup","57-61",""
"07:12","IVEY,JIMOND Assist","57-61",""
"06:41","","57-61","HIGHSMITH,DONTEL missed Two Point Jumper"
"06:41","CHEATHAM,JR, KWAN Defensive Rebound","57-61",""
"06:31","CHEATHAM,JR, KWAN missed Three Point Jumper","57-61",""
"06:31","","57-61","MARIC,MARIN Defensive Rebound"
"06:22","","57-61","THOMAS,JUSTIN missed Two Point Jumper"
"06:22","CHEATHAM,JR, KWAN Blocked Shot","57-61",""
"06:20","CHEATHAM,JR, KWAN Defensive Rebound","57-61",""
"06:14","CHEATHAM,JR, KWAN Turnover","57-61",""
"06:14","","57-61","ARMSTEAD,AARIC Steal"
"06:14","","57-61","ARMSTEAD,AARIC Turnover"
"06:14","WILLIAMS,JOSH Enters Game","57-61",""
"06:14","IVEY,JIMOND Leaves Game","57-61",""
"06:14","","57-61","BRADLEY,LEVI Enters Game"
"06:14","","57-61","PORTER,LAYTWAN Enters Game"
"06:14","","57-61","THOMAS,JUSTIN Leaves Game"
"06:14","","57-61","KEY,JAYLEN Leaves Game"
"06:04","","57-61","MARIC,MARIN Commits Foul"
"05:56","JACKSON,ANTINO made Three Point Jumper","60-61",""
"05:56","ROBOTHAM,NOAH Assist","60-61",""
"05:47","","60-61","TEAM 30 Second Timeout"
"05:36","","60-63","MARIC,MARIN made Two Point Jumper"
"05:13","JOHNSON,ISAIAH made Layup","62-63",""
"04:57","JACKSON,ANTINO Commits Foul","62-63",""
"04:57","","62-64","PORTER,LAYTWAN made Free Throw"
"04:57","","62-65","PORTER,LAYTWAN made Free Throw"
"04:39","JOHNSON,ISAIAH missed Layup","62-65",""
"04:39","JACKSON,ANTINO Offensive Rebound","62-65",""
"04:30","JOHNSON,ISAIAH made Layup","64-65",""
"04:02","","64-65","ARMSTEAD,AARIC missed Two Point Jumper"
"04:02","CHEATHAM,JR, KWAN Defensive Rebound","64-65",""
"03:53","ROBOTHAM,NOAH missed Three Point Jumper","64-65",""
"03:53","JOHNSON,ISAIAH Offensive Rebound","64-65",""
"03:50","JOHNSON,ISAIAH made Layup","66-65",""
"03:50","","66-65","PORTER,LAYTWAN Commits Foul"
"03:50","TEAM  Timeout","66-65",""
"03:50","JOHNSON,ISAIAH missed Free Throw","66-65",""
"03:50","","66-65","MARIC,MARIN Defensive Rebound"
"03:50","IVEY,JIMOND Enters Game","66-65",""
"03:50","WILLIAMS,JOSH Leaves Game","66-65",""
"03:50","","66-65","WILSON,MARSHAWN Enters Game"
"03:50","","66-65","HIGHSMITH,DONTEL Leaves Game"
"03:36","","66-65","PORTER,LAYTWAN Turnover"
"03:35","IVEY,JIMOND Steal","66-65",""
"03:09","TEAM 30 Second Timeout","66-65",""
"03:08","","66-65","BRADLEY,LEVI Commits Foul"
"03:08","JOHNSON,ISAIAH made Free Throw","67-65",""
"03:08","JOHNSON,ISAIAH made Free Throw","68-65",""
"03:08","","68-65","KEY,JAYLEN Enters Game"
"03:08","","68-65","HIGHSMITH,DONTEL Enters Game"
"03:08","","68-65","BRADLEY,LEVI Leaves Game"
"03:08","","68-65","WILSON,MARSHAWN Leaves Game"
"02:49","","68-65","PORTER,LAYTWAN Turnover"
"02:48","IVEY,JIMOND Steal","68-65",""
"02:45","ROBOTHAM,NOAH made Two Point Jumper","70-65",""
"02:45","IVEY,JIMOND Assist","70-65",""
"02:42","","70-65","TEAM 30 Second Timeout"
"02:42","","70-65","THOMAS,JUSTIN Enters Game"
"02:42","","70-65","PORTER,LAYTWAN Leaves Game"
"02:14","","70-65","THOMAS,JUSTIN missed Layup"
"02:14","CHEATHAM,JR, KWAN Defensive Rebound","70-65",""
"01:44","JOHNSON,ISAIAH missed Layup","70-65",""
"01:44","TEAM Offensive Rebound","70-65",""
"01:41","","70-65","KEY,JAYLEN Commits Foul"
"01:41","JOHNSON,ISAIAH missed Free Throw","70-65",""
"01:41","","70-65","MARIC,MARIN Defensive Rebound"
"01:27","JOHNSON,ISAIAH Commits Foul","70-65",""
"01:27","","70-66","HIGHSMITH,DONTEL made Free Throw"
"01:27","","70-67","HIGHSMITH,DONTEL made Free Throw"
"00:59","JACKSON,ANTINO Turnover","70-67",""
"00:58","","70-67","ARMSTEAD,AARIC Steal"
"00:55","","70-67","THOMAS,JUSTIN missed Layup"
"00:55","","70-67","MARIC,MARIN Offensive Rebound"
"00:54","JACKSON,ANTINO Commits Foul","70-67",""
"00:54","","70-68","MARIC,MARIN made Free Throw"
"00:54","","70-68","MARIC,MARIN missed Free Throw"
"00:54","JOHNSON,ISAIAH Defensive Rebound","70-68",""
"00:28","JOHNSON,ISAIAH missed Layup","70-68",""
"00:28","","70-68","MARIC,MARIN Defensive Rebound"
"00:25","","70-68","MARIC,MARIN Turnover"
"00:24","JACKSON,ANTINO Steal","70-68",""
"00:23","","70-68","THOMAS,JUSTIN Commits Foul"
"00:23","JACKSON,ANTINO made Free Throw","71-68",""
"00:23","JACKSON,ANTINO made Free Throw","72-68",""
"00:18","","72-70","THOMAS,JUSTIN made Layup"
"00:18","JACKSON,ANTINO Commits Foul","72-70",""
"00:18","","72-70","THOMAS,JUSTIN missed Free Throw"
"00:18","JOHNSON,ISAIAH Defensive Rebound","72-70",""
"00:15","","72-70","MARIC,MARIN Commits Foul"
"00:15","ROBOTHAM,NOAH made Free Throw","73-70",""
"00:15","","73-70","TEAM Team Timeout"
"00:15","ROBOTHAM,NOAH made Free Throw","74-70",""
"00:15","","74-70","BRADLEY,LEVI Enters Game"
"00:15","","74-70","KEY,JAYLEN Leaves Game"
"00:06","","74-73","BRADLEY,LEVI made Three Point Jumper"
"00:04","","74-73","BRADLEY,LEVI Commits Foul"
"00:04","JACKSON,ANTINO made Free Throw","75-73",""
"00:04","JACKSON,ANTINO made Free Throw","76-73",""
"00:04","","76-73","PORTER,LAYTWAN Enters Game"
"00:04","","76-73","KEY,JAYLEN Enters Game"
"00:04","","76-73","BRADLEY,LEVI Leaves Game"
"00:04","","76-73","THOMAS,JUSTIN Leaves Game"
"00:00","","76-73","PORTER,LAYTWAN missed Three Point Jumper"
"00:00","","76-73","TEAM Deadball Rebound"
"End of 2nd Half"
