"Date","Time","Period","Time Left","Score","Team","Player","Status","Action","Shot Clock","Lineup","Lineup Time"
"01/31/2017","7 p.m.","1st Half","19:49","0-0","Northern Ill.","Maric, Marin","missed","Layup","19","Armstead, Aaric; Highsmith, Dontel; Key, Jaylen; Maric, Marin; Thomas, Justin","0:11"
"01/31/2017","7 p.m.","1st Half","19:49","0-0","Akron","Ivey, Jimond","","Defensive Rebound","","Cheatham, Jr., Kwan; Ivey, Jimond; Jackson, Antino; Johnson, Isaiah; Robotham, Noah","0:11"
"01/31/2017","7 p.m.","1st Half","19:41","0-0","Akron","Ivey, Jimond","","Turnover","","Cheatham, Jr., Kwan; Ivey, Jimond; Jackson, Antino; Johnson, Isaiah; Robotham, Noah","0:19"
"01/31/2017","7 p.m.","1st Half","19:40","0-0","Northern Ill.","Thomas, Justin","","Steal","","Armstead, Aaric; Highsmith, Dontel; Key, Jaylen; Maric, Marin; Thomas, Justin","0:20"
"01/31/2017","7 p.m.","1st Half","19:36","0-2","Northern Ill.","Maric, Marin","made","Layup","25","Armstead, Aaric; Highsmith, Dontel; Key, Jaylen; Maric, Marin; Thomas, Justin","0:24"
"01/31/2017","7 p.m.","1st Half","19:36","0-2","Northern Ill.","Thomas, Justin","","Assist","","Armstead, Aaric; Highsmith, Dontel; Key, Jaylen; Maric, Marin; Thomas, Justin","0:24"
"01/31/2017","7 p.m.","1st Half","19:09","0-2","Akron","Johnson, Isaiah","missed","Layup","3","Cheatham, Jr., Kwan; Ivey, Jimond; Jackson, Antino; Johnson, Isaiah; Robotham, Noah","0:51"
"01/31/2017","7 p.m.","1st Half","19:09","0-2","Northern Ill.","Thomas, Justin","","Defensive Rebound","","Armstead, Aaric; Highsmith, Dontel; Key, Jaylen; Maric, Marin; Thomas, Justin","0:51"
"01/31/2017","7 p.m.","1st Half","19:01","0-4","Northern Ill.","Maric, Marin","made","Layup","22","Armstead, Aaric; Highsmith, Dontel; Key, Jaylen; Maric, Marin; Thomas, Justin","0:59"
"01/31/2017","7 p.m.","1st Half","19:01","0-4","Northern Ill.","Thomas, Justin","","Assist","","Armstead, Aaric; Highsmith, Dontel; Key, Jaylen; Maric, Marin; Thomas, Justin","0:59"
"01/31/2017","7 p.m.","1st Half","18:36","0-4","Akron","Cheatham, Jr., Kwan","missed","Two Point Jumper","5","Cheatham, Jr., Kwan; Ivey, Jimond; Jackson, Antino; Johnson, Isaiah; Robotham, Noah","1:24"
"01/31/2017","7 p.m.","1st Half","18:36","0-4","Northern Ill.","Highsmith, Dontel","","Defensive Rebound","","Armstead, Aaric; Highsmith, Dontel; Key, Jaylen; Maric, Marin; Thomas, Justin","1:24"
"01/31/2017","7 p.m.","1st Half","18:30","0-4","Northern Ill.","Maric, Marin","","Turnover","","Armstead, Aaric; Highsmith, Dontel; Key, Jaylen; Maric, Marin; Thomas, Justin","1:30"
"01/31/2017","7 p.m.","1st Half","18:12","2-4","Akron","Ivey, Jimond","made","Layup","12","Cheatham, Jr., Kwan; Ivey, Jimond; Jackson, Antino; Johnson, Isaiah; Robotham, Noah","1:48"
"01/31/2017","7 p.m.","1st Half","18:12","2-4","Akron","Johnson, Isaiah","","Assist","","Cheatham, Jr., Kwan; Ivey, Jimond; Jackson, Antino; Johnson, Isaiah; Robotham, Noah","1:48"
"01/31/2017","7 p.m.","1st Half","17:55","2-4","Northern Ill.","Maric, Marin","missed","Two Point Jumper","13","Armstead, Aaric; Highsmith, Dontel; Key, Jaylen; Maric, Marin; Thomas, Justin","2:05"
"01/31/2017","7 p.m.","1st Half","17:55","2-4","Akron","Cheatham, Jr., Kwan","","Defensive Rebound","","Cheatham, Jr., Kwan; Ivey, Jimond; Jackson, Antino; Johnson, Isaiah; Robotham, Noah","2:05"
"01/31/2017","7 p.m.","1st Half","17:45","2-4","Akron","Johnson, Isaiah","missed","Layup","20","Cheatham, Jr., Kwan; Ivey, Jimond; Jackson, Antino; Johnson, Isaiah; Robotham, Noah","2:15"
"01/31/2017","7 p.m.","1st Half","17:45","2-4","Northern Ill.","Maric, Marin","","Defensive Rebound","","Armstead, Aaric; Highsmith, Dontel; Key, Jaylen; Maric, Marin; Thomas, Justin","2:15"
"01/31/2017","7 p.m.","1st Half","17:37","2-4","Akron","Ivey, Jimond","","Commits Foul","22","Cheatham, Jr., Kwan; Ivey, Jimond; Jackson, Antino; Johnson, Isaiah; Robotham, Noah","2:23"
"01/31/2017","7 p.m.","1st Half","17:37","2-5","Northern Ill.","Maric, Marin","made","Free Throw","","Armstead, Aaric; Highsmith, Dontel; Key, Jaylen; Maric, Marin; Thomas, Justin","2:23"
"01/31/2017","7 p.m.","1st Half","17:37","2-6","Northern Ill.","Maric, Marin","made","Free Throw","","Armstead, Aaric; Highsmith, Dontel; Key, Jaylen; Maric, Marin; Thomas, Justin","2:23"
"01/31/2017","7 p.m.","1st Half","17:09","2-6","Northern Ill.","Maric, Marin","","Commits Foul","2","Armstead, Aaric; Highsmith, Dontel; Key, Jaylen; Maric, Marin; Thomas, Justin","2:51"
"01/31/2017","7 p.m.","1st Half","17:09","2-6","Akron","Johnson, Isaiah","missed","Free Throw","","Cheatham, Jr., Kwan; Ivey, Jimond; Jackson, Antino; Johnson, Isaiah; Robotham, Noah","2:51"
"01/31/2017","7 p.m.","1st Half","17:09","2-6","Akron","Team","","Deadball Rebound","","Cheatham, Jr., Kwan; Ivey, Jimond; Jackson, Antino; Johnson, Isaiah; Robotham, Noah","2:51"
"01/31/2017","7 p.m.","1st Half","17:09","2-6","Akron","Johnson, Isaiah","missed","Free Throw","","Cheatham, Jr., Kwan; Ivey, Jimond; Jackson, Antino; Johnson, Isaiah; Robotham, Noah","2:51"
"01/31/2017","7 p.m.","1st Half","17:09","2-6","Northern Ill.","Armstead, Aaric","","Defensive Rebound","","Armstead, Aaric; Highsmith, Dontel; Key, Jaylen; Maric, Marin; Thomas, Justin","2:51"
"01/31/2017","7 p.m.","1st Half","16:53","2-6","Northern Ill.","Key, Jaylen","missed","Three Point Jumper","14","Armstead, Aaric; Highsmith, Dontel; Key, Jaylen; Maric, Marin; Thomas, Justin","3:07"
"01/31/2017","7 p.m.","1st Half","16:53","2-6","Akron","Johnson, Isaiah","","Defensive Rebound","","Cheatham, Jr., Kwan; Ivey, Jimond; Jackson, Antino; Johnson, Isaiah; Robotham, Noah","3:07"
"01/31/2017","7 p.m.","1st Half","16:40","2-6","Akron","Ivey, Jimond","missed","Two Point Jumper","17","Cheatham, Jr., Kwan; Ivey, Jimond; Jackson, Antino; Johnson, Isaiah; Robotham, Noah","3:20"
"01/31/2017","7 p.m.","1st Half","16:40","2-6","Northern Ill.","Thomas, Justin","","Defensive Rebound","","Armstead, Aaric; Highsmith, Dontel; Key, Jaylen; Maric, Marin; Thomas, Justin","3:20"
"01/31/2017","7 p.m.","1st Half","16:24","2-6","Northern Ill.","Key, Jaylen","missed","Layup","14","Armstead, Aaric; Highsmith, Dontel; Key, Jaylen; Maric, Marin; Thomas, Justin","3:36"
"01/31/2017","7 p.m.","1st Half","16:24","2-6","Akron","Cheatham, Jr., Kwan","","Blocked Shot","","Cheatham, Jr., Kwan; Ivey, Jimond; Jackson, Antino; Johnson, Isaiah; Robotham, Noah","3:36"
"01/31/2017","7 p.m.","1st Half","16:21","2-6","Akron","Cheatham, Jr., Kwan","","Defensive Rebound","","Cheatham, Jr., Kwan; Ivey, Jimond; Jackson, Antino; Johnson, Isaiah; Robotham, Noah","3:39"
"01/31/2017","7 p.m.","1st Half","16:11","2-6","Akron","Robotham, Noah","missed","Three Point Jumper","17","Cheatham, Jr., Kwan; Ivey, Jimond; Jackson, Antino; Johnson, Isaiah; Robotham, Noah","3:49"
"01/31/2017","7 p.m.","1st Half","16:11","2-6","Northern Ill.","Key, Jaylen","","Defensive Rebound","","Armstead, Aaric; Highsmith, Dontel; Key, Jaylen; Maric, Marin; Thomas, Justin","3:49"
"01/31/2017","7 p.m.","1st Half","15:46","2-6","Northern Ill.","Maric, Marin","missed","Layup","5","Armstead, Aaric; Highsmith, Dontel; Key, Jaylen; Maric, Marin; Thomas, Justin","4:14"
"01/31/2017","7 p.m.","1st Half","15:46","2-6","Akron","Cheatham, Jr., Kwan","","Defensive Rebound","","Cheatham, Jr., Kwan; Ivey, Jimond; Jackson, Antino; Johnson, Isaiah; Robotham, Noah","4:14"
"01/31/2017","7 p.m.","1st Half","15:32","2-6","Akron","Johnson, Isaiah","","Turnover","","Cheatham, Jr., Kwan; Ivey, Jimond; Jackson, Antino; Johnson, Isaiah; Robotham, Noah","4:28"
"01/31/2017","7 p.m.","1st Half","15:31","2-6","Northern Ill.","Key, Jaylen","","Steal","","Armstead, Aaric; Highsmith, Dontel; Key, Jaylen; Maric, Marin; Thomas, Justin","4:29"
"01/31/2017","7 p.m.","1st Half","15:28","2-8","Northern Ill.","Armstead, Aaric","made","Dunk","26","Armstead, Aaric; Highsmith, Dontel; Key, Jaylen; Maric, Marin; Thomas, Justin","4:32"
"01/31/2017","7 p.m.","1st Half","15:15","2-8","Akron","Jackson, Antino","missed","Three Point Jumper","17","Cheatham, Jr., Kwan; Ivey, Jimond; Jackson, Antino; Johnson, Isaiah; Robotham, Noah","4:45"
"01/31/2017","7 p.m.","1st Half","15:15","2-8","Northern Ill.","Thomas, Justin","","Defensive Rebound","","Armstead, Aaric; Highsmith, Dontel; Key, Jaylen; Maric, Marin; Thomas, Justin","4:45"
"01/31/2017","7 p.m.","1st Half","15:11","2-8","Akron","Robotham, Noah","","Commits Foul","26","Cheatham, Jr., Kwan; Ivey, Jimond; Jackson, Antino; Johnson, Isaiah; Robotham, Noah","4:49"
"01/31/2017","7 p.m.","1st Half","15:11","2-8","Northern Ill.","Team","","Media Timeout","","Armstead, Aaric; Highsmith, Dontel; Key, Jaylen; Maric, Marin; Thomas, Justin","4:49"
"01/31/2017","7 p.m.","1st Half","15:11","2-8","Akron","Williams, Josh","","Enters Game","","Cheatham, Jr., Kwan; Ivey, Jimond; Jackson, Antino; Johnson, Isaiah; Robotham, Noah; Williams, Josh","0:00"
"01/31/2017","7 p.m.","1st Half","15:11","2-8","Akron","Olojakpoke, Emmanuel","","Enters Game","","Cheatham, Jr., Kwan; Ivey, Jimond; Jackson, Antino; Johnson, Isaiah; Olojakpoke, Emmanuel; Robotham, Noah; Williams, Josh","0:00"
"01/31/2017","7 p.m.","1st Half","15:11","2-8","Akron","Johnson, Isaiah","","Leaves Game","","Cheatham, Jr., Kwan; Ivey, Jimond; Jackson, Antino; Olojakpoke, Emmanuel; Robotham, Noah; Williams, Josh","0:00"
"01/31/2017","7 p.m.","1st Half","15:11","2-8","Akron","Jackson, Antino","","Leaves Game","","Cheatham, Jr., Kwan; Ivey, Jimond; Olojakpoke, Emmanuel; Robotham, Noah; Williams, Josh","0:00"
"01/31/2017","7 p.m.","1st Half","15:11","2-8","Northern Ill.","Bradley, Levi","","Enters Game","","Armstead, Aaric; Bradley, Levi; Highsmith, Dontel; Key, Jaylen; Maric, Marin; Thomas, Justin","0:00"
"01/31/2017","7 p.m.","1st Half","15:11","2-8","Northern Ill.","McCarty, Noah","","Enters Game","","Armstead, Aaric; Bradley, Levi; Highsmith, Dontel; Key, Jaylen; Maric, Marin; McCarty, Noah; Thomas, Justin","0:00"
"01/31/2017","7 p.m.","1st Half","15:11","2-8","Northern Ill.","German, Eugene","","Enters Game","","Armstead, Aaric; Bradley, Levi; German, Eugene; Highsmith, Dontel; Key, Jaylen; Maric, Marin; McCarty, Noah; Thomas, Justin","0:00"
"01/31/2017","7 p.m.","1st Half","15:11","2-8","Northern Ill.","Porter, Laytwan","","Enters Game","","Armstead, Aaric; Bradley, Levi; German, Eugene; Highsmith, Dontel; Key, Jaylen; Maric, Marin; McCarty, Noah; Porter, Laytwan; Thomas, Justin","0:00"
"01/31/2017","7 p.m.","1st Half","15:11","2-8","Northern Ill.","Wilson, Marshawn","","Enters Game","","Armstead, Aaric; Bradley, Levi; German, Eugene; Highsmith, Dontel; Key, Jaylen; Maric, Marin; McCarty, Noah; Porter, Laytwan; Thomas, Justin; Wilson, Marshawn","0:00"
"01/31/2017","7 p.m.","1st Half","15:11","2-8","Northern Ill.","Highsmith, Dontel","","Leaves Game","","Armstead, Aaric; Bradley, Levi; German, Eugene; Key, Jaylen; Maric, Marin; McCarty, Noah; Porter, Laytwan; Thomas, Justin; Wilson, Marshawn","0:00"
"01/31/2017","7 p.m.","1st Half","15:11","2-8","Northern Ill.","Thomas, Justin","","Leaves Game","","Armstead, Aaric; Bradley, Levi; German, Eugene; Key, Jaylen; Maric, Marin; McCarty, Noah; Porter, Laytwan; Wilson, Marshawn","0:00"
"01/31/2017","7 p.m.","1st Half","15:11","2-8","Northern Ill.","Key, Jaylen","","Leaves Game","","Armstead, Aaric; Bradley, Levi; German, Eugene; Maric, Marin; McCarty, Noah; Porter, Laytwan; Wilson, Marshawn","0:00"
"01/31/2017","7 p.m.","1st Half","15:11","2-8","Northern Ill.","Armstead, Aaric","","Leaves Game","","Bradley, Levi; German, Eugene; Maric, Marin; McCarty, Noah; Porter, Laytwan; Wilson, Marshawn","0:00"
"01/31/2017","7 p.m.","1st Half","15:11","2-8","Northern Ill.","Maric, Marin","","Leaves Game","","Bradley, Levi; German, Eugene; McCarty, Noah; Porter, Laytwan; Wilson, Marshawn","0:00"
"01/31/2017","7 p.m.","1st Half","14:55","2-8","Northern Ill.","German, Eugene","missed","Layup","14","Bradley, Levi; German, Eugene; McCarty, Noah; Porter, Laytwan; Wilson, Marshawn","0:16"
"01/31/2017","7 p.m.","1st Half","14:55","2-8","Akron","Ivey, Jimond","","Defensive Rebound","","Cheatham, Jr., Kwan; Ivey, Jimond; Olojakpoke, Emmanuel; Robotham, Noah; Williams, Josh","0:16"
"01/31/2017","7 p.m.","1st Half","14:29","5-8","Akron","Cheatham, Jr., Kwan","made","Three Point Jumper","4","Cheatham, Jr., Kwan; Ivey, Jimond; Olojakpoke, Emmanuel; Robotham, Noah; Williams, Josh","0:42"
"01/31/2017","7 p.m.","1st Half","14:09","5-11","Northern Ill.","Wilson, Marshawn","made","Three Point Jumper","10","Bradley, Levi; German, Eugene; McCarty, Noah; Porter, Laytwan; Wilson, Marshawn","1:02"
"01/31/2017","7 p.m.","1st Half","14:09","5-11","Northern Ill.","Porter, Laytwan","","Assist","","Bradley, Levi; German, Eugene; McCarty, Noah; Porter, Laytwan; Wilson, Marshawn","1:02"
"01/31/2017","7 p.m.","1st Half","13:51","5-11","Akron","Olojakpoke, Emmanuel","missed","Layup","12","Cheatham, Jr., Kwan; Ivey, Jimond; Olojakpoke, Emmanuel; Robotham, Noah; Williams, Josh","1:20"
"01/31/2017","7 p.m.","1st Half","13:51","5-11","Northern Ill.","Wilson, Marshawn","","Defensive Rebound","","Bradley, Levi; German, Eugene; McCarty, Noah; Porter, Laytwan; Wilson, Marshawn","1:20"
"01/31/2017","7 p.m.","1st Half","13:34","5-11","Akron","Cheatham, Jr., Kwan","","Commits Foul","13","Cheatham, Jr., Kwan; Ivey, Jimond; Olojakpoke, Emmanuel; Robotham, Noah; Williams, Josh","1:37"
"01/31/2017","7 p.m.","1st Half","13:34","5-11","Akron","Utomi, Daniel","","Enters Game","","Cheatham, Jr., Kwan; Ivey, Jimond; Olojakpoke, Emmanuel; Robotham, Noah; Utomi, Daniel; Williams, Josh","0:00"
"01/31/2017","7 p.m.","1st Half","13:34","5-11","Akron","Dunn-Martin, Tavian","","Enters Game","","Cheatham, Jr., Kwan; Dunn-Martin, Tavian; Ivey, Jimond; Olojakpoke, Emmanuel; Robotham, Noah; Utomi, Daniel; Williams, Josh","0:00"
"01/31/2017","7 p.m.","1st Half","13:34","5-11","Akron","Ivey, Jimond","","Leaves Game","","Cheatham, Jr., Kwan; Dunn-Martin, Tavian; Olojakpoke, Emmanuel; Robotham, Noah; Utomi, Daniel; Williams, Josh","0:00"
"01/31/2017","7 p.m.","1st Half","13:34","5-11","Akron","Robotham, Noah","","Leaves Game","","Cheatham, Jr., Kwan; Dunn-Martin, Tavian; Olojakpoke, Emmanuel; Utomi, Daniel; Williams, Josh","0:00"
"01/31/2017","7 p.m.","1st Half","13:27","5-11","Northern Ill.","Porter, Laytwan","missed","Two Point Jumper","23","Bradley, Levi; German, Eugene; McCarty, Noah; Porter, Laytwan; Wilson, Marshawn","1:44"
"01/31/2017","7 p.m.","1st Half","13:27","5-11","Akron","Cheatham, Jr., Kwan","","Defensive Rebound","","Cheatham, Jr., Kwan; Dunn-Martin, Tavian; Olojakpoke, Emmanuel; Utomi, Daniel; Williams, Josh","0:07"
"01/31/2017","7 p.m.","1st Half","13:15","5-11","Northern Ill.","Bradley, Levi","","Commits Foul","18","Bradley, Levi; German, Eugene; McCarty, Noah; Porter, Laytwan; Wilson, Marshawn","1:56"
"01/31/2017","7 p.m.","1st Half","13:13","5-11","Akron","Dunn-Martin, Tavian","","Turnover","","Cheatham, Jr., Kwan; Dunn-Martin, Tavian; Olojakpoke, Emmanuel; Utomi, Daniel; Williams, Josh","0:21"
"01/31/2017","7 p.m.","1st Half","12:59","5-11","Northern Ill.","German, Eugene","missed","Layup","16","Bradley, Levi; German, Eugene; McCarty, Noah; Porter, Laytwan; Wilson, Marshawn","2:12"
"01/31/2017","7 p.m.","1st Half","12:59","5-11","Akron","Olojakpoke, Emmanuel","","Blocked Shot","","Cheatham, Jr., Kwan; Dunn-Martin, Tavian; Olojakpoke, Emmanuel; Utomi, Daniel; Williams, Josh","0:35"
"01/31/2017","7 p.m.","1st Half","12:56","5-11","Northern Ill.","McCarty, Noah","","Offensive Rebound","","Bradley, Levi; German, Eugene; McCarty, Noah; Porter, Laytwan; Wilson, Marshawn","2:15"
"01/31/2017","7 p.m.","1st Half","12:54","5-13","Northern Ill.","McCarty, Noah","made","Layup","25","Bradley, Levi; German, Eugene; McCarty, Noah; Porter, Laytwan; Wilson, Marshawn","2:17"
"01/31/2017","7 p.m.","1st Half","12:36","8-13","Akron","Cheatham, Jr., Kwan","made","Three Point Jumper","12","Cheatham, Jr., Kwan; Dunn-Martin, Tavian; Olojakpoke, Emmanuel; Utomi, Daniel; Williams, Josh","0:58"
"01/31/2017","7 p.m.","1st Half","12:36","8-13","Akron","Dunn-Martin, Tavian","","Assist","","Cheatham, Jr., Kwan; Dunn-Martin, Tavian; Olojakpoke, Emmanuel; Utomi, Daniel; Williams, Josh","0:58"
"01/31/2017","7 p.m.","1st Half","12:17","8-13","Akron","Utomi, Daniel","","Commits Foul","11","Cheatham, Jr., Kwan; Dunn-Martin, Tavian; Olojakpoke, Emmanuel; Utomi, Daniel; Williams, Josh","1:17"
"01/31/2017","7 p.m.","1st Half","12:17","8-13","Akron","Johnson, Isaiah","","Enters Game","","Cheatham, Jr., Kwan; Dunn-Martin, Tavian; Johnson, Isaiah; Olojakpoke, Emmanuel; Utomi, Daniel; Williams, Josh","0:00"
"01/31/2017","7 p.m.","1st Half","12:17","8-13","Akron","Olojakpoke, Emmanuel","","Leaves Game","","Cheatham, Jr., Kwan; Dunn-Martin, Tavian; Johnson, Isaiah; Utomi, Daniel; Williams, Josh","0:00"
"01/31/2017","7 p.m.","1st Half","12:17","8-13","Northern Ill.","Maric, Marin","","Enters Game","","Bradley, Levi; German, Eugene; Maric, Marin; McCarty, Noah; Porter, Laytwan; Wilson, Marshawn","0:00"
"01/31/2017","7 p.m.","1st Half","12:17","8-13","Northern Ill.","McCarty, Noah","","Leaves Game","","Bradley, Levi; German, Eugene; Maric, Marin; Porter, Laytwan; Wilson, Marshawn","0:00"
"01/31/2017","7 p.m.","1st Half","12:15","8-13","Northern Ill.","Bradley, Levi","missed","Three Point Jumper","28","Bradley, Levi; German, Eugene; Maric, Marin; Porter, Laytwan; Wilson, Marshawn","0:02"
"01/31/2017","7 p.m.","1st Half","12:15","8-13","Akron","Cheatham, Jr., Kwan","","Defensive Rebound","","Cheatham, Jr., Kwan; Dunn-Martin, Tavian; Johnson, Isaiah; Utomi, Daniel; Williams, Josh","0:02"
"01/31/2017","7 p.m.","1st Half","12:01","11-13","Akron","Cheatham, Jr., Kwan","made","Three Point Jumper","16","Cheatham, Jr., Kwan; Dunn-Martin, Tavian; Johnson, Isaiah; Utomi, Daniel; Williams, Josh","0:16"
"01/31/2017","7 p.m.","1st Half","12:01","11-13","Akron","Dunn-Martin, Tavian","","Assist","","Cheatham, Jr., Kwan; Dunn-Martin, Tavian; Johnson, Isaiah; Utomi, Daniel; Williams, Josh","0:16"
"01/31/2017","7 p.m.","1st Half","11:45","11-13","Northern Ill.","Bradley, Levi","missed","Layup","14","Bradley, Levi; German, Eugene; Maric, Marin; Porter, Laytwan; Wilson, Marshawn","0:32"
"01/31/2017","7 p.m.","1st Half","11:45","11-13","Northern Ill.","Maric, Marin","","Offensive Rebound","","Bradley, Levi; German, Eugene; Maric, Marin; Porter, Laytwan; Wilson, Marshawn","0:32"
"01/31/2017","7 p.m.","1st Half","11:37","11-15","Northern Ill.","German, Eugene","made","Layup","22","Bradley, Levi; German, Eugene; Maric, Marin; Porter, Laytwan; Wilson, Marshawn","0:40"
"01/31/2017","7 p.m.","1st Half","11:25","11-15","Northern Ill.","German, Eugene","","Commits Foul","18","Bradley, Levi; German, Eugene; Maric, Marin; Porter, Laytwan; Wilson, Marshawn","0:52"
"01/31/2017","7 p.m.","1st Half","11:22","11-15","Akron","Team","","Timeout","","Cheatham, Jr., Kwan; Dunn-Martin, Tavian; Johnson, Isaiah; Utomi, Daniel; Williams, Josh","0:55"
"01/31/2017","7 p.m.","1st Half","11:22","11-15","Akron","Jackson, Antino","","Enters Game","","Cheatham, Jr., Kwan; Dunn-Martin, Tavian; Jackson, Antino; Johnson, Isaiah; Utomi, Daniel; Williams, Josh","0:00"
"01/31/2017","7 p.m.","1st Half","11:22","11-15","Akron","Cheatham, Jr., Kwan","","Leaves Game","","Dunn-Martin, Tavian; Jackson, Antino; Johnson, Isaiah; Utomi, Daniel; Williams, Josh","0:00"
"01/31/2017","7 p.m.","1st Half","11:22","11-15","Northern Ill.","Armstead, Aaric","","Enters Game","","Armstead, Aaric; Bradley, Levi; German, Eugene; Maric, Marin; Porter, Laytwan; Wilson, Marshawn","0:00"
"01/31/2017","7 p.m.","1st Half","11:22","11-15","Northern Ill.","Key, Jaylen","","Enters Game","","Armstead, Aaric; Bradley, Levi; German, Eugene; Key, Jaylen; Maric, Marin; Porter, Laytwan; Wilson, Marshawn","0:00"
"01/31/2017","7 p.m.","1st Half","11:22","11-15","Northern Ill.","Thomas, Justin","","Enters Game","","Armstead, Aaric; Bradley, Levi; German, Eugene; Key, Jaylen; Maric, Marin; Porter, Laytwan; Thomas, Justin; Wilson, Marshawn","0:00"
"01/31/2017","7 p.m.","1st Half","11:22","11-15","Northern Ill.","Highsmith, Dontel","","Enters Game","","Armstead, Aaric; Bradley, Levi; German, Eugene; Highsmith, Dontel; Key, Jaylen; Maric, Marin; Porter, Laytwan; Thomas, Justin; Wilson, Marshawn","0:00"
"01/31/2017","7 p.m.","1st Half","11:22","11-15","Northern Ill.","Bradley, Levi","","Leaves Game","","Armstead, Aaric; German, Eugene; Highsmith, Dontel; Key, Jaylen; Maric, Marin; Porter, Laytwan; Thomas, Justin; Wilson, Marshawn","0:00"
"01/31/2017","7 p.m.","1st Half","11:22","11-15","Northern Ill.","German, Eugene","","Leaves Game","","Armstead, Aaric; Highsmith, Dontel; Key, Jaylen; Maric, Marin; Porter, Laytwan; Thomas, Justin; Wilson, Marshawn","0:00"
"01/31/2017","7 p.m.","1st Half","11:22","11-15","Northern Ill.","Porter, Laytwan","","Leaves Game","","Armstead, Aaric; Highsmith, Dontel; Key, Jaylen; Maric, Marin; Thomas, Justin; Wilson, Marshawn","0:00"
"01/31/2017","7 p.m.","1st Half","11:22","11-15","Northern Ill.","Wilson, Marshawn","","Leaves Game","","Armstead, Aaric; Highsmith, Dontel; Key, Jaylen; Maric, Marin; Thomas, Justin","4:49"
"01/31/2017","7 p.m.","1st Half","11:07","11-15","Akron","Robotham, Noah","","Enters Game","","Dunn-Martin, Tavian; Jackson, Antino; Johnson, Isaiah; Robotham, Noah; Utomi, Daniel; Williams, Josh","0:00"
"01/31/2017","7 p.m.","1st Half","11:07","11-15","Akron","Dunn-Martin, Tavian","","Leaves Game","","Jackson, Antino; Johnson, Isaiah; Robotham, Noah; Utomi, Daniel; Williams, Josh","0:00"
"01/31/2017","7 p.m.","1st Half","10:57","11-15","Akron","Utomi, Daniel","missed","Three Point Jumper","2","Jackson, Antino; Johnson, Isaiah; Robotham, Noah; Utomi, Daniel; Williams, Josh","0:10"
"01/31/2017","7 p.m.","1st Half","10:57","11-15","Akron","Johnson, Isaiah","","Offensive Rebound","","Jackson, Antino; Johnson, Isaiah; Robotham, Noah; Utomi, Daniel; Williams, Josh","0:10"
"01/31/2017","7 p.m.","1st Half","10:50","11-15","Akron","Team","","Turnover","","Jackson, Antino; Johnson, Isaiah; Robotham, Noah; Utomi, Daniel; Williams, Josh","0:17"
"01/31/2017","7 p.m.","1st Half","10:33","11-15","Northern Ill.","Highsmith, Dontel","","Turnover","","Armstead, Aaric; Highsmith, Dontel; Key, Jaylen; Maric, Marin; Thomas, Justin","5:38"
"01/31/2017","7 p.m.","1st Half","10:32","11-15","Akron","Jackson, Antino","","Steal","","Jackson, Antino; Johnson, Isaiah; Robotham, Noah; Utomi, Daniel; Williams, Josh","0:35"
"01/31/2017","7 p.m.","1st Half","10:17","11-15","Akron","Williams, Josh","","Turnover","","Jackson, Antino; Johnson, Isaiah; Robotham, Noah; Utomi, Daniel; Williams, Josh","0:50"
"01/31/2017","7 p.m.","1st Half","09:59","11-17","Northern Ill.","Maric, Marin","made","Two Point Jumper","12","Armstead, Aaric; Highsmith, Dontel; Key, Jaylen; Maric, Marin; Thomas, Justin","6:12"
"01/31/2017","7 p.m.","1st Half","09:59","11-17","Northern Ill.","Key, Jaylen","","Assist","","Armstead, Aaric; Highsmith, Dontel; Key, Jaylen; Maric, Marin; Thomas, Justin","6:12"
"01/31/2017","7 p.m.","1st Half","09:37","11-17","Northern Ill.","Key, Jaylen","","Commits Foul","8","Armstead, Aaric; Highsmith, Dontel; Key, Jaylen; Maric, Marin; Thomas, Justin","6:34"
"01/31/2017","7 p.m.","1st Half","09:37","11-17","Akron","Ivey, Jimond","","Enters Game","","Ivey, Jimond; Jackson, Antino; Johnson, Isaiah; Robotham, Noah; Utomi, Daniel; Williams, Josh","0:00"
"01/31/2017","7 p.m.","1st Half","09:37","11-17","Akron","Cheatham, Jr., Kwan","","Enters Game","","Cheatham, Jr., Kwan; Ivey, Jimond; Jackson, Antino; Johnson, Isaiah; Robotham, Noah; Utomi, Daniel; Williams, Josh","0:00"
"01/31/2017","7 p.m.","1st Half","09:37","11-17","Akron","Utomi, Daniel","","Leaves Game","","Cheatham, Jr., Kwan; Ivey, Jimond; Jackson, Antino; Johnson, Isaiah; Robotham, Noah; Williams, Josh","0:00"
"01/31/2017","7 p.m.","1st Half","09:37","11-17","Akron","Williams, Josh","","Leaves Game","","Cheatham, Jr., Kwan; Ivey, Jimond; Jackson, Antino; Johnson, Isaiah; Robotham, Noah","4:49"
"01/31/2017","7 p.m.","1st Half","09:31","13-17","Akron","Jackson, Antino","made","Layup","24","Cheatham, Jr., Kwan; Ivey, Jimond; Jackson, Antino; Johnson, Isaiah; Robotham, Noah","4:55"
"01/31/2017","7 p.m.","1st Half","09:15","13-19","Northern Ill.","Maric, Marin","made","Layup","14","Armstead, Aaric; Highsmith, Dontel; Key, Jaylen; Maric, Marin; Thomas, Justin","6:56"
"01/31/2017","7 p.m.","1st Half","09:15","13-19","Northern Ill.","Highsmith, Dontel","","Assist","","Armstead, Aaric; Highsmith, Dontel; Key, Jaylen; Maric, Marin; Thomas, Justin","6:56"
"01/31/2017","7 p.m.","1st Half","08:42","15-19","Akron","Johnson, Isaiah","made","Layup","0","Cheatham, Jr., Kwan; Ivey, Jimond; Jackson, Antino; Johnson, Isaiah; Robotham, Noah","5:44"
"01/31/2017","7 p.m.","1st Half","08:22","15-19","Northern Ill.","Maric, Marin","missed","Layup","10","Armstead, Aaric; Highsmith, Dontel; Key, Jaylen; Maric, Marin; Thomas, Justin","7:49"
"01/31/2017","7 p.m.","1st Half","08:22","15-19","Northern Ill.","Maric, Marin","","Offensive Rebound","","Armstead, Aaric; Highsmith, Dontel; Key, Jaylen; Maric, Marin; Thomas, Justin","7:49"
"01/31/2017","7 p.m.","1st Half","08:18","15-21","Northern Ill.","Maric, Marin","made","Layup","26","Armstead, Aaric; Highsmith, Dontel; Key, Jaylen; Maric, Marin; Thomas, Justin","7:53"
"01/31/2017","7 p.m.","1st Half","07:57","17-21","Akron","Johnson, Isaiah","made","Layup","9","Cheatham, Jr., Kwan; Ivey, Jimond; Jackson, Antino; Johnson, Isaiah; Robotham, Noah","6:29"
"01/31/2017","7 p.m.","1st Half","07:36","17-21","Akron","Cheatham, Jr., Kwan","","Commits Foul","9","Cheatham, Jr., Kwan; Ivey, Jimond; Jackson, Antino; Johnson, Isaiah; Robotham, Noah","6:50"
"01/31/2017","7 p.m.","1st Half","07:36","17-21","Northern Ill.","Team","","Media Timeout","","Armstead, Aaric; Highsmith, Dontel; Key, Jaylen; Maric, Marin; Thomas, Justin","8:35"
"01/31/2017","7 p.m.","1st Half","07:21","17-24","Northern Ill.","Armstead, Aaric","made","Three Point Jumper","15","Armstead, Aaric; Highsmith, Dontel; Key, Jaylen; Maric, Marin; Thomas, Justin","8:50"
"01/31/2017","7 p.m.","1st Half","07:21","17-24","Northern Ill.","Thomas, Justin","","Assist","","Armstead, Aaric; Highsmith, Dontel; Key, Jaylen; Maric, Marin; Thomas, Justin","8:50"
"01/31/2017","7 p.m.","1st Half","06:58","17-24","Akron","Robotham, Noah","missed","Two Point Jumper","7","Cheatham, Jr., Kwan; Ivey, Jimond; Jackson, Antino; Johnson, Isaiah; Robotham, Noah","7:28"
"01/31/2017","7 p.m.","1st Half","06:58","17-24","Northern Ill.","Highsmith, Dontel","","Defensive Rebound","","Armstead, Aaric; Highsmith, Dontel; Key, Jaylen; Maric, Marin; Thomas, Justin","9:13"
"01/31/2017","7 p.m.","1st Half","06:50","17-27","Northern Ill.","Armstead, Aaric","made","Three Point Jumper","22","Armstead, Aaric; Highsmith, Dontel; Key, Jaylen; Maric, Marin; Thomas, Justin","9:21"
"01/31/2017","7 p.m.","1st Half","06:50","17-27","Northern Ill.","Highsmith, Dontel","","Assist","","Armstead, Aaric; Highsmith, Dontel; Key, Jaylen; Maric, Marin; Thomas, Justin","9:21"
"01/31/2017","7 p.m.","1st Half","06:47","17-27","Akron","Olojakpoke, Emmanuel","","Enters Game","","Cheatham, Jr., Kwan; Ivey, Jimond; Jackson, Antino; Johnson, Isaiah; Olojakpoke, Emmanuel; Robotham, Noah","0:00"
"01/31/2017","7 p.m.","1st Half","06:47","17-27","Akron","Jackson, Aaron","","Enters Game","","Cheatham, Jr., Kwan; Ivey, Jimond; Jackson, Aaron; Jackson, Antino; Johnson, Isaiah; Olojakpoke, Emmanuel; Robotham, Noah","0:00"
"01/31/2017","7 p.m.","1st Half","06:47","17-27","Akron","Cheatham, Jr., Kwan","","Leaves Game","","Ivey, Jimond; Jackson, Aaron; Jackson, Antino; Johnson, Isaiah; Olojakpoke, Emmanuel; Robotham, Noah","0:00"
"01/31/2017","7 p.m.","1st Half","06:47","17-27","Akron","Johnson, Isaiah","","Leaves Game","","Ivey, Jimond; Jackson, Aaron; Jackson, Antino; Olojakpoke, Emmanuel; Robotham, Noah","0:00"
"01/31/2017","7 p.m.","1st Half","06:47","17-27","Northern Ill.","Bradley, Levi","","Enters Game","","Armstead, Aaric; Bradley, Levi; Highsmith, Dontel; Key, Jaylen; Maric, Marin; Thomas, Justin","0:00"
"01/31/2017","7 p.m.","1st Half","06:47","17-27","Northern Ill.","Porter, Laytwan","","Enters Game","","Armstead, Aaric; Bradley, Levi; Highsmith, Dontel; Key, Jaylen; Maric, Marin; Porter, Laytwan; Thomas, Justin","0:00"
"01/31/2017","7 p.m.","1st Half","06:47","17-27","Northern Ill.","German, Eugene","","Enters Game","","Armstead, Aaric; Bradley, Levi; German, Eugene; Highsmith, Dontel; Key, Jaylen; Maric, Marin; Porter, Laytwan; Thomas, Justin","0:00"
"01/31/2017","7 p.m.","1st Half","06:47","17-27","Northern Ill.","Key, Jaylen","","Leaves Game","","Armstead, Aaric; Bradley, Levi; German, Eugene; Highsmith, Dontel; Maric, Marin; Porter, Laytwan; Thomas, Justin","0:00"
"01/31/2017","7 p.m.","1st Half","06:47","17-27","Northern Ill.","Thomas, Justin","","Leaves Game","","Armstead, Aaric; Bradley, Levi; German, Eugene; Highsmith, Dontel; Maric, Marin; Porter, Laytwan","0:00"
"01/31/2017","7 p.m.","1st Half","06:47","17-27","Northern Ill.","Highsmith, Dontel","","Leaves Game","","Armstead, Aaric; Bradley, Levi; German, Eugene; Maric, Marin; Porter, Laytwan","0:00"
"01/31/2017","7 p.m.","1st Half","06:28","20-27","Akron","Jackson, Antino","made","Three Point Jumper","8","Ivey, Jimond; Jackson, Aaron; Jackson, Antino; Olojakpoke, Emmanuel; Robotham, Noah","0:19"
"01/31/2017","7 p.m.","1st Half","06:13","20-27","Northern Ill.","German, Eugene","","Turnover","","Armstead, Aaric; Bradley, Levi; German, Eugene; Maric, Marin; Porter, Laytwan","0:34"
"01/31/2017","7 p.m.","1st Half","05:58","20-27","Northern Ill.","German, Eugene","","Commits Foul","15","Armstead, Aaric; Bradley, Levi; German, Eugene; Maric, Marin; Porter, Laytwan","0:49"
"01/31/2017","7 p.m.","1st Half","05:56","20-27","Akron","Olojakpoke, Emmanuel","missed","Free Throw","","Ivey, Jimond; Jackson, Aaron; Jackson, Antino; Olojakpoke, Emmanuel; Robotham, Noah","0:51"
"01/31/2017","7 p.m.","1st Half","05:56","20-27","Akron","Team","","Deadball Rebound","","Ivey, Jimond; Jackson, Aaron; Jackson, Antino; Olojakpoke, Emmanuel; Robotham, Noah","0:51"
"01/31/2017","7 p.m.","1st Half","05:56","21-27","Akron","Olojakpoke, Emmanuel","made","Free Throw","","Ivey, Jimond; Jackson, Aaron; Jackson, Antino; Olojakpoke, Emmanuel; Robotham, Noah","0:51"
"01/31/2017","7 p.m.","1st Half","05:56","21-27","Northern Ill.","Wilson, Marshawn","","Enters Game","","Armstead, Aaric; Bradley, Levi; German, Eugene; Maric, Marin; Porter, Laytwan; Wilson, Marshawn","0:00"
"01/31/2017","7 p.m.","1st Half","05:56","21-27","Northern Ill.","German, Eugene","","Leaves Game","","Armstead, Aaric; Bradley, Levi; Maric, Marin; Porter, Laytwan; Wilson, Marshawn","0:00"
"01/31/2017","7 p.m.","1st Half","05:44","21-29","Northern Ill.","Maric, Marin","made","Two Point Jumper","16","Armstead, Aaric; Bradley, Levi; Maric, Marin; Porter, Laytwan; Wilson, Marshawn","0:12"
"01/31/2017","7 p.m.","1st Half","05:44","21-29","Northern Ill.","Porter, Laytwan","","Assist","","Armstead, Aaric; Bradley, Levi; Maric, Marin; Porter, Laytwan; Wilson, Marshawn","0:12"
"01/31/2017","7 p.m.","1st Half","05:21","21-29","Akron","Jackson, Antino","missed","Three Point Jumper","7","Ivey, Jimond; Jackson, Aaron; Jackson, Antino; Olojakpoke, Emmanuel; Robotham, Noah","1:26"
"01/31/2017","7 p.m.","1st Half","05:21","21-29","Northern Ill.","Wilson, Marshawn","","Defensive Rebound","","Armstead, Aaric; Bradley, Levi; Maric, Marin; Porter, Laytwan; Wilson, Marshawn","0:35"
"01/31/2017","7 p.m.","1st Half","05:12","21-32","Northern Ill.","Armstead, Aaric","made","Three Point Jumper","21","Armstead, Aaric; Bradley, Levi; Maric, Marin; Porter, Laytwan; Wilson, Marshawn","0:44"
"01/31/2017","7 p.m.","1st Half","05:12","21-32","Northern Ill.","Wilson, Marshawn","","Assist","","Armstead, Aaric; Bradley, Levi; Maric, Marin; Porter, Laytwan; Wilson, Marshawn","0:44"
"01/31/2017","7 p.m.","1st Half","04:43","21-32","Akron","Robotham, Noah","missed","Three Point Jumper","1","Ivey, Jimond; Jackson, Aaron; Jackson, Antino; Olojakpoke, Emmanuel; Robotham, Noah","2:04"
"01/31/2017","7 p.m.","1st Half","04:43","21-32","Northern Ill.","Maric, Marin","","Defensive Rebound","","Armstead, Aaric; Bradley, Levi; Maric, Marin; Porter, Laytwan; Wilson, Marshawn","1:13"
"01/31/2017","7 p.m.","1st Half","04:34","21-34","Northern Ill.","Bradley, Levi","made","Layup","21","Armstead, Aaric; Bradley, Levi; Maric, Marin; Porter, Laytwan; Wilson, Marshawn","1:22"
"01/31/2017","7 p.m.","1st Half","04:34","21-34","Northern Ill.","Porter, Laytwan","","Assist","","Armstead, Aaric; Bradley, Levi; Maric, Marin; Porter, Laytwan; Wilson, Marshawn","1:22"
"01/31/2017","7 p.m.","1st Half","04:26","21-34","Akron","Team","","Second Timeout","","Ivey, Jimond; Jackson, Aaron; Jackson, Antino; Olojakpoke, Emmanuel; Robotham, Noah","2:21"
"01/31/2017","7 p.m.","1st Half","04:26","21-34","Akron","Johnson, Isaiah","","Enters Game","","Ivey, Jimond; Jackson, Aaron; Jackson, Antino; Johnson, Isaiah; Olojakpoke, Emmanuel; Robotham, Noah","0:00"
"01/31/2017","7 p.m.","1st Half","04:26","21-34","Akron","Williams, Josh","","Enters Game","","Ivey, Jimond; Jackson, Aaron; Jackson, Antino; Johnson, Isaiah; Olojakpoke, Emmanuel; Robotham, Noah; Williams, Josh","0:00"
"01/31/2017","7 p.m.","1st Half","04:26","21-34","Akron","Cheatham, Jr., Kwan","","Enters Game","","Cheatham, Jr., Kwan; Ivey, Jimond; Jackson, Aaron; Jackson, Antino; Johnson, Isaiah; Olojakpoke, Emmanuel; Robotham, Noah; Williams, Josh","0:00"
"01/31/2017","7 p.m.","1st Half","04:26","21-34","Akron","Ivey, Jimond","","Leaves Game","","Cheatham, Jr., Kwan; Jackson, Aaron; Jackson, Antino; Johnson, Isaiah; Olojakpoke, Emmanuel; Robotham, Noah; Williams, Josh","0:00"
"01/31/2017","7 p.m.","1st Half","04:26","21-34","Akron","Olojakpoke, Emmanuel","","Leaves Game","","Cheatham, Jr., Kwan; Jackson, Aaron; Jackson, Antino; Johnson, Isaiah; Robotham, Noah; Williams, Josh","0:00"
"01/31/2017","7 p.m.","1st Half","04:26","21-34","Akron","Jackson, Aaron","","Leaves Game","","Cheatham, Jr., Kwan; Jackson, Antino; Johnson, Isaiah; Robotham, Noah; Williams, Josh","0:00"
"01/31/2017","7 p.m.","1st Half","04:26","21-34","Northern Ill.","Key, Jaylen","","Enters Game","","Armstead, Aaric; Bradley, Levi; Key, Jaylen; Maric, Marin; Porter, Laytwan; Wilson, Marshawn","0:00"
"01/31/2017","7 p.m.","1st Half","04:26","21-34","Northern Ill.","Maric, Marin","","Leaves Game","","Armstead, Aaric; Bradley, Levi; Key, Jaylen; Porter, Laytwan; Wilson, Marshawn","0:00"
"01/31/2017","7 p.m.","1st Half","04:13","24-34","Akron","Robotham, Noah","made","Three Point Jumper","9","Cheatham, Jr., Kwan; Jackson, Antino; Johnson, Isaiah; Robotham, Noah; Williams, Josh","0:13"
"01/31/2017","7 p.m.","1st Half","04:13","24-34","Akron","Jackson, Antino","","Assist","","Cheatham, Jr., Kwan; Jackson, Antino; Johnson, Isaiah; Robotham, Noah; Williams, Josh","0:13"
"01/31/2017","7 p.m.","1st Half","03:55","24-37","Northern Ill.","Porter, Laytwan","made","Three Point Jumper","12","Armstead, Aaric; Bradley, Levi; Key, Jaylen; Porter, Laytwan; Wilson, Marshawn","0:31"
"01/31/2017","7 p.m.","1st Half","03:55","24-37","Northern Ill.","Wilson, Marshawn","","Assist","","Armstead, Aaric; Bradley, Levi; Key, Jaylen; Porter, Laytwan; Wilson, Marshawn","0:31"
"01/31/2017","7 p.m.","1st Half","03:36","24-37","Northern Ill.","Porter, Laytwan","","Commits Foul","11","Armstead, Aaric; Bradley, Levi; Key, Jaylen; Porter, Laytwan; Wilson, Marshawn","0:50"
"01/31/2017","7 p.m.","1st Half","03:36","25-37","Akron","Johnson, Isaiah","made","Free Throw","","Cheatham, Jr., Kwan; Jackson, Antino; Johnson, Isaiah; Robotham, Noah; Williams, Josh","0:50"
"01/31/2017","7 p.m.","1st Half","03:36","25-37","Akron","Johnson, Isaiah","missed","Free Throw","","Cheatham, Jr., Kwan; Jackson, Antino; Johnson, Isaiah; Robotham, Noah; Williams, Josh","0:50"
"01/31/2017","7 p.m.","1st Half","03:36","25-37","Northern Ill.","Bradley, Levi","","Defensive Rebound","","Armstead, Aaric; Bradley, Levi; Key, Jaylen; Porter, Laytwan; Wilson, Marshawn","0:50"
"01/31/2017","7 p.m.","1st Half","03:36","25-37","Northern Ill.","Maric, Marin","","Enters Game","","Armstead, Aaric; Bradley, Levi; Key, Jaylen; Maric, Marin; Porter, Laytwan; Wilson, Marshawn","0:00"
"01/31/2017","7 p.m.","1st Half","03:36","25-37","Northern Ill.","Key, Jaylen","","Leaves Game","","Armstead, Aaric; Bradley, Levi; Maric, Marin; Porter, Laytwan; Wilson, Marshawn","1:30"
"01/31/2017","7 p.m.","1st Half","03:20","25-39","Northern Ill.","Bradley, Levi","made","Two Point Jumper","14","Armstead, Aaric; Bradley, Levi; Maric, Marin; Porter, Laytwan; Wilson, Marshawn","1:46"
"01/31/2017","7 p.m.","1st Half","02:52","25-39","Northern Ill.","Porter, Laytwan","","Commits Foul","2","Armstead, Aaric; Bradley, Levi; Maric, Marin; Porter, Laytwan; Wilson, Marshawn","2:14"
"01/31/2017","7 p.m.","1st Half","02:52","26-39","Akron","Jackson, Antino","made","Free Throw","","Cheatham, Jr., Kwan; Jackson, Antino; Johnson, Isaiah; Robotham, Noah; Williams, Josh","1:34"
"01/31/2017","7 p.m.","1st Half","02:52","27-39","Akron","Jackson, Antino","made","Free Throw","","Cheatham, Jr., Kwan; Jackson, Antino; Johnson, Isaiah; Robotham, Noah; Williams, Josh","1:34"
"01/31/2017","7 p.m.","1st Half","02:52","27-39","Akron","Jackson, Aaron","","Enters Game","","Cheatham, Jr., Kwan; Jackson, Aaron; Jackson, Antino; Johnson, Isaiah; Robotham, Noah; Williams, Josh","0:00"
"01/31/2017","7 p.m.","1st Half","02:52","27-39","Akron","Cheatham, Jr., Kwan","","Leaves Game","","Jackson, Aaron; Jackson, Antino; Johnson, Isaiah; Robotham, Noah; Williams, Josh","0:00"
"01/31/2017","7 p.m.","1st Half","02:52","27-39","Northern Ill.","Thomas, Justin","","Enters Game","","Armstead, Aaric; Bradley, Levi; Maric, Marin; Porter, Laytwan; Thomas, Justin; Wilson, Marshawn","0:00"
"01/31/2017","7 p.m.","1st Half","02:52","27-39","Northern Ill.","Porter, Laytwan","","Leaves Game","","Armstead, Aaric; Bradley, Levi; Maric, Marin; Thomas, Justin; Wilson, Marshawn","0:00"
"01/31/2017","7 p.m.","1st Half","02:37","27-39","Northern Ill.","Bradley, Levi","missed","Layup","15","Armstead, Aaric; Bradley, Levi; Maric, Marin; Thomas, Justin; Wilson, Marshawn","0:15"
"01/31/2017","7 p.m.","1st Half","02:37","27-39","Akron","Jackson, Antino","","Defensive Rebound","","Jackson, Aaron; Jackson, Antino; Johnson, Isaiah; Robotham, Noah; Williams, Josh","0:15"
"01/31/2017","7 p.m.","1st Half","02:24","27-39","Akron","Williams, Josh","missed","Three Point Jumper","17","Jackson, Aaron; Jackson, Antino; Johnson, Isaiah; Robotham, Noah; Williams, Josh","0:28"
"01/31/2017","7 p.m.","1st Half","02:24","27-39","Northern Ill.","Bradley, Levi","","Defensive Rebound","","Armstead, Aaric; Bradley, Levi; Maric, Marin; Thomas, Justin; Wilson, Marshawn","0:28"
"01/31/2017","7 p.m.","1st Half","02:21","27-39","Akron","Jackson, Aaron","","Commits Foul","27","Jackson, Aaron; Jackson, Antino; Johnson, Isaiah; Robotham, Noah; Williams, Josh","0:31"
"01/31/2017","7 p.m.","1st Half","02:21","27-39","Northern Ill.","Highsmith, Dontel","","Enters Game","","Armstead, Aaric; Bradley, Levi; Highsmith, Dontel; Maric, Marin; Thomas, Justin; Wilson, Marshawn","0:00"
"01/31/2017","7 p.m.","1st Half","02:21","27-39","Northern Ill.","Armstead, Aaric","","Leaves Game","","Bradley, Levi; Highsmith, Dontel; Maric, Marin; Thomas, Justin; Wilson, Marshawn","0:00"
"01/31/2017","7 p.m.","1st Half","02:10","27-41","Northern Ill.","Wilson, Marshawn","made","Two Point Jumper","19","Bradley, Levi; Highsmith, Dontel; Maric, Marin; Thomas, Justin; Wilson, Marshawn","0:11"
"01/31/2017","7 p.m.","1st Half","01:51","30-41","Akron","Robotham, Noah","made","Three Point Jumper","11","Jackson, Aaron; Jackson, Antino; Johnson, Isaiah; Robotham, Noah; Williams, Josh","1:01"
"01/31/2017","7 p.m.","1st Half","01:51","30-41","Akron","Johnson, Isaiah","","Assist","","Jackson, Aaron; Jackson, Antino; Johnson, Isaiah; Robotham, Noah; Williams, Josh","1:01"
"01/31/2017","7 p.m.","1st Half","01:30","30-41","Northern Ill.","Thomas, Justin","missed","Two Point Jumper","9","Bradley, Levi; Highsmith, Dontel; Maric, Marin; Thomas, Justin; Wilson, Marshawn","0:51"
"01/31/2017","7 p.m.","1st Half","01:30","30-41","Northern Ill.","Thomas, Justin","","Offensive Rebound","","Bradley, Levi; Highsmith, Dontel; Maric, Marin; Thomas, Justin; Wilson, Marshawn","0:51"
"01/31/2017","7 p.m.","1st Half","01:24","30-43","Northern Ill.","Thomas, Justin","made","Two Point Jumper","24","Bradley, Levi; Highsmith, Dontel; Maric, Marin; Thomas, Justin; Wilson, Marshawn","0:57"
"01/31/2017","7 p.m.","1st Half","01:02","30-43","Akron","Jackson, Aaron","missed","Layup","8","Jackson, Aaron; Jackson, Antino; Johnson, Isaiah; Robotham, Noah; Williams, Josh","1:50"
"01/31/2017","7 p.m.","1st Half","01:02","30-43","Northern Ill.","Highsmith, Dontel","","Defensive Rebound","","Bradley, Levi; Highsmith, Dontel; Maric, Marin; Thomas, Justin; Wilson, Marshawn","1:19"
"01/31/2017","7 p.m.","1st Half","00:57","30-43","Northern Ill.","Highsmith, Dontel","","Turnover","","Bradley, Levi; Highsmith, Dontel; Maric, Marin; Thomas, Justin; Wilson, Marshawn","1:24"
"01/31/2017","7 p.m.","1st Half","00:54","30-43","Akron","Williams, Josh","","Steal","","Jackson, Aaron; Jackson, Antino; Johnson, Isaiah; Robotham, Noah; Williams, Josh","1:58"
"01/31/2017","7 p.m.","1st Half","00:51","30-43","Akron","Williams, Josh","missed","Three Point Jumper","24","Jackson, Aaron; Jackson, Antino; Johnson, Isaiah; Robotham, Noah; Williams, Josh","2:01"
"01/31/2017","7 p.m.","1st Half","00:51","30-43","Northern Ill.","Wilson, Marshawn","","Defensive Rebound","","Bradley, Levi; Highsmith, Dontel; Maric, Marin; Thomas, Justin; Wilson, Marshawn","1:30"
"01/31/2017","7 p.m.","1st Half","00:43","30-43","Akron","Robotham, Noah","","Commits Foul","22","Jackson, Aaron; Jackson, Antino; Johnson, Isaiah; Robotham, Noah; Williams, Josh","2:09"
"01/31/2017","7 p.m.","1st Half","00:43","30-44","Northern Ill.","Maric, Marin","made","Free Throw","","Bradley, Levi; Highsmith, Dontel; Maric, Marin; Thomas, Justin; Wilson, Marshawn","1:38"
"01/31/2017","7 p.m.","1st Half","00:43","30-45","Northern Ill.","Maric, Marin","made","Free Throw","","Bradley, Levi; Highsmith, Dontel; Maric, Marin; Thomas, Justin; Wilson, Marshawn","1:38"
"01/31/2017","7 p.m.","1st Half","00:43","30-45","Akron","Utomi, Daniel","","Enters Game","","Jackson, Aaron; Jackson, Antino; Johnson, Isaiah; Robotham, Noah; Utomi, Daniel; Williams, Josh","0:00"
"01/31/2017","7 p.m.","1st Half","00:43","30-45","Akron","Dunn-Martin, Tavian","","Enters Game","","Dunn-Martin, Tavian; Jackson, Aaron; Jackson, Antino; Johnson, Isaiah; Robotham, Noah; Utomi, Daniel; Williams, Josh","0:00"
"01/31/2017","7 p.m.","1st Half","00:43","30-45","Akron","Jackson, Antino","","Leaves Game","","Dunn-Martin, Tavian; Jackson, Aaron; Johnson, Isaiah; Robotham, Noah; Utomi, Daniel; Williams, Josh","0:00"
"01/31/2017","7 p.m.","1st Half","00:43","30-45","Akron","Jackson, Aaron","","Leaves Game","","Dunn-Martin, Tavian; Johnson, Isaiah; Robotham, Noah; Utomi, Daniel; Williams, Josh","0:00"
"01/31/2017","7 p.m.","1st Half","00:43","30-45","Northern Ill.","Armstead, Aaric","","Enters Game","","Armstead, Aaric; Bradley, Levi; Highsmith, Dontel; Maric, Marin; Thomas, Justin; Wilson, Marshawn","0:00"
"01/31/2017","7 p.m.","1st Half","00:43","30-45","Northern Ill.","Highsmith, Dontel","","Leaves Game","","Armstead, Aaric; Bradley, Levi; Maric, Marin; Thomas, Justin; Wilson, Marshawn","0:31"
"01/31/2017","7 p.m.","1st Half","00:30","33-45","Akron","Williams, Josh","made","Three Point Jumper","17","Dunn-Martin, Tavian; Johnson, Isaiah; Robotham, Noah; Utomi, Daniel; Williams, Josh","0:13"
"01/31/2017","7 p.m.","1st Half","00:30","33-45","Akron","Johnson, Isaiah","","Assist","","Dunn-Martin, Tavian; Johnson, Isaiah; Robotham, Noah; Utomi, Daniel; Williams, Josh","0:13"
"01/31/2017","7 p.m.","1st Half","00:02","33-47","Northern Ill.","Maric, Marin","made","Layup","2","Armstead, Aaric; Bradley, Levi; Maric, Marin; Thomas, Justin; Wilson, Marshawn","1:12"
"01/31/2017","7 p.m.","1st Half","00:02","33-47","Northern Ill.","Wilson, Marshawn","","Assist","","Armstead, Aaric; Bradley, Levi; Maric, Marin; Thomas, Justin; Wilson, Marshawn","1:12"
"01/31/2017","7 p.m.","2nd Half","19:44","33-47","Akron","Cheatham, Jr., Kwan","missed","Three Point Jumper","14","Cheatham, Jr., Kwan; Ivey, Jimond; Jackson, Antino; Johnson, Isaiah; Robotham, Noah","0:16"
"01/31/2017","7 p.m.","2nd Half","19:44","33-47","Northern Ill.","Team","","Defensive Rebound","","Armstead, Aaric; Highsmith, Dontel; Key, Jaylen; Maric, Marin; Thomas, Justin","0:16"
"01/31/2017","7 p.m.","2nd Half","19:42","33-47","Northern Ill.","Maric, Marin","","Commits Foul","28","Armstead, Aaric; Highsmith, Dontel; Key, Jaylen; Maric, Marin; Thomas, Justin","0:18"
"01/31/2017","7 p.m.","2nd Half","19:32","33-47","Akron","Robotham, Noah","missed","Three Point Jumper","20","Cheatham, Jr., Kwan; Ivey, Jimond; Jackson, Antino; Johnson, Isaiah; Robotham, Noah","0:28"
"01/31/2017","7 p.m.","2nd Half","19:32","33-47","Akron","Ivey, Jimond","","Offensive Rebound","","Cheatham, Jr., Kwan; Ivey, Jimond; Jackson, Antino; Johnson, Isaiah; Robotham, Noah","0:28"
"01/31/2017","7 p.m.","2nd Half","19:27","33-47","Akron","Jackson, Antino","missed","Three Point Jumper","25","Cheatham, Jr., Kwan; Ivey, Jimond; Jackson, Antino; Johnson, Isaiah; Robotham, Noah","0:33"
"01/31/2017","7 p.m.","2nd Half","19:27","33-47","Northern Ill.","Armstead, Aaric","","Defensive Rebound","","Armstead, Aaric; Highsmith, Dontel; Key, Jaylen; Maric, Marin; Thomas, Justin","0:33"
"01/31/2017","7 p.m.","2nd Half","19:02","33-47","Northern Ill.","Maric, Marin","","Turnover","","Armstead, Aaric; Highsmith, Dontel; Key, Jaylen; Maric, Marin; Thomas, Justin","0:58"
"01/31/2017","7 p.m.","2nd Half","19:00","33-47","Akron","Jackson, Antino","","Steal","","Cheatham, Jr., Kwan; Ivey, Jimond; Jackson, Antino; Johnson, Isaiah; Robotham, Noah","1:00"
"01/31/2017","7 p.m.","2nd Half","18:58","33-47","Akron","Jackson, Antino","missed","Layup","26","Cheatham, Jr., Kwan; Ivey, Jimond; Jackson, Antino; Johnson, Isaiah; Robotham, Noah","1:02"
"01/31/2017","7 p.m.","2nd Half","18:58","33-47","Akron","Ivey, Jimond","","Offensive Rebound","","Cheatham, Jr., Kwan; Ivey, Jimond; Jackson, Antino; Johnson, Isaiah; Robotham, Noah","1:02"
"01/31/2017","7 p.m.","2nd Half","18:55","35-47","Akron","Ivey, Jimond","made","Tip In","27","Cheatham, Jr., Kwan; Ivey, Jimond; Jackson, Antino; Johnson, Isaiah; Robotham, Noah","1:05"
"01/31/2017","7 p.m.","2nd Half","18:29","35-49","Northern Ill.","Highsmith, Dontel","made","Layup","4","Armstead, Aaric; Highsmith, Dontel; Key, Jaylen; Maric, Marin; Thomas, Justin","1:31"
"01/31/2017","7 p.m.","2nd Half","18:10","35-49","Akron","Johnson, Isaiah","","Turnover","","Cheatham, Jr., Kwan; Ivey, Jimond; Jackson, Antino; Johnson, Isaiah; Robotham, Noah","1:50"
"01/31/2017","7 p.m.","2nd Half","18:09","35-49","Northern Ill.","Armstead, Aaric","","Steal","","Armstead, Aaric; Highsmith, Dontel; Key, Jaylen; Maric, Marin; Thomas, Justin","1:51"
"01/31/2017","7 p.m.","2nd Half","18:07","35-49","Akron","Jackson, Antino","","Commits Foul","27","Cheatham, Jr., Kwan; Ivey, Jimond; Jackson, Antino; Johnson, Isaiah; Robotham, Noah","1:53"
"01/31/2017","7 p.m.","2nd Half","18:07","35-49","Northern Ill.","Armstead, Aaric","missed","Free Throw","","Armstead, Aaric; Highsmith, Dontel; Key, Jaylen; Maric, Marin; Thomas, Justin","1:53"
"01/31/2017","7 p.m.","2nd Half","18:07","35-49","Northern Ill.","Team","","Deadball Rebound","","Armstead, Aaric; Highsmith, Dontel; Key, Jaylen; Maric, Marin; Thomas, Justin","1:53"
"01/31/2017","7 p.m.","2nd Half","18:07","35-49","Northern Ill.","Armstead, Aaric","missed","Free Throw","","Armstead, Aaric; Highsmith, Dontel; Key, Jaylen; Maric, Marin; Thomas, Justin","1:53"
"01/31/2017","7 p.m.","2nd Half","18:07","35-49","Akron","Ivey, Jimond","","Defensive Rebound","","Cheatham, Jr., Kwan; Ivey, Jimond; Jackson, Antino; Johnson, Isaiah; Robotham, Noah","1:53"
"01/31/2017","7 p.m.","2nd Half","17:49","37-49","Akron","Jackson, Antino","made","Layup","12","Cheatham, Jr., Kwan; Ivey, Jimond; Jackson, Antino; Johnson, Isaiah; Robotham, Noah","2:11"
"01/31/2017","7 p.m.","2nd Half","17:27","37-52","Northern Ill.","Key, Jaylen","made","Three Point Jumper","8","Armstead, Aaric; Highsmith, Dontel; Key, Jaylen; Maric, Marin; Thomas, Justin","2:33"
"01/31/2017","7 p.m.","2nd Half","17:02","39-52","Akron","Johnson, Isaiah","made","Layup","5","Cheatham, Jr., Kwan; Ivey, Jimond; Jackson, Antino; Johnson, Isaiah; Robotham, Noah","2:58"
"01/31/2017","7 p.m.","2nd Half","16:41","39-52","Northern Ill.","Armstead, Aaric","missed","Three Point Jumper","9","Armstead, Aaric; Highsmith, Dontel; Key, Jaylen; Maric, Marin; Thomas, Justin","3:19"
"01/31/2017","7 p.m.","2nd Half","16:41","39-52","Northern Ill.","Highsmith, Dontel","","Offensive Rebound","","Armstead, Aaric; Highsmith, Dontel; Key, Jaylen; Maric, Marin; Thomas, Justin","3:19"
"01/31/2017","7 p.m.","2nd Half","16:36","39-52","Northern Ill.","Highsmith, Dontel","","Turnover","","Armstead, Aaric; Highsmith, Dontel; Key, Jaylen; Maric, Marin; Thomas, Justin","3:24"
"01/31/2017","7 p.m.","2nd Half","16:35","39-52","Akron","Jackson, Antino","","Steal","","Cheatham, Jr., Kwan; Ivey, Jimond; Jackson, Antino; Johnson, Isaiah; Robotham, Noah","3:25"
"01/31/2017","7 p.m.","2nd Half","16:29","42-52","Akron","Jackson, Antino","made","Three Point Jumper","23","Cheatham, Jr., Kwan; Ivey, Jimond; Jackson, Antino; Johnson, Isaiah; Robotham, Noah","3:31"
"01/31/2017","7 p.m.","2nd Half","16:29","42-52","Akron","Robotham, Noah","","Assist","","Cheatham, Jr., Kwan; Ivey, Jimond; Jackson, Antino; Johnson, Isaiah; Robotham, Noah","3:31"
"01/31/2017","7 p.m.","2nd Half","16:14","42-52","Akron","Robotham, Noah","","Commits Foul","15","Cheatham, Jr., Kwan; Ivey, Jimond; Jackson, Antino; Johnson, Isaiah; Robotham, Noah","3:46"
"01/31/2017","7 p.m.","2nd Half","16:14","42-52","Northern Ill.","Porter, Laytwan","","Enters Game","","Armstead, Aaric; Highsmith, Dontel; Key, Jaylen; Maric, Marin; Porter, Laytwan; Thomas, Justin","0:00"
"01/31/2017","7 p.m.","2nd Half","16:14","42-52","Northern Ill.","Bradley, Levi","","Enters Game","","Armstead, Aaric; Bradley, Levi; Highsmith, Dontel; Key, Jaylen; Maric, Marin; Porter, Laytwan; Thomas, Justin","0:00"
"01/31/2017","7 p.m.","2nd Half","16:14","42-52","Northern Ill.","Highsmith, Dontel","","Leaves Game","","Armstead, Aaric; Bradley, Levi; Key, Jaylen; Maric, Marin; Porter, Laytwan; Thomas, Justin","0:00"
"01/31/2017","7 p.m.","2nd Half","16:14","42-52","Northern Ill.","Key, Jaylen","","Leaves Game","","Armstead, Aaric; Bradley, Levi; Maric, Marin; Porter, Laytwan; Thomas, Justin","0:00"
"01/31/2017","7 p.m.","2nd Half","16:02","42-52","Northern Ill.","Bradley, Levi","","Turnover","","Armstead, Aaric; Bradley, Levi; Maric, Marin; Porter, Laytwan; Thomas, Justin","0:12"
"01/31/2017","7 p.m.","2nd Half","16:01","42-52","Akron","Jackson, Antino","","Steal","","Cheatham, Jr., Kwan; Ivey, Jimond; Jackson, Antino; Johnson, Isaiah; Robotham, Noah","3:59"
"01/31/2017","7 p.m.","2nd Half","15:58","42-52","Akron","Cheatham, Jr., Kwan","missed","Three Point Jumper","26","Cheatham, Jr., Kwan; Ivey, Jimond; Jackson, Antino; Johnson, Isaiah; Robotham, Noah","4:02"
"01/31/2017","7 p.m.","2nd Half","15:58","42-52","Akron","Team","","Offensive Rebound","","Cheatham, Jr., Kwan; Ivey, Jimond; Jackson, Antino; Johnson, Isaiah; Robotham, Noah","4:02"
"01/31/2017","7 p.m.","2nd Half","15:55","42-52","Akron","Team","","Timeout","","Cheatham, Jr., Kwan; Ivey, Jimond; Jackson, Antino; Johnson, Isaiah; Robotham, Noah","4:05"
"01/31/2017","7 p.m.","2nd Half","15:45","45-52","Akron","Jackson, Antino","made","Three Point Jumper","17","Cheatham, Jr., Kwan; Ivey, Jimond; Jackson, Antino; Johnson, Isaiah; Robotham, Noah","4:15"
"01/31/2017","7 p.m.","2nd Half","15:45","45-52","Akron","Robotham, Noah","","Assist","","Cheatham, Jr., Kwan; Ivey, Jimond; Jackson, Antino; Johnson, Isaiah; Robotham, Noah","4:15"
"01/31/2017","7 p.m.","2nd Half","15:22","45-52","Northern Ill.","Thomas, Justin","missed","Two Point Jumper","7","Armstead, Aaric; Bradley, Levi; Maric, Marin; Porter, Laytwan; Thomas, Justin","0:52"
"01/31/2017","7 p.m.","2nd Half","15:22","45-52","Akron","Johnson, Isaiah","","Defensive Rebound","","Cheatham, Jr., Kwan; Ivey, Jimond; Jackson, Antino; Johnson, Isaiah; Robotham, Noah","4:38"
"01/31/2017","7 p.m.","2nd Half","15:07","45-52","Northern Ill.","Bradley, Levi","","Commits Foul","15","Armstead, Aaric; Bradley, Levi; Maric, Marin; Porter, Laytwan; Thomas, Justin","1:07"
"01/31/2017","7 p.m.","2nd Half","15:07","45-52","Northern Ill.","German, Eugene","","Enters Game","","Armstead, Aaric; Bradley, Levi; German, Eugene; Maric, Marin; Porter, Laytwan; Thomas, Justin","0:00"
"01/31/2017","7 p.m.","2nd Half","15:07","45-52","Northern Ill.","Thomas, Justin","","Leaves Game","","Armstead, Aaric; Bradley, Levi; German, Eugene; Maric, Marin; Porter, Laytwan","0:00"
"01/31/2017","7 p.m.","2nd Half","14:55","45-52","Akron","Johnson, Isaiah","missed","Layup","18","Cheatham, Jr., Kwan; Ivey, Jimond; Jackson, Antino; Johnson, Isaiah; Robotham, Noah","5:05"
"01/31/2017","7 p.m.","2nd Half","14:55","45-52","Northern Ill.","Armstead, Aaric","","Defensive Rebound","","Armstead, Aaric; Bradley, Levi; German, Eugene; Maric, Marin; Porter, Laytwan","0:12"
"01/31/2017","7 p.m.","2nd Half","14:54","45-52","Akron","Johnson, Isaiah","","Commits Foul","29","Cheatham, Jr., Kwan; Ivey, Jimond; Jackson, Antino; Johnson, Isaiah; Robotham, Noah","5:06"
"01/31/2017","7 p.m.","2nd Half","14:40","45-52","Northern Ill.","German, Eugene","","Turnover","","Armstead, Aaric; Bradley, Levi; German, Eugene; Maric, Marin; Porter, Laytwan","0:27"
"01/31/2017","7 p.m.","2nd Half","14:39","45-52","Akron","Ivey, Jimond","","Steal","","Cheatham, Jr., Kwan; Ivey, Jimond; Jackson, Antino; Johnson, Isaiah; Robotham, Noah","5:21"
"01/31/2017","7 p.m.","2nd Half","14:27","45-52","Akron","Johnson, Isaiah","","Turnover","","Cheatham, Jr., Kwan; Ivey, Jimond; Jackson, Antino; Johnson, Isaiah; Robotham, Noah","5:33"
"01/31/2017","7 p.m.","2nd Half","14:15","45-55","Northern Ill.","Porter, Laytwan","made","Three Point Jumper","18","Armstead, Aaric; Bradley, Levi; German, Eugene; Maric, Marin; Porter, Laytwan","0:52"
"01/31/2017","7 p.m.","2nd Half","14:15","45-55","Northern Ill.","Armstead, Aaric","","Assist","","Armstead, Aaric; Bradley, Levi; German, Eugene; Maric, Marin; Porter, Laytwan","0:52"
"01/31/2017","7 p.m.","2nd Half","13:53","47-55","Akron","Johnson, Isaiah","made","Layup","8","Cheatham, Jr., Kwan; Ivey, Jimond; Jackson, Antino; Johnson, Isaiah; Robotham, Noah","6:07"
"01/31/2017","7 p.m.","2nd Half","13:39","47-57","Northern Ill.","Armstead, Aaric","made","Two Point Jumper","16","Armstead, Aaric; Bradley, Levi; German, Eugene; Maric, Marin; Porter, Laytwan","1:28"
"01/31/2017","7 p.m.","2nd Half","13:17","47-57","Akron","Ivey, Jimond","missed","Layup","8","Cheatham, Jr., Kwan; Ivey, Jimond; Jackson, Antino; Johnson, Isaiah; Robotham, Noah","6:43"
"01/31/2017","7 p.m.","2nd Half","13:17","47-57","Northern Ill.","Porter, Laytwan","","Blocked Shot","","Armstead, Aaric; Bradley, Levi; German, Eugene; Maric, Marin; Porter, Laytwan","1:50"
"01/31/2017","7 p.m.","2nd Half","13:15","47-57","Northern Ill.","Team","","Defensive Rebound","","Armstead, Aaric; Bradley, Levi; German, Eugene; Maric, Marin; Porter, Laytwan","1:52"
"01/31/2017","7 p.m.","2nd Half","13:14","47-57","Akron","Williams, Josh","","Enters Game","","Cheatham, Jr., Kwan; Ivey, Jimond; Jackson, Antino; Johnson, Isaiah; Robotham, Noah; Williams, Josh","0:00"
"01/31/2017","7 p.m.","2nd Half","13:14","47-57","Akron","Robotham, Noah","","Leaves Game","","Cheatham, Jr., Kwan; Ivey, Jimond; Jackson, Antino; Johnson, Isaiah; Williams, Josh","0:00"
"01/31/2017","7 p.m.","2nd Half","13:14","47-57","Northern Ill.","Wilson, Marshawn","","Enters Game","","Armstead, Aaric; Bradley, Levi; German, Eugene; Maric, Marin; Porter, Laytwan; Wilson, Marshawn","0:00"
"01/31/2017","7 p.m.","2nd Half","13:14","47-57","Northern Ill.","Key, Jaylen","","Enters Game","","Armstead, Aaric; Bradley, Levi; German, Eugene; Key, Jaylen; Maric, Marin; Porter, Laytwan; Wilson, Marshawn","0:00"
"01/31/2017","7 p.m.","2nd Half","13:14","47-57","Northern Ill.","German, Eugene","","Leaves Game","","Armstead, Aaric; Bradley, Levi; Key, Jaylen; Maric, Marin; Porter, Laytwan; Wilson, Marshawn","0:00"
"01/31/2017","7 p.m.","2nd Half","13:14","47-57","Northern Ill.","Maric, Marin","","Leaves Game","","Armstead, Aaric; Bradley, Levi; Key, Jaylen; Porter, Laytwan; Wilson, Marshawn","0:00"
"01/31/2017","7 p.m.","2nd Half","13:07","47-57","Northern Ill.","Armstead, Aaric","","Turnover","","Armstead, Aaric; Bradley, Levi; Key, Jaylen; Porter, Laytwan; Wilson, Marshawn","0:07"
"01/31/2017","7 p.m.","2nd Half","13:07","47-57","Northern Ill.","Armstead, Aaric","","Commits Foul","","Armstead, Aaric; Bradley, Levi; Key, Jaylen; Porter, Laytwan; Wilson, Marshawn","0:07"
"01/31/2017","7 p.m.","2nd Half","12:53","47-57","Akron","Johnson, Isaiah","missed","Layup","16","Cheatham, Jr., Kwan; Ivey, Jimond; Jackson, Antino; Johnson, Isaiah; Williams, Josh","0:21"
"01/31/2017","7 p.m.","2nd Half","12:53","47-57","Northern Ill.","Armstead, Aaric","","Defensive Rebound","","Armstead, Aaric; Bradley, Levi; Key, Jaylen; Porter, Laytwan; Wilson, Marshawn","0:21"
"01/31/2017","7 p.m.","2nd Half","12:34","47-59","Northern Ill.","Porter, Laytwan","made","Layup","11","Armstead, Aaric; Bradley, Levi; Key, Jaylen; Porter, Laytwan; Wilson, Marshawn","0:40"
"01/31/2017","7 p.m.","2nd Half","12:02","47-59","Akron","Jackson, Antino","missed","Three Point Jumper","0","Cheatham, Jr., Kwan; Ivey, Jimond; Jackson, Antino; Johnson, Isaiah; Williams, Josh","1:12"
"01/31/2017","7 p.m.","2nd Half","12:02","47-59","Northern Ill.","Armstead, Aaric","","Defensive Rebound","","Armstead, Aaric; Bradley, Levi; Key, Jaylen; Porter, Laytwan; Wilson, Marshawn","1:12"
"01/31/2017","7 p.m.","2nd Half","11:48","47-59","Northern Ill.","Wilson, Marshawn","missed","Two Point Jumper","16","Armstead, Aaric; Bradley, Levi; Key, Jaylen; Porter, Laytwan; Wilson, Marshawn","1:26"
"01/31/2017","7 p.m.","2nd Half","11:48","47-59","Akron","Ivey, Jimond","","Defensive Rebound","","Cheatham, Jr., Kwan; Ivey, Jimond; Jackson, Antino; Johnson, Isaiah; Williams, Josh","1:26"
"01/31/2017","7 p.m.","2nd Half","11:26","49-59","Akron","Johnson, Isaiah","made","Layup","8","Cheatham, Jr., Kwan; Ivey, Jimond; Jackson, Antino; Johnson, Isaiah; Williams, Josh","1:48"
"01/31/2017","7 p.m.","2nd Half","11:06","49-59","Northern Ill.","Key, Jaylen","missed","Two Point Jumper","10","Armstead, Aaric; Bradley, Levi; Key, Jaylen; Porter, Laytwan; Wilson, Marshawn","2:08"
"01/31/2017","7 p.m.","2nd Half","11:06","49-59","Akron","Cheatham, Jr., Kwan","","Defensive Rebound","","Cheatham, Jr., Kwan; Ivey, Jimond; Jackson, Antino; Johnson, Isaiah; Williams, Josh","2:08"
"01/31/2017","7 p.m.","2nd Half","10:54","49-59","Akron","Williams, Josh","missed","Three Point Jumper","18","Cheatham, Jr., Kwan; Ivey, Jimond; Jackson, Antino; Johnson, Isaiah; Williams, Josh","2:20"
"01/31/2017","7 p.m.","2nd Half","10:54","49-59","Northern Ill.","Key, Jaylen","","Defensive Rebound","","Armstead, Aaric; Bradley, Levi; Key, Jaylen; Porter, Laytwan; Wilson, Marshawn","2:20"
"01/31/2017","7 p.m.","2nd Half","10:43","49-59","Northern Ill.","Porter, Laytwan","","Turnover","","Armstead, Aaric; Bradley, Levi; Key, Jaylen; Porter, Laytwan; Wilson, Marshawn","2:31"
"01/31/2017","7 p.m.","2nd Half","10:42","49-59","Akron","Cheatham, Jr., Kwan","","Steal","","Cheatham, Jr., Kwan; Ivey, Jimond; Jackson, Antino; Johnson, Isaiah; Williams, Josh","2:32"
"01/31/2017","7 p.m.","2nd Half","10:41","49-59","Northern Ill.","Bradley, Levi","","Commits Foul","28","Armstead, Aaric; Bradley, Levi; Key, Jaylen; Porter, Laytwan; Wilson, Marshawn","2:33"
"01/31/2017","7 p.m.","2nd Half","10:41","49-59","Akron","Team","","Media Timeout","","Cheatham, Jr., Kwan; Ivey, Jimond; Jackson, Antino; Johnson, Isaiah; Williams, Josh","2:33"
"01/31/2017","7 p.m.","2nd Half","10:41","49-59","Akron","Utomi, Daniel","","Enters Game","","Cheatham, Jr., Kwan; Ivey, Jimond; Jackson, Antino; Johnson, Isaiah; Utomi, Daniel; Williams, Josh","0:00"
"01/31/2017","7 p.m.","2nd Half","10:41","49-59","Akron","Robotham, Noah","","Enters Game","","Cheatham, Jr., Kwan; Ivey, Jimond; Jackson, Antino; Johnson, Isaiah; Robotham, Noah; Utomi, Daniel; Williams, Josh","0:00"
"01/31/2017","7 p.m.","2nd Half","10:41","49-59","Akron","Johnson, Isaiah","","Leaves Game","","Cheatham, Jr., Kwan; Ivey, Jimond; Jackson, Antino; Robotham, Noah; Utomi, Daniel; Williams, Josh","0:00"
"01/31/2017","7 p.m.","2nd Half","10:41","49-59","Akron","Jackson, Antino","","Leaves Game","","Cheatham, Jr., Kwan; Ivey, Jimond; Robotham, Noah; Utomi, Daniel; Williams, Josh","0:00"
"01/31/2017","7 p.m.","2nd Half","10:41","49-59","Northern Ill.","Maric, Marin","","Enters Game","","Armstead, Aaric; Bradley, Levi; Key, Jaylen; Maric, Marin; Porter, Laytwan; Wilson, Marshawn","0:00"
"01/31/2017","7 p.m.","2nd Half","10:41","49-59","Northern Ill.","Highsmith, Dontel","","Enters Game","","Armstead, Aaric; Bradley, Levi; Highsmith, Dontel; Key, Jaylen; Maric, Marin; Porter, Laytwan; Wilson, Marshawn","0:00"
"01/31/2017","7 p.m.","2nd Half","10:41","49-59","Northern Ill.","Armstead, Aaric","","Leaves Game","","Bradley, Levi; Highsmith, Dontel; Key, Jaylen; Maric, Marin; Porter, Laytwan; Wilson, Marshawn","0:00"
"01/31/2017","7 p.m.","2nd Half","10:41","49-59","Northern Ill.","Key, Jaylen","","Leaves Game","","Bradley, Levi; Highsmith, Dontel; Maric, Marin; Porter, Laytwan; Wilson, Marshawn","0:00"
"01/31/2017","7 p.m.","2nd Half","10:18","49-59","Northern Ill.","Porter, Laytwan","","Commits Foul","7","Bradley, Levi; Highsmith, Dontel; Maric, Marin; Porter, Laytwan; Wilson, Marshawn","0:23"
"01/31/2017","7 p.m.","2nd Half","10:18","49-59","Akron","Utomi, Daniel","missed","Free Throw","","Cheatham, Jr., Kwan; Ivey, Jimond; Robotham, Noah; Utomi, Daniel; Williams, Josh","0:23"
"01/31/2017","7 p.m.","2nd Half","10:18","49-59","Akron","Team","","Deadball Rebound","","Cheatham, Jr., Kwan; Ivey, Jimond; Robotham, Noah; Utomi, Daniel; Williams, Josh","0:23"
"01/31/2017","7 p.m.","2nd Half","10:18","50-59","Akron","Utomi, Daniel","made","Free Throw","","Cheatham, Jr., Kwan; Ivey, Jimond; Robotham, Noah; Utomi, Daniel; Williams, Josh","0:23"
"01/31/2017","7 p.m.","2nd Half","10:18","50-59","Northern Ill.","Key, Jaylen","","Enters Game","","Bradley, Levi; Highsmith, Dontel; Key, Jaylen; Maric, Marin; Porter, Laytwan; Wilson, Marshawn","0:00"
"01/31/2017","7 p.m.","2nd Half","10:18","50-59","Northern Ill.","Bradley, Levi","","Leaves Game","","Highsmith, Dontel; Key, Jaylen; Maric, Marin; Porter, Laytwan; Wilson, Marshawn","0:00"
"01/31/2017","7 p.m.","2nd Half","10:02","50-59","Northern Ill.","Porter, Laytwan","","Turnover","","Highsmith, Dontel; Key, Jaylen; Maric, Marin; Porter, Laytwan; Wilson, Marshawn","0:16"
"01/31/2017","7 p.m.","2nd Half","10:00","50-59","Akron","Utomi, Daniel","","Steal","","Cheatham, Jr., Kwan; Ivey, Jimond; Robotham, Noah; Utomi, Daniel; Williams, Josh","0:41"
"01/31/2017","7 p.m.","2nd Half","09:51","50-59","Akron","Cheatham, Jr., Kwan","missed","Three Point Jumper","19","Cheatham, Jr., Kwan; Ivey, Jimond; Robotham, Noah; Utomi, Daniel; Williams, Josh","0:50"
"01/31/2017","7 p.m.","2nd Half","09:51","50-59","Northern Ill.","Porter, Laytwan","","Defensive Rebound","","Highsmith, Dontel; Key, Jaylen; Maric, Marin; Porter, Laytwan; Wilson, Marshawn","0:27"
"01/31/2017","7 p.m.","2nd Half","09:39","50-59","Northern Ill.","Key, Jaylen","","Turnover","","Highsmith, Dontel; Key, Jaylen; Maric, Marin; Porter, Laytwan; Wilson, Marshawn","0:39"
"01/31/2017","7 p.m.","2nd Half","09:39","50-59","Northern Ill.","Thomas, Justin","","Enters Game","","Highsmith, Dontel; Key, Jaylen; Maric, Marin; Porter, Laytwan; Thomas, Justin; Wilson, Marshawn","0:00"
"01/31/2017","7 p.m.","2nd Half","09:39","50-59","Northern Ill.","Porter, Laytwan","","Leaves Game","","Highsmith, Dontel; Key, Jaylen; Maric, Marin; Thomas, Justin; Wilson, Marshawn","0:00"
"01/31/2017","7 p.m.","2nd Half","09:16","53-59","Akron","Utomi, Daniel","made","Three Point Jumper","7","Cheatham, Jr., Kwan; Ivey, Jimond; Robotham, Noah; Utomi, Daniel; Williams, Josh","1:25"
"01/31/2017","7 p.m.","2nd Half","09:16","53-59","Akron","Cheatham, Jr., Kwan","","Assist","","Cheatham, Jr., Kwan; Ivey, Jimond; Robotham, Noah; Utomi, Daniel; Williams, Josh","1:25"
"01/31/2017","7 p.m.","2nd Half","08:50","53-59","Akron","Utomi, Daniel","","Commits Foul","4","Cheatham, Jr., Kwan; Ivey, Jimond; Robotham, Noah; Utomi, Daniel; Williams, Josh","1:51"
"01/31/2017","7 p.m.","2nd Half","08:50","53-61","Northern Ill.","Maric, Marin","made","Two Point Jumper","","Highsmith, Dontel; Key, Jaylen; Maric, Marin; Thomas, Justin; Wilson, Marshawn","0:49"
"01/31/2017","7 p.m.","2nd Half","08:36","55-61","Akron","Ivey, Jimond","made","Layup","16","Cheatham, Jr., Kwan; Ivey, Jimond; Robotham, Noah; Utomi, Daniel; Williams, Josh","2:05"
"01/31/2017","7 p.m.","2nd Half","08:36","55-61","Akron","Cheatham, Jr., Kwan","","Assist","","Cheatham, Jr., Kwan; Ivey, Jimond; Robotham, Noah; Utomi, Daniel; Williams, Josh","2:05"
"01/31/2017","7 p.m.","2nd Half","08:21","55-61","Northern Ill.","Maric, Marin","missed","Two Point Jumper","15","Highsmith, Dontel; Key, Jaylen; Maric, Marin; Thomas, Justin; Wilson, Marshawn","1:18"
"01/31/2017","7 p.m.","2nd Half","08:21","55-61","Akron","Cheatham, Jr., Kwan","","Defensive Rebound","","Cheatham, Jr., Kwan; Ivey, Jimond; Robotham, Noah; Utomi, Daniel; Williams, Josh","2:20"
"01/31/2017","7 p.m.","2nd Half","08:06","55-61","Akron","Williams, Josh","missed","Three Point Jumper","15","Cheatham, Jr., Kwan; Ivey, Jimond; Robotham, Noah; Utomi, Daniel; Williams, Josh","2:35"
"01/31/2017","7 p.m.","2nd Half","08:06","55-61","Northern Ill.","Maric, Marin","","Defensive Rebound","","Highsmith, Dontel; Key, Jaylen; Maric, Marin; Thomas, Justin; Wilson, Marshawn","1:33"
"01/31/2017","7 p.m.","2nd Half","07:46","55-61","Akron","Utomi, Daniel","","Commits Foul","10","Cheatham, Jr., Kwan; Ivey, Jimond; Robotham, Noah; Utomi, Daniel; Williams, Josh","2:55"
"01/31/2017","7 p.m.","2nd Half","07:46","55-61","Northern Ill.","Team","","Media Timeout","","Highsmith, Dontel; Key, Jaylen; Maric, Marin; Thomas, Justin; Wilson, Marshawn","1:53"
"01/31/2017","7 p.m.","2nd Half","07:46","55-61","Akron","Jackson, Antino","","Enters Game","","Cheatham, Jr., Kwan; Ivey, Jimond; Jackson, Antino; Robotham, Noah; Utomi, Daniel; Williams, Josh","0:00"
"01/31/2017","7 p.m.","2nd Half","07:46","55-61","Akron","Johnson, Isaiah","","Enters Game","","Cheatham, Jr., Kwan; Ivey, Jimond; Jackson, Antino; Johnson, Isaiah; Robotham, Noah; Utomi, Daniel; Williams, Josh","0:00"
"01/31/2017","7 p.m.","2nd Half","07:46","55-61","Akron","Williams, Josh","","Leaves Game","","Cheatham, Jr., Kwan; Ivey, Jimond; Jackson, Antino; Johnson, Isaiah; Robotham, Noah; Utomi, Daniel","0:00"
"01/31/2017","7 p.m.","2nd Half","07:46","55-61","Akron","Utomi, Daniel","","Leaves Game","","Cheatham, Jr., Kwan; Ivey, Jimond; Jackson, Antino; Johnson, Isaiah; Robotham, Noah","6:46"
"01/31/2017","7 p.m.","2nd Half","07:46","55-61","Northern Ill.","Armstead, Aaric","","Enters Game","","Armstead, Aaric; Highsmith, Dontel; Key, Jaylen; Maric, Marin; Thomas, Justin; Wilson, Marshawn","0:00"
"01/31/2017","7 p.m.","2nd Half","07:46","55-61","Northern Ill.","Wilson, Marshawn","","Leaves Game","","Armstead, Aaric; Highsmith, Dontel; Key, Jaylen; Maric, Marin; Thomas, Justin","3:46"
"01/31/2017","7 p.m.","2nd Half","07:40","55-61","Northern Ill.","Maric, Marin","missed","Two Point Jumper","24","Armstead, Aaric; Highsmith, Dontel; Key, Jaylen; Maric, Marin; Thomas, Justin","3:52"
"01/31/2017","7 p.m.","2nd Half","07:40","55-61","Akron","Johnson, Isaiah","","Defensive Rebound","","Cheatham, Jr., Kwan; Ivey, Jimond; Jackson, Antino; Johnson, Isaiah; Robotham, Noah","6:52"
"01/31/2017","7 p.m.","2nd Half","07:12","57-61","Akron","Johnson, Isaiah","made","Layup","2","Cheatham, Jr., Kwan; Ivey, Jimond; Jackson, Antino; Johnson, Isaiah; Robotham, Noah","7:20"
"01/31/2017","7 p.m.","2nd Half","07:12","57-61","Akron","Ivey, Jimond","","Assist","","Cheatham, Jr., Kwan; Ivey, Jimond; Jackson, Antino; Johnson, Isaiah; Robotham, Noah","7:20"
"01/31/2017","7 p.m.","2nd Half","06:41","57-61","Northern Ill.","Highsmith, Dontel","missed","Two Point Jumper","0","Armstead, Aaric; Highsmith, Dontel; Key, Jaylen; Maric, Marin; Thomas, Justin","4:51"
"01/31/2017","7 p.m.","2nd Half","06:41","57-61","Akron","Cheatham, Jr., Kwan","","Defensive Rebound","","Cheatham, Jr., Kwan; Ivey, Jimond; Jackson, Antino; Johnson, Isaiah; Robotham, Noah","7:51"
"01/31/2017","7 p.m.","2nd Half","06:31","57-61","Akron","Cheatham, Jr., Kwan","missed","Three Point Jumper","20","Cheatham, Jr., Kwan; Ivey, Jimond; Jackson, Antino; Johnson, Isaiah; Robotham, Noah","8:01"
"01/31/2017","7 p.m.","2nd Half","06:31","57-61","Northern Ill.","Maric, Marin","","Defensive Rebound","","Armstead, Aaric; Highsmith, Dontel; Key, Jaylen; Maric, Marin; Thomas, Justin","5:01"
"01/31/2017","7 p.m.","2nd Half","06:22","57-61","Northern Ill.","Thomas, Justin","missed","Two Point Jumper","21","Armstead, Aaric; Highsmith, Dontel; Key, Jaylen; Maric, Marin; Thomas, Justin","5:10"
"01/31/2017","7 p.m.","2nd Half","06:22","57-61","Akron","Cheatham, Jr., Kwan","","Blocked Shot","","Cheatham, Jr., Kwan; Ivey, Jimond; Jackson, Antino; Johnson, Isaiah; Robotham, Noah","8:10"
"01/31/2017","7 p.m.","2nd Half","06:20","57-61","Akron","Cheatham, Jr., Kwan","","Defensive Rebound","","Cheatham, Jr., Kwan; Ivey, Jimond; Jackson, Antino; Johnson, Isaiah; Robotham, Noah","8:12"
"01/31/2017","7 p.m.","2nd Half","06:14","57-61","Akron","Cheatham, Jr., Kwan","","Turnover","","Cheatham, Jr., Kwan; Ivey, Jimond; Jackson, Antino; Johnson, Isaiah; Robotham, Noah","8:18"
"01/31/2017","7 p.m.","2nd Half","06:14","57-61","Northern Ill.","Armstead, Aaric","","Steal","","Armstead, Aaric; Highsmith, Dontel; Key, Jaylen; Maric, Marin; Thomas, Justin","5:18"
"01/31/2017","7 p.m.","2nd Half","06:14","57-61","Northern Ill.","Armstead, Aaric","","Turnover","","Armstead, Aaric; Highsmith, Dontel; Key, Jaylen; Maric, Marin; Thomas, Justin","5:18"
"01/31/2017","7 p.m.","2nd Half","06:14","57-61","Akron","Williams, Josh","","Enters Game","","Cheatham, Jr., Kwan; Ivey, Jimond; Jackson, Antino; Johnson, Isaiah; Robotham, Noah; Williams, Josh","0:00"
"01/31/2017","7 p.m.","2nd Half","06:14","57-61","Akron","Ivey, Jimond","","Leaves Game","","Cheatham, Jr., Kwan; Jackson, Antino; Johnson, Isaiah; Robotham, Noah; Williams, Josh","0:00"
"01/31/2017","7 p.m.","2nd Half","06:14","57-61","Northern Ill.","Bradley, Levi","","Enters Game","","Armstead, Aaric; Bradley, Levi; Highsmith, Dontel; Key, Jaylen; Maric, Marin; Thomas, Justin","0:00"
"01/31/2017","7 p.m.","2nd Half","06:14","57-61","Northern Ill.","Porter, Laytwan","","Enters Game","","Armstead, Aaric; Bradley, Levi; Highsmith, Dontel; Key, Jaylen; Maric, Marin; Porter, Laytwan; Thomas, Justin","0:00"
"01/31/2017","7 p.m.","2nd Half","06:14","57-61","Northern Ill.","Thomas, Justin","","Leaves Game","","Armstead, Aaric; Bradley, Levi; Highsmith, Dontel; Key, Jaylen; Maric, Marin; Porter, Laytwan","0:00"
"01/31/2017","7 p.m.","2nd Half","06:14","57-61","Northern Ill.","Key, Jaylen","","Leaves Game","","Armstead, Aaric; Bradley, Levi; Highsmith, Dontel; Maric, Marin; Porter, Laytwan","0:00"
"01/31/2017","7 p.m.","2nd Half","06:04","57-61","Northern Ill.","Maric, Marin","","Commits Foul","20","Armstead, Aaric; Bradley, Levi; Highsmith, Dontel; Maric, Marin; Porter, Laytwan","0:10"
"01/31/2017","7 p.m.","2nd Half","05:56","60-61","Akron","Jackson, Antino","made","Three Point Jumper","22","Cheatham, Jr., Kwan; Jackson, Antino; Johnson, Isaiah; Robotham, Noah; Williams, Josh","0:18"
"01/31/2017","7 p.m.","2nd Half","05:56","60-61","Akron","Robotham, Noah","","Assist","","Cheatham, Jr., Kwan; Jackson, Antino; Johnson, Isaiah; Robotham, Noah; Williams, Josh","0:18"
"01/31/2017","7 p.m.","2nd Half","05:47","60-61","Northern Ill.","Team","","Second Timeout","","Armstead, Aaric; Bradley, Levi; Highsmith, Dontel; Maric, Marin; Porter, Laytwan","0:27"
"01/31/2017","7 p.m.","2nd Half","05:36","60-63","Northern Ill.","Maric, Marin","made","Two Point Jumper","10","Armstead, Aaric; Bradley, Levi; Highsmith, Dontel; Maric, Marin; Porter, Laytwan","0:38"
"01/31/2017","7 p.m.","2nd Half","05:13","62-63","Akron","Johnson, Isaiah","made","Layup","7","Cheatham, Jr., Kwan; Jackson, Antino; Johnson, Isaiah; Robotham, Noah; Williams, Josh","1:01"
"01/31/2017","7 p.m.","2nd Half","04:57","62-63","Akron","Jackson, Antino","","Commits Foul","14","Cheatham, Jr., Kwan; Jackson, Antino; Johnson, Isaiah; Robotham, Noah; Williams, Josh","1:17"
"01/31/2017","7 p.m.","2nd Half","04:57","62-64","Northern Ill.","Porter, Laytwan","made","Free Throw","","Armstead, Aaric; Bradley, Levi; Highsmith, Dontel; Maric, Marin; Porter, Laytwan","1:17"
"01/31/2017","7 p.m.","2nd Half","04:57","62-65","Northern Ill.","Porter, Laytwan","made","Free Throw","","Armstead, Aaric; Bradley, Levi; Highsmith, Dontel; Maric, Marin; Porter, Laytwan","1:17"
"01/31/2017","7 p.m.","2nd Half","04:39","62-65","Akron","Johnson, Isaiah","missed","Layup","12","Cheatham, Jr., Kwan; Jackson, Antino; Johnson, Isaiah; Robotham, Noah; Williams, Josh","1:35"
"01/31/2017","7 p.m.","2nd Half","04:39","62-65","Akron","Jackson, Antino","","Offensive Rebound","","Cheatham, Jr., Kwan; Jackson, Antino; Johnson, Isaiah; Robotham, Noah; Williams, Josh","1:35"
"01/31/2017","7 p.m.","2nd Half","04:30","64-65","Akron","Johnson, Isaiah","made","Layup","21","Cheatham, Jr., Kwan; Jackson, Antino; Johnson, Isaiah; Robotham, Noah; Williams, Josh","1:44"
"01/31/2017","7 p.m.","2nd Half","04:02","64-65","Northern Ill.","Armstead, Aaric","missed","Two Point Jumper","2","Armstead, Aaric; Bradley, Levi; Highsmith, Dontel; Maric, Marin; Porter, Laytwan","2:12"
"01/31/2017","7 p.m.","2nd Half","04:02","64-65","Akron","Cheatham, Jr., Kwan","","Defensive Rebound","","Cheatham, Jr., Kwan; Jackson, Antino; Johnson, Isaiah; Robotham, Noah; Williams, Josh","2:12"
"01/31/2017","7 p.m.","2nd Half","03:53","64-65","Akron","Robotham, Noah","missed","Three Point Jumper","21","Cheatham, Jr., Kwan; Jackson, Antino; Johnson, Isaiah; Robotham, Noah; Williams, Josh","2:21"
"01/31/2017","7 p.m.","2nd Half","03:53","64-65","Akron","Johnson, Isaiah","","Offensive Rebound","","Cheatham, Jr., Kwan; Jackson, Antino; Johnson, Isaiah; Robotham, Noah; Williams, Josh","2:21"
"01/31/2017","7 p.m.","2nd Half","03:50","66-65","Akron","Johnson, Isaiah","made","Layup","27","Cheatham, Jr., Kwan; Jackson, Antino; Johnson, Isaiah; Robotham, Noah; Williams, Josh","2:24"
"01/31/2017","7 p.m.","2nd Half","03:50","66-65","Northern Ill.","Porter, Laytwan","","Commits Foul","","Armstead, Aaric; Bradley, Levi; Highsmith, Dontel; Maric, Marin; Porter, Laytwan","2:24"
"01/31/2017","7 p.m.","2nd Half","03:50","66-65","Akron","Team","","Timeout","","Cheatham, Jr., Kwan; Jackson, Antino; Johnson, Isaiah; Robotham, Noah; Williams, Josh","2:24"
"01/31/2017","7 p.m.","2nd Half","03:50","66-65","Akron","Johnson, Isaiah","missed","Free Throw","","Cheatham, Jr., Kwan; Jackson, Antino; Johnson, Isaiah; Robotham, Noah; Williams, Josh","2:24"
"01/31/2017","7 p.m.","2nd Half","03:50","66-65","Northern Ill.","Maric, Marin","","Defensive Rebound","","Armstead, Aaric; Bradley, Levi; Highsmith, Dontel; Maric, Marin; Porter, Laytwan","2:24"
"01/31/2017","7 p.m.","2nd Half","03:50","66-65","Akron","Ivey, Jimond","","Enters Game","","Cheatham, Jr., Kwan; Ivey, Jimond; Jackson, Antino; Johnson, Isaiah; Robotham, Noah; Williams, Josh","0:00"
"01/31/2017","7 p.m.","2nd Half","03:50","66-65","Akron","Williams, Josh","","Leaves Game","","Cheatham, Jr., Kwan; Ivey, Jimond; Jackson, Antino; Johnson, Isaiah; Robotham, Noah","8:18"
"01/31/2017","7 p.m.","2nd Half","03:50","66-65","Northern Ill.","Wilson, Marshawn","","Enters Game","","Armstead, Aaric; Bradley, Levi; Highsmith, Dontel; Maric, Marin; Porter, Laytwan; Wilson, Marshawn","0:00"
"01/31/2017","7 p.m.","2nd Half","03:50","66-65","Northern Ill.","Highsmith, Dontel","","Leaves Game","","Armstead, Aaric; Bradley, Levi; Maric, Marin; Porter, Laytwan; Wilson, Marshawn","0:00"
"01/31/2017","7 p.m.","2nd Half","03:36","66-65","Northern Ill.","Porter, Laytwan","","Turnover","","Armstead, Aaric; Bradley, Levi; Maric, Marin; Porter, Laytwan; Wilson, Marshawn","0:14"
"01/31/2017","7 p.m.","2nd Half","03:35","66-65","Akron","Ivey, Jimond","","Steal","","Cheatham, Jr., Kwan; Ivey, Jimond; Jackson, Antino; Johnson, Isaiah; Robotham, Noah","8:33"
"01/31/2017","7 p.m.","2nd Half","03:09","66-65","Akron","Team","","Second Timeout","","Cheatham, Jr., Kwan; Ivey, Jimond; Jackson, Antino; Johnson, Isaiah; Robotham, Noah","8:59"
"01/31/2017","7 p.m.","2nd Half","03:08","66-65","Northern Ill.","Bradley, Levi","","Commits Foul","2","Armstead, Aaric; Bradley, Levi; Maric, Marin; Porter, Laytwan; Wilson, Marshawn","0:42"
"01/31/2017","7 p.m.","2nd Half","03:08","67-65","Akron","Johnson, Isaiah","made","Free Throw","","Cheatham, Jr., Kwan; Ivey, Jimond; Jackson, Antino; Johnson, Isaiah; Robotham, Noah","9:00"
"01/31/2017","7 p.m.","2nd Half","03:08","68-65","Akron","Johnson, Isaiah","made","Free Throw","","Cheatham, Jr., Kwan; Ivey, Jimond; Jackson, Antino; Johnson, Isaiah; Robotham, Noah","9:00"
"01/31/2017","7 p.m.","2nd Half","03:08","68-65","Northern Ill.","Key, Jaylen","","Enters Game","","Armstead, Aaric; Bradley, Levi; Key, Jaylen; Maric, Marin; Porter, Laytwan; Wilson, Marshawn","0:00"
"01/31/2017","7 p.m.","2nd Half","03:08","68-65","Northern Ill.","Highsmith, Dontel","","Enters Game","","Armstead, Aaric; Bradley, Levi; Highsmith, Dontel; Key, Jaylen; Maric, Marin; Porter, Laytwan; Wilson, Marshawn","0:00"
"01/31/2017","7 p.m.","2nd Half","03:08","68-65","Northern Ill.","Bradley, Levi","","Leaves Game","","Armstead, Aaric; Highsmith, Dontel; Key, Jaylen; Maric, Marin; Porter, Laytwan; Wilson, Marshawn","0:00"
"01/31/2017","7 p.m.","2nd Half","03:08","68-65","Northern Ill.","Wilson, Marshawn","","Leaves Game","","Armstead, Aaric; Highsmith, Dontel; Key, Jaylen; Maric, Marin; Porter, Laytwan","0:00"
"01/31/2017","7 p.m.","2nd Half","02:49","68-65","Northern Ill.","Porter, Laytwan","","Turnover","","Armstead, Aaric; Highsmith, Dontel; Key, Jaylen; Maric, Marin; Porter, Laytwan","0:19"
"01/31/2017","7 p.m.","2nd Half","02:48","68-65","Akron","Ivey, Jimond","","Steal","","Cheatham, Jr., Kwan; Ivey, Jimond; Jackson, Antino; Johnson, Isaiah; Robotham, Noah","9:20"
"01/31/2017","7 p.m.","2nd Half","02:45","70-65","Akron","Robotham, Noah","made","Two Point Jumper","26","Cheatham, Jr., Kwan; Ivey, Jimond; Jackson, Antino; Johnson, Isaiah; Robotham, Noah","9:23"
"01/31/2017","7 p.m.","2nd Half","02:45","70-65","Akron","Ivey, Jimond","","Assist","","Cheatham, Jr., Kwan; Ivey, Jimond; Jackson, Antino; Johnson, Isaiah; Robotham, Noah","9:23"
"01/31/2017","7 p.m.","2nd Half","02:42","70-65","Northern Ill.","Team","","Second Timeout","","Armstead, Aaric; Highsmith, Dontel; Key, Jaylen; Maric, Marin; Porter, Laytwan","0:26"
"01/31/2017","7 p.m.","2nd Half","02:42","70-65","Northern Ill.","Thomas, Justin","","Enters Game","","Armstead, Aaric; Highsmith, Dontel; Key, Jaylen; Maric, Marin; Porter, Laytwan; Thomas, Justin","0:00"
"01/31/2017","7 p.m.","2nd Half","02:42","70-65","Northern Ill.","Porter, Laytwan","","Leaves Game","","Armstead, Aaric; Highsmith, Dontel; Key, Jaylen; Maric, Marin; Thomas, Justin","5:18"
"01/31/2017","7 p.m.","2nd Half","02:14","70-65","Northern Ill.","Thomas, Justin","missed","Layup","0","Armstead, Aaric; Highsmith, Dontel; Key, Jaylen; Maric, Marin; Thomas, Justin","5:46"
"01/31/2017","7 p.m.","2nd Half","02:14","70-65","Akron","Cheatham, Jr., Kwan","","Defensive Rebound","","Cheatham, Jr., Kwan; Ivey, Jimond; Jackson, Antino; Johnson, Isaiah; Robotham, Noah","9:54"
"01/31/2017","7 p.m.","2nd Half","01:44","70-65","Akron","Johnson, Isaiah","missed","Layup","0","Cheatham, Jr., Kwan; Ivey, Jimond; Jackson, Antino; Johnson, Isaiah; Robotham, Noah","10:24"
"01/31/2017","7 p.m.","2nd Half","01:44","70-65","Akron","Team","","Offensive Rebound","","Cheatham, Jr., Kwan; Ivey, Jimond; Jackson, Antino; Johnson, Isaiah; Robotham, Noah","10:24"
"01/31/2017","7 p.m.","2nd Half","01:41","70-65","Northern Ill.","Key, Jaylen","","Commits Foul","27","Armstead, Aaric; Highsmith, Dontel; Key, Jaylen; Maric, Marin; Thomas, Justin","6:19"
"01/31/2017","7 p.m.","2nd Half","01:41","70-65","Akron","Johnson, Isaiah","missed","Free Throw","","Cheatham, Jr., Kwan; Ivey, Jimond; Jackson, Antino; Johnson, Isaiah; Robotham, Noah","10:27"
"01/31/2017","7 p.m.","2nd Half","01:41","70-65","Northern Ill.","Maric, Marin","","Defensive Rebound","","Armstead, Aaric; Highsmith, Dontel; Key, Jaylen; Maric, Marin; Thomas, Justin","6:19"
"01/31/2017","7 p.m.","2nd Half","01:27","70-65","Akron","Johnson, Isaiah","","Commits Foul","16","Cheatham, Jr., Kwan; Ivey, Jimond; Jackson, Antino; Johnson, Isaiah; Robotham, Noah","10:41"
"01/31/2017","7 p.m.","2nd Half","01:27","70-66","Northern Ill.","Highsmith, Dontel","made","Free Throw","","Armstead, Aaric; Highsmith, Dontel; Key, Jaylen; Maric, Marin; Thomas, Justin","6:33"
"01/31/2017","7 p.m.","2nd Half","01:27","70-67","Northern Ill.","Highsmith, Dontel","made","Free Throw","","Armstead, Aaric; Highsmith, Dontel; Key, Jaylen; Maric, Marin; Thomas, Justin","6:33"
"01/31/2017","7 p.m.","2nd Half","00:59","70-67","Akron","Jackson, Antino","","Turnover","","Cheatham, Jr., Kwan; Ivey, Jimond; Jackson, Antino; Johnson, Isaiah; Robotham, Noah","11:09"
"01/31/2017","7 p.m.","2nd Half","00:58","70-67","Northern Ill.","Armstead, Aaric","","Steal","","Armstead, Aaric; Highsmith, Dontel; Key, Jaylen; Maric, Marin; Thomas, Justin","7:02"
"01/31/2017","7 p.m.","2nd Half","00:55","70-67","Northern Ill.","Thomas, Justin","missed","Layup","26","Armstead, Aaric; Highsmith, Dontel; Key, Jaylen; Maric, Marin; Thomas, Justin","7:05"
"01/31/2017","7 p.m.","2nd Half","00:55","70-67","Northern Ill.","Maric, Marin","","Offensive Rebound","","Armstead, Aaric; Highsmith, Dontel; Key, Jaylen; Maric, Marin; Thomas, Justin","7:05"
"01/31/2017","7 p.m.","2nd Half","00:54","70-67","Akron","Jackson, Antino","","Commits Foul","29","Cheatham, Jr., Kwan; Ivey, Jimond; Jackson, Antino; Johnson, Isaiah; Robotham, Noah","11:14"
"01/31/2017","7 p.m.","2nd Half","00:54","70-68","Northern Ill.","Maric, Marin","made","Free Throw","","Armstead, Aaric; Highsmith, Dontel; Key, Jaylen; Maric, Marin; Thomas, Justin","7:06"
"01/31/2017","7 p.m.","2nd Half","00:54","70-68","Northern Ill.","Maric, Marin","missed","Free Throw","","Armstead, Aaric; Highsmith, Dontel; Key, Jaylen; Maric, Marin; Thomas, Justin","7:06"
"01/31/2017","7 p.m.","2nd Half","00:54","70-68","Akron","Johnson, Isaiah","","Defensive Rebound","","Cheatham, Jr., Kwan; Ivey, Jimond; Jackson, Antino; Johnson, Isaiah; Robotham, Noah","11:14"
"01/31/2017","7 p.m.","2nd Half","00:28","70-68","Akron","Johnson, Isaiah","missed","Layup","4","Cheatham, Jr., Kwan; Ivey, Jimond; Jackson, Antino; Johnson, Isaiah; Robotham, Noah","11:40"
"01/31/2017","7 p.m.","2nd Half","00:28","70-68","Northern Ill.","Maric, Marin","","Defensive Rebound","","Armstead, Aaric; Highsmith, Dontel; Key, Jaylen; Maric, Marin; Thomas, Justin","7:32"
"01/31/2017","7 p.m.","2nd Half","00:25","70-68","Northern Ill.","Maric, Marin","","Turnover","","Armstead, Aaric; Highsmith, Dontel; Key, Jaylen; Maric, Marin; Thomas, Justin","7:35"
"01/31/2017","7 p.m.","2nd Half","00:24","70-68","Akron","Jackson, Antino","","Steal","","Cheatham, Jr., Kwan; Ivey, Jimond; Jackson, Antino; Johnson, Isaiah; Robotham, Noah","11:44"
"01/31/2017","7 p.m.","2nd Half","00:23","70-68","Northern Ill.","Thomas, Justin","","Commits Foul","28","Armstead, Aaric; Highsmith, Dontel; Key, Jaylen; Maric, Marin; Thomas, Justin","7:37"
"01/31/2017","7 p.m.","2nd Half","00:23","71-68","Akron","Jackson, Antino","made","Free Throw","","Cheatham, Jr., Kwan; Ivey, Jimond; Jackson, Antino; Johnson, Isaiah; Robotham, Noah","11:45"
"01/31/2017","7 p.m.","2nd Half","00:23","72-68","Akron","Jackson, Antino","made","Free Throw","","Cheatham, Jr., Kwan; Ivey, Jimond; Jackson, Antino; Johnson, Isaiah; Robotham, Noah","11:45"
"01/31/2017","7 p.m.","2nd Half","00:18","72-70","Northern Ill.","Thomas, Justin","made","Layup","25","Armstead, Aaric; Highsmith, Dontel; Key, Jaylen; Maric, Marin; Thomas, Justin","7:42"
"01/31/2017","7 p.m.","2nd Half","00:18","72-70","Akron","Jackson, Antino","","Commits Foul","","Cheatham, Jr., Kwan; Ivey, Jimond; Jackson, Antino; Johnson, Isaiah; Robotham, Noah","11:50"
"01/31/2017","7 p.m.","2nd Half","00:18","72-70","Northern Ill.","Thomas, Justin","missed","Free Throw","","Armstead, Aaric; Highsmith, Dontel; Key, Jaylen; Maric, Marin; Thomas, Justin","7:42"
"01/31/2017","7 p.m.","2nd Half","00:18","72-70","Akron","Johnson, Isaiah","","Defensive Rebound","","Cheatham, Jr., Kwan; Ivey, Jimond; Jackson, Antino; Johnson, Isaiah; Robotham, Noah","11:50"
"01/31/2017","7 p.m.","2nd Half","00:15","72-70","Northern Ill.","Maric, Marin","","Commits Foul","27","Armstead, Aaric; Highsmith, Dontel; Key, Jaylen; Maric, Marin; Thomas, Justin","7:45"
"01/31/2017","7 p.m.","2nd Half","00:15","73-70","Akron","Robotham, Noah","made","Free Throw","","Cheatham, Jr., Kwan; Ivey, Jimond; Jackson, Antino; Johnson, Isaiah; Robotham, Noah","11:53"
"01/31/2017","7 p.m.","2nd Half","00:15","73-70","Northern Ill.","Team","","Team Timeout","","Armstead, Aaric; Highsmith, Dontel; Key, Jaylen; Maric, Marin; Thomas, Justin","7:45"
"01/31/2017","7 p.m.","2nd Half","00:15","74-70","Akron","Robotham, Noah","made","Free Throw","","Cheatham, Jr., Kwan; Ivey, Jimond; Jackson, Antino; Johnson, Isaiah; Robotham, Noah","11:53"
"01/31/2017","7 p.m.","2nd Half","00:15","74-70","Northern Ill.","Bradley, Levi","","Enters Game","","Armstead, Aaric; Bradley, Levi; Highsmith, Dontel; Key, Jaylen; Maric, Marin; Thomas, Justin","0:00"
"01/31/2017","7 p.m.","2nd Half","00:15","74-70","Northern Ill.","Key, Jaylen","","Leaves Game","","Armstead, Aaric; Bradley, Levi; Highsmith, Dontel; Maric, Marin; Thomas, Justin","0:00"
"01/31/2017","7 p.m.","2nd Half","00:06","74-73","Northern Ill.","Bradley, Levi","made","Three Point Jumper","21","Armstead, Aaric; Bradley, Levi; Highsmith, Dontel; Maric, Marin; Thomas, Justin","0:09"
"01/31/2017","7 p.m.","2nd Half","00:04","74-73","Northern Ill.","Bradley, Levi","","Commits Foul","28","Armstead, Aaric; Bradley, Levi; Highsmith, Dontel; Maric, Marin; Thomas, Justin","0:11"
"01/31/2017","7 p.m.","2nd Half","00:04","75-73","Akron","Jackson, Antino","made","Free Throw","","Cheatham, Jr., Kwan; Ivey, Jimond; Jackson, Antino; Johnson, Isaiah; Robotham, Noah","12:04"
"01/31/2017","7 p.m.","2nd Half","00:04","76-73","Akron","Jackson, Antino","made","Free Throw","","Cheatham, Jr., Kwan; Ivey, Jimond; Jackson, Antino; Johnson, Isaiah; Robotham, Noah","12:04"
"01/31/2017","7 p.m.","2nd Half","00:04","76-73","Northern Ill.","Porter, Laytwan","","Enters Game","","Armstead, Aaric; Bradley, Levi; Highsmith, Dontel; Maric, Marin; Porter, Laytwan; Thomas, Justin","0:00"
"01/31/2017","7 p.m.","2nd Half","00:04","76-73","Northern Ill.","Key, Jaylen","","Enters Game","","Armstead, Aaric; Bradley, Levi; Highsmith, Dontel; Key, Jaylen; Maric, Marin; Porter, Laytwan; Thomas, Justin","0:00"
"01/31/2017","7 p.m.","2nd Half","00:04","76-73","Northern Ill.","Bradley, Levi","","Leaves Game","","Armstead, Aaric; Highsmith, Dontel; Key, Jaylen; Maric, Marin; Porter, Laytwan; Thomas, Justin","0:00"
"01/31/2017","7 p.m.","2nd Half","00:04","76-73","Northern Ill.","Thomas, Justin","","Leaves Game","","Armstead, Aaric; Highsmith, Dontel; Key, Jaylen; Maric, Marin; Porter, Laytwan","0:26"
"01/31/2017","7 p.m.","2nd Half","00:00","76-73","Northern Ill.","Porter, Laytwan","missed","Three Point Jumper","26","Armstead, Aaric; Highsmith, Dontel; Key, Jaylen; Maric, Marin; Porter, Laytwan","0:30"
"01/31/2017","7 p.m.","2nd Half","00:00","76-73","Northern Ill.","Team","","Deadball Rebound","","Armstead, Aaric; Highsmith, Dontel; Key, Jaylen; Maric, Marin; Porter, Laytwan","0:30"
