"Time","Ball St.","Score","Akron"
"19:44","","28-32","JOHNSON,ISAIAH made Layup"
"19:22","MOSES,TREY missed Layup","28-32",""
"19:22","","28-32","JOHNSON,ISAIAH Defensive Rebound"
"19:05","","28-32","JACKSON,ANTINO missed Three Point Jumper"
"19:05","PERSONS,TAYLER Defensive Rebound","28-32",""
"18:36","WEBER,RYAN made Three Point Jumper","31-32",""
"18:36","PERSONS,TAYLER Assist","31-32",""
"18:20","","31-32","JOHNSON,ISAIAH missed Layup"
"18:20","HOUSE,FRANKO Blocked Shot","31-32",""
"18:18","KIAPWAY,FRANCIS Defensive Rebound","31-32",""
"18:10","KIAPWAY,FRANCIS missed Three Point Jumper","31-32",""
"18:10","TEAM Deadball Rebound","31-32",""
"18:09","","31-32","JACKSON,ANTINO Commits Foul"
"17:56","","31-32","IVEY,JIMOND Commits Foul"
"17:56","WEBER,RYAN missed Free Throw","31-32",""
"17:56","TEAM Deadball Rebound","31-32",""
"17:56","WEBER,RYAN missed Free Throw","31-32",""
"17:56","TEAM Deadball Rebound","31-32",""
"17:56","WEBER,RYAN made Free Throw","32-32",""
"17:56","TYLER,JEREMIE Enters Game","32-32",""
"17:56","KIAPWAY,FRANCIS Leaves Game","32-32",""
"17:43","","32-32","IVEY,JIMOND missed Three Point Jumper"
"17:43","PERSONS,TAYLER Defensive Rebound","32-32",""
"17:34","HOUSE,FRANKO made Layup","34-32",""
"17:34","PERSONS,TAYLER Assist","34-32",""
"17:11","","34-32","CHEATHAM,JR, KWAN Turnover"
"17:10","PERSONS,TAYLER Steal","34-32",""
"17:07","TYLER,JEREMIE Turnover","34-32",""
"17:06","","34-32","JACKSON,ANTINO Steal"
"17:03","","34-32","IVEY,JIMOND Turnover"
"17:03","TEAGUE,TAHJAI Enters Game","34-32",""
"17:03","HOUSE,FRANKO Leaves Game","34-32",""
"16:44","MOSES,TREY made Layup","36-32",""
"16:44","WEBER,RYAN Assist","36-32",""
"16:28","","36-34","JOHNSON,ISAIAH made Layup"
"16:28","","36-34","JACKSON,ANTINO Assist"
"16:06","PERSONS,TAYLER missed Three Point Jumper","36-34",""
"16:06","","36-34","JOHNSON,ISAIAH Defensive Rebound"
"15:52","TEAGUE,TAHJAI Commits Foul","36-34",""
"15:52","","36-34","TEAM  Timeout"
"15:52","","36-35","CHEATHAM,JR, KWAN made Free Throw"
"15:52","","36-36","CHEATHAM,JR, KWAN made Free Throw"
"15:52","HOUSE,FRANKO Enters Game","36-36",""
"15:52","SELLERS,SEAN Enters Game","36-36",""
"15:52","MOSES,TREY Leaves Game","36-36",""
"15:52","WEBER,RYAN Leaves Game","36-36",""
"15:52","","36-36","UTOMI,DANIEL Enters Game"
"15:52","","36-36","CHEATHAM,JR, KWAN Leaves Game"
"15:36","HOUSE,FRANKO Turnover","36-36",""
"15:34","","36-36","JOHNSON,ISAIAH Steal"
"15:12","","36-39","ROBOTHAM,NOAH made Three Point Jumper"
"15:12","","36-39","IVEY,JIMOND Assist"
"14:48","HOUSE,FRANKO missed Three Point Jumper","36-39",""
"14:48","TEAM Deadball Rebound","36-39",""
"14:48","","36-39","JACKSON,ANTINO Commits Foul"
"14:44","HOUSE,FRANKO made Layup","38-39",""
"14:19","HOUSE,FRANKO Commits Foul","38-39",""
"14:06","SELLERS,SEAN Commits Foul","38-39",""
"14:06","","38-40","UTOMI,DANIEL made Free Throw"
"14:06","","38-41","UTOMI,DANIEL made Free Throw"
"14:06","MOSES,TREY missed Two Point Jumper","38-41",""
"14:06","","38-41","UTOMI,DANIEL Defensive Rebound"
"14:06","","38-43","OLOJAKPOKE,EMMANUEL made Layup"
"14:06","","38-43","JACKSON,ANTINO Assist"
"14:06","TYLER,JEREMIE missed Layup","38-43",""
"14:06","","38-43","UTOMI,DANIEL Defensive Rebound"
"14:06","","38-45","JACKSON,ANTINO made Layup"
"14:06","","38-45","UTOMI,DANIEL Assist"
"14:06","MOSES,TREY Enters Game","38-45",""
"14:06","KIAPWAY,FRANCIS Enters Game","38-45",""
"14:06","HOUSE,FRANKO Leaves Game","38-45",""
"14:06","PERSONS,TAYLER Leaves Game","38-45",""
"14:06","","38-45","OLOJAKPOKE,EMMANUEL Enters Game"
"14:06","","38-45","JOHNSON,ISAIAH Leaves Game"
"13:00","","38-45","TEAM  Timeout"
"13:00","HOUSE,FRANKO Enters Game","38-45",""
"13:00","WEBER,RYAN Enters Game","38-45",""
"13:00","TEAGUE,TAHJAI Leaves Game","38-45",""
"13:00","TYLER,JEREMIE Leaves Game","38-45",""
"12:42","HOUSE,FRANKO missed Layup","38-45",""
"12:42","","38-45","OLOJAKPOKE,EMMANUEL Blocked Shot"
"12:42","TEAM Offensive Rebound","38-45",""
"12:42","PERSONS,TAYLER Enters Game","38-45",""
"12:42","KIAPWAY,FRANCIS Leaves Game","38-45",""
"12:30","SELLERS,SEAN missed Three Point Jumper","38-45",""
"12:30","","38-45","IVEY,JIMOND Defensive Rebound"
"12:27","PERSONS,TAYLER Commits Foul","38-45",""
"12:14","MOSES,TREY Commits Foul","38-45",""
"12:00","MOSES,TREY Commits Foul","38-45",""
"12:00","MOSES,TREY Commits Foul","38-45",""
"12:00","MOSES,TREY Commits Foul","38-45",""
"12:00","","38-46","JACKSON,ANTINO made Free Throw"
"12:00","","38-46","JACKSON,ANTINO missed Free Throw"
"12:00","","38-46","TEAM Deadball Rebound"
"12:00","","38-47","JACKSON,ANTINO made Free Throw"
"12:00","","38-47","JACKSON,ANTINO missed Free Throw"
"12:00","TEAM Deadball Rebound","38-47",""
"12:00","TEAGUE,TAHJAI Enters Game","38-47",""
"12:00","MOSES,TREY Leaves Game","38-47",""
"11:57","","38-47","UTOMI,DANIEL Commits Foul"
"11:42","","38-47","IVEY,JIMOND Commits Foul"
"11:42","","38-47","TEAM  Timeout"
"11:42","TEAGUE,TAHJAI made Free Throw","39-47",""
"11:42","TEAGUE,TAHJAI missed Free Throw","39-47",""
"11:42","","39-47","OLOJAKPOKE,EMMANUEL Defensive Rebound"
"11:18","","39-47","JACKSON,ANTINO missed Three Point Jumper"
"11:18","HOUSE,FRANKO Defensive Rebound","39-47",""
"11:04","HOUSE,FRANKO made Layup","41-47",""
"11:04","PERSONS,TAYLER Assist","41-47",""
"11:04","","41-47","OLOJAKPOKE,EMMANUEL Commits Foul"
"11:04","HOUSE,FRANKO made Free Throw","42-47",""
"11:04","","42-47","DUNN-MARTIN,TAVIAN Enters Game"
"11:04","","42-47","CHEATHAM,JR, KWAN Enters Game"
"11:04","","42-47","JOHNSON,ISAIAH Enters Game"
"11:04","","42-47","WILLIAMS,JOSH Enters Game"
"11:04","","42-47","JACKSON,ANTINO Leaves Game"
"11:04","","42-47","UTOMI,DANIEL Leaves Game"
"11:04","","42-47","OLOJAKPOKE,EMMANUEL Leaves Game"
"11:04","","42-47","ROBOTHAM,NOAH Leaves Game"
"10:39","","42-50","IVEY,JIMOND made Three Point Jumper"
"10:39","","42-50","DUNN-MARTIN,TAVIAN Assist"
"10:26","SELLERS,SEAN made Three Point Jumper","45-50",""
"10:26","HOUSE,FRANKO Assist","45-50",""
"09:59","","45-52","JOHNSON,ISAIAH made Layup"
"09:35","TYLER,JEREMIE Enters Game","45-52",""
"09:35","MOSES,TREY Enters Game","45-52",""
"09:35","HOUSE,FRANKO Leaves Game","45-52",""
"09:35","SELLERS,SEAN Leaves Game","45-52",""
"09:27","PERSONS,TAYLER missed Three Point Jumper","45-52",""
"09:27","","45-52","DUNN-MARTIN,TAVIAN Defensive Rebound"
"09:20","","45-52","IVEY,JIMOND missed Three Point Jumper"
"09:20","TEAGUE,TAHJAI Defensive Rebound","45-52",""
"09:14","WEBER,RYAN missed Three Point Jumper","45-52",""
"09:14","SELLERS,SEAN Offensive Rebound","45-52",""
"09:08","MOSES,TREY missed Layup","45-52",""
"09:08","","45-52","TEAM Defensive Rebound"
"08:44","","45-52","IVEY,JIMOND missed Layup"
"08:44","","45-52","JOHNSON,ISAIAH Offensive Rebound"
"08:44","MOSES,TREY Commits Foul","45-52",""
"08:44","","45-52","JOHNSON,ISAIAH missed Free Throw"
"08:44","","45-52","JOHNSON,ISAIAH Offensive Rebound"
"08:44","HOUSE,FRANKO Enters Game","45-52",""
"08:44","KIAPWAY,FRANCIS Enters Game","45-52",""
"08:44","PERSONS,TAYLER Leaves Game","45-52",""
"08:44","MOSES,TREY Leaves Game","45-52",""
"08:40","","45-52","JOHNSON,ISAIAH missed Layup"
"08:40","TEAGUE,TAHJAI Defensive Rebound","45-52",""
"08:24","KIAPWAY,FRANCIS missed Layup","45-52",""
"08:24","HOUSE,FRANKO Offensive Rebound","45-52",""
"08:20","HOUSE,FRANKO made Layup","47-52",""
"08:00","","47-54","WILLIAMS,JOSH made Layup"
"07:42","TEAGUE,TAHJAI missed Three Point Jumper","47-54",""
"07:42","","47-54","WILLIAMS,JOSH Defensive Rebound"
"07:18","","47-54","CHEATHAM,JR, KWAN missed Three Point Jumper"
"07:18","KIAPWAY,FRANCIS Defensive Rebound","47-54",""
"07:11","WEBER,RYAN made Three Point Jumper","50-54",""
"07:11","HOUSE,FRANKO Assist","50-54",""
"06:50","","50-56","JOHNSON,ISAIAH made Layup"
"06:50","","50-56","DUNN-MARTIN,TAVIAN Assist"
"06:36","KIAPWAY,FRANCIS missed Three Point Jumper","50-56",""
"06:36","","50-56","CHEATHAM,JR, KWAN Defensive Rebound"
"06:18","","50-56","DUNN-MARTIN,TAVIAN missed Layup"
"06:18","TEAGUE,TAHJAI Defensive Rebound","50-56",""
"06:13","HOUSE,FRANKO Turnover","50-56",""
"06:13","","50-56","TEAM Media Timeout"
"06:13","PERSONS,TAYLER Enters Game","50-56",""
"06:13","MOSES,TREY Enters Game","50-56",""
"06:13","MALLERS,KYLE Enters Game","50-56",""
"06:13","SELLERS,SEAN Enters Game","50-56",""
"06:13","TEAGUE,TAHJAI Leaves Game","50-56",""
"06:13","HOUSE,FRANKO Leaves Game","50-56",""
"06:13","KIAPWAY,FRANCIS Leaves Game","50-56",""
"06:13","WEBER,RYAN Leaves Game","50-56",""
"05:52","","50-58","WILLIAMS,JOSH made Layup"
"05:32","PERSONS,TAYLER made Three Point Jumper","53-58",""
"05:32","MALLERS,KYLE Assist","53-58",""
"05:07","","53-58","JOHNSON,ISAIAH missed Layup"
"05:07","","53-58","CHEATHAM,JR, KWAN Offensive Rebound"
"05:03","","53-60","CHEATHAM,JR, KWAN made Layup"
"04:42","SELLERS,SEAN made Three Point Jumper","56-60",""
"04:42","TEAM 30 Second Timeout","56-60",""
"04:42","HOUSE,FRANKO Enters Game","56-60",""
"04:42","MALLERS,KYLE Leaves Game","56-60",""
"04:42","","56-60","OLOJAKPOKE,EMMANUEL Enters Game"
"04:42","","56-60","ROBOTHAM,NOAH Enters Game"
"04:42","","56-60","JACKSON,ANTINO Enters Game"
"04:42","","56-60","IVEY,JIMOND Leaves Game"
"04:42","","56-60","DUNN-MARTIN,TAVIAN Leaves Game"
"04:42","","56-60","JOHNSON,ISAIAH Leaves Game"
"04:19","","56-62","OLOJAKPOKE,EMMANUEL made Dunk"
"04:19","","56-62","JACKSON,ANTINO Assist"
"04:06","PERSONS,TAYLER Turnover","56-62",""
"03:50","","56-62","JACKSON,ANTINO missed Layup"
"03:50","SELLERS,SEAN Defensive Rebound","56-62",""
"03:39","SELLERS,SEAN made Three Point Jumper","59-62",""
"03:39","PERSONS,TAYLER Assist","59-62",""
"03:32","","59-62","TEAM 30 Second Timeout"
"03:32","WEBER,RYAN Enters Game","59-62",""
"03:32","SELLERS,SEAN Leaves Game","59-62",""
"03:32","","59-62","JOHNSON,ISAIAH Enters Game"
"03:32","","59-62","IVEY,JIMOND Enters Game"
"03:32","","59-62","OLOJAKPOKE,EMMANUEL Leaves Game"
"03:32","","59-62","WILLIAMS,JOSH Leaves Game"
"03:10","","59-62","JOHNSON,ISAIAH missed Layup"
"03:10","","59-62","IVEY,JIMOND Offensive Rebound"
"03:06","","59-62","ROBOTHAM,NOAH missed Three Point Jumper"
"03:06","TEAM Defensive Rebound","59-62",""
"03:04","SELLERS,SEAN Enters Game","59-62",""
"03:04","TYLER,JEREMIE Leaves Game","59-62",""
"02:43","MOSES,TREY missed Layup","59-62",""
"02:43","","59-62","JOHNSON,ISAIAH Defensive Rebound"
"02:22","","59-62","JOHNSON,ISAIAH Turnover"
"02:20","SELLERS,SEAN Steal","59-62",""
"02:19","TEAGUE,TAHJAI Enters Game","59-62",""
"02:19","MOSES,TREY Leaves Game","59-62",""
"02:02","TEAGUE,TAHJAI made Dunk","61-62",""
"02:02","HOUSE,FRANKO Assist","61-62",""
"01:46","","61-62","CHEATHAM,JR, KWAN missed Three Point Jumper"
"01:46","TEAGUE,TAHJAI Defensive Rebound","61-62",""
"01:29","PERSONS,TAYLER Turnover","61-62",""
"01:29","PERSONS,TAYLER Commits Foul","61-62",""
"01:29","TYLER,JEREMIE Enters Game","61-62",""
"01:29","MOSES,TREY Enters Game","61-62",""
"01:29","TEAGUE,TAHJAI Leaves Game","61-62",""
"01:29","SELLERS,SEAN Leaves Game","61-62",""
"01:29","","61-62","WILLIAMS,JOSH Enters Game"
"01:29","","61-62","IVEY,JIMOND Leaves Game"
"01:04","","61-62","JOHNSON,ISAIAH Turnover"
"01:04","","61-62","JOHNSON,ISAIAH Commits Foul"
"01:04","TEAGUE,TAHJAI Enters Game","61-62",""
"01:04","SELLERS,SEAN Enters Game","61-62",""
"01:04","TYLER,JEREMIE Leaves Game","61-62",""
"01:04","MOSES,TREY Leaves Game","61-62",""
"01:04","","61-62","IVEY,JIMOND Enters Game"
"01:04","","61-62","WILLIAMS,JOSH Leaves Game"
"00:42","WEBER,RYAN missed Three Point Jumper","61-62",""
"00:42","","61-62","JACKSON,ANTINO Defensive Rebound"
"00:28","","61-62","TEAM Team Timeout"
"00:28","MOSES,TREY Enters Game","61-62",""
"00:28","TYLER,JEREMIE Enters Game","61-62",""
"00:28","TEAGUE,TAHJAI Leaves Game","61-62",""
"00:28","SELLERS,SEAN Leaves Game","61-62",""
"00:27","","61-62","CHEATHAM,JR, KWAN missed Three Point Jumper"
"00:27","","61-62","TEAM Offensive Rebound"
"00:16","TEAM Team Timeout","61-62",""
"00:16","TEAGUE,TAHJAI Enters Game","61-62",""
"00:16","SELLERS,SEAN Enters Game","61-62",""
"00:16","MOSES,TREY Leaves Game","61-62",""
"00:16","TYLER,JEREMIE Leaves Game","61-62",""
"00:14","","61-62","ROBOTHAM,NOAH Turnover"
"00:13","TEAGUE,TAHJAI Steal","61-62",""
"00:06","HOUSE,FRANKO made Layup","63-62",""
"00:02","TEAGUE,TAHJAI Commits Foul","63-62",""
"00:02","","63-62","JOHNSON,ISAIAH missed Free Throw"
"00:02","","63-62","TEAM Deadball Rebound"
"00:02","","63-63","JOHNSON,ISAIAH made Free Throw"
"00:02","WEBER,RYAN Turnover","63-63",""
"00:02","","63-63","TEAM 30 Second Timeout"
"00:02","MOSES,TREY Enters Game","63-63",""
"00:02","TEAGUE,TAHJAI Leaves Game","63-63",""
"00:01","","63-63","JOHNSON,ISAIAH Leaves Game"
"00:01","","63-63","JACKSON,ANTINO Leaves Game"
"00:00","","63-65","JOHNSON,ISAIAH made Two Point Jumper"
"00:00","","63-65","ROBOTHAM,NOAH Assist"
"End of 2nd Half"
