"Time","Albright","Score","Arcadia"
"19:40","SMITH,DEJUAN missed Three Point Jumper","0-0",""
"19:40","","0-0","KELLEY,RYAN Defensive Rebound"
"19:19","","0-2","THOMPSON,BRANDON made Layup"
"19:19","","0-2","SLONE,EVAN Assist"
"19:02","CLARK,JAYSON Turnover","0-2",""
"19:01","","0-2","KELLEY,RYAN Steal"
"18:58","SMITH,DEJUAN Commits Foul","0-2",""
"18:47","","0-4","SCOTT,JOSH made Two Point Jumper"
"18:32","OPLINGER,GARRETT made Three Point Jumper","3-4",""
"18:19","","3-4","SLONE,EVAN Turnover"
"18:19","","3-4","SLONE,EVAN Commits Foul"
"18:07","CLARK,JAYSON missed Two Point Jumper","3-4",""
"18:07","","3-4","KELLEY,RYAN Defensive Rebound"
"17:45","OPLINGER,GARRETT Commits Foul","3-4",""
"17:39","","3-6","KELLEY,RYAN made Layup"
"17:30","","3-6","PIERFY,PHIL Assist"
"17:25","SMITH,DEJUAN made Two Point Jumper","5-6",""
"17:00","","5-6","PIERFY,PHIL missed Layup"
"17:00","GANTZ,CALVERT Defensive Rebound","5-6",""
"16:54","SMITH,DEJUAN missed Three Point Jumper","5-6",""
"16:54","","5-6","KELLEY,RYAN Defensive Rebound"
"16:43","","5-8","SCOTT,JOSH made Layup"
"16:43","","5-8","KELLEY,RYAN Assist"
"16:30","OPLINGER,GARRETT Commits Foul","5-8",""
"16:30","OPLINGER,GARRETT Turnover","5-8",""
"16:30","","5-8","REILLY,KYLE Enters Game"
"16:30","","5-8","SLONE,EVAN Leaves Game"
"16:30","RAPPOPORT,JARED Enters Game","5-8",""
"16:30","OPLINGER,GARRETT Leaves Game","5-8",""
"16:30","ROWLES,FRED Enters Game","5-8",""
"16:30","RAPPOPORT,JARED Leaves Game","5-8",""
"16:21","","5-8","KELLEY,RYAN Turnover"
"16:19","SMITH,DEJUAN Steal","5-8",""
"16:18","CLARK,JAYSON made Layup","7-8",""
"16:18","ROWLES,FRED Assist","7-8",""
"15:44","","7-8","TEAM Turnover"
"15:27","","7-8","THOMPSON,BRANDON Commits Foul"
"15:27","","7-8","DERR,WILL Enters Game"
"15:27","","7-8","PIERFY,PHIL Leaves Game"
"15:17","SMITH,DEJUAN Turnover","7-8",""
"15:16","","7-8","KELLEY,RYAN Steal"
"15:07","","7-10","KELLEY,RYAN made Two Point Jumper"
"14:40","RINGGOLD,OMARI missed Two Point Jumper","7-10",""
"14:40","","7-10","KELLEY,RYAN Defensive Rebound"
"14:20","","7-10","THOMPSON,BRANDON Turnover"
"14:19","SMITH,DEJUAN Steal","7-10",""
"14:18","SMITH,DEJUAN made Layup","9-10",""
"13:47","","9-10","DERR,WILL missed Layup"
"13:47","GANTZ,CALVERT Blocked Shot","9-10",""
"13:47","CLARK,JAYSON Defensive Rebound","9-10",""
"13:42","ROWLES,FRED Turnover","9-10",""
"13:42","ROWLES,FRED Commits Foul","9-10",""
"13:42","","9-10","SANDERS,JORDAN Enters Game"
"13:42","","9-10","THOMPSON,BRANDON Leaves Game"
"13:42","VAZZANA,THOMAS Enters Game","9-10",""
"13:42","GANTZ,CALVERT Leaves Game","9-10",""
"13:37","","9-10","SCOTT,JOSH missed Layup"
"13:37","SMITH,DEJUAN Defensive Rebound","9-10",""
"13:15","CLARK,JAYSON missed Layup","9-10",""
"13:15","","9-10","SANDERS,JORDAN Blocked Shot"
"13:15","TEAM Offensive Rebound","9-10",""
"13:15","CALLOWAY,JAYLIN Leaves Game","9-10",""
"13:15","GANTZ,CALVERT Leaves Game","9-10",""
"13:15","ROWLES,FRED Leaves Game","9-10",""
"13:15","SMITH,DEJUAN Leaves Game","9-10",""
"13:15","STERN,DAMON Leaves Game","9-10",""
"13:15","LINDSAY,BRANDON Enters Game","9-10",""
"13:15","RINGGOLD,OMARI Enters Game","9-10",""
"13:15","ROWLES,FRED Enters Game","9-10",""
"13:15","STERN,DAMON Enters Game","9-10",""
"13:15","VAZZANA,THOMAS Enters Game","9-10",""
"13:04","","9-10","GRAY,KELSEY Enters Game"
"13:04","","9-10","SCOTT,JOSH Leaves Game"
"13:04","ROWLES,FRED Turnover","9-10",""
"13:04","","9-10","SANDERS,JORDAN Steal"
"12:47","VAZZANA,THOMAS Commits Foul","9-10",""
"12:47","","9-11","SANDERS,JORDAN made Free Throw"
"12:47","","9-11","SLONE,EVAN Enters Game"
"12:47","","9-11","DERR,WILL Leaves Game"
"12:47","","9-12","SANDERS,JORDAN made Free Throw"
"12:29","LINDSAY,BRANDON missed Three Point Jumper","9-12",""
"12:29","","9-12","KELLEY,RYAN Defensive Rebound"
"12:17","","9-12","REILLY,KYLE Turnover"
"12:17","","9-12","REILLY,KYLE Commits Foul"
"12:06","RINGGOLD,OMARI made Three Point Jumper","12-12",""
"12:06","LINDSAY,BRANDON Assist","12-12",""
"11:45","","12-12","SLONE,EVAN missed Two Point Jumper"
"11:45","STERN,DAMON Defensive Rebound","12-12",""
"11:39","LINDSAY,BRANDON made Three Point Jumper","15-12",""
"11:39","STERN,DAMON Assist","15-12",""
"11:16","","15-12","REILLY,KYLE Turnover"
"11:14","ROWLES,FRED Steal","15-12",""
"11:13","ROWLES,FRED made Layup","17-12",""
"11:13","LINDSAY,BRANDON Assist","17-12",""
"11:10","","17-12","TEAM Team Timeout"
"11:10","","17-12","SLONE,EVAN Leaves Game"
"11:10","","17-12","SCOTT,JOSH Leaves Game"
"11:10","","17-12","KELLEY,RYAN Leaves Game"
"11:10","","17-12","THOMPSON,BRANDON Leaves Game"
"11:10","","17-12","ANDERSON-MARROW,EMMANUEL Leaves Game"
"11:10","","17-12","SCOTT,JOSH Enters Game"
"11:10","","17-12","THOMPSON,BRANDON Enters Game"
"11:10","","17-12","SLONE,EVAN Enters Game"
"11:10","","17-12","SANDERS,JORDAN Enters Game"
"11:10","","17-12","PIERFY,PHIL Enters Game"
"10:56","","17-12","SANDERS,JORDAN Turnover"
"10:55","ROWLES,FRED Steal","17-12",""
"10:36","ROWLES,FRED made Three Point Jumper","20-12",""
"10:36","STERN,DAMON Assist","20-12",""
"10:15","VAZZANA,THOMAS Commits Foul","20-12",""
"10:15","RAPPOPORT,JARED Enters Game","20-12",""
"10:15","VAZZANA,THOMAS Leaves Game","20-12",""
"10:14","","20-14","SLONE,EVAN made Layup"
"10:14","","20-14","SANDERS,JORDAN Assist"
"09:52","RAPPOPORT,JARED made Layup","22-14",""
"09:52","LINDSAY,BRANDON Assist","22-14",""
"09:33","","22-14","SCOTT,JOSH Turnover"
"09:33","","22-14","KELLEY,RYAN Enters Game"
"09:33","","22-14","SANDERS,JORDAN Leaves Game"
"09:17","LINDSAY,BRANDON made Layup","24-14",""
"08:58","","24-17","KELLEY,RYAN made Three Point Jumper"
"08:58","","24-17","PIERFY,PHIL Assist"
"08:33","LINDSAY,BRANDON missed Three Point Jumper","24-17",""
"08:33","","24-17","TEAM Deadball Rebound"
"08:30","CALLOWAY,JAYLIN Enters Game","24-17",""
"08:30","RINGGOLD,OMARI Leaves Game","24-17",""
"08:17","STERN,DAMON Commits Foul","24-17",""
"08:17","","24-18","SCOTT,JOSH made Free Throw"
"08:17","","24-18","SCOTT,JOSH missed Free Throw"
"08:17","LINDSAY,BRANDON Defensive Rebound","24-18",""
"08:01","ROWLES,FRED missed Three Point Jumper","24-18",""
"08:01","","24-18","TEAM Defensive Rebound"
"07:48","","24-18","KELLEY,RYAN Turnover"
"07:48","CALLOWAY,JAYLIN Leaves Game","24-18",""
"07:48","GANTZ,CALVERT Leaves Game","24-18",""
"07:48","ROWLES,FRED Leaves Game","24-18",""
"07:48","SMITH,DEJUAN Leaves Game","24-18",""
"07:48","STERN,DAMON Leaves Game","24-18",""
"07:48","CALLOWAY,JAYLIN Enters Game","24-18",""
"07:48","CLARK,JAYSON Enters Game","24-18",""
"07:48","ROWLES,FRED Enters Game","24-18",""
"07:48","RAPPOPORT,JARED Enters Game","24-18",""
"07:48","SMITH,DEJUAN Enters Game","24-18",""
"07:19","RAPPOPORT,JARED made Layup","26-18",""
"07:19","CLARK,JAYSON Assist","26-18",""
"07:02","","26-18","KELLEY,RYAN missed Layup"
"07:02","RAPPOPORT,JARED Defensive Rebound","26-18",""
"06:40","SMITH,DEJUAN Turnover","26-18",""
"06:40","GANTZ,CALVERT Enters Game","26-18",""
"06:40","ROWLES,FRED Leaves Game","26-18",""
"06:23","","26-18","KELLEY,RYAN missed Two Point Jumper"
"06:23","RAPPOPORT,JARED Defensive Rebound","26-18",""
"05:59","CALLOWAY,JAYLIN missed Three Point Jumper","26-18",""
"05:59","SMITH,DEJUAN Offensive Rebound","26-18",""
"05:53","CLARK,JAYSON made Layup","28-18",""
"05:53","","28-18","SLONE,EVAN Commits Foul"
"05:53","","28-18","SLONE,EVAN Leaves Game"
"05:53","","28-18","SCOTT,JOSH Leaves Game"
"05:53","","28-18","KELLEY,RYAN Leaves Game"
"05:53","","28-18","THOMPSON,BRANDON Leaves Game"
"05:53","","28-18","ANDERSON-MARROW,EMMANUEL Leaves Game"
"05:53","","28-18","SCOTT,JOSH Enters Game"
"05:53","","28-18","KELLEY,RYAN Enters Game"
"05:53","","28-18","THOMPSON,BRANDON Enters Game"
"05:53","","28-18","DERR,WILL Enters Game"
"05:53","","28-18","REILLY,KYLE Enters Game"
"05:53","CLARK,JAYSON missed Free Throw","28-18",""
"05:53","","28-18","REILLY,KYLE Defensive Rebound"
"05:34","","28-18","DERR,WILL missed Layup"
"05:34","CALLOWAY,JAYLIN Defensive Rebound","28-18",""
"05:27","","28-18","REILLY,KYLE Commits Foul"
"05:27","","28-18","TEAM Team Timeout"
"05:27","","28-18","SLONE,EVAN Leaves Game"
"05:27","","28-18","SCOTT,JOSH Leaves Game"
"05:27","","28-18","KELLEY,RYAN Leaves Game"
"05:27","","28-18","THOMPSON,BRANDON Leaves Game"
"05:27","","28-18","ANDERSON-MARROW,EMMANUEL Leaves Game"
"05:27","","28-18","SANDERS,JORDAN Enters Game"
"05:27","","28-18","ANDERSON-MARROW,EMMANUEL Enters Game"
"05:27","","28-18","SCOTT,JOSH Enters Game"
"05:27","","28-18","KELLEY,RYAN Enters Game"
"05:27","","28-18","DERR,WILL Enters Game"
"05:27","CALLOWAY,JAYLIN Leaves Game","28-18",""
"05:27","GANTZ,CALVERT Leaves Game","28-18",""
"05:27","ROWLES,FRED Leaves Game","28-18",""
"05:27","SMITH,DEJUAN Leaves Game","28-18",""
"05:27","STERN,DAMON Leaves Game","28-18",""
"05:27","SMITH,DEJUAN Enters Game","28-18",""
"05:27","GANTZ,CALVERT Enters Game","28-18",""
"05:27","CALLOWAY,JAYLIN Enters Game","28-18",""
"05:27","CLARK,JAYSON Enters Game","28-18",""
"05:27","RAPPOPORT,JARED Enters Game","28-18",""
"05:27","SMITH,DEJUAN made Free Throw","29-18",""
"05:27","SMITH,DEJUAN made Free Throw","30-18",""
"05:13","","30-20","SCOTT,JOSH made Layup"
"05:13","","30-20","ANDERSON-MARROW,EMMANUEL Assist"
"04:56","","30-20","KELLEY,RYAN Commits Foul"
"04:56","CALLOWAY,JAYLIN made Free Throw","31-20",""
"04:56","CALLOWAY,JAYLIN made Free Throw","32-20",""
"04:42","","32-20","ANDERSON-MARROW,EMMANUEL missed Three Point Jumper"
"04:42","CALLOWAY,JAYLIN Defensive Rebound","32-20",""
"04:33","CLARK,JAYSON missed Layup","32-20",""
"04:33","RAPPOPORT,JARED Offensive Rebound","32-20",""
"04:24","SMITH,DEJUAN missed Three Point Jumper","32-20",""
"04:24","RAPPOPORT,JARED Offensive Rebound","32-20",""
"04:21","RAPPOPORT,JARED missed Layup","32-20",""
"04:21","TEAM Offensive Rebound","32-20",""
"04:20","TEAM Turnover","32-20",""
"04:06","","32-20","KELLEY,RYAN Turnover"
"03:49","SMITH,DEJUAN made Layup","34-20",""
"03:33","","34-20","SCOTT,JOSH missed Two Point Jumper"
"03:33","SMITH,DEJUAN Blocked Shot","34-20",""
"03:33","","34-20","DERR,WILL Offensive Rebound"
"03:27","","34-20","SCOTT,JOSH missed Three Point Jumper"
"03:27","CALLOWAY,JAYLIN Defensive Rebound","34-20",""
"03:05","CALLOWAY,JAYLIN missed Three Point Jumper","34-20",""
"03:05","","34-20","KELLEY,RYAN Defensive Rebound"
"02:46","","34-20","KELLEY,RYAN missed Two Point Jumper"
"02:46","SMITH,DEJUAN Defensive Rebound","34-20",""
"02:32","SMITH,DEJUAN made Layup","36-20",""
"02:07","","36-22","DERR,WILL made Two Point Jumper"
"02:07","","36-22","ANDERSON-MARROW,EMMANUEL Assist"
"01:38","CLARK,JAYSON missed Layup","36-22",""
"01:38","","36-22","ANDERSON-MARROW,EMMANUEL Blocked Shot"
"01:38","","36-22","DERR,WILL Defensive Rebound"
"01:22","","36-24","ANDERSON-MARROW,EMMANUEL made Two Point Jumper"
"01:22","","36-24","SANDERS,JORDAN Assist"
"00:57","","36-24","ANDERSON-MARROW,EMMANUEL Commits Foul"
"00:57","GANTZ,CALVERT made Free Throw","37-24",""
"00:57","","37-24","SLONE,EVAN Leaves Game"
"00:57","","37-24","SCOTT,JOSH Leaves Game"
"00:57","","37-24","KELLEY,RYAN Leaves Game"
"00:57","","37-24","THOMPSON,BRANDON Leaves Game"
"00:57","","37-24","ANDERSON-MARROW,EMMANUEL Leaves Game"
"00:57","","37-24","ANDERSON-MARROW,EMMANUEL Enters Game"
"00:57","","37-24","KELLEY,RYAN Enters Game"
"00:57","","37-24","THOMPSON,BRANDON Enters Game"
"00:57","","37-24","SANDERS,JORDAN Enters Game"
"00:57","","37-24","PIERFY,PHIL Enters Game"
"00:57","CALLOWAY,JAYLIN Leaves Game","37-24",""
"00:57","GANTZ,CALVERT Leaves Game","37-24",""
"00:57","ROWLES,FRED Leaves Game","37-24",""
"00:57","SMITH,DEJUAN Leaves Game","37-24",""
"00:57","STERN,DAMON Leaves Game","37-24",""
"00:57","LINDSAY,BRANDON Enters Game","37-24",""
"00:57","GANTZ,CALVERT Enters Game","37-24",""
"00:57","RINGGOLD,OMARI Enters Game","37-24",""
"00:57","ROWLES,FRED Enters Game","37-24",""
"00:57","STERN,DAMON Enters Game","37-24",""
"00:57","GANTZ,CALVERT made Free Throw","38-24",""
"00:42","","38-24","THOMPSON,BRANDON missed Three Point Jumper"
"00:42","","38-24","ANDERSON-MARROW,EMMANUEL Offensive Rebound"
"00:31","","38-24","THOMPSON,BRANDON missed Two Point Jumper"
"00:31","GANTZ,CALVERT Defensive Rebound","38-24",""
"00:19","","38-24","KELLEY,RYAN Commits Foul"
"00:19","","38-24","SCOTT,JOSH Enters Game"
"00:19","","38-24","KELLEY,RYAN Leaves Game"
"00:19","CALLOWAY,JAYLIN Enters Game","38-24",""
"00:19","RINGGOLD,OMARI Leaves Game","38-24",""
"00:19","STERN,DAMON made Free Throw","39-24",""
"00:19","STERN,DAMON made Free Throw","40-24",""
"00:07","STERN,DAMON Commits Foul","40-24",""
"00:07","RINGGOLD,OMARI Enters Game","40-24",""
"00:07","CALLOWAY,JAYLIN Leaves Game","40-24",""
"00:07","CLARK,JAYSON Enters Game","40-24",""
"00:07","STERN,DAMON Leaves Game","40-24",""
"00:07","","40-25","SCOTT,JOSH made Free Throw"
"00:07","","40-25","SCOTT,JOSH missed Free Throw"
"00:07","","40-25","TEAM Offensive Rebound"
"00:06","CALLOWAY,JAYLIN Enters Game","40-25",""
"00:06","RINGGOLD,OMARI Leaves Game","40-25",""
"00:05","LINDSAY,BRANDON Commits Foul","40-25",""
"00:05","RINGGOLD,OMARI Enters Game","40-25",""
"00:05","CALLOWAY,JAYLIN Leaves Game","40-25",""
"00:05","","40-25","SCOTT,JOSH missed Free Throw"
"00:05","","40-25","ANDERSON-MARROW,EMMANUEL Offensive Rebound"
"00:01","","40-27","ANDERSON-MARROW,EMMANUEL made Two Point Jumper"
"End of 1st Half"
