"Time","Akron","Score","Gonzaga"
"19:48","","0-0","PERKINS,JOSH Turnover"
"19:48","ROBOTHAM,NOAH Steal","0-0",""
"19:24","CHEATHAM,JR, KWAN missed Two Point Jumper","0-0",""
"19:24","","0-0","TEAM Defensive Rebound"
"19:00","","0-0","KARNOWSKI,PRZEMEK missed Two Point Jumper"
"19:00","CHEATHAM,JR, KWAN Defensive Rebound","0-0",""
"18:53","JACKSON,ANTINO made Two Point Jumper","2-0",""
"18:42","","2-0","WILLIAMS-GOSS,NIGEL missed Layup"
"18:42","JACKSON,ANTINO Defensive Rebound","2-0",""
"18:38","ROBOTHAM,NOAH missed Three Point Jumper","2-0",""
"18:38","","2-0","KARNOWSKI,PRZEMEK Defensive Rebound"
"18:31","","2-0","PERKINS,JOSH missed Two Point Jumper"
"18:31","CHEATHAM,JR, KWAN Defensive Rebound","2-0",""
"18:08","JOHNSON,ISAIAH missed Layup","2-0",""
"18:08","JOHNSON,ISAIAH Offensive Rebound","2-0",""
"18:04","","2-0","WILLIAMS,JOHNATHAN Commits Foul"
"18:04","JOHNSON,ISAIAH missed Free Throw","2-0",""
"18:04","TEAM Deadball Rebound","2-0",""
"18:04","JOHNSON,ISAIAH made Free Throw","3-0",""
"17:55","","3-2","KARNOWSKI,PRZEMEK made Layup"
"17:30","JACKSON,ANTINO missed Three Point Jumper","3-2",""
"17:30","","3-2","WILLIAMS,JOHNATHAN Defensive Rebound"
"17:16","","3-4","KARNOWSKI,PRZEMEK made Layup"
"16:42","JOHNSON,ISAIAH missed Layup","3-4",""
"16:42","JOHNSON,ISAIAH Offensive Rebound","3-4",""
"16:39","JOHNSON,ISAIAH made Layup","5-4",""
"16:24","","5-6","WILLIAMS-GOSS,NIGEL made Layup"
"16:24","","5-6","KARNOWSKI,PRZEMEK Assist"
"15:51","IVEY,JIMOND missed Three Point Jumper","5-6",""
"15:51","","5-6","WILLIAMS,JOHNATHAN Defensive Rebound"
"15:45","","5-6","TEAM Media Timeout"
"15:45","WILLIAMS,JOSH Enters Game","5-6",""
"15:45","ROBOTHAM,NOAH Leaves Game","5-6",""
"15:45","","5-6","TILLIE,KILLIAN Enters Game"
"15:45","","5-6","WILLIAMS,JOHNATHAN Leaves Game"
"15:40","","5-6","WILLIAMS-GOSS,NIGEL missed Layup"
"15:40","CHEATHAM,JR, KWAN Blocked Shot","5-6",""
"15:39","","5-6","TEAM Offensive Rebound"
"15:30","","5-6","KARNOWSKI,PRZEMEK missed Layup"
"15:30","","5-6","KARNOWSKI,PRZEMEK Offensive Rebound"
"15:27","JOHNSON,ISAIAH Commits Foul","5-6",""
"15:27","","5-7","KARNOWSKI,PRZEMEK made Free Throw"
"15:27","","5-8","KARNOWSKI,PRZEMEK made Free Throw"
"15:13","WILLIAMS,JOSH missed Three Point Jumper","5-8",""
"15:13","CHEATHAM,JR, KWAN Offensive Rebound","5-8",""
"14:42","JOHNSON,ISAIAH made Two Point Jumper","7-8",""
"14:27","","7-8","KARNOWSKI,PRZEMEK missed Layup"
"14:27","","7-8","KARNOWSKI,PRZEMEK Offensive Rebound"
"14:13","","7-8","TILLIE,KILLIAN missed Three Point Jumper"
"14:13","IVEY,JIMOND Defensive Rebound","7-8",""
"14:00","CHEATHAM,JR, KWAN missed Two Point Jumper","7-8",""
"14:00","","7-8","KARNOWSKI,PRZEMEK Defensive Rebound"
"13:51","","7-8","MATHEWS,JORDAN missed Three Point Jumper"
"13:51","CHEATHAM,JR, KWAN Defensive Rebound","7-8",""
"13:25","CHEATHAM,JR, KWAN missed Three Point Jumper","7-8",""
"13:25","JOHNSON,ISAIAH Offensive Rebound","7-8",""
"13:06","JOHNSON,ISAIAH missed Layup","7-8",""
"13:06","","7-8","WILLIAMS-GOSS,NIGEL Defensive Rebound"
"12:56","JOHNSON,ISAIAH Commits Foul","7-8",""
"12:56","JACKSON,AARON Enters Game","7-8",""
"12:56","ROBOTHAM,NOAH Enters Game","7-8",""
"12:56","HUGHES,MICHAEL Enters Game","7-8",""
"12:56","CHEATHAM,JR, KWAN Leaves Game","7-8",""
"12:56","JOHNSON,ISAIAH Leaves Game","7-8",""
"12:56","JACKSON,ANTINO Leaves Game","7-8",""
"12:56","","7-8","COLLINS,ZACH Enters Game"
"12:56","","7-8","MELSON,SILAS Enters Game"
"12:56","","7-8","KARNOWSKI,PRZEMEK Leaves Game"
"12:56","","7-8","MATHEWS,JORDAN Leaves Game"
"12:44","","7-8","COLLINS,ZACH Turnover"
"12:44","IVEY,JIMOND Steal","7-8",""
"12:15","WILLIAMS,JOSH missed Three Point Jumper","7-8",""
"12:15","","7-8","PERKINS,JOSH Defensive Rebound"
"11:55","JACKSON,AARON Commits Foul","7-8",""
"11:55","","7-8","TEAM Media Timeout"
"11:55","ROBOTHAM,NOAH Commits Foul","7-8",""
"11:55","JACKSON,ANTINO Enters Game","7-8",""
"11:55","IVEY,JIMOND Leaves Game","7-8",""
"11:45","","7-11","MELSON,SILAS made Three Point Jumper"
"11:45","","7-11","TILLIE,KILLIAN Assist"
"11:23","WILLIAMS,JOSH Turnover","7-11",""
"11:22","","7-11","PERKINS,JOSH Steal"
"11:16","CHEATHAM,JR, KWAN Enters Game","7-11",""
"11:16","JACKSON,AARON Leaves Game","7-11",""
"11:09","","7-13","WILLIAMS-GOSS,NIGEL made Two Point Jumper"
"10:40","HUGHES,MICHAEL made Dunk","9-13",""
"10:40","JACKSON,ANTINO Assist","9-13",""
"10:24","","9-15","TILLIE,KILLIAN made Layup"
"09:59","ROBOTHAM,NOAH missed Three Point Jumper","9-15",""
"09:59","TEAM Offensive Rebound","9-15",""
"09:56","OLOJAKPOKE,EMMANUEL Enters Game","9-15",""
"09:56","IVEY,JIMOND Enters Game","9-15",""
"09:56","WILLIAMS,JOSH Leaves Game","9-15",""
"09:56","HUGHES,MICHAEL Leaves Game","9-15",""
"09:56","","9-15","WILLIAMS,JOHNATHAN Enters Game"
"09:56","","9-15","TILLIE,KILLIAN Leaves Game"
"09:55","IVEY,JIMOND Turnover","9-15",""
"09:53","","9-15","PERKINS,JOSH Steal"
"09:40","","9-15","WILLIAMS,JOHNATHAN missed Layup"
"09:40","OLOJAKPOKE,EMMANUEL Defensive Rebound","9-15",""
"09:16","JACKSON,ANTINO Turnover","9-15",""
"09:14","","9-15","PERKINS,JOSH Steal"
"09:11","","9-17","MELSON,SILAS made Dunk"
"09:11","","9-17","PERKINS,JOSH Assist"
"08:46","IVEY,JIMOND missed Layup","9-17",""
"08:46","CHEATHAM,JR, KWAN Offensive Rebound","9-17",""
"08:43","CHEATHAM,JR, KWAN made Layup","11-17",""
"08:32","CHEATHAM,JR, KWAN Commits Foul","11-17",""
"08:32","","11-17","COLLINS,ZACH missed Free Throw"
"08:32","","11-17","TEAM Deadball Rebound"
"08:32","","11-18","COLLINS,ZACH made Free Throw"
"08:32","JOHNSON,ISAIAH Enters Game","11-18",""
"08:32","OLOJAKPOKE,EMMANUEL Leaves Game","11-18",""
"08:32","","11-18","KARNOWSKI,PRZEMEK Enters Game"
"08:32","","11-18","MATHEWS,JORDAN Enters Game"
"08:32","","11-18","COLLINS,ZACH Leaves Game"
"08:32","","11-18","PERKINS,JOSH Leaves Game"
"08:14","","11-18","KARNOWSKI,PRZEMEK Commits Foul"
"08:14","JOHNSON,ISAIAH missed Free Throw","11-18",""
"08:14","TEAM Deadball Rebound","11-18",""
"08:14","JOHNSON,ISAIAH missed Free Throw","11-18",""
"08:14","","11-18","MELSON,SILAS Defensive Rebound"
"07:56","","11-18","WILLIAMS,JOHNATHAN Commits Foul"
"07:56","","11-18","WILLIAMS,JOHNATHAN Turnover"
"07:56","TEAM Media Timeout","11-18",""
"07:56","","11-18","TILLIE,KILLIAN Enters Game"
"07:56","","11-18","WILLIAMS,JOHNATHAN Leaves Game"
"07:34","JOHNSON,ISAIAH missed Layup","11-18",""
"07:34","","11-18","TEAM Defensive Rebound"
"07:33","CHEATHAM,JR, KWAN Commits Foul","11-18",""
"07:24","","11-18","TILLIE,KILLIAN missed Three Point Jumper"
"07:24","IVEY,JIMOND Defensive Rebound","11-18",""
"07:14","ROBOTHAM,NOAH Turnover","11-18",""
"07:14","DUNN-MARTIN,TAVIAN Enters Game","11-18",""
"07:14","ROBOTHAM,NOAH Leaves Game","11-18",""
"06:56","","11-18","KARNOWSKI,PRZEMEK missed Layup"
"06:56","IVEY,JIMOND Defensive Rebound","11-18",""
"06:43","JACKSON,ANTINO missed Layup","11-18",""
"06:43","","11-18","WILLIAMS-GOSS,NIGEL Defensive Rebound"
"06:37","","11-18","MATHEWS,JORDAN missed Three Point Jumper"
"06:37","","11-18","MELSON,SILAS Offensive Rebound"
"06:33","","11-18","MELSON,SILAS missed Layup"
"06:33","JOHNSON,ISAIAH Defensive Rebound","11-18",""
"06:07","","11-18","TILLIE,KILLIAN Commits Foul"
"06:07","","11-18","PERKINS,JOSH Enters Game"
"06:07","","11-18","WILLIAMS-GOSS,NIGEL Leaves Game"
"06:04","JOHNSON,ISAIAH missed Two Point Jumper","11-18",""
"06:04","","11-18","TEAM Defensive Rebound"
"05:37","","11-18","MELSON,SILAS missed Layup"
"05:37","JOHNSON,ISAIAH Defensive Rebound","11-18",""
"05:29","JACKSON,ANTINO missed Three Point Jumper","11-18",""
"05:29","CHEATHAM,JR, KWAN Offensive Rebound","11-18",""
"05:24","DUNN-MARTIN,TAVIAN missed Three Point Jumper","11-18",""
"05:24","JOHNSON,ISAIAH Offensive Rebound","11-18",""
"05:01","CHEATHAM,JR, KWAN Turnover","11-18",""
"05:00","","11-18","KARNOWSKI,PRZEMEK Steal"
"04:50","","11-18","MATHEWS,JORDAN missed Layup"
"04:50","IVEY,JIMOND Defensive Rebound","11-18",""
"04:44","IVEY,JIMOND made Layup","13-18",""
"04:39","","13-18","TEAM 30 Second Timeout"
"04:39","HUGHES,MICHAEL Enters Game","13-18",""
"04:39","WILLIAMS,JOSH Enters Game","13-18",""
"04:39","JOHNSON,ISAIAH Leaves Game","13-18",""
"04:39","JACKSON,ANTINO Leaves Game","13-18",""
"04:39","","13-18","COLLINS,ZACH Enters Game"
"04:39","","13-18","KARNOWSKI,PRZEMEK Leaves Game"
"04:26","","13-18","TILLIE,KILLIAN missed Layup"
"04:26","HUGHES,MICHAEL Defensive Rebound","13-18",""
"04:16","WILLIAMS,JOSH missed Three Point Jumper","13-18",""
"04:16","","13-18","PERKINS,JOSH Defensive Rebound"
"03:50","","13-21","TILLIE,KILLIAN made Three Point Jumper"
"03:50","","13-21","PERKINS,JOSH Assist"
"03:15","IVEY,JIMOND Turnover","13-21",""
"03:15","","13-21","TEAM Media Timeout"
"03:15","ROBOTHAM,NOAH Enters Game","13-21",""
"03:15","DUNN-MARTIN,TAVIAN Leaves Game","13-21",""
"03:15","","13-21","WILLIAMS-GOSS,NIGEL Enters Game"
"03:15","","13-21","MELSON,SILAS Leaves Game"
"03:04","","13-21","TILLIE,KILLIAN Turnover"
"03:02","WILLIAMS,JOSH Steal","13-21",""
"02:43","CHEATHAM,JR, KWAN missed Layup","13-21",""
"02:43","","13-21","TILLIE,KILLIAN Defensive Rebound"
"02:31","","13-21","WILLIAMS-GOSS,NIGEL missed Three Point Jumper"
"02:31","","13-21","COLLINS,ZACH Offensive Rebound"
"02:26","","13-21","COLLINS,ZACH Turnover"
"02:25","IVEY,JIMOND Steal","13-21",""
"02:23","","13-21","WILLIAMS-GOSS,NIGEL Commits Foul"
"02:23","","13-21","WILLIAMS,JOHNATHAN Enters Game"
"02:23","","13-21","TILLIE,KILLIAN Leaves Game"
"02:17","HUGHES,MICHAEL made Layup","15-21",""
"02:00","","15-21","WILLIAMS,JOHNATHAN missed Two Point Jumper"
"02:00","WILLIAMS,JOSH Defensive Rebound","15-21",""
"01:34","CHEATHAM,JR, KWAN missed Layup","15-21",""
"01:34","","15-21","WILLIAMS,JOHNATHAN Defensive Rebound"
"01:25","WILLIAMS,JOSH Commits Foul","15-21",""
"01:25","","15-22","PERKINS,JOSH made Free Throw"
"01:25","","15-23","PERKINS,JOSH made Free Throw"
"01:25","JACKSON,AARON Enters Game","15-23",""
"01:25","JACKSON,ANTINO Enters Game","15-23",""
"01:25","CHEATHAM,JR, KWAN Leaves Game","15-23",""
"01:25","IVEY,JIMOND Leaves Game","15-23",""
"01:25","","15-23","KARNOWSKI,PRZEMEK Enters Game"
"01:25","","15-23","COLLINS,ZACH Leaves Game"
"01:01","JACKSON,ANTINO missed Two Point Jumper","15-23",""
"01:01","JACKSON,AARON Offensive Rebound","15-23",""
"00:56","JACKSON,AARON made Layup","17-23",""
"00:41","","17-23","KARNOWSKI,PRZEMEK missed Layup"
"00:41","","17-23","MATHEWS,JORDAN Offensive Rebound"
"00:38","","17-23","MATHEWS,JORDAN missed Layup"
"00:38","HUGHES,MICHAEL Blocked Shot","17-23",""
"00:37","HUGHES,MICHAEL Defensive Rebound","17-23",""
"00:11","JACKSON,ANTINO missed Three Point Jumper","17-23",""
"00:11","WILLIAMS,JOSH Offensive Rebound","17-23",""
"00:06","WILLIAMS,JOSH Turnover","17-23",""
"00:04","","17-23","WILLIAMS-GOSS,NIGEL Steal"
"00:01","","17-23","WILLIAMS-GOSS,NIGEL missed Three Point Jumper"
"00:01","TEAM Defensive Rebound","17-23",""
"End of 1st Half"
