"Date","Time","Period","Time Left","Score","Team","Player","Status","Action","Shot Clock","Lineup","Lineup Time"
"12/10/2016","5:00 PM","1st Half","19:48","0-0","Gonzaga","Perkins, Josh","","Turnover","","Karnowski, Przemek; Mathews, Jordan; Perkins, Josh; Williams, Johnathan; Williams-Goss, Nigel","0:12"
"12/10/2016","5:00 PM","1st Half","19:48","0-0","Akron","Robotham, Noah","","Steal","","Cheatham, Jr., Kwan; Ivey, Jimond; Jackson, Antino; Johnson, Isaiah; Robotham, Noah","0:12"
"12/10/2016","5:00 PM","1st Half","19:24","0-0","Akron","Cheatham, Jr., Kwan","missed","Two Point Jumper","6","Cheatham, Jr., Kwan; Ivey, Jimond; Jackson, Antino; Johnson, Isaiah; Robotham, Noah","0:36"
"12/10/2016","5:00 PM","1st Half","19:24","0-0","Gonzaga","Team","","Defensive Rebound","","Karnowski, Przemek; Mathews, Jordan; Perkins, Josh; Williams, Johnathan; Williams-Goss, Nigel","0:36"
"12/10/2016","5:00 PM","1st Half","19:00","0-0","Gonzaga","Karnowski, Przemek","missed","Two Point Jumper","6","Karnowski, Przemek; Mathews, Jordan; Perkins, Josh; Williams, Johnathan; Williams-Goss, Nigel","1:00"
"12/10/2016","5:00 PM","1st Half","19:00","0-0","Akron","Cheatham, Jr., Kwan","","Defensive Rebound","","Cheatham, Jr., Kwan; Ivey, Jimond; Jackson, Antino; Johnson, Isaiah; Robotham, Noah","1:00"
"12/10/2016","5:00 PM","1st Half","18:53","2-0","Akron","Jackson, Antino","made","Two Point Jumper","23","Cheatham, Jr., Kwan; Ivey, Jimond; Jackson, Antino; Johnson, Isaiah; Robotham, Noah","1:07"
"12/10/2016","5:00 PM","1st Half","18:42","2-0","Gonzaga","Williams-Goss, Nigel","missed","Layup","19","Karnowski, Przemek; Mathews, Jordan; Perkins, Josh; Williams, Johnathan; Williams-Goss, Nigel","1:18"
"12/10/2016","5:00 PM","1st Half","18:42","2-0","Akron","Jackson, Antino","","Defensive Rebound","","Cheatham, Jr., Kwan; Ivey, Jimond; Jackson, Antino; Johnson, Isaiah; Robotham, Noah","1:18"
"12/10/2016","5:00 PM","1st Half","18:38","2-0","Akron","Robotham, Noah","missed","Three Point Jumper","26","Cheatham, Jr., Kwan; Ivey, Jimond; Jackson, Antino; Johnson, Isaiah; Robotham, Noah","1:22"
"12/10/2016","5:00 PM","1st Half","18:38","2-0","Gonzaga","Karnowski, Przemek","","Defensive Rebound","","Karnowski, Przemek; Mathews, Jordan; Perkins, Josh; Williams, Johnathan; Williams-Goss, Nigel","1:22"
"12/10/2016","5:00 PM","1st Half","18:31","2-0","Gonzaga","Perkins, Josh","missed","Two Point Jumper","23","Karnowski, Przemek; Mathews, Jordan; Perkins, Josh; Williams, Johnathan; Williams-Goss, Nigel","1:29"
"12/10/2016","5:00 PM","1st Half","18:31","2-0","Akron","Cheatham, Jr., Kwan","","Defensive Rebound","","Cheatham, Jr., Kwan; Ivey, Jimond; Jackson, Antino; Johnson, Isaiah; Robotham, Noah","1:29"
"12/10/2016","5:00 PM","1st Half","18:08","2-0","Akron","Johnson, Isaiah","missed","Layup","7","Cheatham, Jr., Kwan; Ivey, Jimond; Jackson, Antino; Johnson, Isaiah; Robotham, Noah","1:52"
"12/10/2016","5:00 PM","1st Half","18:08","2-0","Akron","Johnson, Isaiah","","Offensive Rebound","","Cheatham, Jr., Kwan; Ivey, Jimond; Jackson, Antino; Johnson, Isaiah; Robotham, Noah","1:52"
"12/10/2016","5:00 PM","1st Half","18:04","2-0","Gonzaga","Williams, Johnathan","","Commits Foul","26","Karnowski, Przemek; Mathews, Jordan; Perkins, Josh; Williams, Johnathan; Williams-Goss, Nigel","1:56"
"12/10/2016","5:00 PM","1st Half","18:04","2-0","Akron","Johnson, Isaiah","missed","Free Throw","","Cheatham, Jr., Kwan; Ivey, Jimond; Jackson, Antino; Johnson, Isaiah; Robotham, Noah","1:56"
"12/10/2016","5:00 PM","1st Half","18:04","2-0","Akron","Team","","Deadball Rebound","","Cheatham, Jr., Kwan; Ivey, Jimond; Jackson, Antino; Johnson, Isaiah; Robotham, Noah","1:56"
"12/10/2016","5:00 PM","1st Half","18:04","3-0","Akron","Johnson, Isaiah","made","Free Throw","","Cheatham, Jr., Kwan; Ivey, Jimond; Jackson, Antino; Johnson, Isaiah; Robotham, Noah","1:56"
"12/10/2016","5:00 PM","1st Half","17:55","3-2","Gonzaga","Karnowski, Przemek","made","Layup","21","Karnowski, Przemek; Mathews, Jordan; Perkins, Josh; Williams, Johnathan; Williams-Goss, Nigel","2:05"
"12/10/2016","5:00 PM","1st Half","17:30","3-2","Akron","Jackson, Antino","missed","Three Point Jumper","5","Cheatham, Jr., Kwan; Ivey, Jimond; Jackson, Antino; Johnson, Isaiah; Robotham, Noah","2:30"
"12/10/2016","5:00 PM","1st Half","17:30","3-2","Gonzaga","Williams, Johnathan","","Defensive Rebound","","Karnowski, Przemek; Mathews, Jordan; Perkins, Josh; Williams, Johnathan; Williams-Goss, Nigel","2:30"
"12/10/2016","5:00 PM","1st Half","17:16","3-4","Gonzaga","Karnowski, Przemek","made","Layup","16","Karnowski, Przemek; Mathews, Jordan; Perkins, Josh; Williams, Johnathan; Williams-Goss, Nigel","2:44"
"12/10/2016","5:00 PM","1st Half","16:42","3-4","Akron","Johnson, Isaiah","missed","Layup","0","Cheatham, Jr., Kwan; Ivey, Jimond; Jackson, Antino; Johnson, Isaiah; Robotham, Noah","3:18"
"12/10/2016","5:00 PM","1st Half","16:42","3-4","Akron","Johnson, Isaiah","","Offensive Rebound","","Cheatham, Jr., Kwan; Ivey, Jimond; Jackson, Antino; Johnson, Isaiah; Robotham, Noah","3:18"
"12/10/2016","5:00 PM","1st Half","16:39","5-4","Akron","Johnson, Isaiah","made","Layup","27","Cheatham, Jr., Kwan; Ivey, Jimond; Jackson, Antino; Johnson, Isaiah; Robotham, Noah","3:21"
"12/10/2016","5:00 PM","1st Half","16:24","5-6","Gonzaga","Williams-Goss, Nigel","made","Layup","15","Karnowski, Przemek; Mathews, Jordan; Perkins, Josh; Williams, Johnathan; Williams-Goss, Nigel","3:36"
"12/10/2016","5:00 PM","1st Half","16:24","5-6","Gonzaga","Karnowski, Przemek","","Assist","","Karnowski, Przemek; Mathews, Jordan; Perkins, Josh; Williams, Johnathan; Williams-Goss, Nigel","3:36"
"12/10/2016","5:00 PM","1st Half","15:51","5-6","Akron","Ivey, Jimond","missed","Three Point Jumper","0","Cheatham, Jr., Kwan; Ivey, Jimond; Jackson, Antino; Johnson, Isaiah; Robotham, Noah","4:09"
"12/10/2016","5:00 PM","1st Half","15:51","5-6","Gonzaga","Williams, Johnathan","","Defensive Rebound","","Karnowski, Przemek; Mathews, Jordan; Perkins, Josh; Williams, Johnathan; Williams-Goss, Nigel","4:09"
"12/10/2016","5:00 PM","1st Half","15:45","5-6","Gonzaga","Team","","Media Timeout","","Karnowski, Przemek; Mathews, Jordan; Perkins, Josh; Williams, Johnathan; Williams-Goss, Nigel","4:15"
"12/10/2016","5:00 PM","1st Half","15:45","5-6","Akron","Williams, Josh","","Enters Game","","Cheatham, Jr., Kwan; Ivey, Jimond; Jackson, Antino; Johnson, Isaiah; Robotham, Noah; Williams, Josh","0:00"
"12/10/2016","5:00 PM","1st Half","15:45","5-6","Akron","Robotham, Noah","","Leaves Game","","Cheatham, Jr., Kwan; Ivey, Jimond; Jackson, Antino; Johnson, Isaiah; Williams, Josh","0:00"
"12/10/2016","5:00 PM","1st Half","15:45","5-6","Gonzaga","Tillie, Killian","","Enters Game","","Karnowski, Przemek; Mathews, Jordan; Perkins, Josh; Tillie, Killian; Williams, Johnathan; Williams-Goss, Nigel","0:00"
"12/10/2016","5:00 PM","1st Half","15:45","5-6","Gonzaga","Williams, Johnathan","","Leaves Game","","Karnowski, Przemek; Mathews, Jordan; Perkins, Josh; Tillie, Killian; Williams-Goss, Nigel","0:00"
"12/10/2016","5:00 PM","1st Half","15:40","5-6","Gonzaga","Williams-Goss, Nigel","missed","Layup","19","Karnowski, Przemek; Mathews, Jordan; Perkins, Josh; Tillie, Killian; Williams-Goss, Nigel","0:05"
"12/10/2016","5:00 PM","1st Half","15:40","5-6","Akron","Cheatham, Jr., Kwan","","Blocked Shot","","Cheatham, Jr., Kwan; Ivey, Jimond; Jackson, Antino; Johnson, Isaiah; Williams, Josh","0:05"
"12/10/2016","5:00 PM","1st Half","15:39","5-6","Gonzaga","Team","","Offensive Rebound","","Karnowski, Przemek; Mathews, Jordan; Perkins, Josh; Tillie, Killian; Williams-Goss, Nigel","0:06"
"12/10/2016","5:00 PM","1st Half","15:30","5-6","Gonzaga","Karnowski, Przemek","missed","Layup","20","Karnowski, Przemek; Mathews, Jordan; Perkins, Josh; Tillie, Killian; Williams-Goss, Nigel","0:15"
"12/10/2016","5:00 PM","1st Half","15:30","5-6","Gonzaga","Karnowski, Przemek","","Offensive Rebound","","Karnowski, Przemek; Mathews, Jordan; Perkins, Josh; Tillie, Killian; Williams-Goss, Nigel","0:15"
"12/10/2016","5:00 PM","1st Half","15:27","5-6","Akron","Johnson, Isaiah","","Commits Foul","27","Cheatham, Jr., Kwan; Ivey, Jimond; Jackson, Antino; Johnson, Isaiah; Williams, Josh","0:18"
"12/10/2016","5:00 PM","1st Half","15:27","5-7","Gonzaga","Karnowski, Przemek","made","Free Throw","","Karnowski, Przemek; Mathews, Jordan; Perkins, Josh; Tillie, Killian; Williams-Goss, Nigel","0:18"
"12/10/2016","5:00 PM","1st Half","15:27","5-8","Gonzaga","Karnowski, Przemek","made","Free Throw","","Karnowski, Przemek; Mathews, Jordan; Perkins, Josh; Tillie, Killian; Williams-Goss, Nigel","0:18"
"12/10/2016","5:00 PM","1st Half","15:13","5-8","Akron","Williams, Josh","missed","Three Point Jumper","16","Cheatham, Jr., Kwan; Ivey, Jimond; Jackson, Antino; Johnson, Isaiah; Williams, Josh","0:32"
"12/10/2016","5:00 PM","1st Half","15:13","5-8","Akron","Cheatham, Jr., Kwan","","Offensive Rebound","","Cheatham, Jr., Kwan; Ivey, Jimond; Jackson, Antino; Johnson, Isaiah; Williams, Josh","0:32"
"12/10/2016","5:00 PM","1st Half","14:42","7-8","Akron","Johnson, Isaiah","made","Two Point Jumper","0","Cheatham, Jr., Kwan; Ivey, Jimond; Jackson, Antino; Johnson, Isaiah; Williams, Josh","1:03"
"12/10/2016","5:00 PM","1st Half","14:27","7-8","Gonzaga","Karnowski, Przemek","missed","Layup","15","Karnowski, Przemek; Mathews, Jordan; Perkins, Josh; Tillie, Killian; Williams-Goss, Nigel","1:18"
"12/10/2016","5:00 PM","1st Half","14:27","7-8","Gonzaga","Karnowski, Przemek","","Offensive Rebound","","Karnowski, Przemek; Mathews, Jordan; Perkins, Josh; Tillie, Killian; Williams-Goss, Nigel","1:18"
"12/10/2016","5:00 PM","1st Half","14:13","7-8","Gonzaga","Tillie, Killian","missed","Three Point Jumper","16","Karnowski, Przemek; Mathews, Jordan; Perkins, Josh; Tillie, Killian; Williams-Goss, Nigel","1:32"
"12/10/2016","5:00 PM","1st Half","14:13","7-8","Akron","Ivey, Jimond","","Defensive Rebound","","Cheatham, Jr., Kwan; Ivey, Jimond; Jackson, Antino; Johnson, Isaiah; Williams, Josh","1:32"
"12/10/2016","5:00 PM","1st Half","14:00","7-8","Akron","Cheatham, Jr., Kwan","missed","Two Point Jumper","17","Cheatham, Jr., Kwan; Ivey, Jimond; Jackson, Antino; Johnson, Isaiah; Williams, Josh","1:45"
"12/10/2016","5:00 PM","1st Half","14:00","7-8","Gonzaga","Karnowski, Przemek","","Defensive Rebound","","Karnowski, Przemek; Mathews, Jordan; Perkins, Josh; Tillie, Killian; Williams-Goss, Nigel","1:45"
"12/10/2016","5:00 PM","1st Half","13:51","7-8","Gonzaga","Mathews, Jordan","missed","Three Point Jumper","21","Karnowski, Przemek; Mathews, Jordan; Perkins, Josh; Tillie, Killian; Williams-Goss, Nigel","1:54"
"12/10/2016","5:00 PM","1st Half","13:51","7-8","Akron","Cheatham, Jr., Kwan","","Defensive Rebound","","Cheatham, Jr., Kwan; Ivey, Jimond; Jackson, Antino; Johnson, Isaiah; Williams, Josh","1:54"
"12/10/2016","5:00 PM","1st Half","13:25","7-8","Akron","Cheatham, Jr., Kwan","missed","Three Point Jumper","4","Cheatham, Jr., Kwan; Ivey, Jimond; Jackson, Antino; Johnson, Isaiah; Williams, Josh","2:20"
"12/10/2016","5:00 PM","1st Half","13:25","7-8","Akron","Johnson, Isaiah","","Offensive Rebound","","Cheatham, Jr., Kwan; Ivey, Jimond; Jackson, Antino; Johnson, Isaiah; Williams, Josh","2:20"
"12/10/2016","5:00 PM","1st Half","13:06","7-8","Akron","Johnson, Isaiah","missed","Layup","11","Cheatham, Jr., Kwan; Ivey, Jimond; Jackson, Antino; Johnson, Isaiah; Williams, Josh","2:39"
"12/10/2016","5:00 PM","1st Half","13:06","7-8","Gonzaga","Williams-Goss, Nigel","","Defensive Rebound","","Karnowski, Przemek; Mathews, Jordan; Perkins, Josh; Tillie, Killian; Williams-Goss, Nigel","2:39"
"12/10/2016","5:00 PM","1st Half","12:56","7-8","Akron","Johnson, Isaiah","","Commits Foul","20","Cheatham, Jr., Kwan; Ivey, Jimond; Jackson, Antino; Johnson, Isaiah; Williams, Josh","2:49"
"12/10/2016","5:00 PM","1st Half","12:56","7-8","Akron","Jackson, Aaron","","Enters Game","","Cheatham, Jr., Kwan; Ivey, Jimond; Jackson, Aaron; Jackson, Antino; Johnson, Isaiah; Williams, Josh","0:00"
"12/10/2016","5:00 PM","1st Half","12:56","7-8","Akron","Robotham, Noah","","Enters Game","","Cheatham, Jr., Kwan; Ivey, Jimond; Jackson, Aaron; Jackson, Antino; Johnson, Isaiah; Robotham, Noah; Williams, Josh","0:00"
"12/10/2016","5:00 PM","1st Half","12:56","7-8","Akron","Hughes, Michael","","Enters Game","","Cheatham, Jr., Kwan; Hughes, Michael; Ivey, Jimond; Jackson, Aaron; Jackson, Antino; Johnson, Isaiah; Robotham, Noah; Williams, Josh","0:00"
"12/10/2016","5:00 PM","1st Half","12:56","7-8","Akron","Cheatham, Jr., Kwan","","Leaves Game","","Hughes, Michael; Ivey, Jimond; Jackson, Aaron; Jackson, Antino; Johnson, Isaiah; Robotham, Noah; Williams, Josh","0:00"
"12/10/2016","5:00 PM","1st Half","12:56","7-8","Akron","Johnson, Isaiah","","Leaves Game","","Hughes, Michael; Ivey, Jimond; Jackson, Aaron; Jackson, Antino; Robotham, Noah; Williams, Josh","0:00"
"12/10/2016","5:00 PM","1st Half","12:56","7-8","Akron","Jackson, Antino","","Leaves Game","","Hughes, Michael; Ivey, Jimond; Jackson, Aaron; Robotham, Noah; Williams, Josh","0:00"
"12/10/2016","5:00 PM","1st Half","12:56","7-8","Gonzaga","Collins, Zach","","Enters Game","","Collins, Zach; Karnowski, Przemek; Mathews, Jordan; Perkins, Josh; Tillie, Killian; Williams-Goss, Nigel","0:00"
"12/10/2016","5:00 PM","1st Half","12:56","7-8","Gonzaga","Melson, Silas","","Enters Game","","Collins, Zach; Karnowski, Przemek; Mathews, Jordan; Melson, Silas; Perkins, Josh; Tillie, Killian; Williams-Goss, Nigel","0:00"
"12/10/2016","5:00 PM","1st Half","12:56","7-8","Gonzaga","Karnowski, Przemek","","Leaves Game","","Collins, Zach; Mathews, Jordan; Melson, Silas; Perkins, Josh; Tillie, Killian; Williams-Goss, Nigel","0:00"
"12/10/2016","5:00 PM","1st Half","12:56","7-8","Gonzaga","Mathews, Jordan","","Leaves Game","","Collins, Zach; Melson, Silas; Perkins, Josh; Tillie, Killian; Williams-Goss, Nigel","0:00"
"12/10/2016","5:00 PM","1st Half","12:44","7-8","Gonzaga","Collins, Zach","","Turnover","","Collins, Zach; Melson, Silas; Perkins, Josh; Tillie, Killian; Williams-Goss, Nigel","0:12"
"12/10/2016","5:00 PM","1st Half","12:44","7-8","Akron","Ivey, Jimond","","Steal","","Hughes, Michael; Ivey, Jimond; Jackson, Aaron; Robotham, Noah; Williams, Josh","0:12"
"12/10/2016","5:00 PM","1st Half","12:15","7-8","Akron","Williams, Josh","missed","Three Point Jumper","1","Hughes, Michael; Ivey, Jimond; Jackson, Aaron; Robotham, Noah; Williams, Josh","0:41"
"12/10/2016","5:00 PM","1st Half","12:15","7-8","Gonzaga","Perkins, Josh","","Defensive Rebound","","Collins, Zach; Melson, Silas; Perkins, Josh; Tillie, Killian; Williams-Goss, Nigel","0:41"
"12/10/2016","5:00 PM","1st Half","11:55","7-8","Akron","Jackson, Aaron","","Commits Foul","10","Hughes, Michael; Ivey, Jimond; Jackson, Aaron; Robotham, Noah; Williams, Josh","1:01"
"12/10/2016","5:00 PM","1st Half","11:55","7-8","Gonzaga","Team","","Media Timeout","","Collins, Zach; Melson, Silas; Perkins, Josh; Tillie, Killian; Williams-Goss, Nigel","1:01"
"12/10/2016","5:00 PM","1st Half","11:55","7-8","Akron","Robotham, Noah","","Commits Foul","","Hughes, Michael; Ivey, Jimond; Jackson, Aaron; Robotham, Noah; Williams, Josh","1:01"
"12/10/2016","5:00 PM","1st Half","11:55","7-8","Akron","Jackson, Antino","","Enters Game","","Hughes, Michael; Ivey, Jimond; Jackson, Aaron; Jackson, Antino; Robotham, Noah; Williams, Josh","0:00"
"12/10/2016","5:00 PM","1st Half","11:55","7-8","Akron","Ivey, Jimond","","Leaves Game","","Hughes, Michael; Jackson, Aaron; Jackson, Antino; Robotham, Noah; Williams, Josh","0:00"
"12/10/2016","5:00 PM","1st Half","11:45","7-11","Gonzaga","Melson, Silas","made","Three Point Jumper","20","Collins, Zach; Melson, Silas; Perkins, Josh; Tillie, Killian; Williams-Goss, Nigel","1:11"
"12/10/2016","5:00 PM","1st Half","11:45","7-11","Gonzaga","Tillie, Killian","","Assist","","Collins, Zach; Melson, Silas; Perkins, Josh; Tillie, Killian; Williams-Goss, Nigel","1:11"
"12/10/2016","5:00 PM","1st Half","11:23","7-11","Akron","Williams, Josh","","Turnover","","Hughes, Michael; Jackson, Aaron; Jackson, Antino; Robotham, Noah; Williams, Josh","0:32"
"12/10/2016","5:00 PM","1st Half","11:22","7-11","Gonzaga","Perkins, Josh","","Steal","","Collins, Zach; Melson, Silas; Perkins, Josh; Tillie, Killian; Williams-Goss, Nigel","1:34"
"12/10/2016","5:00 PM","1st Half","11:16","7-11","Akron","Cheatham, Jr., Kwan","","Enters Game","","Cheatham, Jr., Kwan; Hughes, Michael; Jackson, Aaron; Jackson, Antino; Robotham, Noah; Williams, Josh","0:00"
"12/10/2016","5:00 PM","1st Half","11:16","7-11","Akron","Jackson, Aaron","","Leaves Game","","Cheatham, Jr., Kwan; Hughes, Michael; Jackson, Antino; Robotham, Noah; Williams, Josh","0:00"
"12/10/2016","5:00 PM","1st Half","11:09","7-13","Gonzaga","Williams-Goss, Nigel","made","Two Point Jumper","16","Collins, Zach; Melson, Silas; Perkins, Josh; Tillie, Killian; Williams-Goss, Nigel","1:47"
"12/10/2016","5:00 PM","1st Half","10:40","9-13","Akron","Hughes, Michael","made","Dunk","1","Cheatham, Jr., Kwan; Hughes, Michael; Jackson, Antino; Robotham, Noah; Williams, Josh","0:36"
"12/10/2016","5:00 PM","1st Half","10:40","9-13","Akron","Jackson, Antino","","Assist","","Cheatham, Jr., Kwan; Hughes, Michael; Jackson, Antino; Robotham, Noah; Williams, Josh","0:36"
"12/10/2016","5:00 PM","1st Half","10:24","9-15","Gonzaga","Tillie, Killian","made","Layup","14","Collins, Zach; Melson, Silas; Perkins, Josh; Tillie, Killian; Williams-Goss, Nigel","2:32"
"12/10/2016","5:00 PM","1st Half","09:59","9-15","Akron","Robotham, Noah","missed","Three Point Jumper","5","Cheatham, Jr., Kwan; Hughes, Michael; Jackson, Antino; Robotham, Noah; Williams, Josh","1:17"
"12/10/2016","5:00 PM","1st Half","09:59","9-15","Akron","Team","","Offensive Rebound","","Cheatham, Jr., Kwan; Hughes, Michael; Jackson, Antino; Robotham, Noah; Williams, Josh","1:17"
"12/10/2016","5:00 PM","1st Half","09:56","9-15","Akron","Olojakpoke, Emmanuel","","Enters Game","","Cheatham, Jr., Kwan; Hughes, Michael; Jackson, Antino; Olojakpoke, Emmanuel; Robotham, Noah; Williams, Josh","0:00"
"12/10/2016","5:00 PM","1st Half","09:56","9-15","Akron","Ivey, Jimond","","Enters Game","","Cheatham, Jr., Kwan; Hughes, Michael; Ivey, Jimond; Jackson, Antino; Olojakpoke, Emmanuel; Robotham, Noah; Williams, Josh","0:00"
"12/10/2016","5:00 PM","1st Half","09:56","9-15","Akron","Williams, Josh","","Leaves Game","","Cheatham, Jr., Kwan; Hughes, Michael; Ivey, Jimond; Jackson, Antino; Olojakpoke, Emmanuel; Robotham, Noah","0:00"
"12/10/2016","5:00 PM","1st Half","09:56","9-15","Akron","Hughes, Michael","","Leaves Game","","Cheatham, Jr., Kwan; Ivey, Jimond; Jackson, Antino; Olojakpoke, Emmanuel; Robotham, Noah","0:00"
"12/10/2016","5:00 PM","1st Half","09:56","9-15","Gonzaga","Williams, Johnathan","","Enters Game","","Collins, Zach; Melson, Silas; Perkins, Josh; Tillie, Killian; Williams, Johnathan; Williams-Goss, Nigel","0:00"
"12/10/2016","5:00 PM","1st Half","09:56","9-15","Gonzaga","Tillie, Killian","","Leaves Game","","Collins, Zach; Melson, Silas; Perkins, Josh; Williams, Johnathan; Williams-Goss, Nigel","0:00"
"12/10/2016","5:00 PM","1st Half","09:55","9-15","Akron","Ivey, Jimond","","Turnover","","Cheatham, Jr., Kwan; Ivey, Jimond; Jackson, Antino; Olojakpoke, Emmanuel; Robotham, Noah","0:01"
"12/10/2016","5:00 PM","1st Half","09:53","9-15","Gonzaga","Perkins, Josh","","Steal","","Collins, Zach; Melson, Silas; Perkins, Josh; Williams, Johnathan; Williams-Goss, Nigel","0:03"
"12/10/2016","5:00 PM","1st Half","09:40","9-15","Gonzaga","Williams, Johnathan","missed","Layup","15","Collins, Zach; Melson, Silas; Perkins, Josh; Williams, Johnathan; Williams-Goss, Nigel","0:16"
"12/10/2016","5:00 PM","1st Half","09:40","9-15","Akron","Olojakpoke, Emmanuel","","Defensive Rebound","","Cheatham, Jr., Kwan; Ivey, Jimond; Jackson, Antino; Olojakpoke, Emmanuel; Robotham, Noah","0:16"
"12/10/2016","5:00 PM","1st Half","09:16","9-15","Akron","Jackson, Antino","","Turnover","","Cheatham, Jr., Kwan; Ivey, Jimond; Jackson, Antino; Olojakpoke, Emmanuel; Robotham, Noah","0:40"
"12/10/2016","5:00 PM","1st Half","09:14","9-15","Gonzaga","Perkins, Josh","","Steal","","Collins, Zach; Melson, Silas; Perkins, Josh; Williams, Johnathan; Williams-Goss, Nigel","0:42"
"12/10/2016","5:00 PM","1st Half","09:11","9-17","Gonzaga","Melson, Silas","made","Dunk","25","Collins, Zach; Melson, Silas; Perkins, Josh; Williams, Johnathan; Williams-Goss, Nigel","0:45"
"12/10/2016","5:00 PM","1st Half","09:11","9-17","Gonzaga","Perkins, Josh","","Assist","","Collins, Zach; Melson, Silas; Perkins, Josh; Williams, Johnathan; Williams-Goss, Nigel","0:45"
"12/10/2016","5:00 PM","1st Half","08:46","9-17","Akron","Ivey, Jimond","missed","Layup","5","Cheatham, Jr., Kwan; Ivey, Jimond; Jackson, Antino; Olojakpoke, Emmanuel; Robotham, Noah","1:10"
"12/10/2016","5:00 PM","1st Half","08:46","9-17","Akron","Cheatham, Jr., Kwan","","Offensive Rebound","","Cheatham, Jr., Kwan; Ivey, Jimond; Jackson, Antino; Olojakpoke, Emmanuel; Robotham, Noah","1:10"
"12/10/2016","5:00 PM","1st Half","08:43","11-17","Akron","Cheatham, Jr., Kwan","made","Layup","27","Cheatham, Jr., Kwan; Ivey, Jimond; Jackson, Antino; Olojakpoke, Emmanuel; Robotham, Noah","1:13"
"12/10/2016","5:00 PM","1st Half","08:32","11-17","Akron","Cheatham, Jr., Kwan","","Commits Foul","19","Cheatham, Jr., Kwan; Ivey, Jimond; Jackson, Antino; Olojakpoke, Emmanuel; Robotham, Noah","1:24"
"12/10/2016","5:00 PM","1st Half","08:32","11-17","Gonzaga","Collins, Zach","missed","Free Throw","","Collins, Zach; Melson, Silas; Perkins, Josh; Williams, Johnathan; Williams-Goss, Nigel","1:24"
"12/10/2016","5:00 PM","1st Half","08:32","11-17","Gonzaga","Team","","Deadball Rebound","","Collins, Zach; Melson, Silas; Perkins, Josh; Williams, Johnathan; Williams-Goss, Nigel","1:24"
"12/10/2016","5:00 PM","1st Half","08:32","11-18","Gonzaga","Collins, Zach","made","Free Throw","","Collins, Zach; Melson, Silas; Perkins, Josh; Williams, Johnathan; Williams-Goss, Nigel","1:24"
"12/10/2016","5:00 PM","1st Half","08:32","11-18","Akron","Johnson, Isaiah","","Enters Game","","Cheatham, Jr., Kwan; Ivey, Jimond; Jackson, Antino; Johnson, Isaiah; Olojakpoke, Emmanuel; Robotham, Noah","0:00"
"12/10/2016","5:00 PM","1st Half","08:32","11-18","Akron","Olojakpoke, Emmanuel","","Leaves Game","","Cheatham, Jr., Kwan; Ivey, Jimond; Jackson, Antino; Johnson, Isaiah; Robotham, Noah","4:15"
"12/10/2016","5:00 PM","1st Half","08:32","11-18","Gonzaga","Karnowski, Przemek","","Enters Game","","Collins, Zach; Karnowski, Przemek; Melson, Silas; Perkins, Josh; Williams, Johnathan; Williams-Goss, Nigel","0:00"
"12/10/2016","5:00 PM","1st Half","08:32","11-18","Gonzaga","Mathews, Jordan","","Enters Game","","Collins, Zach; Karnowski, Przemek; Mathews, Jordan; Melson, Silas; Perkins, Josh; Williams, Johnathan; Williams-Goss, Nigel","0:00"
"12/10/2016","5:00 PM","1st Half","08:32","11-18","Gonzaga","Collins, Zach","","Leaves Game","","Karnowski, Przemek; Mathews, Jordan; Melson, Silas; Perkins, Josh; Williams, Johnathan; Williams-Goss, Nigel","0:00"
"12/10/2016","5:00 PM","1st Half","08:32","11-18","Gonzaga","Perkins, Josh","","Leaves Game","","Karnowski, Przemek; Mathews, Jordan; Melson, Silas; Williams, Johnathan; Williams-Goss, Nigel","0:00"
"12/10/2016","5:00 PM","1st Half","08:14","11-18","Gonzaga","Karnowski, Przemek","","Commits Foul","12","Karnowski, Przemek; Mathews, Jordan; Melson, Silas; Williams, Johnathan; Williams-Goss, Nigel","0:18"
"12/10/2016","5:00 PM","1st Half","08:14","11-18","Akron","Johnson, Isaiah","missed","Free Throw","","Cheatham, Jr., Kwan; Ivey, Jimond; Jackson, Antino; Johnson, Isaiah; Robotham, Noah","4:33"
"12/10/2016","5:00 PM","1st Half","08:14","11-18","Akron","Team","","Deadball Rebound","","Cheatham, Jr., Kwan; Ivey, Jimond; Jackson, Antino; Johnson, Isaiah; Robotham, Noah","4:33"
"12/10/2016","5:00 PM","1st Half","08:14","11-18","Akron","Johnson, Isaiah","missed","Free Throw","","Cheatham, Jr., Kwan; Ivey, Jimond; Jackson, Antino; Johnson, Isaiah; Robotham, Noah","4:33"
"12/10/2016","5:00 PM","1st Half","08:14","11-18","Gonzaga","Melson, Silas","","Defensive Rebound","","Karnowski, Przemek; Mathews, Jordan; Melson, Silas; Williams, Johnathan; Williams-Goss, Nigel","0:18"
"12/10/2016","5:00 PM","1st Half","07:56","11-18","Gonzaga","Williams, Johnathan","","Commits Foul","12","Karnowski, Przemek; Mathews, Jordan; Melson, Silas; Williams, Johnathan; Williams-Goss, Nigel","0:36"
"12/10/2016","5:00 PM","1st Half","07:56","11-18","Gonzaga","Williams, Johnathan","","Turnover","","Karnowski, Przemek; Mathews, Jordan; Melson, Silas; Williams, Johnathan; Williams-Goss, Nigel","0:36"
"12/10/2016","5:00 PM","1st Half","07:56","11-18","Akron","Team","","Media Timeout","","Cheatham, Jr., Kwan; Ivey, Jimond; Jackson, Antino; Johnson, Isaiah; Robotham, Noah","4:51"
"12/10/2016","5:00 PM","1st Half","07:56","11-18","Gonzaga","Tillie, Killian","","Enters Game","","Karnowski, Przemek; Mathews, Jordan; Melson, Silas; Tillie, Killian; Williams, Johnathan; Williams-Goss, Nigel","0:00"
"12/10/2016","5:00 PM","1st Half","07:56","11-18","Gonzaga","Williams, Johnathan","","Leaves Game","","Karnowski, Przemek; Mathews, Jordan; Melson, Silas; Tillie, Killian; Williams-Goss, Nigel","0:00"
"12/10/2016","5:00 PM","1st Half","07:34","11-18","Akron","Johnson, Isaiah","missed","Layup","8","Cheatham, Jr., Kwan; Ivey, Jimond; Jackson, Antino; Johnson, Isaiah; Robotham, Noah","5:13"
"12/10/2016","5:00 PM","1st Half","07:34","11-18","Gonzaga","Team","","Defensive Rebound","","Karnowski, Przemek; Mathews, Jordan; Melson, Silas; Tillie, Killian; Williams-Goss, Nigel","0:22"
"12/10/2016","5:00 PM","1st Half","07:33","11-18","Akron","Cheatham, Jr., Kwan","","Commits Foul","29","Cheatham, Jr., Kwan; Ivey, Jimond; Jackson, Antino; Johnson, Isaiah; Robotham, Noah","5:14"
"12/10/2016","5:00 PM","1st Half","07:24","11-18","Gonzaga","Tillie, Killian","missed","Three Point Jumper","21","Karnowski, Przemek; Mathews, Jordan; Melson, Silas; Tillie, Killian; Williams-Goss, Nigel","0:32"
"12/10/2016","5:00 PM","1st Half","07:24","11-18","Akron","Ivey, Jimond","","Defensive Rebound","","Cheatham, Jr., Kwan; Ivey, Jimond; Jackson, Antino; Johnson, Isaiah; Robotham, Noah","5:23"
"12/10/2016","5:00 PM","1st Half","07:14","11-18","Akron","Robotham, Noah","","Turnover","","Cheatham, Jr., Kwan; Ivey, Jimond; Jackson, Antino; Johnson, Isaiah; Robotham, Noah","5:33"
"12/10/2016","5:00 PM","1st Half","07:14","11-18","Akron","Dunn-Martin, Tavian","","Enters Game","","Cheatham, Jr., Kwan; Dunn-Martin, Tavian; Ivey, Jimond; Jackson, Antino; Johnson, Isaiah; Robotham, Noah","0:00"
"12/10/2016","5:00 PM","1st Half","07:14","11-18","Akron","Robotham, Noah","","Leaves Game","","Cheatham, Jr., Kwan; Dunn-Martin, Tavian; Ivey, Jimond; Jackson, Antino; Johnson, Isaiah","0:00"
"12/10/2016","5:00 PM","1st Half","06:56","11-18","Gonzaga","Karnowski, Przemek","missed","Layup","12","Karnowski, Przemek; Mathews, Jordan; Melson, Silas; Tillie, Killian; Williams-Goss, Nigel","1:00"
"12/10/2016","5:00 PM","1st Half","06:56","11-18","Akron","Ivey, Jimond","","Defensive Rebound","","Cheatham, Jr., Kwan; Dunn-Martin, Tavian; Ivey, Jimond; Jackson, Antino; Johnson, Isaiah","0:18"
"12/10/2016","5:00 PM","1st Half","06:43","11-18","Akron","Jackson, Antino","missed","Layup","17","Cheatham, Jr., Kwan; Dunn-Martin, Tavian; Ivey, Jimond; Jackson, Antino; Johnson, Isaiah","0:31"
"12/10/2016","5:00 PM","1st Half","06:43","11-18","Gonzaga","Williams-Goss, Nigel","","Defensive Rebound","","Karnowski, Przemek; Mathews, Jordan; Melson, Silas; Tillie, Killian; Williams-Goss, Nigel","1:13"
"12/10/2016","5:00 PM","1st Half","06:37","11-18","Gonzaga","Mathews, Jordan","missed","Three Point Jumper","24","Karnowski, Przemek; Mathews, Jordan; Melson, Silas; Tillie, Killian; Williams-Goss, Nigel","1:19"
"12/10/2016","5:00 PM","1st Half","06:37","11-18","Gonzaga","Melson, Silas","","Offensive Rebound","","Karnowski, Przemek; Mathews, Jordan; Melson, Silas; Tillie, Killian; Williams-Goss, Nigel","1:19"
"12/10/2016","5:00 PM","1st Half","06:33","11-18","Gonzaga","Melson, Silas","missed","Layup","26","Karnowski, Przemek; Mathews, Jordan; Melson, Silas; Tillie, Killian; Williams-Goss, Nigel","1:23"
"12/10/2016","5:00 PM","1st Half","06:33","11-18","Akron","Johnson, Isaiah","","Defensive Rebound","","Cheatham, Jr., Kwan; Dunn-Martin, Tavian; Ivey, Jimond; Jackson, Antino; Johnson, Isaiah","0:41"
"12/10/2016","5:00 PM","1st Half","06:07","11-18","Gonzaga","Tillie, Killian","","Commits Foul","4","Karnowski, Przemek; Mathews, Jordan; Melson, Silas; Tillie, Killian; Williams-Goss, Nigel","1:49"
"12/10/2016","5:00 PM","1st Half","06:07","11-18","Gonzaga","Perkins, Josh","","Enters Game","","Karnowski, Przemek; Mathews, Jordan; Melson, Silas; Perkins, Josh; Tillie, Killian; Williams-Goss, Nigel","0:00"
"12/10/2016","5:00 PM","1st Half","06:07","11-18","Gonzaga","Williams-Goss, Nigel","","Leaves Game","","Karnowski, Przemek; Mathews, Jordan; Melson, Silas; Perkins, Josh; Tillie, Killian","0:00"
"12/10/2016","5:00 PM","1st Half","06:04","11-18","Akron","Johnson, Isaiah","missed","Two Point Jumper","27","Cheatham, Jr., Kwan; Dunn-Martin, Tavian; Ivey, Jimond; Jackson, Antino; Johnson, Isaiah","1:10"
"12/10/2016","5:00 PM","1st Half","06:04","11-18","Gonzaga","Team","","Defensive Rebound","","Karnowski, Przemek; Mathews, Jordan; Melson, Silas; Perkins, Josh; Tillie, Killian","0:03"
"12/10/2016","5:00 PM","1st Half","05:37","11-18","Gonzaga","Melson, Silas","missed","Layup","3","Karnowski, Przemek; Mathews, Jordan; Melson, Silas; Perkins, Josh; Tillie, Killian","0:30"
"12/10/2016","5:00 PM","1st Half","05:37","11-18","Akron","Johnson, Isaiah","","Defensive Rebound","","Cheatham, Jr., Kwan; Dunn-Martin, Tavian; Ivey, Jimond; Jackson, Antino; Johnson, Isaiah","1:37"
"12/10/2016","5:00 PM","1st Half","05:29","11-18","Akron","Jackson, Antino","missed","Three Point Jumper","22","Cheatham, Jr., Kwan; Dunn-Martin, Tavian; Ivey, Jimond; Jackson, Antino; Johnson, Isaiah","1:45"
"12/10/2016","5:00 PM","1st Half","05:29","11-18","Akron","Cheatham, Jr., Kwan","","Offensive Rebound","","Cheatham, Jr., Kwan; Dunn-Martin, Tavian; Ivey, Jimond; Jackson, Antino; Johnson, Isaiah","1:45"
"12/10/2016","5:00 PM","1st Half","05:24","11-18","Akron","Dunn-Martin, Tavian","missed","Three Point Jumper","25","Cheatham, Jr., Kwan; Dunn-Martin, Tavian; Ivey, Jimond; Jackson, Antino; Johnson, Isaiah","1:50"
"12/10/2016","5:00 PM","1st Half","05:24","11-18","Akron","Johnson, Isaiah","","Offensive Rebound","","Cheatham, Jr., Kwan; Dunn-Martin, Tavian; Ivey, Jimond; Jackson, Antino; Johnson, Isaiah","1:50"
"12/10/2016","5:00 PM","1st Half","05:01","11-18","Akron","Cheatham, Jr., Kwan","","Turnover","","Cheatham, Jr., Kwan; Dunn-Martin, Tavian; Ivey, Jimond; Jackson, Antino; Johnson, Isaiah","2:13"
"12/10/2016","5:00 PM","1st Half","05:00","11-18","Gonzaga","Karnowski, Przemek","","Steal","","Karnowski, Przemek; Mathews, Jordan; Melson, Silas; Perkins, Josh; Tillie, Killian","1:07"
"12/10/2016","5:00 PM","1st Half","04:50","11-18","Gonzaga","Mathews, Jordan","missed","Layup","19","Karnowski, Przemek; Mathews, Jordan; Melson, Silas; Perkins, Josh; Tillie, Killian","1:17"
"12/10/2016","5:00 PM","1st Half","04:50","11-18","Akron","Ivey, Jimond","","Defensive Rebound","","Cheatham, Jr., Kwan; Dunn-Martin, Tavian; Ivey, Jimond; Jackson, Antino; Johnson, Isaiah","2:24"
"12/10/2016","5:00 PM","1st Half","04:44","13-18","Akron","Ivey, Jimond","made","Layup","24","Cheatham, Jr., Kwan; Dunn-Martin, Tavian; Ivey, Jimond; Jackson, Antino; Johnson, Isaiah","2:30"
"12/10/2016","5:00 PM","1st Half","04:39","13-18","Gonzaga","Team","","Second Timeout","","Karnowski, Przemek; Mathews, Jordan; Melson, Silas; Perkins, Josh; Tillie, Killian","1:28"
"12/10/2016","5:00 PM","1st Half","04:39","13-18","Akron","Hughes, Michael","","Enters Game","","Cheatham, Jr., Kwan; Dunn-Martin, Tavian; Hughes, Michael; Ivey, Jimond; Jackson, Antino; Johnson, Isaiah","0:00"
"12/10/2016","5:00 PM","1st Half","04:39","13-18","Akron","Williams, Josh","","Enters Game","","Cheatham, Jr., Kwan; Dunn-Martin, Tavian; Hughes, Michael; Ivey, Jimond; Jackson, Antino; Johnson, Isaiah; Williams, Josh","0:00"
"12/10/2016","5:00 PM","1st Half","04:39","13-18","Akron","Johnson, Isaiah","","Leaves Game","","Cheatham, Jr., Kwan; Dunn-Martin, Tavian; Hughes, Michael; Ivey, Jimond; Jackson, Antino; Williams, Josh","0:00"
"12/10/2016","5:00 PM","1st Half","04:39","13-18","Akron","Jackson, Antino","","Leaves Game","","Cheatham, Jr., Kwan; Dunn-Martin, Tavian; Hughes, Michael; Ivey, Jimond; Williams, Josh","0:00"
"12/10/2016","5:00 PM","1st Half","04:39","13-18","Gonzaga","Collins, Zach","","Enters Game","","Collins, Zach; Karnowski, Przemek; Mathews, Jordan; Melson, Silas; Perkins, Josh; Tillie, Killian","0:00"
"12/10/2016","5:00 PM","1st Half","04:39","13-18","Gonzaga","Karnowski, Przemek","","Leaves Game","","Collins, Zach; Mathews, Jordan; Melson, Silas; Perkins, Josh; Tillie, Killian","0:00"
"12/10/2016","5:00 PM","1st Half","04:26","13-18","Gonzaga","Tillie, Killian","missed","Layup","12","Collins, Zach; Mathews, Jordan; Melson, Silas; Perkins, Josh; Tillie, Killian","0:13"
"12/10/2016","5:00 PM","1st Half","04:26","13-18","Akron","Hughes, Michael","","Defensive Rebound","","Cheatham, Jr., Kwan; Dunn-Martin, Tavian; Hughes, Michael; Ivey, Jimond; Williams, Josh","0:13"
"12/10/2016","5:00 PM","1st Half","04:16","13-18","Akron","Williams, Josh","missed","Three Point Jumper","20","Cheatham, Jr., Kwan; Dunn-Martin, Tavian; Hughes, Michael; Ivey, Jimond; Williams, Josh","0:23"
"12/10/2016","5:00 PM","1st Half","04:16","13-18","Gonzaga","Perkins, Josh","","Defensive Rebound","","Collins, Zach; Mathews, Jordan; Melson, Silas; Perkins, Josh; Tillie, Killian","0:23"
"12/10/2016","5:00 PM","1st Half","03:50","13-21","Gonzaga","Tillie, Killian","made","Three Point Jumper","4","Collins, Zach; Mathews, Jordan; Melson, Silas; Perkins, Josh; Tillie, Killian","0:49"
"12/10/2016","5:00 PM","1st Half","03:50","13-21","Gonzaga","Perkins, Josh","","Assist","","Collins, Zach; Mathews, Jordan; Melson, Silas; Perkins, Josh; Tillie, Killian","0:49"
"12/10/2016","5:00 PM","1st Half","03:15","13-21","Akron","Ivey, Jimond","","Turnover","","Cheatham, Jr., Kwan; Dunn-Martin, Tavian; Hughes, Michael; Ivey, Jimond; Williams, Josh","1:24"
"12/10/2016","5:00 PM","1st Half","03:15","13-21","Gonzaga","Team","","Media Timeout","","Collins, Zach; Mathews, Jordan; Melson, Silas; Perkins, Josh; Tillie, Killian","1:24"
"12/10/2016","5:00 PM","1st Half","03:15","13-21","Akron","Robotham, Noah","","Enters Game","","Cheatham, Jr., Kwan; Dunn-Martin, Tavian; Hughes, Michael; Ivey, Jimond; Robotham, Noah; Williams, Josh","0:00"
"12/10/2016","5:00 PM","1st Half","03:15","13-21","Akron","Dunn-Martin, Tavian","","Leaves Game","","Cheatham, Jr., Kwan; Hughes, Michael; Ivey, Jimond; Robotham, Noah; Williams, Josh","0:00"
"12/10/2016","5:00 PM","1st Half","03:15","13-21","Gonzaga","Williams-Goss, Nigel","","Enters Game","","Collins, Zach; Mathews, Jordan; Melson, Silas; Perkins, Josh; Tillie, Killian; Williams-Goss, Nigel","0:00"
"12/10/2016","5:00 PM","1st Half","03:15","13-21","Gonzaga","Melson, Silas","","Leaves Game","","Collins, Zach; Mathews, Jordan; Perkins, Josh; Tillie, Killian; Williams-Goss, Nigel","0:00"
"12/10/2016","5:00 PM","1st Half","03:04","13-21","Gonzaga","Tillie, Killian","","Turnover","","Collins, Zach; Mathews, Jordan; Perkins, Josh; Tillie, Killian; Williams-Goss, Nigel","0:11"
"12/10/2016","5:00 PM","1st Half","03:02","13-21","Akron","Williams, Josh","","Steal","","Cheatham, Jr., Kwan; Hughes, Michael; Ivey, Jimond; Robotham, Noah; Williams, Josh","0:13"
"12/10/2016","5:00 PM","1st Half","02:43","13-21","Akron","Cheatham, Jr., Kwan","missed","Layup","9","Cheatham, Jr., Kwan; Hughes, Michael; Ivey, Jimond; Robotham, Noah; Williams, Josh","0:32"
"12/10/2016","5:00 PM","1st Half","02:43","13-21","Gonzaga","Tillie, Killian","","Defensive Rebound","","Collins, Zach; Mathews, Jordan; Perkins, Josh; Tillie, Killian; Williams-Goss, Nigel","0:32"
"12/10/2016","5:00 PM","1st Half","02:31","13-21","Gonzaga","Williams-Goss, Nigel","missed","Three Point Jumper","18","Collins, Zach; Mathews, Jordan; Perkins, Josh; Tillie, Killian; Williams-Goss, Nigel","0:44"
"12/10/2016","5:00 PM","1st Half","02:31","13-21","Gonzaga","Collins, Zach","","Offensive Rebound","","Collins, Zach; Mathews, Jordan; Perkins, Josh; Tillie, Killian; Williams-Goss, Nigel","0:44"
"12/10/2016","5:00 PM","1st Half","02:26","13-21","Gonzaga","Collins, Zach","","Turnover","","Collins, Zach; Mathews, Jordan; Perkins, Josh; Tillie, Killian; Williams-Goss, Nigel","0:49"
"12/10/2016","5:00 PM","1st Half","02:25","13-21","Akron","Ivey, Jimond","","Steal","","Cheatham, Jr., Kwan; Hughes, Michael; Ivey, Jimond; Robotham, Noah; Williams, Josh","0:50"
"12/10/2016","5:00 PM","1st Half","02:23","13-21","Gonzaga","Williams-Goss, Nigel","","Commits Foul","27","Collins, Zach; Mathews, Jordan; Perkins, Josh; Tillie, Killian; Williams-Goss, Nigel","0:52"
"12/10/2016","5:00 PM","1st Half","02:23","13-21","Gonzaga","Williams, Johnathan","","Enters Game","","Collins, Zach; Mathews, Jordan; Perkins, Josh; Tillie, Killian; Williams, Johnathan; Williams-Goss, Nigel","0:00"
"12/10/2016","5:00 PM","1st Half","02:23","13-21","Gonzaga","Tillie, Killian","","Leaves Game","","Collins, Zach; Mathews, Jordan; Perkins, Josh; Williams, Johnathan; Williams-Goss, Nigel","0:00"
"12/10/2016","5:00 PM","1st Half","02:17","15-21","Akron","Hughes, Michael","made","Layup","24","Cheatham, Jr., Kwan; Hughes, Michael; Ivey, Jimond; Robotham, Noah; Williams, Josh","0:58"
"12/10/2016","5:00 PM","1st Half","02:00","15-21","Gonzaga","Williams, Johnathan","missed","Two Point Jumper","13","Collins, Zach; Mathews, Jordan; Perkins, Josh; Williams, Johnathan; Williams-Goss, Nigel","0:23"
"12/10/2016","5:00 PM","1st Half","02:00","15-21","Akron","Williams, Josh","","Defensive Rebound","","Cheatham, Jr., Kwan; Hughes, Michael; Ivey, Jimond; Robotham, Noah; Williams, Josh","1:15"
"12/10/2016","5:00 PM","1st Half","01:34","15-21","Akron","Cheatham, Jr., Kwan","missed","Layup","4","Cheatham, Jr., Kwan; Hughes, Michael; Ivey, Jimond; Robotham, Noah; Williams, Josh","1:41"
"12/10/2016","5:00 PM","1st Half","01:34","15-21","Gonzaga","Williams, Johnathan","","Defensive Rebound","","Collins, Zach; Mathews, Jordan; Perkins, Josh; Williams, Johnathan; Williams-Goss, Nigel","0:49"
"12/10/2016","5:00 PM","1st Half","01:25","15-21","Akron","Williams, Josh","","Commits Foul","21","Cheatham, Jr., Kwan; Hughes, Michael; Ivey, Jimond; Robotham, Noah; Williams, Josh","1:50"
"12/10/2016","5:00 PM","1st Half","01:25","15-22","Gonzaga","Perkins, Josh","made","Free Throw","","Collins, Zach; Mathews, Jordan; Perkins, Josh; Williams, Johnathan; Williams-Goss, Nigel","0:58"
"12/10/2016","5:00 PM","1st Half","01:25","15-23","Gonzaga","Perkins, Josh","made","Free Throw","","Collins, Zach; Mathews, Jordan; Perkins, Josh; Williams, Johnathan; Williams-Goss, Nigel","0:58"
"12/10/2016","5:00 PM","1st Half","01:25","15-23","Akron","Jackson, Aaron","","Enters Game","","Cheatham, Jr., Kwan; Hughes, Michael; Ivey, Jimond; Jackson, Aaron; Robotham, Noah; Williams, Josh","0:00"
"12/10/2016","5:00 PM","1st Half","01:25","15-23","Akron","Jackson, Antino","","Enters Game","","Cheatham, Jr., Kwan; Hughes, Michael; Ivey, Jimond; Jackson, Aaron; Jackson, Antino; Robotham, Noah; Williams, Josh","0:00"
"12/10/2016","5:00 PM","1st Half","01:25","15-23","Akron","Cheatham, Jr., Kwan","","Leaves Game","","Hughes, Michael; Ivey, Jimond; Jackson, Aaron; Jackson, Antino; Robotham, Noah; Williams, Josh","0:00"
"12/10/2016","5:00 PM","1st Half","01:25","15-23","Akron","Ivey, Jimond","","Leaves Game","","Hughes, Michael; Jackson, Aaron; Jackson, Antino; Robotham, Noah; Williams, Josh","0:39"
"12/10/2016","5:00 PM","1st Half","01:25","15-23","Gonzaga","Karnowski, Przemek","","Enters Game","","Collins, Zach; Karnowski, Przemek; Mathews, Jordan; Perkins, Josh; Williams, Johnathan; Williams-Goss, Nigel","0:00"
"12/10/2016","5:00 PM","1st Half","01:25","15-23","Gonzaga","Collins, Zach","","Leaves Game","","Karnowski, Przemek; Mathews, Jordan; Perkins, Josh; Williams, Johnathan; Williams-Goss, Nigel","4:15"
"12/10/2016","5:00 PM","1st Half","01:01","15-23","Akron","Jackson, Antino","missed","Two Point Jumper","6","Hughes, Michael; Jackson, Aaron; Jackson, Antino; Robotham, Noah; Williams, Josh","1:03"
"12/10/2016","5:00 PM","1st Half","01:01","15-23","Akron","Jackson, Aaron","","Offensive Rebound","","Hughes, Michael; Jackson, Aaron; Jackson, Antino; Robotham, Noah; Williams, Josh","1:03"
"12/10/2016","5:00 PM","1st Half","00:56","17-23","Akron","Jackson, Aaron","made","Layup","25","Hughes, Michael; Jackson, Aaron; Jackson, Antino; Robotham, Noah; Williams, Josh","1:08"
"12/10/2016","5:00 PM","1st Half","00:41","17-23","Gonzaga","Karnowski, Przemek","missed","Layup","15","Karnowski, Przemek; Mathews, Jordan; Perkins, Josh; Williams, Johnathan; Williams-Goss, Nigel","4:59"
"12/10/2016","5:00 PM","1st Half","00:41","17-23","Gonzaga","Mathews, Jordan","","Offensive Rebound","","Karnowski, Przemek; Mathews, Jordan; Perkins, Josh; Williams, Johnathan; Williams-Goss, Nigel","4:59"
"12/10/2016","5:00 PM","1st Half","00:38","17-23","Gonzaga","Mathews, Jordan","missed","Layup","27","Karnowski, Przemek; Mathews, Jordan; Perkins, Josh; Williams, Johnathan; Williams-Goss, Nigel","5:02"
"12/10/2016","5:00 PM","1st Half","00:38","17-23","Akron","Hughes, Michael","","Blocked Shot","","Hughes, Michael; Jackson, Aaron; Jackson, Antino; Robotham, Noah; Williams, Josh","1:26"
"12/10/2016","5:00 PM","1st Half","00:37","17-23","Akron","Hughes, Michael","","Defensive Rebound","","Hughes, Michael; Jackson, Aaron; Jackson, Antino; Robotham, Noah; Williams, Josh","1:27"
"12/10/2016","5:00 PM","1st Half","00:11","17-23","Akron","Jackson, Antino","missed","Three Point Jumper","3","Hughes, Michael; Jackson, Aaron; Jackson, Antino; Robotham, Noah; Williams, Josh","1:53"
"12/10/2016","5:00 PM","1st Half","00:11","17-23","Akron","Williams, Josh","","Offensive Rebound","","Hughes, Michael; Jackson, Aaron; Jackson, Antino; Robotham, Noah; Williams, Josh","1:53"
"12/10/2016","5:00 PM","1st Half","00:06","17-23","Akron","Williams, Josh","","Turnover","","Hughes, Michael; Jackson, Aaron; Jackson, Antino; Robotham, Noah; Williams, Josh","1:58"
"12/10/2016","5:00 PM","1st Half","00:04","17-23","Gonzaga","Williams-Goss, Nigel","","Steal","","Karnowski, Przemek; Mathews, Jordan; Perkins, Josh; Williams, Johnathan; Williams-Goss, Nigel","5:36"
"12/10/2016","5:00 PM","1st Half","00:01","17-23","Gonzaga","Williams-Goss, Nigel","missed","Three Point Jumper","25","Karnowski, Przemek; Mathews, Jordan; Perkins, Josh; Williams, Johnathan; Williams-Goss, Nigel","5:39"
"12/10/2016","5:00 PM","1st Half","00:01","17-23","Akron","Team","","Defensive Rebound","","Hughes, Michael; Jackson, Aaron; Jackson, Antino; Robotham, Noah; Williams, Josh","2:03"
"12/10/2016","5:00 PM","2nd Half","19:41","17-23","Akron","Johnson, Isaiah","missed","Layup","11","Cheatham, Jr., Kwan; Ivey, Jimond; Jackson, Antino; Johnson, Isaiah; Robotham, Noah","0:19"
"12/10/2016","5:00 PM","2nd Half","19:41","17-23","Akron","Johnson, Isaiah","","Offensive Rebound","","Cheatham, Jr., Kwan; Ivey, Jimond; Jackson, Antino; Johnson, Isaiah; Robotham, Noah","0:19"
"12/10/2016","5:00 PM","2nd Half","19:39","17-23","Gonzaga","Karnowski, Przemek","","Commits Foul","28","Karnowski, Przemek; Mathews, Jordan; Perkins, Josh; Williams, Johnathan; Williams-Goss, Nigel","0:21"
"12/10/2016","5:00 PM","2nd Half","19:39","17-23","Akron","Johnson, Isaiah","missed","Free Throw","","Cheatham, Jr., Kwan; Ivey, Jimond; Jackson, Antino; Johnson, Isaiah; Robotham, Noah","0:21"
"12/10/2016","5:00 PM","2nd Half","19:39","17-23","Akron","Team","","Deadball Rebound","","Cheatham, Jr., Kwan; Ivey, Jimond; Jackson, Antino; Johnson, Isaiah; Robotham, Noah","0:21"
"12/10/2016","5:00 PM","2nd Half","19:39","18-23","Akron","Johnson, Isaiah","made","Free Throw","","Cheatham, Jr., Kwan; Ivey, Jimond; Jackson, Antino; Johnson, Isaiah; Robotham, Noah","0:21"
"12/10/2016","5:00 PM","2nd Half","19:20","18-25","Gonzaga","Williams, Johnathan","made","Layup","11","Karnowski, Przemek; Mathews, Jordan; Perkins, Josh; Williams, Johnathan; Williams-Goss, Nigel","0:40"
"12/10/2016","5:00 PM","2nd Half","19:20","18-25","Gonzaga","Perkins, Josh","","Assist","","Karnowski, Przemek; Mathews, Jordan; Perkins, Josh; Williams, Johnathan; Williams-Goss, Nigel","0:40"
"12/10/2016","5:00 PM","2nd Half","18:56","18-25","Akron","Cheatham, Jr., Kwan","missed","Layup","6","Cheatham, Jr., Kwan; Ivey, Jimond; Jackson, Antino; Johnson, Isaiah; Robotham, Noah","1:04"
"12/10/2016","5:00 PM","2nd Half","18:56","18-25","Gonzaga","Karnowski, Przemek","","Defensive Rebound","","Karnowski, Przemek; Mathews, Jordan; Perkins, Josh; Williams, Johnathan; Williams-Goss, Nigel","1:04"
"12/10/2016","5:00 PM","2nd Half","18:50","18-27","Gonzaga","Williams, Johnathan","made","Dunk","24","Karnowski, Przemek; Mathews, Jordan; Perkins, Josh; Williams, Johnathan; Williams-Goss, Nigel","1:10"
"12/10/2016","5:00 PM","2nd Half","18:50","18-27","Gonzaga","Williams-Goss, Nigel","","Assist","","Karnowski, Przemek; Mathews, Jordan; Perkins, Josh; Williams, Johnathan; Williams-Goss, Nigel","1:10"
"12/10/2016","5:00 PM","2nd Half","18:22","21-27","Akron","Jackson, Antino","made","Three Point Jumper","2","Cheatham, Jr., Kwan; Ivey, Jimond; Jackson, Antino; Johnson, Isaiah; Robotham, Noah","1:38"
"12/10/2016","5:00 PM","2nd Half","18:22","21-27","Akron","Johnson, Isaiah","","Assist","","Cheatham, Jr., Kwan; Ivey, Jimond; Jackson, Antino; Johnson, Isaiah; Robotham, Noah","1:38"
"12/10/2016","5:00 PM","2nd Half","18:08","21-27","Akron","Cheatham, Jr., Kwan","","Commits Foul","16","Cheatham, Jr., Kwan; Ivey, Jimond; Jackson, Antino; Johnson, Isaiah; Robotham, Noah","1:52"
"12/10/2016","5:00 PM","2nd Half","18:08","21-28","Gonzaga","Karnowski, Przemek","made","Free Throw","","Karnowski, Przemek; Mathews, Jordan; Perkins, Josh; Williams, Johnathan; Williams-Goss, Nigel","1:52"
"12/10/2016","5:00 PM","2nd Half","18:08","21-29","Gonzaga","Karnowski, Przemek","made","Free Throw","","Karnowski, Przemek; Mathews, Jordan; Perkins, Josh; Williams, Johnathan; Williams-Goss, Nigel","1:52"
"12/10/2016","5:00 PM","2nd Half","17:48","21-29","Akron","Robotham, Noah","missed","Two Point Jumper","10","Cheatham, Jr., Kwan; Ivey, Jimond; Jackson, Antino; Johnson, Isaiah; Robotham, Noah","2:12"
"12/10/2016","5:00 PM","2nd Half","17:48","21-29","Gonzaga","Williams-Goss, Nigel","","Defensive Rebound","","Karnowski, Przemek; Mathews, Jordan; Perkins, Josh; Williams, Johnathan; Williams-Goss, Nigel","2:12"
"12/10/2016","5:00 PM","2nd Half","17:26","21-29","Gonzaga","Karnowski, Przemek","missed","Layup","8","Karnowski, Przemek; Mathews, Jordan; Perkins, Josh; Williams, Johnathan; Williams-Goss, Nigel","2:34"
"12/10/2016","5:00 PM","2nd Half","17:26","21-29","Akron","Ivey, Jimond","","Defensive Rebound","","Cheatham, Jr., Kwan; Ivey, Jimond; Jackson, Antino; Johnson, Isaiah; Robotham, Noah","2:34"
"12/10/2016","5:00 PM","2nd Half","17:01","21-29","Gonzaga","Karnowski, Przemek","","Commits Foul","5","Karnowski, Przemek; Mathews, Jordan; Perkins, Josh; Williams, Johnathan; Williams-Goss, Nigel","2:59"
"12/10/2016","5:00 PM","2nd Half","17:01","22-29","Akron","Ivey, Jimond","made","Free Throw","","Cheatham, Jr., Kwan; Ivey, Jimond; Jackson, Antino; Johnson, Isaiah; Robotham, Noah","2:59"
"12/10/2016","5:00 PM","2nd Half","17:01","23-29","Akron","Ivey, Jimond","made","Free Throw","","Cheatham, Jr., Kwan; Ivey, Jimond; Jackson, Antino; Johnson, Isaiah; Robotham, Noah","2:59"
"12/10/2016","5:00 PM","2nd Half","17:01","23-29","Gonzaga","Collins, Zach","","Enters Game","","Collins, Zach; Karnowski, Przemek; Mathews, Jordan; Perkins, Josh; Williams, Johnathan; Williams-Goss, Nigel","0:00"
"12/10/2016","5:00 PM","2nd Half","17:01","23-29","Gonzaga","Karnowski, Przemek","","Leaves Game","","Collins, Zach; Mathews, Jordan; Perkins, Josh; Williams, Johnathan; Williams-Goss, Nigel","0:00"
"12/10/2016","5:00 PM","2nd Half","16:48","23-31","Gonzaga","Collins, Zach","made","Layup","17","Collins, Zach; Mathews, Jordan; Perkins, Josh; Williams, Johnathan; Williams-Goss, Nigel","0:13"
"12/10/2016","5:00 PM","2nd Half","16:48","23-31","Gonzaga","Williams-Goss, Nigel","","Assist","","Collins, Zach; Mathews, Jordan; Perkins, Josh; Williams, Johnathan; Williams-Goss, Nigel","0:13"
"12/10/2016","5:00 PM","2nd Half","16:20","23-31","Akron","Johnson, Isaiah","missed","Layup","2","Cheatham, Jr., Kwan; Ivey, Jimond; Jackson, Antino; Johnson, Isaiah; Robotham, Noah","3:40"
"12/10/2016","5:00 PM","2nd Half","16:20","23-31","Gonzaga","Mathews, Jordan","","Defensive Rebound","","Collins, Zach; Mathews, Jordan; Perkins, Josh; Williams, Johnathan; Williams-Goss, Nigel","0:41"
"12/10/2016","5:00 PM","2nd Half","16:09","23-31","Gonzaga","Collins, Zach","missed","Three Point Jumper","19","Collins, Zach; Mathews, Jordan; Perkins, Josh; Williams, Johnathan; Williams-Goss, Nigel","0:52"
"12/10/2016","5:00 PM","2nd Half","16:09","23-31","Akron","Ivey, Jimond","","Defensive Rebound","","Cheatham, Jr., Kwan; Ivey, Jimond; Jackson, Antino; Johnson, Isaiah; Robotham, Noah","3:51"
"12/10/2016","5:00 PM","2nd Half","15:56","25-31","Akron","Johnson, Isaiah","made","Layup","17","Cheatham, Jr., Kwan; Ivey, Jimond; Jackson, Antino; Johnson, Isaiah; Robotham, Noah","4:04"
"12/10/2016","5:00 PM","2nd Half","15:44","25-31","Gonzaga","Williams-Goss, Nigel","","Turnover","","Collins, Zach; Mathews, Jordan; Perkins, Josh; Williams, Johnathan; Williams-Goss, Nigel","1:17"
"12/10/2016","5:00 PM","2nd Half","15:44","25-31","Akron","Team","","Media Timeout","","Cheatham, Jr., Kwan; Ivey, Jimond; Jackson, Antino; Johnson, Isaiah; Robotham, Noah","4:16"
"12/10/2016","5:00 PM","2nd Half","15:44","25-31","Akron","Williams, Josh","","Enters Game","","Cheatham, Jr., Kwan; Ivey, Jimond; Jackson, Antino; Johnson, Isaiah; Robotham, Noah; Williams, Josh","0:00"
"12/10/2016","5:00 PM","2nd Half","15:44","25-31","Akron","Dunn-Martin, Tavian","","Enters Game","","Cheatham, Jr., Kwan; Dunn-Martin, Tavian; Ivey, Jimond; Jackson, Antino; Johnson, Isaiah; Robotham, Noah; Williams, Josh","0:00"
"12/10/2016","5:00 PM","2nd Half","15:44","25-31","Akron","Jackson, Antino","","Leaves Game","","Cheatham, Jr., Kwan; Dunn-Martin, Tavian; Ivey, Jimond; Johnson, Isaiah; Robotham, Noah; Williams, Josh","0:00"
"12/10/2016","5:00 PM","2nd Half","15:44","25-31","Akron","Robotham, Noah","","Leaves Game","","Cheatham, Jr., Kwan; Dunn-Martin, Tavian; Ivey, Jimond; Johnson, Isaiah; Williams, Josh","0:00"
"12/10/2016","5:00 PM","2nd Half","15:17","25-31","Akron","Dunn-Martin, Tavian","missed","Layup","3","Cheatham, Jr., Kwan; Dunn-Martin, Tavian; Ivey, Jimond; Johnson, Isaiah; Williams, Josh","0:27"
"12/10/2016","5:00 PM","2nd Half","15:17","25-31","Akron","Johnson, Isaiah","","Offensive Rebound","","Cheatham, Jr., Kwan; Dunn-Martin, Tavian; Ivey, Jimond; Johnson, Isaiah; Williams, Josh","0:27"
"12/10/2016","5:00 PM","2nd Half","15:11","28-31","Akron","Cheatham, Jr., Kwan","made","Three Point Jumper","24","Cheatham, Jr., Kwan; Dunn-Martin, Tavian; Ivey, Jimond; Johnson, Isaiah; Williams, Josh","0:33"
"12/10/2016","5:00 PM","2nd Half","15:11","28-31","Akron","Johnson, Isaiah","","Assist","","Cheatham, Jr., Kwan; Dunn-Martin, Tavian; Ivey, Jimond; Johnson, Isaiah; Williams, Josh","0:33"
"12/10/2016","5:00 PM","2nd Half","14:50","28-31","Akron","Hughes, Michael","","Enters Game","","Cheatham, Jr., Kwan; Dunn-Martin, Tavian; Hughes, Michael; Ivey, Jimond; Johnson, Isaiah; Williams, Josh","0:00"
"12/10/2016","5:00 PM","2nd Half","14:50","28-31","Akron","Johnson, Isaiah","","Leaves Game","","Cheatham, Jr., Kwan; Dunn-Martin, Tavian; Hughes, Michael; Ivey, Jimond; Williams, Josh","0:00"
"12/10/2016","5:00 PM","2nd Half","14:50","28-31","Gonzaga","Melson, Silas","","Enters Game","","Collins, Zach; Mathews, Jordan; Melson, Silas; Perkins, Josh; Williams, Johnathan; Williams-Goss, Nigel","0:00"
"12/10/2016","5:00 PM","2nd Half","14:50","28-31","Gonzaga","Mathews, Jordan","","Leaves Game","","Collins, Zach; Melson, Silas; Perkins, Josh; Williams, Johnathan; Williams-Goss, Nigel","0:00"
"12/10/2016","5:00 PM","2nd Half","14:49","28-31","Akron","Ivey, Jimond","","Commits Foul","8","Cheatham, Jr., Kwan; Dunn-Martin, Tavian; Hughes, Michael; Ivey, Jimond; Williams, Josh","0:01"
"12/10/2016","5:00 PM","2nd Half","14:49","28-32","Gonzaga","Williams-Goss, Nigel","made","Free Throw","","Collins, Zach; Melson, Silas; Perkins, Josh; Williams, Johnathan; Williams-Goss, Nigel","0:01"
"12/10/2016","5:00 PM","2nd Half","14:49","28-33","Gonzaga","Williams-Goss, Nigel","made","Free Throw","","Collins, Zach; Melson, Silas; Perkins, Josh; Williams, Johnathan; Williams-Goss, Nigel","0:01"
"12/10/2016","5:00 PM","2nd Half","14:28","28-33","Akron","Dunn-Martin, Tavian","missed","Three Point Jumper","9","Cheatham, Jr., Kwan; Dunn-Martin, Tavian; Hughes, Michael; Ivey, Jimond; Williams, Josh","0:22"
"12/10/2016","5:00 PM","2nd Half","14:28","28-33","Akron","Williams, Josh","","Offensive Rebound","","Cheatham, Jr., Kwan; Dunn-Martin, Tavian; Hughes, Michael; Ivey, Jimond; Williams, Josh","0:22"
"12/10/2016","5:00 PM","2nd Half","14:25","28-33","Akron","Williams, Josh","missed","Layup","27","Cheatham, Jr., Kwan; Dunn-Martin, Tavian; Hughes, Michael; Ivey, Jimond; Williams, Josh","0:25"
"12/10/2016","5:00 PM","2nd Half","14:25","28-33","Gonzaga","Williams, Johnathan","","Blocked Shot","","Collins, Zach; Melson, Silas; Perkins, Josh; Williams, Johnathan; Williams-Goss, Nigel","0:25"
"12/10/2016","5:00 PM","2nd Half","14:24","28-33","Gonzaga","Melson, Silas","","Defensive Rebound","","Collins, Zach; Melson, Silas; Perkins, Josh; Williams, Johnathan; Williams-Goss, Nigel","0:26"
"12/10/2016","5:00 PM","2nd Half","14:14","28-33","Akron","Hughes, Michael","","Commits Foul","19","Cheatham, Jr., Kwan; Dunn-Martin, Tavian; Hughes, Michael; Ivey, Jimond; Williams, Josh","0:36"
"12/10/2016","5:00 PM","2nd Half","14:14","28-34","Gonzaga","Williams-Goss, Nigel","made","Free Throw","","Collins, Zach; Melson, Silas; Perkins, Josh; Williams, Johnathan; Williams-Goss, Nigel","0:36"
"12/10/2016","5:00 PM","2nd Half","14:14","28-35","Gonzaga","Williams-Goss, Nigel","made","Free Throw","","Collins, Zach; Melson, Silas; Perkins, Josh; Williams, Johnathan; Williams-Goss, Nigel","0:36"
"12/10/2016","5:00 PM","2nd Half","14:14","28-35","Akron","Jackson, Aaron","","Enters Game","","Cheatham, Jr., Kwan; Dunn-Martin, Tavian; Hughes, Michael; Ivey, Jimond; Jackson, Aaron; Williams, Josh","0:00"
"12/10/2016","5:00 PM","2nd Half","14:14","28-35","Akron","Johnson, Isaiah","","Enters Game","","Cheatham, Jr., Kwan; Dunn-Martin, Tavian; Hughes, Michael; Ivey, Jimond; Jackson, Aaron; Johnson, Isaiah; Williams, Josh","0:00"
"12/10/2016","5:00 PM","2nd Half","14:14","28-35","Akron","Robotham, Noah","","Enters Game","","Cheatham, Jr., Kwan; Dunn-Martin, Tavian; Hughes, Michael; Ivey, Jimond; Jackson, Aaron; Johnson, Isaiah; Robotham, Noah; Williams, Josh","0:00"
"12/10/2016","5:00 PM","2nd Half","14:14","28-35","Akron","Hughes, Michael","","Leaves Game","","Cheatham, Jr., Kwan; Dunn-Martin, Tavian; Ivey, Jimond; Jackson, Aaron; Johnson, Isaiah; Robotham, Noah; Williams, Josh","0:00"
"12/10/2016","5:00 PM","2nd Half","14:14","28-35","Akron","Williams, Josh","","Leaves Game","","Cheatham, Jr., Kwan; Dunn-Martin, Tavian; Ivey, Jimond; Jackson, Aaron; Johnson, Isaiah; Robotham, Noah","0:00"
"12/10/2016","5:00 PM","2nd Half","14:14","28-35","Akron","Dunn-Martin, Tavian","","Leaves Game","","Cheatham, Jr., Kwan; Ivey, Jimond; Jackson, Aaron; Johnson, Isaiah; Robotham, Noah","0:00"
"12/10/2016","5:00 PM","2nd Half","13:43","28-35","Akron","Team","","Turnover","","Cheatham, Jr., Kwan; Ivey, Jimond; Jackson, Aaron; Johnson, Isaiah; Robotham, Noah","0:31"
"12/10/2016","5:00 PM","2nd Half","13:43","28-35","Akron","Williams, Josh","","Enters Game","","Cheatham, Jr., Kwan; Ivey, Jimond; Jackson, Aaron; Johnson, Isaiah; Robotham, Noah; Williams, Josh","0:00"
"12/10/2016","5:00 PM","2nd Half","13:43","28-35","Akron","Cheatham, Jr., Kwan","","Leaves Game","","Ivey, Jimond; Jackson, Aaron; Johnson, Isaiah; Robotham, Noah; Williams, Josh","0:00"
"12/10/2016","5:00 PM","2nd Half","13:43","28-35","Gonzaga","Tillie, Killian","","Enters Game","","Collins, Zach; Melson, Silas; Perkins, Josh; Tillie, Killian; Williams, Johnathan; Williams-Goss, Nigel","0:00"
"12/10/2016","5:00 PM","2nd Half","13:43","28-35","Gonzaga","Williams, Johnathan","","Leaves Game","","Collins, Zach; Melson, Silas; Perkins, Josh; Tillie, Killian; Williams-Goss, Nigel","0:00"
"12/10/2016","5:00 PM","2nd Half","13:28","28-35","Gonzaga","Tillie, Killian","","Turnover","","Collins, Zach; Melson, Silas; Perkins, Josh; Tillie, Killian; Williams-Goss, Nigel","0:15"
"12/10/2016","5:00 PM","2nd Half","13:24","28-35","Akron","Jackson, Aaron","","Steal","","Ivey, Jimond; Jackson, Aaron; Johnson, Isaiah; Robotham, Noah; Williams, Josh","0:19"
"12/10/2016","5:00 PM","2nd Half","13:20","30-35","Akron","Johnson, Isaiah","made","Layup","22","Ivey, Jimond; Jackson, Aaron; Johnson, Isaiah; Robotham, Noah; Williams, Josh","0:23"
"12/10/2016","5:00 PM","2nd Half","13:20","30-35","Akron","Ivey, Jimond","","Assist","","Ivey, Jimond; Jackson, Aaron; Johnson, Isaiah; Robotham, Noah; Williams, Josh","0:23"
"12/10/2016","5:00 PM","2nd Half","13:20","30-35","Gonzaga","Williams-Goss, Nigel","","Commits Foul","","Collins, Zach; Melson, Silas; Perkins, Josh; Tillie, Killian; Williams-Goss, Nigel","0:23"
"12/10/2016","5:00 PM","2nd Half","13:20","31-35","Akron","Johnson, Isaiah","made","Free Throw","","Ivey, Jimond; Jackson, Aaron; Johnson, Isaiah; Robotham, Noah; Williams, Josh","0:23"
"12/10/2016","5:00 PM","2nd Half","13:04","31-35","Gonzaga","Williams-Goss, Nigel","","Turnover","","Collins, Zach; Melson, Silas; Perkins, Josh; Tillie, Killian; Williams-Goss, Nigel","0:39"
"12/10/2016","5:00 PM","2nd Half","13:03","31-35","Akron","Ivey, Jimond","","Steal","","Ivey, Jimond; Jackson, Aaron; Johnson, Isaiah; Robotham, Noah; Williams, Josh","0:40"
"12/10/2016","5:00 PM","2nd Half","13:01","31-35","Akron","Robotham, Noah","missed","Three Point Jumper","27","Ivey, Jimond; Jackson, Aaron; Johnson, Isaiah; Robotham, Noah; Williams, Josh","0:42"
"12/10/2016","5:00 PM","2nd Half","13:01","31-35","Akron","Team","","Offensive Rebound","","Ivey, Jimond; Jackson, Aaron; Johnson, Isaiah; Robotham, Noah; Williams, Josh","0:42"
"12/10/2016","5:00 PM","2nd Half","12:42","31-35","Akron","Ivey, Jimond","missed","Layup","11","Ivey, Jimond; Jackson, Aaron; Johnson, Isaiah; Robotham, Noah; Williams, Josh","1:01"
"12/10/2016","5:00 PM","2nd Half","12:42","31-35","Gonzaga","Collins, Zach","","Blocked Shot","","Collins, Zach; Melson, Silas; Perkins, Josh; Tillie, Killian; Williams-Goss, Nigel","1:01"
"12/10/2016","5:00 PM","2nd Half","12:41","31-35","Akron","Team","","Offensive Rebound","","Ivey, Jimond; Jackson, Aaron; Johnson, Isaiah; Robotham, Noah; Williams, Josh","1:02"
"12/10/2016","5:00 PM","2nd Half","12:41","31-35","Akron","Jackson, Antino","","Enters Game","","Ivey, Jimond; Jackson, Aaron; Jackson, Antino; Johnson, Isaiah; Robotham, Noah; Williams, Josh","0:00"
"12/10/2016","5:00 PM","2nd Half","12:41","31-35","Akron","Ivey, Jimond","","Leaves Game","","Jackson, Aaron; Jackson, Antino; Johnson, Isaiah; Robotham, Noah; Williams, Josh","0:00"
"12/10/2016","5:00 PM","2nd Half","12:37","31-35","Akron","Johnson, Isaiah","","Turnover","","Jackson, Aaron; Jackson, Antino; Johnson, Isaiah; Robotham, Noah; Williams, Josh","0:04"
"12/10/2016","5:00 PM","2nd Half","12:36","31-35","Gonzaga","Tillie, Killian","","Steal","","Collins, Zach; Melson, Silas; Perkins, Josh; Tillie, Killian; Williams-Goss, Nigel","1:07"
"12/10/2016","5:00 PM","2nd Half","12:31","31-35","Akron","Jackson, Aaron","","Commits Foul","24","Jackson, Aaron; Jackson, Antino; Johnson, Isaiah; Robotham, Noah; Williams, Josh","0:10"
"12/10/2016","5:00 PM","2nd Half","12:31","31-36","Gonzaga","Melson, Silas","made","Free Throw","","Collins, Zach; Melson, Silas; Perkins, Josh; Tillie, Killian; Williams-Goss, Nigel","1:12"
"12/10/2016","5:00 PM","2nd Half","12:31","31-36","Gonzaga","Melson, Silas","missed","Free Throw","","Collins, Zach; Melson, Silas; Perkins, Josh; Tillie, Killian; Williams-Goss, Nigel","1:12"
"12/10/2016","5:00 PM","2nd Half","12:31","31-36","Akron","Team","","Defensive Rebound","","Jackson, Aaron; Jackson, Antino; Johnson, Isaiah; Robotham, Noah; Williams, Josh","0:10"
"12/10/2016","5:00 PM","2nd Half","12:12","31-36","Akron","Jackson, Aaron","missed","Three Point Jumper","11","Jackson, Aaron; Jackson, Antino; Johnson, Isaiah; Robotham, Noah; Williams, Josh","0:29"
"12/10/2016","5:00 PM","2nd Half","12:12","31-36","Gonzaga","Perkins, Josh","","Defensive Rebound","","Collins, Zach; Melson, Silas; Perkins, Josh; Tillie, Killian; Williams-Goss, Nigel","1:31"
"12/10/2016","5:00 PM","2nd Half","11:52","31-38","Gonzaga","Collins, Zach","made","Layup","10","Collins, Zach; Melson, Silas; Perkins, Josh; Tillie, Killian; Williams-Goss, Nigel","1:51"
"12/10/2016","5:00 PM","2nd Half","11:22","34-38","Akron","Robotham, Noah","made","Three Point Jumper","0","Jackson, Aaron; Jackson, Antino; Johnson, Isaiah; Robotham, Noah; Williams, Josh","1:19"
"12/10/2016","5:00 PM","2nd Half","11:22","34-38","Akron","Jackson, Antino","","Assist","","Jackson, Aaron; Jackson, Antino; Johnson, Isaiah; Robotham, Noah; Williams, Josh","1:19"
"12/10/2016","5:00 PM","2nd Half","11:14","34-40","Gonzaga","Melson, Silas","made","Dunk","22","Collins, Zach; Melson, Silas; Perkins, Josh; Tillie, Killian; Williams-Goss, Nigel","2:29"
"12/10/2016","5:00 PM","2nd Half","11:14","34-40","Gonzaga","Williams-Goss, Nigel","","Assist","","Collins, Zach; Melson, Silas; Perkins, Josh; Tillie, Killian; Williams-Goss, Nigel","2:29"
"12/10/2016","5:00 PM","2nd Half","11:08","34-40","Akron","Team","","Media Timeout","","Jackson, Aaron; Jackson, Antino; Johnson, Isaiah; Robotham, Noah; Williams, Josh","1:33"
"12/10/2016","5:00 PM","2nd Half","11:08","34-40","Akron","Ivey, Jimond","","Enters Game","","Ivey, Jimond; Jackson, Aaron; Jackson, Antino; Johnson, Isaiah; Robotham, Noah; Williams, Josh","0:00"
"12/10/2016","5:00 PM","2nd Half","11:08","34-40","Akron","Williams, Josh","","Leaves Game","","Ivey, Jimond; Jackson, Aaron; Jackson, Antino; Johnson, Isaiah; Robotham, Noah","0:00"
"12/10/2016","5:00 PM","2nd Half","11:08","34-40","Gonzaga","Karnowski, Przemek","","Enters Game","","Collins, Zach; Karnowski, Przemek; Melson, Silas; Perkins, Josh; Tillie, Killian; Williams-Goss, Nigel","0:00"
"12/10/2016","5:00 PM","2nd Half","11:08","34-40","Gonzaga","Williams, Johnathan","","Enters Game","","Collins, Zach; Karnowski, Przemek; Melson, Silas; Perkins, Josh; Tillie, Killian; Williams, Johnathan; Williams-Goss, Nigel","0:00"
"12/10/2016","5:00 PM","2nd Half","11:08","34-40","Gonzaga","Tillie, Killian","","Leaves Game","","Collins, Zach; Karnowski, Przemek; Melson, Silas; Perkins, Josh; Williams, Johnathan; Williams-Goss, Nigel","0:00"
"12/10/2016","5:00 PM","2nd Half","11:08","34-40","Gonzaga","Collins, Zach","","Leaves Game","","Karnowski, Przemek; Melson, Silas; Perkins, Josh; Williams, Johnathan; Williams-Goss, Nigel","0:00"
"12/10/2016","5:00 PM","2nd Half","11:06","34-40","Akron","Williams, Josh","","Enters Game","","Ivey, Jimond; Jackson, Aaron; Jackson, Antino; Johnson, Isaiah; Robotham, Noah; Williams, Josh","0:00"
"12/10/2016","5:00 PM","2nd Half","11:06","34-40","Akron","Ivey, Jimond","","Leaves Game","","Jackson, Aaron; Jackson, Antino; Johnson, Isaiah; Robotham, Noah; Williams, Josh","1:33"
"12/10/2016","5:00 PM","2nd Half","10:53","34-40","Gonzaga","Perkins, Josh","","Commits Foul","9","Karnowski, Przemek; Melson, Silas; Perkins, Josh; Williams, Johnathan; Williams-Goss, Nigel","0:15"
"12/10/2016","5:00 PM","2nd Half","10:53","34-40","Akron","Ivey, Jimond","","Enters Game","","Ivey, Jimond; Jackson, Aaron; Jackson, Antino; Johnson, Isaiah; Robotham, Noah; Williams, Josh","0:00"
"12/10/2016","5:00 PM","2nd Half","10:53","34-40","Akron","Robotham, Noah","","Leaves Game","","Ivey, Jimond; Jackson, Aaron; Jackson, Antino; Johnson, Isaiah; Williams, Josh","0:00"
"12/10/2016","5:00 PM","2nd Half","10:46","34-40","Akron","Jackson, Antino","missed","Three Point Jumper","23","Ivey, Jimond; Jackson, Aaron; Jackson, Antino; Johnson, Isaiah; Williams, Josh","0:07"
"12/10/2016","5:00 PM","2nd Half","10:46","34-40","Akron","Team","","Offensive Rebound","","Ivey, Jimond; Jackson, Aaron; Jackson, Antino; Johnson, Isaiah; Williams, Josh","0:07"
"12/10/2016","5:00 PM","2nd Half","10:27","34-40","Akron","Ivey, Jimond","missed","Three Point Jumper","11","Ivey, Jimond; Jackson, Aaron; Jackson, Antino; Johnson, Isaiah; Williams, Josh","0:26"
"12/10/2016","5:00 PM","2nd Half","10:27","34-40","Akron","Jackson, Aaron","","Offensive Rebound","","Ivey, Jimond; Jackson, Aaron; Jackson, Antino; Johnson, Isaiah; Williams, Josh","0:26"
"12/10/2016","5:00 PM","2nd Half","10:23","34-40","Gonzaga","Melson, Silas","","Commits Foul","26","Karnowski, Przemek; Melson, Silas; Perkins, Josh; Williams, Johnathan; Williams-Goss, Nigel","0:45"
"12/10/2016","5:00 PM","2nd Half","10:23","34-40","Akron","Cheatham, Jr., Kwan","","Enters Game","","Cheatham, Jr., Kwan; Ivey, Jimond; Jackson, Aaron; Jackson, Antino; Johnson, Isaiah; Williams, Josh","0:00"
"12/10/2016","5:00 PM","2nd Half","10:23","34-40","Akron","Jackson, Aaron","","Leaves Game","","Cheatham, Jr., Kwan; Ivey, Jimond; Jackson, Antino; Johnson, Isaiah; Williams, Josh","0:00"
"12/10/2016","5:00 PM","2nd Half","10:11","37-40","Akron","Ivey, Jimond","made","Three Point Jumper","18","Cheatham, Jr., Kwan; Ivey, Jimond; Jackson, Antino; Johnson, Isaiah; Williams, Josh","0:12"
"12/10/2016","5:00 PM","2nd Half","10:11","37-40","Akron","Johnson, Isaiah","","Assist","","Cheatham, Jr., Kwan; Ivey, Jimond; Jackson, Antino; Johnson, Isaiah; Williams, Josh","0:12"
"12/10/2016","5:00 PM","2nd Half","09:56","37-42","Gonzaga","Karnowski, Przemek","made","Layup","15","Karnowski, Przemek; Melson, Silas; Perkins, Josh; Williams, Johnathan; Williams-Goss, Nigel","1:12"
"12/10/2016","5:00 PM","2nd Half","09:56","37-42","Gonzaga","Williams-Goss, Nigel","","Assist","","Karnowski, Przemek; Melson, Silas; Perkins, Josh; Williams, Johnathan; Williams-Goss, Nigel","1:12"
"12/10/2016","5:00 PM","2nd Half","09:38","40-42","Akron","Williams, Josh","made","Three Point Jumper","12","Cheatham, Jr., Kwan; Ivey, Jimond; Jackson, Antino; Johnson, Isaiah; Williams, Josh","0:45"
"12/10/2016","5:00 PM","2nd Half","09:38","40-42","Akron","Cheatham, Jr., Kwan","","Assist","","Cheatham, Jr., Kwan; Ivey, Jimond; Jackson, Antino; Johnson, Isaiah; Williams, Josh","0:45"
"12/10/2016","5:00 PM","2nd Half","09:31","40-42","Akron","Johnson, Isaiah","","Commits Foul","23","Cheatham, Jr., Kwan; Ivey, Jimond; Jackson, Antino; Johnson, Isaiah; Williams, Josh","0:52"
"12/10/2016","5:00 PM","2nd Half","09:31","40-42","Akron","Johnson, Isaiah","","Commits Foul","","Cheatham, Jr., Kwan; Ivey, Jimond; Jackson, Antino; Johnson, Isaiah; Williams, Josh","0:52"
"12/10/2016","5:00 PM","2nd Half","09:31","40-42","Akron","Johnson, Isaiah","","Commits Foul","","Cheatham, Jr., Kwan; Ivey, Jimond; Jackson, Antino; Johnson, Isaiah; Williams, Josh","0:52"
"12/10/2016","5:00 PM","2nd Half","09:31","40-42","Gonzaga","Williams-Goss, Nigel","missed","Free Throw","","Karnowski, Przemek; Melson, Silas; Perkins, Josh; Williams, Johnathan; Williams-Goss, Nigel","1:37"
"12/10/2016","5:00 PM","2nd Half","09:31","40-42","Gonzaga","Team","","Deadball Rebound","","Karnowski, Przemek; Melson, Silas; Perkins, Josh; Williams, Johnathan; Williams-Goss, Nigel","1:37"
"12/10/2016","5:00 PM","2nd Half","09:31","40-43","Gonzaga","Williams-Goss, Nigel","made","Free Throw","","Karnowski, Przemek; Melson, Silas; Perkins, Josh; Williams, Johnathan; Williams-Goss, Nigel","1:37"
"12/10/2016","5:00 PM","2nd Half","09:17","40-43","Gonzaga","Williams, Johnathan","","Turnover","","Karnowski, Przemek; Melson, Silas; Perkins, Josh; Williams, Johnathan; Williams-Goss, Nigel","1:51"
"12/10/2016","5:00 PM","2nd Half","09:14","40-43","Akron","Hughes, Michael","","Enters Game","","Cheatham, Jr., Kwan; Hughes, Michael; Ivey, Jimond; Jackson, Antino; Johnson, Isaiah; Williams, Josh","0:00"
"12/10/2016","5:00 PM","2nd Half","09:14","40-43","Akron","Johnson, Isaiah","","Leaves Game","","Cheatham, Jr., Kwan; Hughes, Michael; Ivey, Jimond; Jackson, Antino; Williams, Josh","0:00"
"12/10/2016","5:00 PM","2nd Half","09:03","40-43","Akron","Ivey, Jimond","","Turnover","","Cheatham, Jr., Kwan; Hughes, Michael; Ivey, Jimond; Jackson, Antino; Williams, Josh","0:11"
"12/10/2016","5:00 PM","2nd Half","09:02","40-43","Gonzaga","Melson, Silas","","Steal","","Karnowski, Przemek; Melson, Silas; Perkins, Josh; Williams, Johnathan; Williams-Goss, Nigel","2:06"
"12/10/2016","5:00 PM","2nd Half","09:02","40-43","Akron","Jackson, Antino","","Commits Foul","29","Cheatham, Jr., Kwan; Hughes, Michael; Ivey, Jimond; Jackson, Antino; Williams, Josh","0:12"
"12/10/2016","5:00 PM","2nd Half","09:02","40-43","Gonzaga","Mathews, Jordan","","Enters Game","","Karnowski, Przemek; Mathews, Jordan; Melson, Silas; Perkins, Josh; Williams, Johnathan; Williams-Goss, Nigel","0:00"
"12/10/2016","5:00 PM","2nd Half","09:02","40-43","Gonzaga","Perkins, Josh","","Leaves Game","","Karnowski, Przemek; Mathews, Jordan; Melson, Silas; Williams, Johnathan; Williams-Goss, Nigel","0:00"
"12/10/2016","5:00 PM","2nd Half","08:36","40-43","Akron","Cheatham, Jr., Kwan","","Commits Foul","4","Cheatham, Jr., Kwan; Hughes, Michael; Ivey, Jimond; Jackson, Antino; Williams, Josh","0:38"
"12/10/2016","5:00 PM","2nd Half","08:36","40-44","Gonzaga","Mathews, Jordan","made","Free Throw","","Karnowski, Przemek; Mathews, Jordan; Melson, Silas; Williams, Johnathan; Williams-Goss, Nigel","0:26"
"12/10/2016","5:00 PM","2nd Half","08:36","40-45","Gonzaga","Mathews, Jordan","made","Free Throw","","Karnowski, Przemek; Mathews, Jordan; Melson, Silas; Williams, Johnathan; Williams-Goss, Nigel","0:26"
"12/10/2016","5:00 PM","2nd Half","08:36","40-45","Akron","Jackson, Aaron","","Enters Game","","Cheatham, Jr., Kwan; Hughes, Michael; Ivey, Jimond; Jackson, Aaron; Jackson, Antino; Williams, Josh","0:00"
"12/10/2016","5:00 PM","2nd Half","08:36","40-45","Akron","Cheatham, Jr., Kwan","","Leaves Game","","Hughes, Michael; Ivey, Jimond; Jackson, Aaron; Jackson, Antino; Williams, Josh","0:00"
"12/10/2016","5:00 PM","2nd Half","08:36","40-45","Gonzaga","Perkins, Josh","","Enters Game","","Karnowski, Przemek; Mathews, Jordan; Melson, Silas; Perkins, Josh; Williams, Johnathan; Williams-Goss, Nigel","0:00"
"12/10/2016","5:00 PM","2nd Half","08:36","40-45","Gonzaga","Williams-Goss, Nigel","","Leaves Game","","Karnowski, Przemek; Mathews, Jordan; Melson, Silas; Perkins, Josh; Williams, Johnathan","0:00"
"12/10/2016","5:00 PM","2nd Half","08:14","40-45","Akron","Hughes, Michael","missed","Two Point Jumper","8","Hughes, Michael; Ivey, Jimond; Jackson, Aaron; Jackson, Antino; Williams, Josh","0:22"
"12/10/2016","5:00 PM","2nd Half","08:14","40-45","Akron","Ivey, Jimond","","Offensive Rebound","","Hughes, Michael; Ivey, Jimond; Jackson, Aaron; Jackson, Antino; Williams, Josh","0:22"
"12/10/2016","5:00 PM","2nd Half","08:07","42-45","Akron","Ivey, Jimond","made","Tip In","23","Hughes, Michael; Ivey, Jimond; Jackson, Aaron; Jackson, Antino; Williams, Josh","0:29"
"12/10/2016","5:00 PM","2nd Half","08:00","42-48","Gonzaga","Mathews, Jordan","made","Three Point Jumper","23","Karnowski, Przemek; Mathews, Jordan; Melson, Silas; Perkins, Josh; Williams, Johnathan","0:36"
"12/10/2016","5:00 PM","2nd Half","08:00","42-48","Gonzaga","Karnowski, Przemek","","Assist","","Karnowski, Przemek; Mathews, Jordan; Melson, Silas; Perkins, Josh; Williams, Johnathan","0:36"
"12/10/2016","5:00 PM","2nd Half","07:28","42-48","Gonzaga","Perkins, Josh","","Commits Foul","0","Karnowski, Przemek; Mathews, Jordan; Melson, Silas; Perkins, Josh; Williams, Johnathan","1:08"
"12/10/2016","5:00 PM","2nd Half","07:28","42-48","Akron","Team","","Media Timeout","","Hughes, Michael; Ivey, Jimond; Jackson, Aaron; Jackson, Antino; Williams, Josh","1:08"
"12/10/2016","5:00 PM","2nd Half","07:28","42-48","Akron","Ivey, Jimond","missed","Free Throw","","Hughes, Michael; Ivey, Jimond; Jackson, Aaron; Jackson, Antino; Williams, Josh","1:08"
"12/10/2016","5:00 PM","2nd Half","07:28","42-48","Akron","Team","","Deadball Rebound","","Hughes, Michael; Ivey, Jimond; Jackson, Aaron; Jackson, Antino; Williams, Josh","1:08"
"12/10/2016","5:00 PM","2nd Half","07:28","42-48","Akron","Ivey, Jimond","missed","Free Throw","","Hughes, Michael; Ivey, Jimond; Jackson, Aaron; Jackson, Antino; Williams, Josh","1:08"
"12/10/2016","5:00 PM","2nd Half","07:28","42-48","Akron","Team","","Deadball Rebound","","Hughes, Michael; Ivey, Jimond; Jackson, Aaron; Jackson, Antino; Williams, Josh","1:08"
"12/10/2016","5:00 PM","2nd Half","07:28","43-48","Akron","Ivey, Jimond","made","Free Throw","","Hughes, Michael; Ivey, Jimond; Jackson, Aaron; Jackson, Antino; Williams, Josh","1:08"
"12/10/2016","5:00 PM","2nd Half","07:05","43-50","Gonzaga","Karnowski, Przemek","made","Layup","7","Karnowski, Przemek; Mathews, Jordan; Melson, Silas; Perkins, Josh; Williams, Johnathan","1:31"
"12/10/2016","5:00 PM","2nd Half","06:39","43-50","Akron","Jackson, Antino","missed","Three Point Jumper","4","Hughes, Michael; Ivey, Jimond; Jackson, Aaron; Jackson, Antino; Williams, Josh","1:57"
"12/10/2016","5:00 PM","2nd Half","06:39","43-50","Akron","Team","","Offensive Rebound","","Hughes, Michael; Ivey, Jimond; Jackson, Aaron; Jackson, Antino; Williams, Josh","1:57"
"12/10/2016","5:00 PM","2nd Half","06:36","43-50","Akron","Johnson, Isaiah","missed","Two Point Jumper","27","Hughes, Michael; Ivey, Jimond; Jackson, Aaron; Jackson, Antino; Williams, Josh","2:00"
"12/10/2016","5:00 PM","2nd Half","06:36","43-50","Gonzaga","Karnowski, Przemek","","Blocked Shot","","Karnowski, Przemek; Mathews, Jordan; Melson, Silas; Perkins, Josh; Williams, Johnathan","2:00"
"12/10/2016","5:00 PM","2nd Half","06:36","43-50","Gonzaga","Mathews, Jordan","","Defensive Rebound","","Karnowski, Przemek; Mathews, Jordan; Melson, Silas; Perkins, Josh; Williams, Johnathan","2:00"
"12/10/2016","5:00 PM","2nd Half","06:36","43-50","Akron","Johnson, Isaiah","","Enters Game","","Hughes, Michael; Ivey, Jimond; Jackson, Aaron; Jackson, Antino; Johnson, Isaiah; Williams, Josh","0:00"
"12/10/2016","5:00 PM","2nd Half","06:36","43-50","Akron","Cheatham, Jr., Kwan","","Enters Game","","Cheatham, Jr., Kwan; Hughes, Michael; Ivey, Jimond; Jackson, Aaron; Jackson, Antino; Johnson, Isaiah; Williams, Josh","0:00"
"12/10/2016","5:00 PM","2nd Half","06:36","43-50","Akron","Robotham, Noah","","Enters Game","","Cheatham, Jr., Kwan; Hughes, Michael; Ivey, Jimond; Jackson, Aaron; Jackson, Antino; Johnson, Isaiah; Robotham, Noah; Williams, Josh","0:00"
"12/10/2016","5:00 PM","2nd Half","06:36","43-50","Akron","Hughes, Michael","","Leaves Game","","Cheatham, Jr., Kwan; Ivey, Jimond; Jackson, Aaron; Jackson, Antino; Johnson, Isaiah; Robotham, Noah; Williams, Josh","0:00"
"12/10/2016","5:00 PM","2nd Half","06:36","43-50","Akron","Jackson, Aaron","","Leaves Game","","Cheatham, Jr., Kwan; Ivey, Jimond; Jackson, Antino; Johnson, Isaiah; Robotham, Noah; Williams, Josh","0:00"
"12/10/2016","5:00 PM","2nd Half","06:36","43-50","Akron","Williams, Josh","","Leaves Game","","Cheatham, Jr., Kwan; Ivey, Jimond; Jackson, Antino; Johnson, Isaiah; Robotham, Noah","4:16"
"12/10/2016","5:00 PM","2nd Half","06:36","43-50","Gonzaga","Williams-Goss, Nigel","","Enters Game","","Karnowski, Przemek; Mathews, Jordan; Melson, Silas; Perkins, Josh; Williams, Johnathan; Williams-Goss, Nigel","0:00"
"12/10/2016","5:00 PM","2nd Half","06:36","43-50","Gonzaga","Melson, Silas","","Leaves Game","","Karnowski, Przemek; Mathews, Jordan; Perkins, Josh; Williams, Johnathan; Williams-Goss, Nigel","2:59"
"12/10/2016","5:00 PM","2nd Half","06:10","43-50","Gonzaga","Karnowski, Przemek","missed","Layup","4","Karnowski, Przemek; Mathews, Jordan; Perkins, Josh; Williams, Johnathan; Williams-Goss, Nigel","3:25"
"12/10/2016","5:00 PM","2nd Half","06:10","43-50","Akron","Robotham, Noah","","Defensive Rebound","","Cheatham, Jr., Kwan; Ivey, Jimond; Jackson, Antino; Johnson, Isaiah; Robotham, Noah","4:42"
"12/10/2016","5:00 PM","2nd Half","05:53","43-50","Akron","Johnson, Isaiah","","Turnover","","Cheatham, Jr., Kwan; Ivey, Jimond; Jackson, Antino; Johnson, Isaiah; Robotham, Noah","4:59"
"12/10/2016","5:00 PM","2nd Half","05:37","43-50","Gonzaga","Perkins, Josh","","Turnover","","Karnowski, Przemek; Mathews, Jordan; Perkins, Josh; Williams, Johnathan; Williams-Goss, Nigel","3:58"
"12/10/2016","5:00 PM","2nd Half","05:36","43-50","Akron","Robotham, Noah","","Steal","","Cheatham, Jr., Kwan; Ivey, Jimond; Jackson, Antino; Johnson, Isaiah; Robotham, Noah","5:16"
"12/10/2016","5:00 PM","2nd Half","05:36","43-50","Gonzaga","Perkins, Josh","","Commits Foul","29","Karnowski, Przemek; Mathews, Jordan; Perkins, Josh; Williams, Johnathan; Williams-Goss, Nigel","3:59"
"12/10/2016","5:00 PM","2nd Half","05:36","43-50","Akron","Jackson, Antino","missed","Free Throw","","Cheatham, Jr., Kwan; Ivey, Jimond; Jackson, Antino; Johnson, Isaiah; Robotham, Noah","5:16"
"12/10/2016","5:00 PM","2nd Half","05:36","43-50","Gonzaga","Karnowski, Przemek","","Defensive Rebound","","Karnowski, Przemek; Mathews, Jordan; Perkins, Josh; Williams, Johnathan; Williams-Goss, Nigel","3:59"
"12/10/2016","5:00 PM","2nd Half","05:20","43-52","Gonzaga","Williams, Johnathan","made","Layup","14","Karnowski, Przemek; Mathews, Jordan; Perkins, Josh; Williams, Johnathan; Williams-Goss, Nigel","4:15"
"12/10/2016","5:00 PM","2nd Half","05:00","43-52","Akron","Cheatham, Jr., Kwan","missed","Three Point Jumper","10","Cheatham, Jr., Kwan; Ivey, Jimond; Jackson, Antino; Johnson, Isaiah; Robotham, Noah","5:52"
"12/10/2016","5:00 PM","2nd Half","05:00","43-52","Gonzaga","Mathews, Jordan","","Defensive Rebound","","Karnowski, Przemek; Mathews, Jordan; Perkins, Josh; Williams, Johnathan; Williams-Goss, Nigel","4:35"
"12/10/2016","5:00 PM","2nd Half","04:43","43-54","Gonzaga","Williams-Goss, Nigel","made","Layup","13","Karnowski, Przemek; Mathews, Jordan; Perkins, Josh; Williams, Johnathan; Williams-Goss, Nigel","4:52"
"12/10/2016","5:00 PM","2nd Half","04:37","43-54","Akron","Team","","Second Timeout","","Cheatham, Jr., Kwan; Ivey, Jimond; Jackson, Antino; Johnson, Isaiah; Robotham, Noah","6:15"
"12/10/2016","5:00 PM","2nd Half","04:37","43-54","Akron","Williams, Josh","","Enters Game","","Cheatham, Jr., Kwan; Ivey, Jimond; Jackson, Antino; Johnson, Isaiah; Robotham, Noah; Williams, Josh","0:00"
"12/10/2016","5:00 PM","2nd Half","04:37","43-54","Akron","Jackson, Antino","","Leaves Game","","Cheatham, Jr., Kwan; Ivey, Jimond; Johnson, Isaiah; Robotham, Noah; Williams, Josh","0:00"
"12/10/2016","5:00 PM","2nd Half","04:22","43-54","Akron","Cheatham, Jr., Kwan","missed","Two Point Jumper","9","Cheatham, Jr., Kwan; Ivey, Jimond; Johnson, Isaiah; Robotham, Noah; Williams, Josh","0:15"
"12/10/2016","5:00 PM","2nd Half","04:22","43-54","Gonzaga","Mathews, Jordan","","Defensive Rebound","","Karnowski, Przemek; Mathews, Jordan; Perkins, Josh; Williams, Johnathan; Williams-Goss, Nigel","5:13"
"12/10/2016","5:00 PM","2nd Half","03:51","43-57","Gonzaga","Perkins, Josh","made","Three Point Jumper","0","Karnowski, Przemek; Mathews, Jordan; Perkins, Josh; Williams, Johnathan; Williams-Goss, Nigel","5:44"
"12/10/2016","5:00 PM","2nd Half","03:33","43-57","Akron","Cheatham, Jr., Kwan","","Commits Foul","12","Cheatham, Jr., Kwan; Ivey, Jimond; Johnson, Isaiah; Robotham, Noah; Williams, Josh","1:04"
"12/10/2016","5:00 PM","2nd Half","03:33","43-57","Akron","Cheatham, Jr., Kwan","","Turnover","","Cheatham, Jr., Kwan; Ivey, Jimond; Johnson, Isaiah; Robotham, Noah; Williams, Josh","1:04"
"12/10/2016","5:00 PM","2nd Half","03:33","43-57","Gonzaga","Team","","Timeout","","Karnowski, Przemek; Mathews, Jordan; Perkins, Josh; Williams, Johnathan; Williams-Goss, Nigel","6:02"
"12/10/2016","5:00 PM","2nd Half","03:33","43-57","Akron","Team","","Commits Foul","","Cheatham, Jr., Kwan; Ivey, Jimond; Johnson, Isaiah; Robotham, Noah; Williams, Josh","1:04"
"12/10/2016","5:00 PM","2nd Half","03:33","43-57","Akron","Team","","Commits Foul","","Cheatham, Jr., Kwan; Ivey, Jimond; Johnson, Isaiah; Robotham, Noah; Williams, Josh","1:04"
"12/10/2016","5:00 PM","2nd Half","03:33","43-58","Gonzaga","Mathews, Jordan","made","Free Throw","","Karnowski, Przemek; Mathews, Jordan; Perkins, Josh; Williams, Johnathan; Williams-Goss, Nigel","6:02"
"12/10/2016","5:00 PM","2nd Half","03:33","43-59","Gonzaga","Mathews, Jordan","made","Free Throw","","Karnowski, Przemek; Mathews, Jordan; Perkins, Josh; Williams, Johnathan; Williams-Goss, Nigel","6:02"
"12/10/2016","5:00 PM","2nd Half","03:33","43-59","Akron","Jackson, Aaron","","Enters Game","","Cheatham, Jr., Kwan; Ivey, Jimond; Jackson, Aaron; Johnson, Isaiah; Robotham, Noah; Williams, Josh","0:00"
"12/10/2016","5:00 PM","2nd Half","03:33","43-59","Akron","Cheatham, Jr., Kwan","","Leaves Game","","Ivey, Jimond; Jackson, Aaron; Johnson, Isaiah; Robotham, Noah; Williams, Josh","1:02"
"12/10/2016","5:00 PM","2nd Half","03:18","43-61","Gonzaga","Karnowski, Przemek","made","Layup","15","Karnowski, Przemek; Mathews, Jordan; Perkins, Josh; Williams, Johnathan; Williams-Goss, Nigel","6:17"
"12/10/2016","5:00 PM","2nd Half","03:18","43-61","Gonzaga","Williams-Goss, Nigel","","Assist","","Karnowski, Przemek; Mathews, Jordan; Perkins, Josh; Williams, Johnathan; Williams-Goss, Nigel","6:17"
"12/10/2016","5:00 PM","2nd Half","02:47","43-61","Akron","Robotham, Noah","missed","Layup","0","Ivey, Jimond; Jackson, Aaron; Johnson, Isaiah; Robotham, Noah; Williams, Josh","1:48"
"12/10/2016","5:00 PM","2nd Half","02:47","43-61","Gonzaga","Williams, Johnathan","","Blocked Shot","","Karnowski, Przemek; Mathews, Jordan; Perkins, Josh; Williams, Johnathan; Williams-Goss, Nigel","6:48"
"12/10/2016","5:00 PM","2nd Half","02:45","43-61","Akron","Team","","Offensive Rebound","","Ivey, Jimond; Jackson, Aaron; Johnson, Isaiah; Robotham, Noah; Williams, Josh","1:50"
"12/10/2016","5:00 PM","2nd Half","02:39","43-61","Akron","Jackson, Aaron","missed","Three Point Jumper","22","Ivey, Jimond; Jackson, Aaron; Johnson, Isaiah; Robotham, Noah; Williams, Josh","1:56"
"12/10/2016","5:00 PM","2nd Half","02:39","43-61","Gonzaga","Karnowski, Przemek","","Defensive Rebound","","Karnowski, Przemek; Mathews, Jordan; Perkins, Josh; Williams, Johnathan; Williams-Goss, Nigel","6:56"
"12/10/2016","5:00 PM","2nd Half","02:08","43-61","Gonzaga","Williams, Johnathan","missed","Three Point Jumper","0","Karnowski, Przemek; Mathews, Jordan; Perkins, Josh; Williams, Johnathan; Williams-Goss, Nigel","7:27"
"12/10/2016","5:00 PM","2nd Half","02:08","43-61","Akron","Johnson, Isaiah","","Defensive Rebound","","Ivey, Jimond; Jackson, Aaron; Johnson, Isaiah; Robotham, Noah; Williams, Josh","2:27"
"12/10/2016","5:00 PM","2nd Half","01:52","43-61","Akron","Williams, Josh","missed","Two Point Jumper","14","Ivey, Jimond; Jackson, Aaron; Johnson, Isaiah; Robotham, Noah; Williams, Josh","2:43"
"12/10/2016","5:00 PM","2nd Half","01:52","43-61","Gonzaga","Karnowski, Przemek","","Defensive Rebound","","Karnowski, Przemek; Mathews, Jordan; Perkins, Josh; Williams, Johnathan; Williams-Goss, Nigel","7:43"
"12/10/2016","5:00 PM","2nd Half","01:39","43-61","Akron","Team","","Second Timeout","","Ivey, Jimond; Jackson, Aaron; Johnson, Isaiah; Robotham, Noah; Williams, Josh","2:56"
"12/10/2016","5:00 PM","2nd Half","01:39","43-61","Akron","Jackson, Antino","","Enters Game","","Ivey, Jimond; Jackson, Aaron; Jackson, Antino; Johnson, Isaiah; Robotham, Noah; Williams, Josh","0:00"
"12/10/2016","5:00 PM","2nd Half","01:39","43-61","Akron","Olojakpoke, Emmanuel","","Enters Game","","Ivey, Jimond; Jackson, Aaron; Jackson, Antino; Johnson, Isaiah; Olojakpoke, Emmanuel; Robotham, Noah; Williams, Josh","0:00"
"12/10/2016","5:00 PM","2nd Half","01:39","43-61","Akron","Hughes, Michael","","Enters Game","","Hughes, Michael; Ivey, Jimond; Jackson, Aaron; Jackson, Antino; Johnson, Isaiah; Olojakpoke, Emmanuel; Robotham, Noah; Williams, Josh","0:00"
"12/10/2016","5:00 PM","2nd Half","01:39","43-61","Akron","Ivey, Jimond","","Leaves Game","","Hughes, Michael; Jackson, Aaron; Jackson, Antino; Johnson, Isaiah; Olojakpoke, Emmanuel; Robotham, Noah; Williams, Josh","0:00"
"12/10/2016","5:00 PM","2nd Half","01:39","43-61","Akron","Johnson, Isaiah","","Leaves Game","","Hughes, Michael; Jackson, Aaron; Jackson, Antino; Olojakpoke, Emmanuel; Robotham, Noah; Williams, Josh","0:00"
"12/10/2016","5:00 PM","2nd Half","01:39","43-61","Akron","Jackson, Aaron","","Leaves Game","","Hughes, Michael; Jackson, Antino; Olojakpoke, Emmanuel; Robotham, Noah; Williams, Josh","0:00"
"12/10/2016","5:00 PM","2nd Half","01:39","43-61","Gonzaga","Melson, Silas","","Enters Game","","Karnowski, Przemek; Mathews, Jordan; Melson, Silas; Perkins, Josh; Williams, Johnathan; Williams-Goss, Nigel","0:00"
"12/10/2016","5:00 PM","2nd Half","01:39","43-61","Gonzaga","Collins, Zach","","Enters Game","","Collins, Zach; Karnowski, Przemek; Mathews, Jordan; Melson, Silas; Perkins, Josh; Williams, Johnathan; Williams-Goss, Nigel","0:00"
"12/10/2016","5:00 PM","2nd Half","01:39","43-61","Gonzaga","Alberts, Bryan","","Enters Game","","Alberts, Bryan; Collins, Zach; Karnowski, Przemek; Mathews, Jordan; Melson, Silas; Perkins, Josh; Williams, Johnathan; Williams-Goss, Nigel","0:00"
"12/10/2016","5:00 PM","2nd Half","01:39","43-61","Gonzaga","Jones, Jeremy","","Enters Game","","Alberts, Bryan; Collins, Zach; Jones, Jeremy; Karnowski, Przemek; Mathews, Jordan; Melson, Silas; Perkins, Josh; Williams, Johnathan; Williams-Goss, Nigel","0:00"
"12/10/2016","5:00 PM","2nd Half","01:39","43-61","Gonzaga","Hachimura, Rui","","Enters Game","","Alberts, Bryan; Collins, Zach; Hachimura, Rui; Jones, Jeremy; Karnowski, Przemek; Mathews, Jordan; Melson, Silas; Perkins, Josh; Williams, Johnathan; Williams-Goss, Nigel","0:00"
"12/10/2016","5:00 PM","2nd Half","01:39","43-61","Gonzaga","Williams-Goss, Nigel","","Leaves Game","","Alberts, Bryan; Collins, Zach; Hachimura, Rui; Jones, Jeremy; Karnowski, Przemek; Mathews, Jordan; Melson, Silas; Perkins, Josh; Williams, Johnathan","0:00"
"12/10/2016","5:00 PM","2nd Half","01:39","43-61","Gonzaga","Mathews, Jordan","","Leaves Game","","Alberts, Bryan; Collins, Zach; Hachimura, Rui; Jones, Jeremy; Karnowski, Przemek; Melson, Silas; Perkins, Josh; Williams, Johnathan","0:00"
"12/10/2016","5:00 PM","2nd Half","01:39","43-61","Gonzaga","Karnowski, Przemek","","Leaves Game","","Alberts, Bryan; Collins, Zach; Hachimura, Rui; Jones, Jeremy; Melson, Silas; Perkins, Josh; Williams, Johnathan","0:00"
"12/10/2016","5:00 PM","2nd Half","01:39","43-61","Gonzaga","Perkins, Josh","","Leaves Game","","Alberts, Bryan; Collins, Zach; Hachimura, Rui; Jones, Jeremy; Melson, Silas; Williams, Johnathan","0:00"
"12/10/2016","5:00 PM","2nd Half","01:39","43-61","Gonzaga","Williams, Johnathan","","Leaves Game","","Alberts, Bryan; Collins, Zach; Hachimura, Rui; Jones, Jeremy; Melson, Silas","0:00"
"12/10/2016","5:00 PM","2nd Half","01:32","43-61","Gonzaga","Alberts, Bryan","missed","Three Point Jumper","10","Alberts, Bryan; Collins, Zach; Hachimura, Rui; Jones, Jeremy; Melson, Silas","0:07"
"12/10/2016","5:00 PM","2nd Half","01:32","43-61","Gonzaga","Alberts, Bryan","","Offensive Rebound","","Alberts, Bryan; Collins, Zach; Hachimura, Rui; Jones, Jeremy; Melson, Silas","0:07"
"12/10/2016","5:00 PM","2nd Half","01:23","43-61","Gonzaga","Jones, Jeremy","","Turnover","","Alberts, Bryan; Collins, Zach; Hachimura, Rui; Jones, Jeremy; Melson, Silas","0:16"
"12/10/2016","5:00 PM","2nd Half","01:23","43-61","Akron","Dunn-Martin, Tavian","","Enters Game","","Dunn-Martin, Tavian; Hughes, Michael; Jackson, Antino; Olojakpoke, Emmanuel; Robotham, Noah; Williams, Josh","0:00"
"12/10/2016","5:00 PM","2nd Half","01:23","43-61","Akron","Robotham, Noah","","Leaves Game","","Dunn-Martin, Tavian; Hughes, Michael; Jackson, Antino; Olojakpoke, Emmanuel; Williams, Josh","0:00"
"12/10/2016","5:00 PM","2nd Half","01:06","43-61","Gonzaga","Jones, Jeremy","","Commits Foul","13","Alberts, Bryan; Collins, Zach; Hachimura, Rui; Jones, Jeremy; Melson, Silas","0:33"
"12/10/2016","5:00 PM","2nd Half","01:06","43-61","Akron","Hughes, Michael","missed","Free Throw","","Dunn-Martin, Tavian; Hughes, Michael; Jackson, Antino; Olojakpoke, Emmanuel; Williams, Josh","0:17"
"12/10/2016","5:00 PM","2nd Half","01:06","43-61","Gonzaga","Collins, Zach","","Defensive Rebound","","Alberts, Bryan; Collins, Zach; Hachimura, Rui; Jones, Jeremy; Melson, Silas","0:33"
"12/10/2016","5:00 PM","2nd Half","00:54","43-61","Gonzaga","Hachimura, Rui","missed","Three Point Jumper","18","Alberts, Bryan; Collins, Zach; Hachimura, Rui; Jones, Jeremy; Melson, Silas","0:45"
"12/10/2016","5:00 PM","2nd Half","00:54","43-61","Akron","Dunn-Martin, Tavian","","Defensive Rebound","","Dunn-Martin, Tavian; Hughes, Michael; Jackson, Antino; Olojakpoke, Emmanuel; Williams, Josh","0:29"
"12/10/2016","5:00 PM","2nd Half","00:47","43-61","Akron","Olojakpoke, Emmanuel","","Turnover","","Dunn-Martin, Tavian; Hughes, Michael; Jackson, Antino; Olojakpoke, Emmanuel; Williams, Josh","0:36"
"12/10/2016","5:00 PM","2nd Half","00:43","43-61","Gonzaga","Melson, Silas","","Steal","","Alberts, Bryan; Collins, Zach; Hachimura, Rui; Jones, Jeremy; Melson, Silas","0:56"
"12/10/2016","5:00 PM","2nd Half","00:34","43-61","Gonzaga","Jones, Jeremy","missed","Layup","17","Alberts, Bryan; Collins, Zach; Hachimura, Rui; Jones, Jeremy; Melson, Silas","1:05"
"12/10/2016","5:00 PM","2nd Half","00:34","43-61","Akron","Hughes, Michael","","Blocked Shot","","Dunn-Martin, Tavian; Hughes, Michael; Jackson, Antino; Olojakpoke, Emmanuel; Williams, Josh","0:49"
"12/10/2016","5:00 PM","2nd Half","00:34","43-61","Gonzaga","Team","","Offensive Rebound","","Alberts, Bryan; Collins, Zach; Hachimura, Rui; Jones, Jeremy; Melson, Silas","1:05"
"12/10/2016","5:00 PM","2nd Half","00:34","43-61","Gonzaga","Melson, Silas","missed","Three Point Jumper","","Alberts, Bryan; Collins, Zach; Hachimura, Rui; Jones, Jeremy; Melson, Silas","1:05"
"12/10/2016","5:00 PM","2nd Half","00:34","43-61","Gonzaga","Jones, Jeremy","","Offensive Rebound","","Alberts, Bryan; Collins, Zach; Hachimura, Rui; Jones, Jeremy; Melson, Silas","1:05"
"12/10/2016","5:00 PM","2nd Half","00:25","43-61","Gonzaga","Hachimura, Rui","missed","Two Point Jumper","21","Alberts, Bryan; Collins, Zach; Hachimura, Rui; Jones, Jeremy; Melson, Silas","1:14"
"12/10/2016","5:00 PM","2nd Half","00:25","43-61","Akron","Jackson, Antino","","Defensive Rebound","","Dunn-Martin, Tavian; Hughes, Michael; Jackson, Antino; Olojakpoke, Emmanuel; Williams, Josh","0:58"
"12/10/2016","5:00 PM","2nd Half","00:16","43-61","Akron","Dunn-Martin, Tavian","missed","Three Point Jumper","21","Dunn-Martin, Tavian; Hughes, Michael; Jackson, Antino; Olojakpoke, Emmanuel; Williams, Josh","1:07"
"12/10/2016","5:00 PM","2nd Half","00:16","43-61","Gonzaga","Collins, Zach","","Defensive Rebound","","Alberts, Bryan; Collins, Zach; Hachimura, Rui; Jones, Jeremy; Melson, Silas","1:23"
