"Time","American","Score","Akron"
"19:51","JONES,DELANTE missed Layup","25-33",""
"19:51","","25-33","ROBOTHAM,NOAH Defensive Rebound"
"19:46","","25-33","ROBOTHAM,NOAH Turnover"
"19:44","JONES,DELANTE Steal","25-33",""
"19:43","","25-33","ROBOTHAM,NOAH Commits Foul"
"19:43","JONES,DELANTE missed Free Throw","25-33",""
"19:43","TEAM Deadball Rebound","25-33",""
"19:43","JONES,DELANTE missed Free Throw","25-33",""
"19:43","","25-33","JOHNSON,ISAIAH Defensive Rebound"
"19:30","","25-35","JACKSON,ANTINO made Layup"
"19:16","","25-35","JOHNSON,ISAIAH Commits Foul"
"19:16","GASPERINI,MARK missed Free Throw","25-35",""
"19:16","TEAM Deadball Rebound","25-35",""
"19:16","GASPERINI,MARK made Free Throw","26-35",""
"18:59","","26-35","CHEATHAM,JR,KWAN missed Three Point Jumper"
"18:59","GASPERINI,MARK Defensive Rebound","26-35",""
"18:43","GASPERINI,MARK missed Three Point Jumper","26-35",""
"18:43","","26-35","JACKSON,ANTINO Defensive Rebound"
"18:38","","26-35","JACKSON,ANTINO Turnover"
"18:37","NELSON,SA'EED Steal","26-35",""
"18:37","","26-35","JACKSON,ANTINO Commits Foul"
"18:33","NELSON,SA'EED missed Layup","26-35",""
"18:33","","26-35","JOHNSON,ISAIAH Defensive Rebound"
"18:24","","26-35","JACKSON,ANTINO missed Three Point Jumper"
"18:24","","26-35","CHEATHAM,JR,KWAN Offensive Rebound"
"18:20","","26-35","CHEATHAM,JR,KWAN Turnover"
"18:19","GASPERINI,MARK Steal","26-35",""
"18:16","NELSON,SA'EED missed Layup","26-35",""
"18:16","GASPERINI,MARK Offensive Rebound","26-35",""
"18:11","GASPERINI,MARK missed Layup","26-35",""
"18:11","GASPERINI,MARK Offensive Rebound","26-35",""
"18:09","GASPERINI,MARK made Layup","28-35",""
"17:49","","28-35","JACKSON,ANTINO missed Layup"
"17:49","TOLKSDORF,LEON Defensive Rebound","28-35",""
"17:35","GASPERINI,MARK missed Layup","28-35",""
"17:35","","28-35","CHEATHAM,JR,KWAN Defensive Rebound"
"17:24","","28-37","ROBOTHAM,NOAH made Layup"
"17:24","","28-37","CHEATHAM,JR,KWAN Assist"
"17:05","","28-37","ROBOTHAM,NOAH Commits Foul"
"17:03","JONES,CHARLIE Enters Game","28-37",""
"17:03","JONES,DELANTE Leaves Game","28-37",""
"17:03","","28-37","DUNN-MARTIN,TAVIAN Enters Game"
"17:03","","28-37","IVEY,JIMOND Enters Game"
"17:03","","28-37","JACKSON,ANTINO Leaves Game"
"17:03","","28-37","ROBOTHAM,NOAH Leaves Game"
"16:43","TOLKSDORF,LEON made Layup","30-37",""
"16:22","","30-37","JOHNSON,ISAIAH missed Layup"
"16:22","","30-37","JOHNSON,ISAIAH Offensive Rebound"
"16:19","GASPERINI,MARK Commits Foul","30-37",""
"16:19","","30-38","JOHNSON,ISAIAH made Free Throw"
"16:19","","30-38","JOHNSON,ISAIAH missed Free Throw"
"16:19","CIMINO,MATT Defensive Rebound","30-38",""
"16:19","CIMINO,MATT Enters Game","30-38",""
"16:19","GASPERINI,MARK Leaves Game","30-38",""
"16:19","","30-38","JACKSON,AARON Enters Game"
"16:19","","30-38","CHEATHAM,JR,KWAN Leaves Game"
"15:53","CIMINO,MATT Turnover","30-38",""
"15:53","","30-38","TEAM Team Timeout"
"15:30","","30-38","IVEY,JIMOND Turnover"
"15:27","JONES,CHARLIE Steal","30-38",""
"15:22","","30-38","IVEY,JIMOND Commits Foul"
"15:22","WASHINGTON,JAMES made Free Throw","31-38",""
"15:22","WASHINGTON,JAMES made Free Throw","32-38",""
"15:22","","32-38","JOHNSON,ISAIAH missed Layup"
"15:22","","32-38","JOHNSON,ISAIAH Offensive Rebound"
"15:22","","32-40","JOHNSON,ISAIAH made Layup"
"15:22","WASHINGTON,JAMES made Layup","34-40",""
"15:22","CIMINO,MATT Enters Game","34-40",""
"15:22","JONES,CHARLIE Enters Game","34-40",""
"15:22","WASHINGTON,JAMES Enters Game","34-40",""
"15:22","JONES,DELANTE Enters Game","34-40",""
"15:22","NELSON,SA'EED Enters Game","34-40",""
"15:22","CIMINO,MATT Leaves Game","34-40",""
"15:22","JONES,CHARLIE Leaves Game","34-40",""
"15:22","TOLKSDORF,LEON Leaves Game","34-40",""
"15:22","WASHINGTON,JAMES Leaves Game","34-40",""
"15:22","NELSON,SA'EED Leaves Game","34-40",""
"15:22","","34-40","IVEY,JIMOND Enters Game"
"15:22","","34-40","OLOJAKPOKE,EMMANUEL Enters Game"
"15:22","","34-40","NOBLE,MARK Enters Game"
"15:22","","34-40","UTOMI,DANIEL Enters Game"
"15:22","","34-40","CHEATHAM,JR,KWAN Enters Game"
"15:22","","34-40","JACKSON,AARON Enters Game"
"15:22","","34-40","CHEATHAM,JR,KWAN Enters Game"
"15:22","","34-40","JOHNSON,ISAIAH Leaves Game"
"15:22","","34-40","DUNN-MARTIN,TAVIAN Leaves Game"
"15:22","","34-40","JACKSON,AARON Leaves Game"
"15:22","","34-40","WILLIAMS,JOSH Leaves Game"
"15:22","","34-40","IVEY,JIMOND Leaves Game"
"15:22","","34-40","CHEATHAM,JR,KWAN Leaves Game"
"15:22","","34-40","JACKSON,AARON Leaves Game"
"15:18","","34-40","DUNN-MARTIN,TAVIAN missed Three Point Jumper"
"15:18","","34-40","JACKSON,AARON Offensive Rebound"
"15:13","JONES,CHARLIE Commits Foul","34-40",""
"15:06","GASPERINI,MARK Enters Game","34-40",""
"15:06","CIMINO,MATT Leaves Game","34-40",""
"15:06","","34-40","JACKSON,ANTINO Enters Game"
"15:06","","34-40","HUGHES,MICHAEL Enters Game"
"15:06","","34-40","DUNN-MARTIN,TAVIAN Enters Game"
"15:06","","34-40","OLOJAKPOKE,EMMANUEL Leaves Game"
"15:06","","34-40","NOBLE,MARK Leaves Game"
"15:06","","34-40","UTOMI,DANIEL Leaves Game"
"14:56","","34-40","HUGHES,MICHAEL missed Layup"
"14:56","JONES,DELANTE Defensive Rebound","34-40",""
"14:08","TEAM Turnover","34-40",""
"13:37","","34-40","CHEATHAM,JR,KWAN missed Three Point Jumper"
"13:37","JONES,CHARLIE Defensive Rebound","34-40",""
"13:19","WASHINGTON,JAMES made Three Point Jumper","37-40",""
"13:19","JONES,DELANTE Assist","37-40",""
"12:50","","37-40","IVEY,JIMOND missed Layup"
"12:50","","37-40","HUGHES,MICHAEL Offensive Rebound"
"12:43","","37-40","HUGHES,MICHAEL Turnover"
"12:41","","37-40","ROBOTHAM,NOAH Enters Game"
"12:41","","37-40","DUNN-MARTIN,TAVIAN Leaves Game"
"12:07","GASPERINI,MARK missed Layup","37-40",""
"12:07","","37-40","CHEATHAM,JR,KWAN Defensive Rebound"
"11:59","","37-42","IVEY,JIMOND made Dunk"
"11:59","","37-42","ROBOTHAM,NOAH Assist"
"11:46","GASPERINI,MARK Turnover","37-42",""
"11:44","","37-42","HUGHES,MICHAEL Steal"
"11:39","","37-42","IVEY,JIMOND Turnover"
"11:29","","37-42","TEAM Team Timeout"
"11:25","","37-42","JOHNSON,ISAIAH Enters Game"
"11:25","","37-42","HUGHES,MICHAEL Leaves Game"
"11:13","NELSON,SA'EED made Layup","39-42",""
"10:55","","39-44","IVEY,JIMOND made Layup"
"10:40","NELSON,SA'EED missed Layup","39-44",""
"10:40","","39-44","ROBOTHAM,NOAH Defensive Rebound"
"10:36","","39-44","ROBOTHAM,NOAH Turnover"
"10:35","JONES,DELANTE Steal","39-44",""
"10:33","JONES,DELANTE made Layup","41-44",""
"10:00","JONES,CHARLIE Commits Foul","41-44",""
"09:47","","41-45","CHEATHAM,JR,KWAN made Free Throw"
"09:47","","41-46","CHEATHAM,JR,KWAN made Free Throw"
"09:47","RHEA,JALEN Enters Game","41-46",""
"09:47","NELSON,SA'EED Leaves Game","41-46",""
"09:47","","41-46","JACKSON,AARON Enters Game"
"09:47","","41-46","WILLIAMS,JOSH Enters Game"
"09:47","","41-46","CHEATHAM,JR,KWAN Leaves Game"
"09:47","","41-46","JACKSON,ANTINO Leaves Game"
"09:21","","41-46","JOHNSON,ISAIAH Commits Foul"
"09:14","JONES,DELANTE Turnover","41-46",""
"08:58","JONES,DELANTE Commits Foul","41-46",""
"08:58","","41-47","IVEY,JIMOND made Free Throw"
"08:58","","41-48","IVEY,JIMOND made Free Throw"
"08:58","NELSON,SA'EED Enters Game","41-48",""
"08:58","JONES,DELANTE Leaves Game","41-48",""
"08:58","","41-48","HUGHES,MICHAEL Enters Game"
"08:58","","41-48","JOHNSON,ISAIAH Leaves Game"
"08:43","RHEA,JALEN missed Three Point Jumper","41-48",""
"08:43","","41-48","IVEY,JIMOND Defensive Rebound"
"08:34","","41-48","ROBOTHAM,NOAH missed Three Point Jumper"
"08:34","","41-48","IVEY,JIMOND Offensive Rebound"
"08:22","JONES,DELANTE Enters Game","41-48",""
"08:22","WASHINGTON,JAMES Leaves Game","41-48",""
"08:12","","41-48","ROBOTHAM,NOAH missed Layup"
"08:12","JONES,DELANTE Defensive Rebound","41-48",""
"07:57","","41-48","TEAM Team Timeout"
"07:57","","41-48","JACKSON,ANTINO Enters Game"
"07:57","","41-48","ROBOTHAM,NOAH Leaves Game"
"07:45","JONES,CHARLIE Turnover","41-48",""
"07:44","","41-48","HUGHES,MICHAEL Steal"
"07:31","","41-48","HUGHES,MICHAEL Turnover"
"07:31","NELSON,SA'EED Steal","41-48",""
"07:22","","41-48","WILLIAMS,JOSH Commits Foul"
"07:22","RHEA,JALEN made Free Throw","42-48",""
"07:22","RHEA,JALEN made Free Throw","43-48",""
"06:59","","43-48","JACKSON,ANTINO missed Three Point Jumper"
"06:59","JONES,DELANTE Defensive Rebound","43-48",""
"06:44","RHEA,JALEN missed Three Point Jumper","43-48",""
"06:44","NELSON,SA'EED Offensive Rebound","43-48",""
"06:24","JONES,DELANTE missed Layup","43-48",""
"06:24","","43-48","WILLIAMS,JOSH Defensive Rebound"
"06:06","GASPERINI,MARK Commits Foul","43-48",""
"06:06","","43-49","HUGHES,MICHAEL made Free Throw"
"06:06","","43-50","HUGHES,MICHAEL made Free Throw"
"06:06","CIMINO,MATT Enters Game","43-50",""
"06:06","WASHINGTON,JAMES Enters Game","43-50",""
"06:06","GASPERINI,MARK Leaves Game","43-50",""
"06:06","RHEA,JALEN Leaves Game","43-50",""
"06:06","","43-50","JOHNSON,ISAIAH Enters Game"
"06:06","","43-50","ROBOTHAM,NOAH Enters Game"
"06:06","","43-50","CHEATHAM,JR,KWAN Enters Game"
"06:06","","43-50","HUGHES,MICHAEL Leaves Game"
"06:06","","43-50","JACKSON,ANTINO Leaves Game"
"06:06","","43-50","JACKSON,AARON Leaves Game"
"05:53","","43-50","CHEATHAM,JR,KWAN Commits Foul"
"05:53","JONES,CHARLIE missed Free Throw","43-50",""
"05:53","","43-50","IVEY,JIMOND Defensive Rebound"
"05:38","","43-52","JOHNSON,ISAIAH made Layup"
"05:38","","43-52","IVEY,JIMOND Assist"
"05:38","CIMINO,MATT Commits Foul","43-52",""
"05:38","","43-53","JOHNSON,ISAIAH made Free Throw"
"05:38","GASPERINI,MARK Enters Game","43-53",""
"05:38","CIMINO,MATT Leaves Game","43-53",""
"05:25","JONES,DELANTE made Layup","45-53",""
"05:06","","45-53","IVEY,JIMOND missed Three Point Jumper"
"05:06","NELSON,SA'EED Defensive Rebound","45-53",""
"04:59","NELSON,SA'EED missed Layup","45-53",""
"04:59","","45-53","IVEY,JIMOND Defensive Rebound"
"04:49","","45-53","ROBOTHAM,NOAH missed Layup"
"04:49","JONES,CHARLIE Defensive Rebound","45-53",""
"04:30","GASPERINI,MARK missed Layup","45-53",""
"04:30","","45-53","JOHNSON,ISAIAH Blocked Shot"
"04:28","TEAM Offensive Rebound","45-53",""
"04:22","NELSON,SA'EED missed Layup","45-53",""
"04:22","","45-53","IVEY,JIMOND Defensive Rebound"
"04:10","","45-55","ROBOTHAM,NOAH made Layup"
"03:59","TEAM 30 Second Timeout","45-55",""
"03:59","RHEA,JALEN Enters Game","45-55",""
"03:59","JONES,CHARLIE Leaves Game","45-55",""
"03:52","NELSON,SA'EED missed Layup","45-55",""
"03:52","","45-55","JOHNSON,ISAIAH Defensive Rebound"
"03:23","","45-55","ROBOTHAM,NOAH missed Three Point Jumper"
"03:23","","45-55","IVEY,JIMOND Offensive Rebound"
"03:17","NELSON,SA'EED Commits Foul","45-55",""
"03:13","","45-55","TEAM Team Timeout"
"03:13","","45-55","IVEY,JIMOND missed Free Throw"
"03:13","","45-55","CHEATHAM,JR,KWAN Offensive Rebound"
"03:12","","45-55","ROBOTHAM,NOAH missed Three Point Jumper"
"03:12","","45-55","IVEY,JIMOND Offensive Rebound"
"02:45","GASPERINI,MARK Commits Foul","45-55",""
"02:45","","45-56","JOHNSON,ISAIAH made Free Throw"
"02:45","","45-57","JOHNSON,ISAIAH made Free Throw"
"02:27","JONES,DELANTE missed Two Point Jumper","45-57",""
"02:27","","45-57","JOHNSON,ISAIAH Defensive Rebound"
"02:11","NELSON,SA'EED Commits Foul","45-57",""
"02:07","","45-57","ROBOTHAM,NOAH missed Free Throw"
"02:07","WASHINGTON,JAMES Defensive Rebound","45-57",""
"01:57","JONES,DELANTE made Layup","47-57",""
"01:57","","47-57","IVEY,JIMOND Commits Foul"
"01:57","TEAM 30 Second Timeout","47-57",""
"01:57","JONES,DELANTE missed Free Throw","47-57",""
"01:57","","47-57","IVEY,JIMOND Defensive Rebound"
"01:57","JONES,CHARLIE Enters Game","47-57",""
"01:57","RHEA,JALEN Leaves Game","47-57",""
"01:54","JONES,CHARLIE Commits Foul","47-57",""
"01:54","","47-58","IVEY,JIMOND made Free Throw"
"01:54","","47-59","IVEY,JIMOND made Free Throw"
"01:54","TOLKSDORF,LEON Enters Game","47-59",""
"01:54","PAQUIN,ALEX Enters Game","47-59",""
"01:54","GASPERINI,MARK Leaves Game","47-59",""
"01:54","JONES,CHARLIE Leaves Game","47-59",""
"01:43","","47-59","WILLIAMS,JOSH Commits Foul"
"01:43","WASHINGTON,JAMES made Free Throw","48-59",""
"01:43","WASHINGTON,JAMES made Free Throw","49-59",""
"01:43","GASPERINI,MARK Enters Game","49-59",""
"01:43","JONES,CHARLIE Enters Game","49-59",""
"01:43","TOLKSDORF,LEON Leaves Game","49-59",""
"01:43","PAQUIN,ALEX Leaves Game","49-59",""
"01:42","JONES,DELANTE Commits Foul","49-59",""
"01:42","","49-59","ROBOTHAM,NOAH missed Free Throw"
"01:42","","49-59","TEAM Deadball Rebound"
"01:42","","49-60","ROBOTHAM,NOAH made Free Throw"
"01:42","TOLKSDORF,LEON Enters Game","49-60",""
"01:42","PAQUIN,ALEX Enters Game","49-60",""
"01:42","GASPERINI,MARK Leaves Game","49-60",""
"01:42","JONES,CHARLIE Leaves Game","49-60",""
"01:34","WASHINGTON,JAMES made Three Point Jumper","52-60",""
"01:34","NELSON,SA'EED Assist","52-60",""
"01:30","TEAM 30 Second Timeout","52-60",""
"01:30","JONES,CHARLIE Enters Game","52-60",""
"01:30","TOLKSDORF,LEON Leaves Game","52-60",""
"01:28","PAQUIN,ALEX Commits Foul","52-60",""
"01:28","","52-61","ROBOTHAM,NOAH made Free Throw"
"01:28","","52-62","ROBOTHAM,NOAH made Free Throw"
"01:28","","52-62","NOBLE,MARK Enters Game"
"01:28","","52-62","JOHNSON,ISAIAH Leaves Game"
"01:21","JONES,DELANTE missed Three Point Jumper","52-62",""
"01:21","","52-62","CHEATHAM,JR,KWAN Defensive Rebound"
"01:18","TOLKSDORF,LEON Commits Foul","52-62",""
"01:18","","52-63","CHEATHAM,JR,KWAN made Free Throw"
"01:18","","52-64","CHEATHAM,JR,KWAN made Free Throw"
"01:09","JONES,DELANTE made Three Point Jumper","55-64",""
"01:09","NELSON,SA'EED Assist","55-64",""
"01:02","GASPERINI,MARK Commits Foul","55-64",""
"01:02","","55-65","CHEATHAM,JR,KWAN made Free Throw"
"01:02","","55-66","CHEATHAM,JR,KWAN made Free Throw"
"00:54","JONES,DELANTE missed Three Point Jumper","55-66",""
"00:54","","55-66","JOHNSON,ISAIAH Defensive Rebound"
"00:47","","55-66","ROBOTHAM,NOAH Turnover"
"00:45","JONES,DELANTE Steal","55-66",""
"00:44","JONES,DELANTE made Layup","57-66",""
"00:38","WASHINGTON,JAMES Commits Foul","57-66",""
"00:38","","57-66","IVEY,JIMOND missed Free Throw"
"00:38","","57-66","TEAM Deadball Rebound"
"00:38","","57-67","IVEY,JIMOND made Free Throw"
"00:35","NELSON,SA'EED missed Layup","57-67",""
"00:35","","57-67","IVEY,JIMOND Defensive Rebound"
"00:32","TOLKSDORF,LEON Commits Foul","57-67",""
"00:32","","57-68","IVEY,JIMOND made Free Throw"
"00:32","","57-68","IVEY,JIMOND missed Free Throw"
"00:32","GASPERINI,MARK Defensive Rebound","57-68",""
"00:29","JONES,DELANTE missed Three Point Jumper","57-68",""
"00:29","","57-68","ROBOTHAM,NOAH Defensive Rebound"
"00:25","JONES,DELANTE Commits Foul","57-68",""
"00:25","","57-69","ROBOTHAM,NOAH made Free Throw"
"00:25","","57-70","ROBOTHAM,NOAH made Free Throw"
"00:25","RHEA,JALEN Enters Game","57-70",""
"00:25","JONES,DELANTE Leaves Game","57-70",""
"00:20","NELSON,SA'EED made Three Point Jumper","60-70",""
"00:16","RHEA,JALEN Commits Foul","60-70",""
"00:16","","60-71","ROBOTHAM,NOAH made Free Throw"
"00:16","","60-72","ROBOTHAM,NOAH made Free Throw"
"00:10","NELSON,SA'EED made Layup","62-72",""
"End of 2nd Half"
