"Time","Bowling Green","Score","Akron"
"19:43","","0-0","JOHNSON,ISAIAH Turnover"
"19:23","WIGGINS,DEMAJEO missed Layup","0-0",""
"19:23","","0-0","IVEY,JIMOND Blocked Shot"
"19:12","","0-0","JOHNSON,ISAIAH Defensive Rebound"
"19:10","WIGGINS,DEMAJEO made Layup","2-0",""
"19:10","ALCEGAIRE,WES Assist","2-0",""
"19:07","","2-0","JACKSON,ANTINO Turnover"
"18:45","","2-0","JACKSON,ANTINO missed Three Point Jumper"
"18:45","DENNY,ZACK Defensive Rebound","2-0",""
"18:34","LILLARD,ANTWON missed Layup","2-0",""
"18:34","","2-0","IVEY,JIMOND Blocked Shot"
"18:32","","2-0","ROBOTHAM,NOAH Defensive Rebound"
"18:29","","2-0","ROBOTHAM,NOAH Turnover"
"18:28","LILLARD,ANTWON Steal","2-0",""
"18:27","","2-0","JOHNSON,ISAIAH Commits Foul"
"18:27","DENNY,ZACK made Free Throw","3-0",""
"18:27","DENNY,ZACK missed Free Throw","3-0",""
"18:27","","3-0","CHEATHAM,JR, KWAN Defensive Rebound"
"18:11","","3-0","ROBOTHAM,NOAH Turnover"
"18:10","ALI,ISMAIL Steal","3-0",""
"18:08","ALI,ISMAIL made Layup","5-0",""
"17:43","","5-0","JACKSON,ANTINO Turnover"
"17:34","LILLARD,ANTWON made Three Point Jumper","8-0",""
"17:34","ALI,ISMAIL Assist","8-0",""
"17:08","","8-0","JACKSON,ANTINO missed Layup"
"17:08","","8-0","JACKSON,ANTINO Offensive Rebound"
"17:06","","8-0","JACKSON,ANTINO missed Layup"
"17:06","WIGGINS,DEMAJEO Defensive Rebound","8-0",""
"16:58","LILLARD,ANTWON missed Layup","8-0",""
"16:58","","8-0","CHEATHAM,JR, KWAN Defensive Rebound"
"16:50","","8-0","CHEATHAM,JR, KWAN missed Three Point Jumper"
"16:50","","8-0","ROBOTHAM,NOAH Offensive Rebound"
"16:43","","8-2","JOHNSON,ISAIAH made Layup"
"16:43","","8-2","ROBOTHAM,NOAH Assist"
"16:25","ALCEGAIRE,WES missed Three Point Jumper","8-2",""
"16:25","","8-2","IVEY,JIMOND Defensive Rebound"
"16:12","","8-4","CHEATHAM,JR, KWAN made Layup"
"15:54","DENNY,ZACK missed Three Point Jumper","8-4",""
"15:54","","8-4","CHEATHAM,JR, KWAN Defensive Rebound"
"15:31","","8-7","IVEY,JIMOND made Three Point Jumper"
"15:31","","8-7","ROBOTHAM,NOAH Assist"
"15:16","LILLARD,ANTWON Turnover","8-7",""
"15:16","LILLARD,ANTWON Commits Foul","8-7",""
"15:16","","8-7","TEAM Media Timeout"
"15:16","WORRELL,RASHEED Enters Game","8-7",""
"15:16","WIGGINS,DEMAJEO Leaves Game","8-7",""
"15:16","","8-7","HUGHES,MICHAEL Enters Game"
"15:16","","8-7","DUNN-MARTIN,TAVIAN Enters Game"
"15:16","","8-7","WILLIAMS,JOSH Enters Game"
"15:16","","8-7","JACKSON,ANTINO Leaves Game"
"15:16","","8-7","JOHNSON,ISAIAH Leaves Game"
"15:16","","8-7","ROBOTHAM,NOAH Leaves Game"
"15:10","","8-10","CHEATHAM,JR, KWAN made Three Point Jumper"
"15:10","","8-10","IVEY,JIMOND Assist"
"14:20","WORRELL,RASHEED missed Layup","8-10",""
"14:20","","8-10","IVEY,JIMOND Defensive Rebound"
"14:16","ALI,ISMAIL Commits Foul","8-10",""
"14:16","FRYE,DYLAN Enters Game","8-10",""
"14:16","CALDWELL,RODRICK Enters Game","8-10",""
"14:16","ALI,ISMAIL Leaves Game","8-10",""
"14:16","DENNY,ZACK Leaves Game","8-10",""
"14:01","","8-10","WILLIAMS,JOSH missed Three Point Jumper"
"14:01","CALDWELL,RODRICK Defensive Rebound","8-10",""
"13:50","ALCEGAIRE,WES made Two Point Jumper","10-10",""
"13:31","TURNER,JUSTIN Enters Game","10-10",""
"13:31","LILLARD,ANTWON Leaves Game","10-10",""
"13:31","","10-10","JACKSON,AARON Enters Game"
"13:31","","10-10","CHEATHAM,JR, KWAN Leaves Game"
"13:28","","10-13","DUNN-MARTIN,TAVIAN made Three Point Jumper"
"13:28","","10-13","HUGHES,MICHAEL Assist"
"13:12","ALCEGAIRE,WES missed Three Point Jumper","10-13",""
"13:12","WORRELL,RASHEED Offensive Rebound","10-13",""
"13:07","FRYE,DYLAN Turnover","10-13",""
"13:07","","10-13","JOHNSON,ISAIAH Enters Game"
"13:07","","10-13","HUGHES,MICHAEL Leaves Game"
"12:54","","10-13","IVEY,JIMOND missed Three Point Jumper"
"12:54","","10-13","JOHNSON,ISAIAH Offensive Rebound"
"12:48","","10-13","WILLIAMS,JOSH missed Three Point Jumper"
"12:48","","10-13","WILLIAMS,JOSH Offensive Rebound"
"12:44","","10-13","WILLIAMS,JOSH missed Layup"
"12:44","","10-13","JOHNSON,ISAIAH Offensive Rebound"
"12:42","","10-15","JOHNSON,ISAIAH made Layup"
"12:25","","10-15","JACKSON,AARON Commits Foul"
"12:25","WIGGINS,DEMAJEO Enters Game","10-15",""
"12:25","FOX,MATT Enters Game","10-15",""
"12:25","ALCEGAIRE,WES Leaves Game","10-15",""
"12:25","WORRELL,RASHEED Leaves Game","10-15",""
"12:25","","10-15","JACKSON,ANTINO Enters Game"
"12:25","","10-15","IVEY,JIMOND Leaves Game"
"12:10","","10-15","JOHNSON,ISAIAH Commits Foul"
"12:10","WIGGINS,DEMAJEO made Free Throw","11-15",""
"12:10","WIGGINS,DEMAJEO missed Free Throw","11-15",""
"12:10","","11-15","OLOJAKPOKE,EMMANUEL Defensive Rebound"
"12:10","","11-15","OLOJAKPOKE,EMMANUEL Enters Game"
"12:10","","11-15","JOHNSON,ISAIAH Leaves Game"
"11:53","","11-15","DUNN-MARTIN,TAVIAN Turnover"
"11:52","FOX,MATT Steal","11-15",""
"11:46","FRYE,DYLAN missed Three Point Jumper","11-15",""
"11:46","CALDWELL,RODRICK Offensive Rebound","11-15",""
"11:43","CALDWELL,RODRICK missed Three Point Jumper","11-15",""
"11:43","","11-15","DUNN-MARTIN,TAVIAN Defensive Rebound"
"11:31","","11-17","JACKSON,ANTINO made Layup"
"11:31","","11-18","JACKSON,ANTINO made Free Throw"
"11:31","FRYE,DYLAN Commits Foul","11-18",""
"11:31","","11-18","TEAM Media Timeout"
"11:28","","11-18","OLOJAKPOKE,EMMANUEL Commits Foul"
"11:27","TURNER,JUSTIN missed Layup","11-18",""
"11:27","","11-18","JACKSON,AARON Defensive Rebound"
"11:24","","11-18","DUNN-MARTIN,TAVIAN missed Three Point Jumper"
"11:24","TEAM Defensive Rebound","11-18",""
"10:50","","11-18","DUNN-MARTIN,TAVIAN Leaves Game"
"10:46","TURNER,JUSTIN missed Three Point Jumper","11-18",""
"10:46","","11-18","OLOJAKPOKE,EMMANUEL Defensive Rebound"
"10:40","","11-18","ROBOTHAM,NOAH missed Layup"
"10:40","DENNY,ZACK Defensive Rebound","11-18",""
"10:34","ALI,ISMAIL made Layup","13-18",""
"09:50","LILLARD,ANTWON Enters Game","13-18",""
"09:50","TURNER,JUSTIN Leaves Game","13-18",""
"09:50","","13-18","IVEY,JIMOND Enters Game"
"09:50","","13-18","CHEATHAM,JR, KWAN Enters Game"
"09:50","","13-18","JACKSON,AARON Leaves Game"
"09:50","","13-18","WILLIAMS,JOSH Leaves Game"
"09:46","","13-18","IVEY,JIMOND Turnover"
"09:44","ALI,ISMAIL Steal","13-18",""
"09:38","WIGGINS,DEMAJEO made Dunk","15-18",""
"09:38","ALI,ISMAIL Assist","15-18",""
"09:31","","15-18","WILLIAMS,JOSH missed Three Point Jumper"
"09:31","WIGGINS,DEMAJEO Defensive Rebound","15-18",""
"09:07","","15-18","CHEATHAM,JR, KWAN Commits Foul"
"09:07","","15-18","HUGHES,MICHAEL Enters Game"
"09:07","","15-18","OLOJAKPOKE,EMMANUEL Leaves Game"
"09:02","WIGGINS,DEMAJEO made Layup","17-18",""
"09:02","ALCEGAIRE,WES Assist","17-18",""
"08:57","","17-20","JACKSON,ANTINO made Layup"
"08:53","ALCEGAIRE,WES made Layup","19-20",""
"08:12","","19-20","JOHNSON,ISAIAH Enters Game"
"08:12","","19-20","WILLIAMS,JOSH Enters Game"
"08:12","","19-20","JACKSON,ANTINO Leaves Game"
"08:12","","19-20","HUGHES,MICHAEL Leaves Game"
"08:10","","19-22","CHEATHAM,JR, KWAN made Layup"
"08:10","LILLARD,ANTWON Assist","19-22",""
"07:41","DENNY,ZACK Enters Game","19-22",""
"07:41","ALI,ISMAIL Enters Game","19-22",""
"07:41","ALCEGAIRE,WES Enters Game","19-22",""
"07:41","FRYE,DYLAN Leaves Game","19-22",""
"07:41","FOX,MATT Leaves Game","19-22",""
"07:41","CALDWELL,RODRICK Leaves Game","19-22",""
"07:41","","19-22","ROBOTHAM,NOAH Enters Game"
"07:31","","19-24","IVEY,JIMOND made Dunk"
"07:31","","19-24","JOHNSON,ISAIAH Assist"
"07:15","ALCEGAIRE,WES Turnover","19-24",""
"07:00","","19-24","JOHNSON,ISAIAH missed Layup"
"07:00","","19-24","JOHNSON,ISAIAH Offensive Rebound"
"06:57","","19-26","JOHNSON,ISAIAH made Layup"
"06:44","WIGGINS,DEMAJEO made Dunk","21-26",""
"06:44","ALI,ISMAIL Assist","21-26",""
"06:11","","21-26","WILLIAMS,JOSH missed Three Point Jumper"
"06:11","TEAM Deadball Rebound","21-26",""
"06:09","","21-26","CHEATHAM,JR, KWAN Commits Foul"
"06:09","WORRELL,RASHEED Enters Game","21-26",""
"06:09","WIGGINS,DEMAJEO Leaves Game","21-26",""
"06:09","","21-26","JACKSON,AARON Enters Game"
"06:09","","21-26","CHEATHAM,JR, KWAN Leaves Game"
"05:43","ALI,ISMAIL made Layup","23-26",""
"05:31","","23-26","ROBOTHAM,NOAH missed Layup"
"05:31","WORRELL,RASHEED Blocked Shot","23-26",""
"05:29","ALI,ISMAIL Defensive Rebound","23-26",""
"05:25","DENNY,ZACK missed Three Point Jumper","23-26",""
"05:25","","23-26","JOHNSON,ISAIAH Defensive Rebound"
"05:07","WORRELL,RASHEED Commits Foul","23-26",""
"05:07","","23-27","IVEY,JIMOND made Free Throw"
"05:07","","23-28","IVEY,JIMOND made Free Throw"
"05:07","","23-28","JACKSON,ANTINO Enters Game"
"05:07","","23-28","ROBOTHAM,NOAH Leaves Game"
"04:50","LILLARD,ANTWON made Layup","25-28",""
"04:50","","25-28","JACKSON,AARON Commits Foul"
"04:50","LILLARD,ANTWON made Free Throw","26-28",""
"04:38","","26-30","IVEY,JIMOND made Dunk"
"04:38","","26-30","JOHNSON,ISAIAH Assist"
"04:19","DENNY,ZACK made Layup","28-30",""
"03:55","WORRELL,RASHEED Commits Foul","28-30",""
"03:55","","28-30","TEAM Media Timeout"
"03:55","WIGGINS,DEMAJEO Enters Game","28-30",""
"03:55","WORRELL,RASHEED Leaves Game","28-30",""
"03:55","","28-30","DUNN-MARTIN,TAVIAN Enters Game"
"03:55","","28-30","WILLIAMS,JOSH Leaves Game"
"03:49","","28-30","JOHNSON,ISAIAH Turnover"
"03:34","WIGGINS,DEMAJEO made Layup","30-30",""
"03:11","","30-30","JOHNSON,ISAIAH missed Layup"
"03:11","LILLARD,ANTWON Blocked Shot","30-30",""
"03:11","TEAM Defensive Rebound","30-30",""
"03:11","","30-30","OLOJAKPOKE,EMMANUEL Enters Game"
"03:11","","30-30","JOHNSON,ISAIAH Leaves Game"
"03:01","","30-30","JACKSON,ANTINO Commits Foul"
"03:01","ALI,ISMAIL made Free Throw","31-30",""
"03:01","ALI,ISMAIL missed Free Throw","31-30",""
"03:01","","31-30","OLOJAKPOKE,EMMANUEL Defensive Rebound"
"02:45","","31-30","JACKSON,ANTINO Turnover"
"02:45","ALI,ISMAIL Steal","31-30",""
"02:45","","31-30","ROBOTHAM,NOAH Enters Game"
"02:45","","31-30","JACKSON,ANTINO Leaves Game"
"02:29","WIGGINS,DEMAJEO missed Layup","31-30",""
"02:29","","31-30","DUNN-MARTIN,TAVIAN Defensive Rebound"
"02:18","","31-32","OLOJAKPOKE,EMMANUEL made Dunk"
"02:18","","31-32","DUNN-MARTIN,TAVIAN Assist"
"02:01","DENNY,ZACK made Layup","33-32",""
"01:35","","33-34","JACKSON,AARON made Layup"
"01:15","LILLARD,ANTWON Turnover","33-34",""
"01:14","","33-34","OLOJAKPOKE,EMMANUEL Steal"
"01:10","","33-37","DUNN-MARTIN,TAVIAN made Three Point Jumper"
"01:10","","33-37","ROBOTHAM,NOAH Assist"
"01:07","TEAM 30 Second Timeout","33-37",""
"01:07","TURNER,JUSTIN Enters Game","33-37",""
"01:07","LILLARD,ANTWON Leaves Game","33-37",""
"01:07","","33-37","WILLIAMS,JOSH Enters Game"
"01:07","","33-37","IVEY,JIMOND Leaves Game"
"00:57","DENNY,ZACK missed Three Point Jumper","33-37",""
"00:57","ALI,ISMAIL Offensive Rebound","33-37",""
"00:30","DENNY,ZACK missed Layup","33-37",""
"00:30","WIGGINS,DEMAJEO Offensive Rebound","33-37",""
"00:27","WIGGINS,DEMAJEO made Layup","35-37",""
"00:01","","35-37","ROBOTHAM,NOAH missed Two Point Jumper"
"00:01","ALI,ISMAIL Defensive Rebound","35-37",""
"End of 1st Half"
