"Time","Bowling Green","Score","Akron"
"19:51","","35-39","JOHNSON,ISAIAH made Layup"
"19:51","","35-39","CHEATHAM,JR, KWAN Assist"
"19:37","LILLARD,ANTWON made Layup","37-39",""
"19:37","ALCEGAIRE,WES Assist","37-39",""
"19:16","","37-39","CHEATHAM,JR, KWAN missed Three Point Jumper"
"19:16","WIGGINS,DEMAJEO Defensive Rebound","37-39",""
"19:09","ALI,ISMAIL made Layup","39-39",""
"18:42","","39-42","ROBOTHAM,NOAH made Three Point Jumper"
"18:42","","39-42","JOHNSON,ISAIAH Assist"
"18:25","ALI,ISMAIL missed Layup","39-42",""
"18:25","WIGGINS,DEMAJEO Offensive Rebound","39-42",""
"18:04","WIGGINS,DEMAJEO missed Layup","39-42",""
"18:04","","39-42","CHEATHAM,JR, KWAN Defensive Rebound"
"17:52","","39-44","JACKSON,ANTINO made Layup"
"17:28","DENNY,ZACK made Two Point Jumper","41-44",""
"17:28","ALI,ISMAIL Assist","41-44",""
"17:08","","41-46","IVEY,JIMOND made Layup"
"17:08","","41-46","JOHNSON,ISAIAH Assist"
"16:45","ALI,ISMAIL missed Layup","41-46",""
"16:45","","41-46","IVEY,JIMOND Defensive Rebound"
"16:36","","41-46","ROBOTHAM,NOAH missed Three Point Jumper"
"16:36","WIGGINS,DEMAJEO Defensive Rebound","41-46",""
"16:28","ALCEGAIRE,WES made Layup","43-46",""
"16:28","","43-46","JACKSON,ANTINO Commits Foul"
"16:28","ALCEGAIRE,WES made Free Throw","44-46",""
"16:28","CALDWELL,RODRICK Enters Game","44-46",""
"16:28","ALI,ISMAIL Leaves Game","44-46",""
"16:07","","44-46","JACKSON,ANTINO missed Layup"
"16:07","ALCEGAIRE,WES Defensive Rebound","44-46",""
"16:00","WIGGINS,DEMAJEO made Layup","46-46",""
"16:00","LILLARD,ANTWON Assist","46-46",""
"15:45","","46-48","JOHNSON,ISAIAH made Dunk"
"15:27","","46-48","IVEY,JIMOND Commits Foul"
"15:25","","46-48","TEAM Media Timeout"
"15:25","WORRELL,RASHEED Enters Game","46-48",""
"15:25","WIGGINS,DEMAJEO Leaves Game","46-48",""
"15:25","","46-48","WILLIAMS,JOSH Enters Game"
"15:25","","46-48","DUNN-MARTIN,TAVIAN Enters Game"
"15:25","","46-48","JACKSON,ANTINO Leaves Game"
"15:25","","46-48","ROBOTHAM,NOAH Leaves Game"
"15:23","ALCEGAIRE,WES missed Three Point Jumper","46-48",""
"15:23","","46-48","IVEY,JIMOND Defensive Rebound"
"15:02","","46-50","JOHNSON,ISAIAH made Two Point Jumper"
"14:40","LILLARD,ANTWON Turnover","46-50",""
"14:40","FRYE,DYLAN Enters Game","46-50",""
"14:40","DENNY,ZACK Leaves Game","46-50",""
"14:19","","46-52","JOHNSON,ISAIAH made Layup"
"14:19","","46-52","DUNN-MARTIN,TAVIAN Assist"
"14:01","CALDWELL,RODRICK missed Layup","46-52",""
"14:01","","46-52","IVEY,JIMOND Defensive Rebound"
"13:58","ALCEGAIRE,WES Commits Foul","46-52",""
"13:58","","46-53","IVEY,JIMOND made Free Throw"
"13:58","","46-54","IVEY,JIMOND made Free Throw"
"13:58","ALI,ISMAIL Enters Game","46-54",""
"13:58","WIGGINS,DEMAJEO Enters Game","46-54",""
"13:58","CALDWELL,RODRICK Leaves Game","46-54",""
"13:58","WORRELL,RASHEED Leaves Game","46-54",""
"13:35","FRYE,DYLAN missed Three Point Jumper","46-54",""
"13:35","","46-54","CHEATHAM,JR, KWAN Defensive Rebound"
"13:26","","46-54","DUNN-MARTIN,TAVIAN Turnover"
"13:24","ALI,ISMAIL Steal","46-54",""
"13:21","ALI,ISMAIL Turnover","46-54",""
"13:20","","46-54","DUNN-MARTIN,TAVIAN Steal"
"13:17","","46-56","CHEATHAM,JR, KWAN made Dunk"
"13:17","","46-56","IVEY,JIMOND Assist"
"13:14","TEAM 30 Second Timeout","46-56",""
"12:52","LILLARD,ANTWON made Layup","48-56",""
"12:34","","48-59","WILLIAMS,JOSH made Three Point Jumper"
"12:34","","48-59","DUNN-MARTIN,TAVIAN Assist"
"12:10","WIGGINS,DEMAJEO missed Layup","48-59",""
"12:10","","48-59","JOHNSON,ISAIAH Defensive Rebound"
"11:55","","48-59","DUNN-MARTIN,TAVIAN missed Three Point Jumper"
"11:55","ALI,ISMAIL Defensive Rebound","48-59",""
"11:33","ALI,ISMAIL made Layup","50-59",""
"11:19","","50-59","JOHNSON,ISAIAH Turnover"
"11:17","ALI,ISMAIL Steal","50-59",""
"11:14","","50-59","IVEY,JIMOND Commits Foul"
"11:14","","50-59","TEAM Media Timeout"
"11:14","TURNER,JUSTIN Enters Game","50-59",""
"11:14","LILLARD,ANTWON Leaves Game","50-59",""
"11:14","","50-59","ROBOTHAM,NOAH Enters Game"
"11:14","","50-59","JACKSON,AARON Enters Game"
"11:14","","50-59","JACKSON,ANTINO Enters Game"
"11:14","","50-59","IVEY,JIMOND Leaves Game"
"11:14","","50-59","JOHNSON,ISAIAH Leaves Game"
"11:14","","50-59","DUNN-MARTIN,TAVIAN Leaves Game"
"11:05","FRYE,DYLAN made Two Point Jumper","52-59",""
"11:05","ALI,ISMAIL Assist","52-59",""
"10:49","","52-59","CHEATHAM,JR, KWAN missed Two Point Jumper"
"10:49","FRYE,DYLAN Defensive Rebound","52-59",""
"10:25","ALI,ISMAIL missed Layup","52-59",""
"10:25","WIGGINS,DEMAJEO Offensive Rebound","52-59",""
"10:22","WIGGINS,DEMAJEO made Layup","54-59",""
"10:05","ALI,ISMAIL Commits Foul","54-59",""
"09:58","","54-59","JACKSON,ANTINO Turnover"
"09:58","","54-59","JACKSON,ANTINO Commits Foul"
"09:41","WIGGINS,DEMAJEO missed Layup","54-59",""
"09:41","FRYE,DYLAN Offensive Rebound","54-59",""
"09:35","ALCEGAIRE,WES made Layup","56-59",""
"09:35","","56-59","CHEATHAM,JR, KWAN Commits Foul"
"09:35","ALCEGAIRE,WES made Free Throw","57-59",""
"09:35","","57-59","JOHNSON,ISAIAH Enters Game"
"09:35","","57-59","CHEATHAM,JR, KWAN Leaves Game"
"09:12","FRYE,DYLAN Commits Foul","57-59",""
"09:12","","57-59","WILLIAMS,JOSH missed Free Throw"
"09:12","","57-59","TEAM Deadball Rebound"
"09:12","","57-60","WILLIAMS,JOSH made Free Throw"
"08:50","","57-60","JOHNSON,ISAIAH Commits Foul"
"08:50","ALI,ISMAIL made Free Throw","58-60",""
"08:50","ALI,ISMAIL made Free Throw","59-60",""
"08:38","","59-60","ROBOTHAM,NOAH Turnover"
"08:38","","59-60","ROBOTHAM,NOAH Commits Foul"
"08:25","ALCEGAIRE,WES Turnover","59-60",""
"08:25","ALCEGAIRE,WES Commits Foul","59-60",""
"08:25","FOX,MATT Enters Game","59-60",""
"08:25","ALCEGAIRE,WES Leaves Game","59-60",""
"08:25","","59-60","IVEY,JIMOND Enters Game"
"08:25","","59-60","ROBOTHAM,NOAH Leaves Game"
"08:08","ALI,ISMAIL Commits Foul","59-60",""
"08:08","","59-60","JACKSON,ANTINO missed Free Throw"
"08:08","","59-60","TEAM Deadball Rebound"
"08:08","","59-61","JACKSON,ANTINO made Free Throw"
"07:53","ALI,ISMAIL Turnover","59-61",""
"07:53","ALI,ISMAIL Commits Foul","59-61",""
"07:53","CALDWELL,RODRICK Enters Game","59-61",""
"07:53","ALI,ISMAIL Leaves Game","59-61",""
"07:38","","59-63","IVEY,JIMOND made Layup"
"07:38","","59-63","JOHNSON,ISAIAH Assist"
"07:30","","59-63","JACKSON,AARON Turnover"
"07:30","TURNER,JUSTIN Commits Foul","59-63",""
"07:30","ALCEGAIRE,WES Enters Game","59-63",""
"07:30","DENNY,ZACK Enters Game","59-63",""
"07:30","LILLARD,ANTWON Enters Game","59-63",""
"07:30","FOX,MATT Leaves Game","59-63",""
"07:30","TURNER,JUSTIN Leaves Game","59-63",""
"07:30","FRYE,DYLAN Leaves Game","59-63",""
"07:30","","59-63","CHEATHAM,JR, KWAN Enters Game"
"07:30","","59-63","JACKSON,AARON Leaves Game"
"07:13","","59-65","IVEY,JIMOND made Layup"
"07:13","","59-65","JOHNSON,ISAIAH Assist"
"07:10","ALCEGAIRE,WES Commits Foul","59-65",""
"07:08","","59-65","IVEY,JIMOND missed Free Throw"
"07:08","ALCEGAIRE,WES Defensive Rebound","59-65",""
"06:43","DENNY,ZACK made Layup","61-65",""
"06:20","","61-68","WILLIAMS,JOSH made Three Point Jumper"
"06:20","","61-68","JOHNSON,ISAIAH Assist"
"05:47","WIGGINS,DEMAJEO made Layup","63-68",""
"05:47","DENNY,ZACK Assist","63-68",""
"05:20","ALCEGAIRE,WES Commits Foul","63-68",""
"05:20","","63-69","IVEY,JIMOND made Free Throw"
"05:20","","63-70","IVEY,JIMOND made Free Throw"
"05:20","FOX,MATT Enters Game","63-70",""
"05:20","ALCEGAIRE,WES Leaves Game","63-70",""
"05:20","","63-70","DUNN-MARTIN,TAVIAN Enters Game"
"05:20","","63-70","JACKSON,ANTINO Leaves Game"
"05:12","","63-70","IVEY,JIMOND Commits Foul"
"05:12","LILLARD,ANTWON made Free Throw","64-70",""
"05:12","LILLARD,ANTWON made Free Throw","65-70",""
"05:04","","65-70","WILLIAMS,JOSH missed Three Point Jumper"
"05:04","","65-70","CHEATHAM,JR, KWAN Offensive Rebound"
"04:59","","65-70","CHEATHAM,JR, KWAN missed Layup"
"04:59","","65-70","JOHNSON,ISAIAH Offensive Rebound"
"04:54","LILLARD,ANTWON Commits Foul","65-70",""
"04:54","","65-71","JOHNSON,ISAIAH made Free Throw"
"04:54","","65-71","JOHNSON,ISAIAH missed Free Throw"
"04:54","","65-71","CHEATHAM,JR, KWAN Offensive Rebound"
"04:45","","65-74","CHEATHAM,JR, KWAN made Three Point Jumper"
"04:40","TEAM 30 Second Timeout","65-74",""
"04:38","","65-74","CHEATHAM,JR, KWAN Commits Foul"
"04:38","LILLARD,ANTWON made Free Throw","66-74",""
"04:38","LILLARD,ANTWON made Free Throw","67-74",""
"04:12","","67-77","CHEATHAM,JR, KWAN made Three Point Jumper"
"04:12","","67-77","JOHNSON,ISAIAH Assist"
"03:54","LILLARD,ANTWON made Two Point Jumper","69-77",""
"03:31","","69-77","IVEY,JIMOND Turnover"
"03:30","WIGGINS,DEMAJEO Steal","69-77",""
"03:27","DENNY,ZACK made Three Point Jumper","72-77",""
"03:08","FOX,MATT Commits Foul","72-77",""
"03:08","","72-77","TEAM Media Timeout"
"03:08","","72-77","CHEATHAM,JR, KWAN missed Free Throw"
"03:08","","72-77","TEAM Deadball Rebound"
"03:08","","72-78","CHEATHAM,JR, KWAN made Free Throw"
"03:08","","72-78","ROBOTHAM,NOAH Enters Game"
"03:08","","72-78","DUNN-MARTIN,TAVIAN Leaves Game"
"02:48","WIGGINS,DEMAJEO missed Layup","72-78",""
"02:48","WIGGINS,DEMAJEO Offensive Rebound","72-78",""
"02:45","WIGGINS,DEMAJEO made Layup","74-78",""
"02:16","","74-81","WILLIAMS,JOSH made Three Point Jumper"
"02:16","","74-81","ROBOTHAM,NOAH Assist"
"01:59","FOX,MATT made Three Point Jumper","77-81",""
"01:59","CALDWELL,RODRICK Assist","77-81",""
"01:40","","77-81","WILLIAMS,JOSH Turnover"
"01:38","CALDWELL,RODRICK Steal","77-81",""
"01:35","CALDWELL,RODRICK missed Three Point Jumper","77-81",""
"01:35","","77-81","TEAM Deadball Rebound"
"01:33","WIGGINS,DEMAJEO Commits Foul","77-81",""
"01:33","","77-82","CHEATHAM,JR, KWAN made Free Throw"
"01:33","","77-83","CHEATHAM,JR, KWAN made Free Throw"
"01:33","ALI,ISMAIL Enters Game","77-83",""
"01:33","CALDWELL,RODRICK Leaves Game","77-83",""
"01:33","","77-83","JACKSON,ANTINO Enters Game"
"01:33","","77-83","WILLIAMS,JOSH Leaves Game"
"01:21","DENNY,ZACK made Two Point Jumper","79-83",""
"00:54","WIGGINS,DEMAJEO Commits Foul","79-83",""
"00:54","","79-83","JOHNSON,ISAIAH missed Free Throw"
"00:54","","79-83","TEAM Deadball Rebound"
"00:54","","79-84","JOHNSON,ISAIAH made Free Throw"
"00:54","","79-84","WILLIAMS,JOSH Enters Game"
"00:54","","79-84","ROBOTHAM,NOAH Leaves Game"
"00:34","WIGGINS,DEMAJEO Turnover","79-84",""
"00:28","WIGGINS,DEMAJEO Commits Foul","79-84",""
"00:28","WIGGINS,DEMAJEO missed Layup","79-84",""
"00:28","","79-84","CHEATHAM,JR, KWAN Blocked Shot"
"00:28","","79-84","JOHNSON,ISAIAH Defensive Rebound"
"00:28","","79-84","WILLIAMS,JOSH missed Free Throw"
"00:28","","79-84","TEAM Deadball Rebound"
"00:28","","79-85","WILLIAMS,JOSH made Free Throw"
"00:28","ALCEGAIRE,WES Enters Game","79-85",""
"00:28","FOX,MATT Leaves Game","79-85",""
"00:17","","79-85","WILLIAMS,JOSH Commits Foul"
"00:17","DENNY,ZACK made Free Throw","80-85",""
"00:17","DENNY,ZACK made Free Throw","81-85",""
"00:17","","81-85","ROBOTHAM,NOAH Enters Game"
"00:17","","81-85","WILLIAMS,JOSH Leaves Game"
"00:16","ALCEGAIRE,WES Commits Foul","81-85",""
"00:16","","81-86","IVEY,JIMOND made Free Throw"
"00:16","","81-87","IVEY,JIMOND made Free Throw"
"00:16","FOX,MATT Enters Game","81-87",""
"00:16","ALCEGAIRE,WES Leaves Game","81-87",""
"00:11","ALI,ISMAIL made Three Point Jumper","84-87",""
"00:10","","84-87","TEAM Team Timeout"
"00:10","LILLARD,ANTWON Commits Foul","84-87",""
"00:10","","84-88","IVEY,JIMOND made Free Throw"
"00:10","","84-89","IVEY,JIMOND made Free Throw"
"00:10","TURNER,JUSTIN Enters Game","84-89",""
"00:10","WIGGINS,DEMAJEO Leaves Game","84-89",""
"00:10","","84-89","WILLIAMS,JOSH Enters Game"
"00:10","","84-89","ROBOTHAM,NOAH Leaves Game"
"00:05","FOX,MATT missed Three Point Jumper","84-89",""
"00:05","","84-89","IVEY,JIMOND Defensive Rebound"
"End of 2nd Half"
