"Time","Eastern Mich.","Score","Akron"
"19:40","LEE,RAY missed Two Point Jumper","0-0",""
"19:40","THOMPSON IV,JAMES Offensive Rebound","0-0",""
"19:31","THOMPSON IV,JAMES Turnover","0-0",""
"19:31","","0-0","JOHNSON,ISAIAH Steal"
"19:17","","0-0","JACKSON,ANTINO missed Three Point Jumper"
"19:17","BOND,TIM Defensive Rebound","0-0",""
"19:04","LEE,RAY Turnover","0-0",""
"19:03","","0-0","JACKSON,ANTINO Steal"
"18:59","","0-0","IVEY,JIMOND missed Layup"
"18:59","THOMPSON IV,JAMES Defensive Rebound","0-0",""
"18:35","LEE,RAY missed Three Point Jumper","0-0",""
"18:35","THOMPSON IV,JAMES Offensive Rebound","0-0",""
"18:29","THOMPSON IV,JAMES missed Layup","0-0",""
"18:29","","0-0","CHEATHAM,JR, KWAN Defensive Rebound"
"18:06","","0-0","JOHNSON,ISAIAH missed Layup"
"18:06","LEE,RAY Defensive Rebound","0-0",""
"17:59","LEE,RAY missed Layup","0-0",""
"17:59","THOMPSON IV,JAMES Offensive Rebound","0-0",""
"17:57","THOMPSON IV,JAMES made Dunk","2-0",""
"17:42","","2-0","IVEY,JIMOND missed Layup"
"17:42","THOMPSON IV,JAMES Defensive Rebound","2-0",""
"17:32","BOND,TIM missed Two Point Jumper","2-0",""
"17:32","","2-0","TEAM Defensive Rebound"
"17:06","MADRAY,NICK Commits Foul","2-0",""
"17:06","","2-1","JOHNSON,ISAIAH made Free Throw"
"17:06","","2-1","JOHNSON,ISAIAH missed Free Throw"
"17:06","THOMPSON IV,JAMES Defensive Rebound","2-1",""
"17:05","","2-1","CHEATHAM,JR, KWAN Commits Foul"
"16:50","THOMPSON IV,JAMES Turnover","2-1",""
"16:28","","2-1","CHEATHAM,JR, KWAN missed Three Point Jumper"
"16:28","THOMPSON IV,JAMES Defensive Rebound","2-1",""
"16:16","THOMPSON IV,JAMES made Layup","4-1",""
"16:16","LEE,RAY Assist","4-1",""
"16:16","","4-1","CHEATHAM,JR, KWAN Commits Foul"
"16:16","THOMPSON IV,JAMES made Free Throw","5-1",""
"16:16","","5-1","UTOMI,DANIEL Enters Game"
"16:16","","5-1","CHEATHAM,JR, KWAN Leaves Game"
"15:53","","5-3","JOHNSON,ISAIAH made Layup"
"15:27","THOMPSON IV,JAMES made Two Point Jumper","7-3",""
"15:04","","7-3","ROBOTHAM,NOAH Turnover"
"15:03","LEE,RAY Steal","7-3",""
"15:00","THOMPSON IV,JAMES made Dunk","9-3",""
"15:00","LEE,RAY Assist","9-3",""
"14:38","","9-5","UTOMI,DANIEL made Layup"
"14:13","THOMPSON IV,JAMES made Two Point Jumper","11-5",""
"14:13","BOND,TIM Assist","11-5",""
"13:54","THOMPSON IV,JAMES Commits Foul","11-5",""
"13:54","","11-5","TEAM  Timeout"
"13:54","","11-5","UTOMI,DANIEL missed Free Throw"
"13:54","","11-5","TEAM Deadball Rebound"
"13:54","","11-6","UTOMI,DANIEL made Free Throw"
"13:54","NOBLES,JORDAN Enters Game","11-6",""
"13:54","STEELE,BAYLEE Enters Game","11-6",""
"13:54","THOMPSON IV,JAMES Leaves Game","11-6",""
"13:54","MADRAY,NICK Leaves Game","11-6",""
"13:54","","11-6","WILLIAMS,JOSH Enters Game"
"13:54","","11-6","JACKSON,ANTINO Leaves Game"
"13:36","LEE,RAY missed Three Point Jumper","11-6",""
"13:36","","11-6","IVEY,JIMOND Defensive Rebound"
"13:16","","11-8","JOHNSON,ISAIAH made Layup"
"12:53","TONEY,TY missed Layup","11-8",""
"12:53","TONEY,TY Offensive Rebound","11-8",""
"12:49","TONEY,TY Turnover","11-8",""
"12:49","","11-8","IVEY,JIMOND Steal"
"12:46","","11-10","IVEY,JIMOND made Dunk"
"12:29","TONEY,TY missed Two Point Jumper","11-10",""
"12:29","NOBLES,JORDAN Offensive Rebound","11-10",""
"12:26","NOBLES,JORDAN made Layup","13-10",""
"12:12","","13-12","ROBOTHAM,NOAH made Layup"
"11:49","BOND,TIM made Two Point Jumper","15-12",""
"11:49","LEE,RAY Assist","15-12",""
"11:26","","15-12","WILLIAMS,JOSH Turnover"
"11:26","TEAM Media Timeout","15-12",""
"11:26","THOMPSON IV,JAMES Enters Game","15-12",""
"11:26","BOND,TIM Leaves Game","15-12",""
"11:26","","15-12","DUNN-MARTIN,TAVIAN Enters Game"
"11:26","","15-12","CHEATHAM,JR, KWAN Enters Game"
"11:26","","15-12","IVEY,JIMOND Leaves Game"
"11:26","","15-12","ROBOTHAM,NOAH Leaves Game"
"11:04","","15-12","WILLIAMS,JOSH Commits Foul"
"11:04","LEE,RAY made Free Throw","16-12",""
"11:04","LEE,RAY made Free Throw","17-12",""
"10:49","","17-12","WILLIAMS,JOSH missed Three Point Jumper"
"10:49","NOBLES,JORDAN Defensive Rebound","17-12",""
"10:20","TONEY,TY missed Three Point Jumper","17-12",""
"10:20","","17-12","TEAM Defensive Rebound"
"09:58","","17-15","CHEATHAM,JR, KWAN made Three Point Jumper"
"09:58","","17-15","DUNN-MARTIN,TAVIAN Assist"
"09:27","STEELE,BAYLEE missed Two Point Jumper","17-15",""
"09:27","THOMPSON IV,JAMES Offensive Rebound","17-15",""
"09:24","","17-15","JOHNSON,ISAIAH Commits Foul"
"09:24","BOND,TIM Enters Game","17-15",""
"09:24","TONEY,TY Leaves Game","17-15",""
"09:24","","17-15","JACKSON,ANTINO Enters Game"
"09:24","","17-15","WILLIAMS,JOSH Leaves Game"
"09:22","STEELE,BAYLEE Turnover","17-15",""
"09:22","STEELE,BAYLEE Commits Foul","17-15",""
"09:03","","17-15","JOHNSON,ISAIAH Turnover"
"09:03","","17-15","IVEY,JIMOND Enters Game"
"09:03","","17-15","OLOJAKPOKE,EMMANUEL Enters Game"
"09:03","","17-15","UTOMI,DANIEL Leaves Game"
"09:03","","17-15","JOHNSON,ISAIAH Leaves Game"
"08:51","","17-15","JACKSON,ANTINO Commits Foul"
"08:43","LEE,RAY missed Three Point Jumper","17-15",""
"08:43","THOMPSON IV,JAMES Offensive Rebound","17-15",""
"08:39","THOMPSON IV,JAMES missed Layup","17-15",""
"08:39","","17-15","OLOJAKPOKE,EMMANUEL Blocked Shot"
"08:39","","17-15","TEAM Defensive Rebound"
"08:24","","17-15","DUNN-MARTIN,TAVIAN missed Three Point Jumper"
"08:24","THOMPSON IV,JAMES Defensive Rebound","17-15",""
"08:15","","17-15","DUNN-MARTIN,TAVIAN Commits Foul"
"08:15","","17-15","ROBOTHAM,NOAH Enters Game"
"08:15","","17-15","DUNN-MARTIN,TAVIAN Leaves Game"
"08:11","STEELE,BAYLEE missed Layup","17-15",""
"08:11","","17-15","CHEATHAM,JR, KWAN Defensive Rebound"
"07:55","","17-15","IVEY,JIMOND Turnover"
"07:55","TEAM Media Timeout","17-15",""
"07:55","TONEY,TY Enters Game","17-15",""
"07:55","MADRAY,NICK Enters Game","17-15",""
"07:55","LEE,RAY Leaves Game","17-15",""
"07:55","STEELE,BAYLEE Leaves Game","17-15",""
"07:55","","17-15","MCINTYRE,MARQUELLE Enters Game"
"07:55","","17-15","OLOJAKPOKE,EMMANUEL Leaves Game"
"07:41","","17-15","OLOJAKPOKE,EMMANUEL Commits Foul"
"07:41","THOMPSON IV,JAMES made Free Throw","18-15",""
"07:41","THOMPSON IV,JAMES made Free Throw","19-15",""
"07:41","","19-15","JOHNSON,ISAIAH Enters Game"
"07:41","","19-15","MCINTYRE,MARQUELLE Leaves Game"
"07:19","","19-15","CHEATHAM,JR, KWAN missed Three Point Jumper"
"07:19","THOMPSON IV,JAMES Defensive Rebound","19-15",""
"07:08","NOBLES,JORDAN missed Three Point Jumper","19-15",""
"07:08","THOMPSON IV,JAMES Offensive Rebound","19-15",""
"06:40","BOND,TIM missed Three Point Jumper","19-15",""
"06:40","","19-15","IVEY,JIMOND Defensive Rebound"
"06:12","BOND,TIM Commits Foul","19-15",""
"06:12","LEE,RAY Enters Game","19-15",""
"06:12","NOBLES,JORDAN Leaves Game","19-15",""
"06:12","","19-15","UTOMI,DANIEL Enters Game"
"06:12","","19-15","CHEATHAM,JR, KWAN Leaves Game"
"06:02","","19-15","JOHNSON,ISAIAH missed Layup"
"06:02","","19-15","JOHNSON,ISAIAH Offensive Rebound"
"05:59","LEE,RAY Commits Foul","19-15",""
"05:59","","19-15","JOHNSON,ISAIAH missed Free Throw"
"05:59","","19-15","TEAM Deadball Rebound"
"05:59","","19-16","JOHNSON,ISAIAH made Free Throw"
"05:42","LEE,RAY Turnover","19-16",""
"05:41","","19-16","UTOMI,DANIEL Steal"
"05:35","","19-19","JACKSON,ANTINO made Three Point Jumper"
"05:35","","19-19","ROBOTHAM,NOAH Assist"
"05:08","TONEY,TY missed Layup","19-19",""
"05:08","","19-19","JOHNSON,ISAIAH Blocked Shot"
"05:06","MADRAY,NICK Offensive Rebound","19-19",""
"05:04","MADRAY,NICK made Layup","21-19",""
"04:56","","21-22","ROBOTHAM,NOAH made Three Point Jumper"
"04:56","","21-22","JACKSON,ANTINO Assist"
"04:31","THOMPSON IV,JAMES Turnover","21-22",""
"04:31","NOBLES,JORDAN Enters Game","21-22",""
"04:31","BOND,TIM Leaves Game","21-22",""
"04:13","","21-24","JOHNSON,ISAIAH made Layup"
"04:13","","21-24","UTOMI,DANIEL Assist"
"03:55","TONEY,TY Turnover","21-24",""
"03:55","","21-24","TEAM  Timeout"
"03:39","MADRAY,NICK Commits Foul","21-24",""
"03:39","","21-25","JOHNSON,ISAIAH made Free Throw"
"03:39","","21-25","JOHNSON,ISAIAH missed Free Throw"
"03:39","STEELE,BAYLEE Defensive Rebound","21-25",""
"03:39","STEELE,BAYLEE Enters Game","21-25",""
"03:39","MADRAY,NICK Leaves Game","21-25",""
"03:19","STEELE,BAYLEE missed Dunk","21-25",""
"03:19","","21-25","JACKSON,ANTINO Defensive Rebound"
"03:11","","21-28","IVEY,JIMOND made Three Point Jumper"
"03:11","","21-28","UTOMI,DANIEL Assist"
"03:07","TEAM 30 Second Timeout","21-28",""
"03:07","MADRAY,NICK Enters Game","21-28",""
"03:07","STEELE,BAYLEE Leaves Game","21-28",""
"03:07","","21-28","WILLIAMS,JOSH Enters Game"
"03:07","","21-28","JACKSON,ANTINO Leaves Game"
"02:59","","21-28","WILLIAMS,JOSH Commits Foul"
"02:59","LEE,RAY Commits Foul","21-28",""
"02:59","LEE,RAY Commits Foul","21-28",""
"02:59","","21-28","UTOMI,DANIEL Commits Foul"
"02:59","","21-28","UTOMI,DANIEL Commits Foul"
"02:59","LEE,RAY missed Free Throw","21-28",""
"02:59","","21-28","IVEY,JIMOND Defensive Rebound"
"02:59","","21-28","JACKSON,ANTINO Enters Game"
"02:59","","21-28","JACKSON,AARON Enters Game"
"02:59","","21-28","UTOMI,DANIEL Leaves Game"
"02:59","","21-28","WILLIAMS,JOSH Leaves Game"
"02:49","","21-28","IVEY,JIMOND missed Layup"
"02:49","","21-28","TEAM Offensive Rebound"
"02:37","","21-28","IVEY,JIMOND missed Three Point Jumper"
"02:37","","21-28","JOHNSON,ISAIAH Offensive Rebound"
"02:33","","21-28","JACKSON,ANTINO missed Three Point Jumper"
"02:33","","21-28","TEAM Offensive Rebound"
"02:10","","21-30","JACKSON,ANTINO made Two Point Jumper"
"02:10","","21-30","ROBOTHAM,NOAH Assist"
"01:52","","21-30","JACKSON,ANTINO Commits Foul"
"01:52","LEE,RAY made Free Throw","22-30",""
"01:52","LEE,RAY missed Free Throw","22-30",""
"01:52","","22-30","UTOMI,DANIEL Defensive Rebound"
"01:52","BOND,TIM Enters Game","22-30",""
"01:52","TONEY,TY Leaves Game","22-30",""
"01:52","","22-30","UTOMI,DANIEL Enters Game"
"01:52","","22-30","WILLIAMS,JOSH Enters Game"
"01:52","","22-30","JACKSON,ANTINO Leaves Game"
"01:52","","22-30","JACKSON,AARON Leaves Game"
"01:34","","22-30","UTOMI,DANIEL Turnover"
"01:32","LEE,RAY Steal","22-30",""
"01:26","BOND,TIM missed Two Point Jumper","22-30",""
"01:26","MADRAY,NICK Offensive Rebound","22-30",""
"01:23","MADRAY,NICK missed Layup","22-30",""
"01:23","","22-30","JOHNSON,ISAIAH Blocked Shot"
"01:23","TEAM Offensive Rebound","22-30",""
"01:17","MADRAY,NICK missed Layup","22-30",""
"01:17","","22-30","JOHNSON,ISAIAH Blocked Shot"
"01:16","TEAM Offensive Rebound","22-30",""
"01:15","LEE,RAY made Two Point Jumper","24-30",""
"01:15","NOBLES,JORDAN Assist","24-30",""
"01:00","","24-30","WILLIAMS,JOSH missed Three Point Jumper"
"01:00","MADRAY,NICK Defensive Rebound","24-30",""
"00:46","BOND,TIM made Three Point Jumper","27-30",""
"00:46","THOMPSON IV,JAMES Assist","27-30",""
"00:23","","27-30","UTOMI,DANIEL missed Three Point Jumper"
"00:23","","27-30","UTOMI,DANIEL Offensive Rebound"
"00:06","","27-30","IVEY,JIMOND missed Three Point Jumper"
"00:06","NOBLES,JORDAN Defensive Rebound","27-30",""
"00:00","LEE,RAY missed Three Point Jumper","27-30",""
"00:00","TEAM Deadball Rebound","27-30",""
"End of 1st Half"
