"Time","Adrian","Score","Akron"
"19:38","","0-0","ROBOTHAM,NOAH missed Three Point Jumper"
"19:38","","0-0","WILLIAMS,JOSH Offensive Rebound"
"19:33","","0-0","WILLIAMS,JOSH missed Two Point Jumper"
"19:33","","0-0","JOHNSON,ISAIAH Offensive Rebound"
"19:17","","0-3","WILLIAMS,JOSH made Three Point Jumper"
"19:17","","0-3","CHEATHAM,JR,KWAN Assist"
"18:41","HARRIS,DAVONTE missed Three Point Jumper","0-3",""
"18:41","","0-3","TEAM Deadball Rebound"
"18:29","","0-6","JACKSON,ANTINO made Three Point Jumper"
"18:29","","0-6","ROBOTHAM,NOAH Assist"
"18:10","HARRIS,DAVONTE Turnover","0-6",""
"18:08","","0-6","JACKSON,ANTINO Steal"
"18:03","AARON,DATON Commits Foul","0-6",""
"17:57","","0-6","JACKSON,ANTINO missed Three Point Jumper"
"17:57","","0-6","CHEATHAM,JR,KWAN Offensive Rebound"
"17:52","","0-8","CHEATHAM,JR,KWAN made Layup"
"17:21","CANNON,ANTHONY missed Three Point Jumper","0-8",""
"17:21","CROFFORD,ISIAH Offensive Rebound","0-8",""
"17:17","CROFFORD,ISIAH made Layup","2-8",""
"16:57","","2-10","CHEATHAM,JR,KWAN made Dunk"
"16:57","","2-10","JOHNSON,ISAIAH Assist"
"16:53","TEAM 30 Second Timeout","2-10",""
"16:45","","2-10","ROBOTHAM,NOAH Commits Foul"
"16:38","CROFFORD,ISIAH missed Layup","2-10",""
"16:38","","2-10","CHEATHAM,JR,KWAN Defensive Rebound"
"16:19","","2-10","ROBOTHAM,NOAH missed Three Point Jumper"
"16:19","","2-10","CHEATHAM,JR,KWAN Offensive Rebound"
"16:13","","2-10","WILLIAMS,JOSH missed Three Point Jumper"
"16:13","","2-10","CHEATHAM,JR,KWAN Offensive Rebound"
"16:07","","2-13","ROBOTHAM,NOAH made Three Point Jumper"
"16:07","","2-13","CHEATHAM,JR,KWAN Assist"
"15:43","HARRIS,DAVONTE made Three Point Jumper","5-13",""
"15:30","","5-13","CHEATHAM,JR,KWAN missed Three Point Jumper"
"15:30","TEAM Defensive Rebound","5-13",""
"15:27","","5-13","TEAM Team Timeout"
"15:27","GOLD,MICHAEL Enters Game","5-13",""
"15:27","CROFFORD,ISIAH Leaves Game","5-13",""
"15:06","","5-13","JOHNSON,ISAIAH Commits Foul"
"15:06","WEBSTER,JUSTIN missed Free Throw","5-13",""
"15:06","TEAM Deadball Rebound","5-13",""
"15:06","WEBSTER,JUSTIN made Free Throw","6-13",""
"15:06","","6-13","HUGHES,MICHAEL Enters Game"
"15:06","","6-13","DUNN-MARTIN,TAVIAN Enters Game"
"15:06","","6-13","JOHNSON,ISAIAH Leaves Game"
"15:06","","6-13","ROBOTHAM,NOAH Leaves Game"
"14:48","","6-13","JACKSON,ANTINO Turnover"
"14:48","WILLIAMS,MARCELLOUS Enters Game","6-13",""
"14:48","CANNON,ANTHONY Leaves Game","6-13",""
"14:32","HARRIS,DAVONTE made Three Point Jumper","9-13",""
"14:32","WILLIAMS,MARCELLOUS Assist","9-13",""
"14:13","GOLD,MICHAEL Commits Foul","9-13",""
"14:09","","9-13","JACKSON,ANTINO missed Layup"
"14:09","WEBSTER,JUSTIN Defensive Rebound","9-13",""
"13:59","AARON,DATON Turnover","9-13",""
"13:59","","9-13","WILLIAMS,JOSH missed Three Point Jumper"
"13:59","","9-13","CHEATHAM,JR,KWAN Offensive Rebound"
"13:59","CROFFORD,ISIAH Enters Game","9-13",""
"13:59","CANNON,ANTHONY Enters Game","9-13",""
"13:59","WEBSTER,JUSTIN Leaves Game","9-13",""
"13:59","AARON,DATON Leaves Game","9-13",""
"13:59","","9-13","OLOJAKPOKE,EMMANUEL Enters Game"
"13:59","","9-13","IVEY,JIMOND Enters Game"
"13:59","","9-13","JACKSON,ANTINO Leaves Game"
"13:59","","9-13","CHEATHAM,JR,KWAN Leaves Game"
"13:56","","9-15","HUGHES,MICHAEL made Layup"
"13:56","","9-15","CHEATHAM,JR,KWAN Assist"
"13:38","GOLD,MICHAEL Turnover","9-15",""
"13:35","","9-15","JACKSON,AARON Enters Game"
"13:35","","9-15","OLOJAKPOKE,EMMANUEL Leaves Game"
"13:12","","9-18","DUNN-MARTIN,TAVIAN made Three Point Jumper"
"12:53","GOLD,MICHAEL made Two Point Jumper","11-18",""
"12:53","CANNON,ANTHONY Assist","11-18",""
"12:27","","11-21","WILLIAMS,JOSH made Three Point Jumper"
"11:59","HARRIS,DAVONTE made Layup","13-21",""
"11:43","","13-21","DUNN-MARTIN,TAVIAN missed Three Point Jumper"
"11:43","","13-21","WILLIAMS,JOSH Offensive Rebound"
"11:23","","13-21","IVEY,JIMOND missed Three Point Jumper"
"11:23","","13-21","TEAM Deadball Rebound"
"11:21","HARRIS,DAVONTE Commits Foul","13-21",""
"11:21","","13-21","TEAM Team Timeout"
"11:21","","13-21","DUNN-MARTIN,TAVIAN missed Three Point Jumper"
"11:21","","13-21","JACKSON,AARON Offensive Rebound"
"11:21","WEBSTER,JUSTIN Enters Game","13-21",""
"11:21","AARON,DATON Enters Game","13-21",""
"11:21","GOLD,MICHAEL Leaves Game","13-21",""
"11:21","HARRIS,DAVONTE Leaves Game","13-21",""
"11:21","","13-21","JOHNSON,ISAIAH Enters Game"
"11:21","","13-21","HUGHES,MICHAEL Leaves Game"
"11:15","","13-21","WILLIAMS,JOSH Turnover"
"11:11","","13-21","ROBOTHAM,NOAH Enters Game"
"11:11","","13-21","DUNN-MARTIN,TAVIAN Leaves Game"
"10:56","AARON,DATON missed Three Point Jumper","13-21",""
"10:56","CROFFORD,ISIAH Offensive Rebound","13-21",""
"10:51","CROFFORD,ISIAH missed Layup","13-21",""
"10:51","CROFFORD,ISIAH Offensive Rebound","13-21",""
"10:46","CROFFORD,ISIAH made Layup","15-21",""
"10:18","","15-21","JACKSON,AARON missed Three Point Jumper"
"10:18","TEAM Defensive Rebound","15-21",""
"10:13","GOLD,MICHAEL Enters Game","15-21",""
"10:13","HARRIS,DAVONTE Enters Game","15-21",""
"10:13","CROFFORD,ISIAH Leaves Game","15-21",""
"10:13","WILLIAMS,MARCELLOUS Leaves Game","15-21",""
"10:13","","15-21","JACKSON,ANTINO Enters Game"
"10:13","","15-21","CHEATHAM,JR,KWAN Enters Game"
"10:13","","15-21","JACKSON,AARON Leaves Game"
"10:13","","15-21","WILLIAMS,JOSH Leaves Game"
"10:01","GOLD,MICHAEL missed Two Point Jumper","15-21",""
"10:01","WEBSTER,JUSTIN Offensive Rebound","15-21",""
"09:28","HARRIS,DAVONTE missed Layup","15-21",""
"09:28","WEBSTER,JUSTIN Offensive Rebound","15-21",""
"09:23","CANNON,ANTHONY missed Three Point Jumper","15-21",""
"09:23","","15-21","JACKSON,ANTINO Defensive Rebound"
"09:18","","15-21","JACKSON,ANTINO Turnover"
"09:12","CROFFORD,ISIAH Enters Game","15-21",""
"09:12","GOLD,MICHAEL Leaves Game","15-21",""
"09:12","","15-21","WILLIAMS,JOSH Enters Game"
"09:12","","15-21","IVEY,JIMOND Leaves Game"
"08:45","WEBSTER,JUSTIN missed Layup","15-21",""
"08:45","","15-21","JOHNSON,ISAIAH Defensive Rebound"
"08:30","CANNON,ANTHONY Commits Foul","15-21",""
"08:25","WILLIAMS,MARCELLOUS Enters Game","15-21",""
"08:25","CANNON,ANTHONY Leaves Game","15-21",""
"08:10","","15-21","JACKSON,ANTINO Turnover"
"08:07","CROFFORD,ISIAH Steal","15-21",""
"07:45","WILLIAMS,MARCELLOUS Turnover","15-21",""
"07:45","","15-21","TEAM Team Timeout"
"07:35","WILLIAMS,MARCELLOUS Commits Foul","15-21",""
"07:28","","15-23","JOHNSON,ISAIAH made Layup"
"07:28","","15-23","ROBOTHAM,NOAH Assist"
"07:07","WEBSTER,JUSTIN made Layup","17-23",""
"06:47","","17-26","JACKSON,ANTINO made Three Point Jumper"
"06:25","","17-26","JOHNSON,ISAIAH Commits Foul"
"06:25","AARON,DATON made Free Throw","18-26",""
"06:25","AARON,DATON made Free Throw","19-26",""
"06:25","MERRICK,LOGAN Enters Game","19-26",""
"06:25","CANNON,ANTHONY Enters Game","19-26",""
"06:25","CROFFORD,ISIAH Leaves Game","19-26",""
"06:25","HARRIS,DAVONTE Leaves Game","19-26",""
"06:25","","19-26","HUGHES,MICHAEL Enters Game"
"06:25","","19-26","JOHNSON,ISAIAH Leaves Game"
"06:08","WEBSTER,JUSTIN Commits Foul","19-26",""
"06:08","HARRIS,DAVONTE Enters Game","19-26",""
"06:08","WILLIAMS,MARCELLOUS Leaves Game","19-26",""
"05:59","","19-28","HUGHES,MICHAEL made Layup"
"05:59","","19-28","CHEATHAM,JR,KWAN Assist"
"05:40","CANNON,ANTHONY Turnover","19-28",""
"05:28","WEBSTER,JUSTIN Commits Foul","19-28",""
"05:28","","19-29","JACKSON,ANTINO made Free Throw"
"05:28","","19-30","JACKSON,ANTINO made Free Throw"
"05:28","CROFFORD,ISIAH Enters Game","19-30",""
"05:28","MERRICK,LOGAN Leaves Game","19-30",""
"05:28","","19-30","OLOJAKPOKE,EMMANUEL Enters Game"
"05:28","","19-30","HUGHES,MICHAEL Leaves Game"
"05:08","WEBSTER,JUSTIN Turnover","19-30",""
"05:08","WEBSTER,JUSTIN Commits Foul","19-30",""
"05:08","GOLD,MICHAEL Enters Game","19-30",""
"05:08","WEBSTER,JUSTIN Leaves Game","19-30",""
"04:47","","19-30","OLOJAKPOKE,EMMANUEL missed Layup"
"04:47","AARON,DATON Defensive Rebound","19-30",""
"04:22","CANNON,ANTHONY Turnover","19-30",""
"04:22","WILLIAMS,MARCELLOUS Enters Game","19-30",""
"04:22","CANNON,ANTHONY Leaves Game","19-30",""
"04:09","","19-33","WILLIAMS,JOSH made Three Point Jumper"
"04:09","","19-33","JACKSON,ANTINO Assist"
"03:51","HARRIS,DAVONTE missed Three Point Jumper","19-33",""
"03:51","","19-33","TEAM Defensive Rebound"
"03:48","","19-33","TEAM Team Timeout"
"03:40","","19-33","ROBOTHAM,NOAH Turnover"
"03:23","CROFFORD,ISIAH missed Layup","19-33",""
"03:23","","19-33","CHEATHAM,JR,KWAN Defensive Rebound"
"03:13","WILLIAMS,MARCELLOUS Commits Foul","19-33",""
"03:13","","19-33","OLOJAKPOKE,EMMANUEL missed Free Throw"
"03:13","","19-33","TEAM Deadball Rebound"
"03:13","","19-34","OLOJAKPOKE,EMMANUEL made Free Throw"
"03:13","CANNON,ANTHONY Enters Game","19-34",""
"03:13","AARON,DATON Leaves Game","19-34",""
"03:06","WILLIAMS,MARCELLOUS Turnover","19-34",""
"03:06","","19-34","ROBOTHAM,NOAH Steal"
"03:06","","19-34","ROBOTHAM,NOAH Turnover"
"03:06","","19-34","HUGHES,MICHAEL Enters Game"
"03:06","","19-34","OLOJAKPOKE,EMMANUEL Leaves Game"
"02:56","HARRIS,DAVONTE missed Two Point Jumper","19-34",""
"02:56","","19-34","CHEATHAM,JR,KWAN Defensive Rebound"
"02:36","GOLD,MICHAEL Commits Foul","19-34",""
"02:33","","19-35","CHEATHAM,JR,KWAN made Free Throw"
"02:33","","19-36","CHEATHAM,JR,KWAN made Free Throw"
"02:33","","19-36","UTOMI,DANIEL Enters Game"
"02:33","","19-36","IVEY,JIMOND Enters Game"
"02:33","","19-36","JACKSON,ANTINO Leaves Game"
"02:33","","19-36","CHEATHAM,JR,KWAN Leaves Game"
"02:18","CROFFORD,ISIAH made Layup","21-36",""
"02:18","HARRIS,DAVONTE Assist","21-36",""
"02:06","","21-39","ROBOTHAM,NOAH made Three Point Jumper"
"01:39","CROFFORD,ISIAH Turnover","21-39",""
"01:39","AARON,DATON Enters Game","21-39",""
"01:39","HARRIS,DAVONTE Leaves Game","21-39",""
"01:24","","21-39","UTOMI,DANIEL missed Layup"
"01:24","CROFFORD,ISIAH Blocked Shot","21-39",""
"01:22","GOLD,MICHAEL Defensive Rebound","21-39",""
"01:15","WILLIAMS,MARCELLOUS missed Three Point Jumper","21-39",""
"01:15","","21-39","WILLIAMS,JOSH Defensive Rebound"
"01:06","","21-41","IVEY,JIMOND made Two Point Jumper"
"00:51","HARRIS,DAVONTE Enters Game","21-41",""
"00:51","WILLIAMS,MARCELLOUS Leaves Game","21-41",""
"00:40","HARRIS,DAVONTE missed Three Point Jumper","21-41",""
"00:40","","21-41","IVEY,JIMOND Defensive Rebound"
"00:30","","21-44","UTOMI,DANIEL made Three Point Jumper"
"00:30","","21-44","ROBOTHAM,NOAH Assist"
"00:00","GOLD,MICHAEL missed Layup","21-44",""
"00:00","","21-44","TEAM Deadball Rebound"
"End of 1st Half"
