"Date","Time","Period","Time Left","Score","Team","Player","Status","Action","Shot Clock","Lineup","Lineup Time"
"11/30/2016","7 p.m.","1st Half","19:38","0-0","Akron","Robotham, Noah","missed","Three Point Jumper","8","Cheatham, Jr., Kwan; Jackson, Antino; Johnson, Isaiah; Robotham, Noah; Williams, Josh","0:22"
"11/30/2016","7 p.m.","1st Half","19:38","0-0","Akron","Williams, Josh","","Offensive Rebound","","Cheatham, Jr., Kwan; Jackson, Antino; Johnson, Isaiah; Robotham, Noah; Williams, Josh","0:22"
"11/30/2016","7 p.m.","1st Half","19:33","0-0","Akron","Williams, Josh","missed","Two Point Jumper","25","Cheatham, Jr., Kwan; Jackson, Antino; Johnson, Isaiah; Robotham, Noah; Williams, Josh","0:27"
"11/30/2016","7 p.m.","1st Half","19:33","0-0","Akron","Johnson, Isaiah","","Offensive Rebound","","Cheatham, Jr., Kwan; Jackson, Antino; Johnson, Isaiah; Robotham, Noah; Williams, Josh","0:27"
"11/30/2016","7 p.m.","1st Half","19:17","0-3","Akron","Williams, Josh","made","Three Point Jumper","14","Cheatham, Jr., Kwan; Jackson, Antino; Johnson, Isaiah; Robotham, Noah; Williams, Josh","0:43"
"11/30/2016","7 p.m.","1st Half","19:17","0-3","Akron","Cheatham, Jr., Kwan","","Assist","","Cheatham, Jr., Kwan; Jackson, Antino; Johnson, Isaiah; Robotham, Noah; Williams, Josh","0:43"
"11/30/2016","7 p.m.","1st Half","18:41","0-3","Adrian","Harris, Davonte","missed","Three Point Jumper","0","Aaron, Daton; Cannon, Anthony; Crofford, Isiah; Harris, Davonte; Webster, Justin","1:19"
"11/30/2016","7 p.m.","1st Half","18:41","0-3","Akron","Team","","Deadball Rebound","","Cheatham, Jr., Kwan; Jackson, Antino; Johnson, Isaiah; Robotham, Noah; Williams, Josh","1:19"
"11/30/2016","7 p.m.","1st Half","18:29","0-6","Akron","Jackson, Antino","made","Three Point Jumper","18","Cheatham, Jr., Kwan; Jackson, Antino; Johnson, Isaiah; Robotham, Noah; Williams, Josh","1:31"
"11/30/2016","7 p.m.","1st Half","18:29","0-6","Akron","Robotham, Noah","","Assist","","Cheatham, Jr., Kwan; Jackson, Antino; Johnson, Isaiah; Robotham, Noah; Williams, Josh","1:31"
"11/30/2016","7 p.m.","1st Half","18:10","0-6","Adrian","Harris, Davonte","","Turnover","","Aaron, Daton; Cannon, Anthony; Crofford, Isiah; Harris, Davonte; Webster, Justin","1:50"
"11/30/2016","7 p.m.","1st Half","18:08","0-6","Akron","Jackson, Antino","","Steal","","Cheatham, Jr., Kwan; Jackson, Antino; Johnson, Isaiah; Robotham, Noah; Williams, Josh","1:52"
"11/30/2016","7 p.m.","1st Half","18:03","0-6","Adrian","Aaron, Daton","","Commits Foul","23","Aaron, Daton; Cannon, Anthony; Crofford, Isiah; Harris, Davonte; Webster, Justin","1:57"
"11/30/2016","7 p.m.","1st Half","17:57","0-6","Akron","Jackson, Antino","missed","Three Point Jumper","24","Cheatham, Jr., Kwan; Jackson, Antino; Johnson, Isaiah; Robotham, Noah; Williams, Josh","2:03"
"11/30/2016","7 p.m.","1st Half","17:57","0-6","Akron","Cheatham, Jr., Kwan","","Offensive Rebound","","Cheatham, Jr., Kwan; Jackson, Antino; Johnson, Isaiah; Robotham, Noah; Williams, Josh","2:03"
"11/30/2016","7 p.m.","1st Half","17:52","0-8","Akron","Cheatham, Jr., Kwan","made","Layup","25","Cheatham, Jr., Kwan; Jackson, Antino; Johnson, Isaiah; Robotham, Noah; Williams, Josh","2:08"
"11/30/2016","7 p.m.","1st Half","17:21","0-8","Adrian","Cannon, Anthony","missed","Three Point Jumper","0","Aaron, Daton; Cannon, Anthony; Crofford, Isiah; Harris, Davonte; Webster, Justin","2:39"
"11/30/2016","7 p.m.","1st Half","17:21","0-8","Adrian","Crofford, Isiah","","Offensive Rebound","","Aaron, Daton; Cannon, Anthony; Crofford, Isiah; Harris, Davonte; Webster, Justin","2:39"
"11/30/2016","7 p.m.","1st Half","17:17","2-8","Adrian","Crofford, Isiah","made","Layup","26","Aaron, Daton; Cannon, Anthony; Crofford, Isiah; Harris, Davonte; Webster, Justin","2:43"
"11/30/2016","7 p.m.","1st Half","16:57","2-10","Akron","Cheatham, Jr., Kwan","made","Dunk","10","Cheatham, Jr., Kwan; Jackson, Antino; Johnson, Isaiah; Robotham, Noah; Williams, Josh","3:03"
"11/30/2016","7 p.m.","1st Half","16:57","2-10","Akron","Johnson, Isaiah","","Assist","","Cheatham, Jr., Kwan; Jackson, Antino; Johnson, Isaiah; Robotham, Noah; Williams, Josh","3:03"
"11/30/2016","7 p.m.","1st Half","16:53","2-10","Adrian","Team","","Second Timeout","","Aaron, Daton; Cannon, Anthony; Crofford, Isiah; Harris, Davonte; Webster, Justin","3:07"
"11/30/2016","7 p.m.","1st Half","16:45","2-10","Akron","Robotham, Noah","","Commits Foul","18","Cheatham, Jr., Kwan; Jackson, Antino; Johnson, Isaiah; Robotham, Noah; Williams, Josh","3:15"
"11/30/2016","7 p.m.","1st Half","16:38","2-10","Adrian","Crofford, Isiah","missed","Layup","23","Aaron, Daton; Cannon, Anthony; Crofford, Isiah; Harris, Davonte; Webster, Justin","3:22"
"11/30/2016","7 p.m.","1st Half","16:38","2-10","Akron","Cheatham, Jr., Kwan","","Defensive Rebound","","Cheatham, Jr., Kwan; Jackson, Antino; Johnson, Isaiah; Robotham, Noah; Williams, Josh","3:22"
"11/30/2016","7 p.m.","1st Half","16:19","2-10","Akron","Robotham, Noah","missed","Three Point Jumper","11","Cheatham, Jr., Kwan; Jackson, Antino; Johnson, Isaiah; Robotham, Noah; Williams, Josh","3:41"
"11/30/2016","7 p.m.","1st Half","16:19","2-10","Akron","Cheatham, Jr., Kwan","","Offensive Rebound","","Cheatham, Jr., Kwan; Jackson, Antino; Johnson, Isaiah; Robotham, Noah; Williams, Josh","3:41"
"11/30/2016","7 p.m.","1st Half","16:13","2-10","Akron","Williams, Josh","missed","Three Point Jumper","24","Cheatham, Jr., Kwan; Jackson, Antino; Johnson, Isaiah; Robotham, Noah; Williams, Josh","3:47"
"11/30/2016","7 p.m.","1st Half","16:13","2-10","Akron","Cheatham, Jr., Kwan","","Offensive Rebound","","Cheatham, Jr., Kwan; Jackson, Antino; Johnson, Isaiah; Robotham, Noah; Williams, Josh","3:47"
"11/30/2016","7 p.m.","1st Half","16:07","2-13","Akron","Robotham, Noah","made","Three Point Jumper","24","Cheatham, Jr., Kwan; Jackson, Antino; Johnson, Isaiah; Robotham, Noah; Williams, Josh","3:53"
"11/30/2016","7 p.m.","1st Half","16:07","2-13","Akron","Cheatham, Jr., Kwan","","Assist","","Cheatham, Jr., Kwan; Jackson, Antino; Johnson, Isaiah; Robotham, Noah; Williams, Josh","3:53"
"11/30/2016","7 p.m.","1st Half","15:43","5-13","Adrian","Harris, Davonte","made","Three Point Jumper","6","Aaron, Daton; Cannon, Anthony; Crofford, Isiah; Harris, Davonte; Webster, Justin","4:17"
"11/30/2016","7 p.m.","1st Half","15:30","5-13","Akron","Cheatham, Jr., Kwan","missed","Three Point Jumper","17","Cheatham, Jr., Kwan; Jackson, Antino; Johnson, Isaiah; Robotham, Noah; Williams, Josh","4:30"
"11/30/2016","7 p.m.","1st Half","15:30","5-13","Adrian","Team","","Defensive Rebound","","Aaron, Daton; Cannon, Anthony; Crofford, Isiah; Harris, Davonte; Webster, Justin","4:30"
"11/30/2016","7 p.m.","1st Half","15:27","5-13","Akron","Team","","Team Timeout","","Cheatham, Jr., Kwan; Jackson, Antino; Johnson, Isaiah; Robotham, Noah; Williams, Josh","4:33"
"11/30/2016","7 p.m.","1st Half","15:27","5-13","Adrian","Gold, Michael","","Enters Game","","Aaron, Daton; Cannon, Anthony; Crofford, Isiah; Gold, Michael; Harris, Davonte; Webster, Justin","0:00"
"11/30/2016","7 p.m.","1st Half","15:27","5-13","Adrian","Crofford, Isiah","","Leaves Game","","Aaron, Daton; Cannon, Anthony; Gold, Michael; Harris, Davonte; Webster, Justin","0:00"
"11/30/2016","7 p.m.","1st Half","15:06","5-13","Akron","Johnson, Isaiah","","Commits Foul","6","Cheatham, Jr., Kwan; Jackson, Antino; Johnson, Isaiah; Robotham, Noah; Williams, Josh","4:54"
"11/30/2016","7 p.m.","1st Half","15:06","5-13","Adrian","Webster, Justin","missed","Free Throw","","Aaron, Daton; Cannon, Anthony; Gold, Michael; Harris, Davonte; Webster, Justin","0:21"
"11/30/2016","7 p.m.","1st Half","15:06","5-13","Adrian","Team","","Deadball Rebound","","Aaron, Daton; Cannon, Anthony; Gold, Michael; Harris, Davonte; Webster, Justin","0:21"
"11/30/2016","7 p.m.","1st Half","15:06","6-13","Adrian","Webster, Justin","made","Free Throw","","Aaron, Daton; Cannon, Anthony; Gold, Michael; Harris, Davonte; Webster, Justin","0:21"
"11/30/2016","7 p.m.","1st Half","15:06","6-13","Akron","Hughes, Michael","","Enters Game","","Cheatham, Jr., Kwan; Hughes, Michael; Jackson, Antino; Johnson, Isaiah; Robotham, Noah; Williams, Josh","0:00"
"11/30/2016","7 p.m.","1st Half","15:06","6-13","Akron","Dunn-Martin, Tavian","","Enters Game","","Cheatham, Jr., Kwan; Dunn-Martin, Tavian; Hughes, Michael; Jackson, Antino; Johnson, Isaiah; Robotham, Noah; Williams, Josh","0:00"
"11/30/2016","7 p.m.","1st Half","15:06","6-13","Akron","Johnson, Isaiah","","Leaves Game","","Cheatham, Jr., Kwan; Dunn-Martin, Tavian; Hughes, Michael; Jackson, Antino; Robotham, Noah; Williams, Josh","0:00"
"11/30/2016","7 p.m.","1st Half","15:06","6-13","Akron","Robotham, Noah","","Leaves Game","","Cheatham, Jr., Kwan; Dunn-Martin, Tavian; Hughes, Michael; Jackson, Antino; Williams, Josh","0:00"
"11/30/2016","7 p.m.","1st Half","14:48","6-13","Akron","Jackson, Antino","","Turnover","","Cheatham, Jr., Kwan; Dunn-Martin, Tavian; Hughes, Michael; Jackson, Antino; Williams, Josh","0:18"
"11/30/2016","7 p.m.","1st Half","14:48","6-13","Adrian","Williams, Marcellous","","Enters Game","","Aaron, Daton; Cannon, Anthony; Gold, Michael; Harris, Davonte; Webster, Justin; Williams, Marcellous","0:00"
"11/30/2016","7 p.m.","1st Half","14:48","6-13","Adrian","Cannon, Anthony","","Leaves Game","","Aaron, Daton; Gold, Michael; Harris, Davonte; Webster, Justin; Williams, Marcellous","0:00"
"11/30/2016","7 p.m.","1st Half","14:32","9-13","Adrian","Harris, Davonte","made","Three Point Jumper","14","Aaron, Daton; Gold, Michael; Harris, Davonte; Webster, Justin; Williams, Marcellous","0:16"
"11/30/2016","7 p.m.","1st Half","14:32","9-13","Adrian","Williams, Marcellous","","Assist","","Aaron, Daton; Gold, Michael; Harris, Davonte; Webster, Justin; Williams, Marcellous","0:16"
"11/30/2016","7 p.m.","1st Half","14:13","9-13","Adrian","Gold, Michael","","Commits Foul","11","Aaron, Daton; Gold, Michael; Harris, Davonte; Webster, Justin; Williams, Marcellous","0:35"
"11/30/2016","7 p.m.","1st Half","14:09","9-13","Akron","Jackson, Antino","missed","Layup","26","Cheatham, Jr., Kwan; Dunn-Martin, Tavian; Hughes, Michael; Jackson, Antino; Williams, Josh","0:57"
"11/30/2016","7 p.m.","1st Half","14:09","9-13","Adrian","Webster, Justin","","Defensive Rebound","","Aaron, Daton; Gold, Michael; Harris, Davonte; Webster, Justin; Williams, Marcellous","0:39"
"11/30/2016","7 p.m.","1st Half","13:59","9-13","Adrian","Aaron, Daton","","Turnover","","Aaron, Daton; Gold, Michael; Harris, Davonte; Webster, Justin; Williams, Marcellous","0:49"
"11/30/2016","7 p.m.","1st Half","13:59","9-13","Akron","Williams, Josh","missed","Three Point Jumper","","Cheatham, Jr., Kwan; Dunn-Martin, Tavian; Hughes, Michael; Jackson, Antino; Williams, Josh","1:07"
"11/30/2016","7 p.m.","1st Half","13:59","9-13","Akron","Cheatham, Jr., Kwan","","Offensive Rebound","","Cheatham, Jr., Kwan; Dunn-Martin, Tavian; Hughes, Michael; Jackson, Antino; Williams, Josh","1:07"
"11/30/2016","7 p.m.","1st Half","13:59","9-13","Adrian","Crofford, Isiah","","Enters Game","","Aaron, Daton; Crofford, Isiah; Gold, Michael; Harris, Davonte; Webster, Justin; Williams, Marcellous","0:00"
"11/30/2016","7 p.m.","1st Half","13:59","9-13","Adrian","Cannon, Anthony","","Enters Game","","Aaron, Daton; Cannon, Anthony; Crofford, Isiah; Gold, Michael; Harris, Davonte; Webster, Justin; Williams, Marcellous","0:00"
"11/30/2016","7 p.m.","1st Half","13:59","9-13","Adrian","Webster, Justin","","Leaves Game","","Aaron, Daton; Cannon, Anthony; Crofford, Isiah; Gold, Michael; Harris, Davonte; Williams, Marcellous","0:00"
"11/30/2016","7 p.m.","1st Half","13:59","9-13","Adrian","Aaron, Daton","","Leaves Game","","Cannon, Anthony; Crofford, Isiah; Gold, Michael; Harris, Davonte; Williams, Marcellous","0:00"
"11/30/2016","7 p.m.","1st Half","13:59","9-13","Akron","Olojakpoke, Emmanuel","","Enters Game","","Cheatham, Jr., Kwan; Dunn-Martin, Tavian; Hughes, Michael; Jackson, Antino; Olojakpoke, Emmanuel; Williams, Josh","0:00"
"11/30/2016","7 p.m.","1st Half","13:59","9-13","Akron","Ivey, Jimond","","Enters Game","","Cheatham, Jr., Kwan; Dunn-Martin, Tavian; Hughes, Michael; Ivey, Jimond; Jackson, Antino; Olojakpoke, Emmanuel; Williams, Josh","0:00"
"11/30/2016","7 p.m.","1st Half","13:59","9-13","Akron","Jackson, Antino","","Leaves Game","","Cheatham, Jr., Kwan; Dunn-Martin, Tavian; Hughes, Michael; Ivey, Jimond; Olojakpoke, Emmanuel; Williams, Josh","0:00"
"11/30/2016","7 p.m.","1st Half","13:59","9-13","Akron","Cheatham, Jr., Kwan","","Leaves Game","","Dunn-Martin, Tavian; Hughes, Michael; Ivey, Jimond; Olojakpoke, Emmanuel; Williams, Josh","0:00"
"11/30/2016","7 p.m.","1st Half","13:56","9-15","Akron","Hughes, Michael","made","Layup","27","Dunn-Martin, Tavian; Hughes, Michael; Ivey, Jimond; Olojakpoke, Emmanuel; Williams, Josh","0:03"
"11/30/2016","7 p.m.","1st Half","13:56","9-15","Akron","Cheatham, Jr., Kwan","","Assist","","Dunn-Martin, Tavian; Hughes, Michael; Ivey, Jimond; Olojakpoke, Emmanuel; Williams, Josh","0:03"
"11/30/2016","7 p.m.","1st Half","13:38","9-15","Adrian","Gold, Michael","","Turnover","","Cannon, Anthony; Crofford, Isiah; Gold, Michael; Harris, Davonte; Williams, Marcellous","0:21"
"11/30/2016","7 p.m.","1st Half","13:35","9-15","Akron","Jackson, Aaron","","Enters Game","","Dunn-Martin, Tavian; Hughes, Michael; Ivey, Jimond; Jackson, Aaron; Olojakpoke, Emmanuel; Williams, Josh","0:00"
"11/30/2016","7 p.m.","1st Half","13:35","9-15","Akron","Olojakpoke, Emmanuel","","Leaves Game","","Dunn-Martin, Tavian; Hughes, Michael; Ivey, Jimond; Jackson, Aaron; Williams, Josh","0:00"
"11/30/2016","7 p.m.","1st Half","13:12","9-18","Akron","Dunn-Martin, Tavian","made","Three Point Jumper","4","Dunn-Martin, Tavian; Hughes, Michael; Ivey, Jimond; Jackson, Aaron; Williams, Josh","0:23"
"11/30/2016","7 p.m.","1st Half","12:53","11-18","Adrian","Gold, Michael","made","Two Point Jumper","11","Cannon, Anthony; Crofford, Isiah; Gold, Michael; Harris, Davonte; Williams, Marcellous","1:06"
"11/30/2016","7 p.m.","1st Half","12:53","11-18","Adrian","Cannon, Anthony","","Assist","","Cannon, Anthony; Crofford, Isiah; Gold, Michael; Harris, Davonte; Williams, Marcellous","1:06"
"11/30/2016","7 p.m.","1st Half","12:27","11-21","Akron","Williams, Josh","made","Three Point Jumper","4","Dunn-Martin, Tavian; Hughes, Michael; Ivey, Jimond; Jackson, Aaron; Williams, Josh","1:08"
"11/30/2016","7 p.m.","1st Half","11:59","13-21","Adrian","Harris, Davonte","made","Layup","2","Cannon, Anthony; Crofford, Isiah; Gold, Michael; Harris, Davonte; Williams, Marcellous","2:00"
"11/30/2016","7 p.m.","1st Half","11:43","13-21","Akron","Dunn-Martin, Tavian","missed","Three Point Jumper","14","Dunn-Martin, Tavian; Hughes, Michael; Ivey, Jimond; Jackson, Aaron; Williams, Josh","1:52"
"11/30/2016","7 p.m.","1st Half","11:43","13-21","Akron","Williams, Josh","","Offensive Rebound","","Dunn-Martin, Tavian; Hughes, Michael; Ivey, Jimond; Jackson, Aaron; Williams, Josh","1:52"
"11/30/2016","7 p.m.","1st Half","11:23","13-21","Akron","Ivey, Jimond","missed","Three Point Jumper","10","Dunn-Martin, Tavian; Hughes, Michael; Ivey, Jimond; Jackson, Aaron; Williams, Josh","2:12"
"11/30/2016","7 p.m.","1st Half","11:23","13-21","Akron","Team","","Deadball Rebound","","Dunn-Martin, Tavian; Hughes, Michael; Ivey, Jimond; Jackson, Aaron; Williams, Josh","2:12"
"11/30/2016","7 p.m.","1st Half","11:21","13-21","Adrian","Harris, Davonte","","Commits Foul","28","Cannon, Anthony; Crofford, Isiah; Gold, Michael; Harris, Davonte; Williams, Marcellous","2:38"
"11/30/2016","7 p.m.","1st Half","11:21","13-21","Akron","Team","","Team Timeout","","Dunn-Martin, Tavian; Hughes, Michael; Ivey, Jimond; Jackson, Aaron; Williams, Josh","2:14"
"11/30/2016","7 p.m.","1st Half","11:21","13-21","Akron","Dunn-Martin, Tavian","missed","Three Point Jumper","","Dunn-Martin, Tavian; Hughes, Michael; Ivey, Jimond; Jackson, Aaron; Williams, Josh","2:14"
"11/30/2016","7 p.m.","1st Half","11:21","13-21","Akron","Jackson, Aaron","","Offensive Rebound","","Dunn-Martin, Tavian; Hughes, Michael; Ivey, Jimond; Jackson, Aaron; Williams, Josh","2:14"
"11/30/2016","7 p.m.","1st Half","11:21","13-21","Adrian","Webster, Justin","","Enters Game","","Cannon, Anthony; Crofford, Isiah; Gold, Michael; Harris, Davonte; Webster, Justin; Williams, Marcellous","0:00"
"11/30/2016","7 p.m.","1st Half","11:21","13-21","Adrian","Aaron, Daton","","Enters Game","","Aaron, Daton; Cannon, Anthony; Crofford, Isiah; Gold, Michael; Harris, Davonte; Webster, Justin; Williams, Marcellous","0:00"
"11/30/2016","7 p.m.","1st Half","11:21","13-21","Adrian","Gold, Michael","","Leaves Game","","Aaron, Daton; Cannon, Anthony; Crofford, Isiah; Harris, Davonte; Webster, Justin; Williams, Marcellous","0:00"
"11/30/2016","7 p.m.","1st Half","11:21","13-21","Adrian","Harris, Davonte","","Leaves Game","","Aaron, Daton; Cannon, Anthony; Crofford, Isiah; Webster, Justin; Williams, Marcellous","0:00"
"11/30/2016","7 p.m.","1st Half","11:21","13-21","Akron","Johnson, Isaiah","","Enters Game","","Dunn-Martin, Tavian; Hughes, Michael; Ivey, Jimond; Jackson, Aaron; Johnson, Isaiah; Williams, Josh","0:00"
"11/30/2016","7 p.m.","1st Half","11:21","13-21","Akron","Hughes, Michael","","Leaves Game","","Dunn-Martin, Tavian; Ivey, Jimond; Jackson, Aaron; Johnson, Isaiah; Williams, Josh","0:00"
"11/30/2016","7 p.m.","1st Half","11:15","13-21","Akron","Williams, Josh","","Turnover","","Dunn-Martin, Tavian; Ivey, Jimond; Jackson, Aaron; Johnson, Isaiah; Williams, Josh","0:06"
"11/30/2016","7 p.m.","1st Half","11:11","13-21","Akron","Robotham, Noah","","Enters Game","","Dunn-Martin, Tavian; Ivey, Jimond; Jackson, Aaron; Johnson, Isaiah; Robotham, Noah; Williams, Josh","0:00"
"11/30/2016","7 p.m.","1st Half","11:11","13-21","Akron","Dunn-Martin, Tavian","","Leaves Game","","Ivey, Jimond; Jackson, Aaron; Johnson, Isaiah; Robotham, Noah; Williams, Josh","0:00"
"11/30/2016","7 p.m.","1st Half","10:56","13-21","Adrian","Aaron, Daton","missed","Three Point Jumper","11","Aaron, Daton; Cannon, Anthony; Crofford, Isiah; Webster, Justin; Williams, Marcellous","0:25"
"11/30/2016","7 p.m.","1st Half","10:56","13-21","Adrian","Crofford, Isiah","","Offensive Rebound","","Aaron, Daton; Cannon, Anthony; Crofford, Isiah; Webster, Justin; Williams, Marcellous","0:25"
"11/30/2016","7 p.m.","1st Half","10:51","13-21","Adrian","Crofford, Isiah","missed","Layup","25","Aaron, Daton; Cannon, Anthony; Crofford, Isiah; Webster, Justin; Williams, Marcellous","0:30"
"11/30/2016","7 p.m.","1st Half","10:51","13-21","Adrian","Crofford, Isiah","","Offensive Rebound","","Aaron, Daton; Cannon, Anthony; Crofford, Isiah; Webster, Justin; Williams, Marcellous","0:30"
"11/30/2016","7 p.m.","1st Half","10:46","15-21","Adrian","Crofford, Isiah","made","Layup","25","Aaron, Daton; Cannon, Anthony; Crofford, Isiah; Webster, Justin; Williams, Marcellous","0:35"
"11/30/2016","7 p.m.","1st Half","10:18","15-21","Akron","Jackson, Aaron","missed","Three Point Jumper","2","Ivey, Jimond; Jackson, Aaron; Johnson, Isaiah; Robotham, Noah; Williams, Josh","0:53"
"11/30/2016","7 p.m.","1st Half","10:18","15-21","Adrian","Team","","Defensive Rebound","","Aaron, Daton; Cannon, Anthony; Crofford, Isiah; Webster, Justin; Williams, Marcellous","1:03"
"11/30/2016","7 p.m.","1st Half","10:13","15-21","Adrian","Gold, Michael","","Enters Game","","Aaron, Daton; Cannon, Anthony; Crofford, Isiah; Gold, Michael; Webster, Justin; Williams, Marcellous","0:00"
"11/30/2016","7 p.m.","1st Half","10:13","15-21","Adrian","Harris, Davonte","","Enters Game","","Aaron, Daton; Cannon, Anthony; Crofford, Isiah; Gold, Michael; Harris, Davonte; Webster, Justin; Williams, Marcellous","0:00"
"11/30/2016","7 p.m.","1st Half","10:13","15-21","Adrian","Crofford, Isiah","","Leaves Game","","Aaron, Daton; Cannon, Anthony; Gold, Michael; Harris, Davonte; Webster, Justin; Williams, Marcellous","0:00"
"11/30/2016","7 p.m.","1st Half","10:13","15-21","Adrian","Williams, Marcellous","","Leaves Game","","Aaron, Daton; Cannon, Anthony; Gold, Michael; Harris, Davonte; Webster, Justin","0:39"
"11/30/2016","7 p.m.","1st Half","10:13","15-21","Akron","Jackson, Antino","","Enters Game","","Ivey, Jimond; Jackson, Aaron; Jackson, Antino; Johnson, Isaiah; Robotham, Noah; Williams, Josh","0:00"
"11/30/2016","7 p.m.","1st Half","10:13","15-21","Akron","Cheatham, Jr., Kwan","","Enters Game","","Cheatham, Jr., Kwan; Ivey, Jimond; Jackson, Aaron; Jackson, Antino; Johnson, Isaiah; Robotham, Noah; Williams, Josh","0:00"
"11/30/2016","7 p.m.","1st Half","10:13","15-21","Akron","Jackson, Aaron","","Leaves Game","","Cheatham, Jr., Kwan; Ivey, Jimond; Jackson, Antino; Johnson, Isaiah; Robotham, Noah; Williams, Josh","0:00"
"11/30/2016","7 p.m.","1st Half","10:13","15-21","Akron","Williams, Josh","","Leaves Game","","Cheatham, Jr., Kwan; Ivey, Jimond; Jackson, Antino; Johnson, Isaiah; Robotham, Noah","0:00"
"11/30/2016","7 p.m.","1st Half","10:01","15-21","Adrian","Gold, Michael","missed","Two Point Jumper","13","Aaron, Daton; Cannon, Anthony; Gold, Michael; Harris, Davonte; Webster, Justin","0:51"
"11/30/2016","7 p.m.","1st Half","10:01","15-21","Adrian","Webster, Justin","","Offensive Rebound","","Aaron, Daton; Cannon, Anthony; Gold, Michael; Harris, Davonte; Webster, Justin","0:51"
"11/30/2016","7 p.m.","1st Half","09:28","15-21","Adrian","Harris, Davonte","missed","Layup","0","Aaron, Daton; Cannon, Anthony; Gold, Michael; Harris, Davonte; Webster, Justin","1:24"
"11/30/2016","7 p.m.","1st Half","09:28","15-21","Adrian","Webster, Justin","","Offensive Rebound","","Aaron, Daton; Cannon, Anthony; Gold, Michael; Harris, Davonte; Webster, Justin","1:24"
"11/30/2016","7 p.m.","1st Half","09:23","15-21","Adrian","Cannon, Anthony","missed","Three Point Jumper","25","Aaron, Daton; Cannon, Anthony; Gold, Michael; Harris, Davonte; Webster, Justin","1:29"
"11/30/2016","7 p.m.","1st Half","09:23","15-21","Akron","Jackson, Antino","","Defensive Rebound","","Cheatham, Jr., Kwan; Ivey, Jimond; Jackson, Antino; Johnson, Isaiah; Robotham, Noah","0:50"
"11/30/2016","7 p.m.","1st Half","09:18","15-21","Akron","Jackson, Antino","","Turnover","","Cheatham, Jr., Kwan; Ivey, Jimond; Jackson, Antino; Johnson, Isaiah; Robotham, Noah","0:55"
"11/30/2016","7 p.m.","1st Half","09:12","15-21","Adrian","Crofford, Isiah","","Enters Game","","Aaron, Daton; Cannon, Anthony; Crofford, Isiah; Gold, Michael; Harris, Davonte; Webster, Justin","0:00"
"11/30/2016","7 p.m.","1st Half","09:12","15-21","Adrian","Gold, Michael","","Leaves Game","","Aaron, Daton; Cannon, Anthony; Crofford, Isiah; Harris, Davonte; Webster, Justin","4:33"
"11/30/2016","7 p.m.","1st Half","09:12","15-21","Akron","Williams, Josh","","Enters Game","","Cheatham, Jr., Kwan; Ivey, Jimond; Jackson, Antino; Johnson, Isaiah; Robotham, Noah; Williams, Josh","0:00"
"11/30/2016","7 p.m.","1st Half","09:12","15-21","Akron","Ivey, Jimond","","Leaves Game","","Cheatham, Jr., Kwan; Jackson, Antino; Johnson, Isaiah; Robotham, Noah; Williams, Josh","4:54"
"11/30/2016","7 p.m.","1st Half","08:45","15-21","Adrian","Webster, Justin","missed","Layup","0","Aaron, Daton; Cannon, Anthony; Crofford, Isiah; Harris, Davonte; Webster, Justin","5:00"
"11/30/2016","7 p.m.","1st Half","08:45","15-21","Akron","Johnson, Isaiah","","Defensive Rebound","","Cheatham, Jr., Kwan; Jackson, Antino; Johnson, Isaiah; Robotham, Noah; Williams, Josh","5:21"
"11/30/2016","7 p.m.","1st Half","08:30","15-21","Adrian","Cannon, Anthony","","Commits Foul","15","Aaron, Daton; Cannon, Anthony; Crofford, Isiah; Harris, Davonte; Webster, Justin","5:15"
"11/30/2016","7 p.m.","1st Half","08:25","15-21","Adrian","Williams, Marcellous","","Enters Game","","Aaron, Daton; Cannon, Anthony; Crofford, Isiah; Harris, Davonte; Webster, Justin; Williams, Marcellous","0:00"
"11/30/2016","7 p.m.","1st Half","08:25","15-21","Adrian","Cannon, Anthony","","Leaves Game","","Aaron, Daton; Crofford, Isiah; Harris, Davonte; Webster, Justin; Williams, Marcellous","0:00"
"11/30/2016","7 p.m.","1st Half","08:10","15-21","Akron","Jackson, Antino","","Turnover","","Cheatham, Jr., Kwan; Jackson, Antino; Johnson, Isaiah; Robotham, Noah; Williams, Josh","5:56"
"11/30/2016","7 p.m.","1st Half","08:07","15-21","Adrian","Crofford, Isiah","","Steal","","Aaron, Daton; Crofford, Isiah; Harris, Davonte; Webster, Justin; Williams, Marcellous","0:18"
"11/30/2016","7 p.m.","1st Half","07:45","15-21","Adrian","Williams, Marcellous","","Turnover","","Aaron, Daton; Crofford, Isiah; Harris, Davonte; Webster, Justin; Williams, Marcellous","0:40"
"11/30/2016","7 p.m.","1st Half","07:45","15-21","Akron","Team","","Team Timeout","","Cheatham, Jr., Kwan; Jackson, Antino; Johnson, Isaiah; Robotham, Noah; Williams, Josh","6:21"
"11/30/2016","7 p.m.","1st Half","07:35","15-21","Adrian","Williams, Marcellous","","Commits Foul","20","Aaron, Daton; Crofford, Isiah; Harris, Davonte; Webster, Justin; Williams, Marcellous","0:50"
"11/30/2016","7 p.m.","1st Half","07:28","15-23","Akron","Johnson, Isaiah","made","Layup","23","Cheatham, Jr., Kwan; Jackson, Antino; Johnson, Isaiah; Robotham, Noah; Williams, Josh","6:38"
"11/30/2016","7 p.m.","1st Half","07:28","15-23","Akron","Robotham, Noah","","Assist","","Cheatham, Jr., Kwan; Jackson, Antino; Johnson, Isaiah; Robotham, Noah; Williams, Josh","6:38"
"11/30/2016","7 p.m.","1st Half","07:07","17-23","Adrian","Webster, Justin","made","Layup","9","Aaron, Daton; Crofford, Isiah; Harris, Davonte; Webster, Justin; Williams, Marcellous","1:18"
"11/30/2016","7 p.m.","1st Half","06:47","17-26","Akron","Jackson, Antino","made","Three Point Jumper","10","Cheatham, Jr., Kwan; Jackson, Antino; Johnson, Isaiah; Robotham, Noah; Williams, Josh","7:19"
"11/30/2016","7 p.m.","1st Half","06:25","17-26","Akron","Johnson, Isaiah","","Commits Foul","8","Cheatham, Jr., Kwan; Jackson, Antino; Johnson, Isaiah; Robotham, Noah; Williams, Josh","7:41"
"11/30/2016","7 p.m.","1st Half","06:25","18-26","Adrian","Aaron, Daton","made","Free Throw","","Aaron, Daton; Crofford, Isiah; Harris, Davonte; Webster, Justin; Williams, Marcellous","2:00"
"11/30/2016","7 p.m.","1st Half","06:25","19-26","Adrian","Aaron, Daton","made","Free Throw","","Aaron, Daton; Crofford, Isiah; Harris, Davonte; Webster, Justin; Williams, Marcellous","2:00"
"11/30/2016","7 p.m.","1st Half","06:25","19-26","Adrian","Merrick, Logan","","Enters Game","","Aaron, Daton; Crofford, Isiah; Harris, Davonte; Merrick, Logan; Webster, Justin; Williams, Marcellous","0:00"
"11/30/2016","7 p.m.","1st Half","06:25","19-26","Adrian","Cannon, Anthony","","Enters Game","","Aaron, Daton; Cannon, Anthony; Crofford, Isiah; Harris, Davonte; Merrick, Logan; Webster, Justin; Williams, Marcellous","0:00"
"11/30/2016","7 p.m.","1st Half","06:25","19-26","Adrian","Crofford, Isiah","","Leaves Game","","Aaron, Daton; Cannon, Anthony; Harris, Davonte; Merrick, Logan; Webster, Justin; Williams, Marcellous","0:00"
"11/30/2016","7 p.m.","1st Half","06:25","19-26","Adrian","Harris, Davonte","","Leaves Game","","Aaron, Daton; Cannon, Anthony; Merrick, Logan; Webster, Justin; Williams, Marcellous","0:00"
"11/30/2016","7 p.m.","1st Half","06:25","19-26","Akron","Hughes, Michael","","Enters Game","","Cheatham, Jr., Kwan; Hughes, Michael; Jackson, Antino; Johnson, Isaiah; Robotham, Noah; Williams, Josh","0:00"
"11/30/2016","7 p.m.","1st Half","06:25","19-26","Akron","Johnson, Isaiah","","Leaves Game","","Cheatham, Jr., Kwan; Hughes, Michael; Jackson, Antino; Robotham, Noah; Williams, Josh","0:00"
"11/30/2016","7 p.m.","1st Half","06:08","19-26","Adrian","Webster, Justin","","Commits Foul","13","Aaron, Daton; Cannon, Anthony; Merrick, Logan; Webster, Justin; Williams, Marcellous","0:17"
"11/30/2016","7 p.m.","1st Half","06:08","19-26","Adrian","Harris, Davonte","","Enters Game","","Aaron, Daton; Cannon, Anthony; Harris, Davonte; Merrick, Logan; Webster, Justin; Williams, Marcellous","0:00"
"11/30/2016","7 p.m.","1st Half","06:08","19-26","Adrian","Williams, Marcellous","","Leaves Game","","Aaron, Daton; Cannon, Anthony; Harris, Davonte; Merrick, Logan; Webster, Justin","0:00"
"11/30/2016","7 p.m.","1st Half","05:59","19-28","Akron","Hughes, Michael","made","Layup","21","Cheatham, Jr., Kwan; Hughes, Michael; Jackson, Antino; Robotham, Noah; Williams, Josh","0:26"
"11/30/2016","7 p.m.","1st Half","05:59","19-28","Akron","Cheatham, Jr., Kwan","","Assist","","Cheatham, Jr., Kwan; Hughes, Michael; Jackson, Antino; Robotham, Noah; Williams, Josh","0:26"
"11/30/2016","7 p.m.","1st Half","05:40","19-28","Adrian","Cannon, Anthony","","Turnover","","Aaron, Daton; Cannon, Anthony; Harris, Davonte; Merrick, Logan; Webster, Justin","0:28"
"11/30/2016","7 p.m.","1st Half","05:28","19-28","Adrian","Webster, Justin","","Commits Foul","18","Aaron, Daton; Cannon, Anthony; Harris, Davonte; Merrick, Logan; Webster, Justin","0:40"
"11/30/2016","7 p.m.","1st Half","05:28","19-29","Akron","Jackson, Antino","made","Free Throw","","Cheatham, Jr., Kwan; Hughes, Michael; Jackson, Antino; Robotham, Noah; Williams, Josh","0:57"
"11/30/2016","7 p.m.","1st Half","05:28","19-30","Akron","Jackson, Antino","made","Free Throw","","Cheatham, Jr., Kwan; Hughes, Michael; Jackson, Antino; Robotham, Noah; Williams, Josh","0:57"
"11/30/2016","7 p.m.","1st Half","05:28","19-30","Adrian","Crofford, Isiah","","Enters Game","","Aaron, Daton; Cannon, Anthony; Crofford, Isiah; Harris, Davonte; Merrick, Logan; Webster, Justin","0:00"
"11/30/2016","7 p.m.","1st Half","05:28","19-30","Adrian","Merrick, Logan","","Leaves Game","","Aaron, Daton; Cannon, Anthony; Crofford, Isiah; Harris, Davonte; Webster, Justin","5:20"
"11/30/2016","7 p.m.","1st Half","05:28","19-30","Akron","Olojakpoke, Emmanuel","","Enters Game","","Cheatham, Jr., Kwan; Hughes, Michael; Jackson, Antino; Olojakpoke, Emmanuel; Robotham, Noah; Williams, Josh","0:00"
"11/30/2016","7 p.m.","1st Half","05:28","19-30","Akron","Hughes, Michael","","Leaves Game","","Cheatham, Jr., Kwan; Jackson, Antino; Olojakpoke, Emmanuel; Robotham, Noah; Williams, Josh","0:00"
"11/30/2016","7 p.m.","1st Half","05:08","19-30","Adrian","Webster, Justin","","Turnover","","Aaron, Daton; Cannon, Anthony; Crofford, Isiah; Harris, Davonte; Webster, Justin","5:40"
"11/30/2016","7 p.m.","1st Half","05:08","19-30","Adrian","Webster, Justin","","Commits Foul","","Aaron, Daton; Cannon, Anthony; Crofford, Isiah; Harris, Davonte; Webster, Justin","5:40"
"11/30/2016","7 p.m.","1st Half","05:08","19-30","Adrian","Gold, Michael","","Enters Game","","Aaron, Daton; Cannon, Anthony; Crofford, Isiah; Gold, Michael; Harris, Davonte; Webster, Justin","0:00"
"11/30/2016","7 p.m.","1st Half","05:08","19-30","Adrian","Webster, Justin","","Leaves Game","","Aaron, Daton; Cannon, Anthony; Crofford, Isiah; Gold, Michael; Harris, Davonte","0:00"
"11/30/2016","7 p.m.","1st Half","04:47","19-30","Akron","Olojakpoke, Emmanuel","missed","Layup","9","Cheatham, Jr., Kwan; Jackson, Antino; Olojakpoke, Emmanuel; Robotham, Noah; Williams, Josh","0:41"
"11/30/2016","7 p.m.","1st Half","04:47","19-30","Adrian","Aaron, Daton","","Defensive Rebound","","Aaron, Daton; Cannon, Anthony; Crofford, Isiah; Gold, Michael; Harris, Davonte","0:21"
"11/30/2016","7 p.m.","1st Half","04:22","19-30","Adrian","Cannon, Anthony","","Turnover","","Aaron, Daton; Cannon, Anthony; Crofford, Isiah; Gold, Michael; Harris, Davonte","0:46"
"11/30/2016","7 p.m.","1st Half","04:22","19-30","Adrian","Williams, Marcellous","","Enters Game","","Aaron, Daton; Cannon, Anthony; Crofford, Isiah; Gold, Michael; Harris, Davonte; Williams, Marcellous","0:00"
"11/30/2016","7 p.m.","1st Half","04:22","19-30","Adrian","Cannon, Anthony","","Leaves Game","","Aaron, Daton; Crofford, Isiah; Gold, Michael; Harris, Davonte; Williams, Marcellous","0:00"
"11/30/2016","7 p.m.","1st Half","04:09","19-33","Akron","Williams, Josh","made","Three Point Jumper","17","Cheatham, Jr., Kwan; Jackson, Antino; Olojakpoke, Emmanuel; Robotham, Noah; Williams, Josh","1:19"
"11/30/2016","7 p.m.","1st Half","04:09","19-33","Akron","Jackson, Antino","","Assist","","Cheatham, Jr., Kwan; Jackson, Antino; Olojakpoke, Emmanuel; Robotham, Noah; Williams, Josh","1:19"
"11/30/2016","7 p.m.","1st Half","03:51","19-33","Adrian","Harris, Davonte","missed","Three Point Jumper","12","Aaron, Daton; Crofford, Isiah; Gold, Michael; Harris, Davonte; Williams, Marcellous","0:31"
"11/30/2016","7 p.m.","1st Half","03:51","19-33","Akron","Team","","Defensive Rebound","","Cheatham, Jr., Kwan; Jackson, Antino; Olojakpoke, Emmanuel; Robotham, Noah; Williams, Josh","1:37"
"11/30/2016","7 p.m.","1st Half","03:48","19-33","Akron","Team","","Team Timeout","","Cheatham, Jr., Kwan; Jackson, Antino; Olojakpoke, Emmanuel; Robotham, Noah; Williams, Josh","1:40"
"11/30/2016","7 p.m.","1st Half","03:40","19-33","Akron","Robotham, Noah","","Turnover","","Cheatham, Jr., Kwan; Jackson, Antino; Olojakpoke, Emmanuel; Robotham, Noah; Williams, Josh","1:48"
"11/30/2016","7 p.m.","1st Half","03:23","19-33","Adrian","Crofford, Isiah","missed","Layup","13","Aaron, Daton; Crofford, Isiah; Gold, Michael; Harris, Davonte; Williams, Marcellous","0:59"
"11/30/2016","7 p.m.","1st Half","03:23","19-33","Akron","Cheatham, Jr., Kwan","","Defensive Rebound","","Cheatham, Jr., Kwan; Jackson, Antino; Olojakpoke, Emmanuel; Robotham, Noah; Williams, Josh","2:05"
"11/30/2016","7 p.m.","1st Half","03:13","19-33","Adrian","Williams, Marcellous","","Commits Foul","20","Aaron, Daton; Crofford, Isiah; Gold, Michael; Harris, Davonte; Williams, Marcellous","1:09"
"11/30/2016","7 p.m.","1st Half","03:13","19-33","Akron","Olojakpoke, Emmanuel","missed","Free Throw","","Cheatham, Jr., Kwan; Jackson, Antino; Olojakpoke, Emmanuel; Robotham, Noah; Williams, Josh","2:15"
"11/30/2016","7 p.m.","1st Half","03:13","19-33","Akron","Team","","Deadball Rebound","","Cheatham, Jr., Kwan; Jackson, Antino; Olojakpoke, Emmanuel; Robotham, Noah; Williams, Josh","2:15"
"11/30/2016","7 p.m.","1st Half","03:13","19-34","Akron","Olojakpoke, Emmanuel","made","Free Throw","","Cheatham, Jr., Kwan; Jackson, Antino; Olojakpoke, Emmanuel; Robotham, Noah; Williams, Josh","2:15"
"11/30/2016","7 p.m.","1st Half","03:13","19-34","Adrian","Cannon, Anthony","","Enters Game","","Aaron, Daton; Cannon, Anthony; Crofford, Isiah; Gold, Michael; Harris, Davonte; Williams, Marcellous","0:00"
"11/30/2016","7 p.m.","1st Half","03:13","19-34","Adrian","Aaron, Daton","","Leaves Game","","Cannon, Anthony; Crofford, Isiah; Gold, Michael; Harris, Davonte; Williams, Marcellous","2:38"
"11/30/2016","7 p.m.","1st Half","03:06","19-34","Adrian","Williams, Marcellous","","Turnover","","Cannon, Anthony; Crofford, Isiah; Gold, Michael; Harris, Davonte; Williams, Marcellous","2:45"
"11/30/2016","7 p.m.","1st Half","03:06","19-34","Akron","Robotham, Noah","","Steal","","Cheatham, Jr., Kwan; Jackson, Antino; Olojakpoke, Emmanuel; Robotham, Noah; Williams, Josh","2:22"
"11/30/2016","7 p.m.","1st Half","03:06","19-34","Akron","Robotham, Noah","","Turnover","","Cheatham, Jr., Kwan; Jackson, Antino; Olojakpoke, Emmanuel; Robotham, Noah; Williams, Josh","2:22"
"11/30/2016","7 p.m.","1st Half","03:06","19-34","Akron","Hughes, Michael","","Enters Game","","Cheatham, Jr., Kwan; Hughes, Michael; Jackson, Antino; Olojakpoke, Emmanuel; Robotham, Noah; Williams, Josh","0:00"
"11/30/2016","7 p.m.","1st Half","03:06","19-34","Akron","Olojakpoke, Emmanuel","","Leaves Game","","Cheatham, Jr., Kwan; Hughes, Michael; Jackson, Antino; Robotham, Noah; Williams, Josh","0:57"
"11/30/2016","7 p.m.","1st Half","02:56","19-34","Adrian","Harris, Davonte","missed","Two Point Jumper","20","Cannon, Anthony; Crofford, Isiah; Gold, Michael; Harris, Davonte; Williams, Marcellous","2:55"
"11/30/2016","7 p.m.","1st Half","02:56","19-34","Akron","Cheatham, Jr., Kwan","","Defensive Rebound","","Cheatham, Jr., Kwan; Hughes, Michael; Jackson, Antino; Robotham, Noah; Williams, Josh","1:07"
"11/30/2016","7 p.m.","1st Half","02:36","19-34","Adrian","Gold, Michael","","Commits Foul","10","Cannon, Anthony; Crofford, Isiah; Gold, Michael; Harris, Davonte; Williams, Marcellous","3:15"
"11/30/2016","7 p.m.","1st Half","02:33","19-35","Akron","Cheatham, Jr., Kwan","made","Free Throw","","Cheatham, Jr., Kwan; Hughes, Michael; Jackson, Antino; Robotham, Noah; Williams, Josh","1:30"
"11/30/2016","7 p.m.","1st Half","02:33","19-36","Akron","Cheatham, Jr., Kwan","made","Free Throw","","Cheatham, Jr., Kwan; Hughes, Michael; Jackson, Antino; Robotham, Noah; Williams, Josh","1:30"
"11/30/2016","7 p.m.","1st Half","02:33","19-36","Akron","Utomi, Daniel","","Enters Game","","Cheatham, Jr., Kwan; Hughes, Michael; Jackson, Antino; Robotham, Noah; Utomi, Daniel; Williams, Josh","0:00"
"11/30/2016","7 p.m.","1st Half","02:33","19-36","Akron","Ivey, Jimond","","Enters Game","","Cheatham, Jr., Kwan; Hughes, Michael; Ivey, Jimond; Jackson, Antino; Robotham, Noah; Utomi, Daniel; Williams, Josh","0:00"
"11/30/2016","7 p.m.","1st Half","02:33","19-36","Akron","Jackson, Antino","","Leaves Game","","Cheatham, Jr., Kwan; Hughes, Michael; Ivey, Jimond; Robotham, Noah; Utomi, Daniel; Williams, Josh","0:00"
"11/30/2016","7 p.m.","1st Half","02:33","19-36","Akron","Cheatham, Jr., Kwan","","Leaves Game","","Hughes, Michael; Ivey, Jimond; Robotham, Noah; Utomi, Daniel; Williams, Josh","0:00"
"11/30/2016","7 p.m.","1st Half","02:18","21-36","Adrian","Crofford, Isiah","made","Layup","12","Cannon, Anthony; Crofford, Isiah; Gold, Michael; Harris, Davonte; Williams, Marcellous","3:33"
"11/30/2016","7 p.m.","1st Half","02:18","21-36","Adrian","Harris, Davonte","","Assist","","Cannon, Anthony; Crofford, Isiah; Gold, Michael; Harris, Davonte; Williams, Marcellous","3:33"
"11/30/2016","7 p.m.","1st Half","02:06","21-39","Akron","Robotham, Noah","made","Three Point Jumper","18","Hughes, Michael; Ivey, Jimond; Robotham, Noah; Utomi, Daniel; Williams, Josh","0:27"
"11/30/2016","7 p.m.","1st Half","01:39","21-39","Adrian","Crofford, Isiah","","Turnover","","Cannon, Anthony; Crofford, Isiah; Gold, Michael; Harris, Davonte; Williams, Marcellous","4:12"
"11/30/2016","7 p.m.","1st Half","01:39","21-39","Adrian","Aaron, Daton","","Enters Game","","Aaron, Daton; Cannon, Anthony; Crofford, Isiah; Gold, Michael; Harris, Davonte; Williams, Marcellous","0:00"
"11/30/2016","7 p.m.","1st Half","01:39","21-39","Adrian","Harris, Davonte","","Leaves Game","","Aaron, Daton; Cannon, Anthony; Crofford, Isiah; Gold, Michael; Williams, Marcellous","0:00"
"11/30/2016","7 p.m.","1st Half","01:24","21-39","Akron","Utomi, Daniel","missed","Layup","15","Hughes, Michael; Ivey, Jimond; Robotham, Noah; Utomi, Daniel; Williams, Josh","1:09"
"11/30/2016","7 p.m.","1st Half","01:24","21-39","Adrian","Crofford, Isiah","","Blocked Shot","","Aaron, Daton; Cannon, Anthony; Crofford, Isiah; Gold, Michael; Williams, Marcellous","0:15"
"11/30/2016","7 p.m.","1st Half","01:22","21-39","Adrian","Gold, Michael","","Defensive Rebound","","Aaron, Daton; Cannon, Anthony; Crofford, Isiah; Gold, Michael; Williams, Marcellous","0:17"
"11/30/2016","7 p.m.","1st Half","01:15","21-39","Adrian","Williams, Marcellous","missed","Three Point Jumper","21","Aaron, Daton; Cannon, Anthony; Crofford, Isiah; Gold, Michael; Williams, Marcellous","0:24"
"11/30/2016","7 p.m.","1st Half","01:15","21-39","Akron","Williams, Josh","","Defensive Rebound","","Hughes, Michael; Ivey, Jimond; Robotham, Noah; Utomi, Daniel; Williams, Josh","1:18"
"11/30/2016","7 p.m.","1st Half","01:06","21-41","Akron","Ivey, Jimond","made","Two Point Jumper","21","Hughes, Michael; Ivey, Jimond; Robotham, Noah; Utomi, Daniel; Williams, Josh","1:27"
"11/30/2016","7 p.m.","1st Half","00:51","21-41","Adrian","Harris, Davonte","","Enters Game","","Aaron, Daton; Cannon, Anthony; Crofford, Isiah; Gold, Michael; Harris, Davonte; Williams, Marcellous","0:00"
"11/30/2016","7 p.m.","1st Half","00:51","21-41","Adrian","Williams, Marcellous","","Leaves Game","","Aaron, Daton; Cannon, Anthony; Crofford, Isiah; Gold, Michael; Harris, Davonte","0:46"
"11/30/2016","7 p.m.","1st Half","00:40","21-41","Adrian","Harris, Davonte","missed","Three Point Jumper","4","Aaron, Daton; Cannon, Anthony; Crofford, Isiah; Gold, Michael; Harris, Davonte","0:57"
"11/30/2016","7 p.m.","1st Half","00:40","21-41","Akron","Ivey, Jimond","","Defensive Rebound","","Hughes, Michael; Ivey, Jimond; Robotham, Noah; Utomi, Daniel; Williams, Josh","1:53"
"11/30/2016","7 p.m.","1st Half","00:30","21-44","Akron","Utomi, Daniel","made","Three Point Jumper","20","Hughes, Michael; Ivey, Jimond; Robotham, Noah; Utomi, Daniel; Williams, Josh","2:03"
"11/30/2016","7 p.m.","1st Half","00:30","21-44","Akron","Robotham, Noah","","Assist","","Hughes, Michael; Ivey, Jimond; Robotham, Noah; Utomi, Daniel; Williams, Josh","2:03"
"11/30/2016","7 p.m.","1st Half","00:00","21-44","Adrian","Gold, Michael","missed","Layup","0","Aaron, Daton; Cannon, Anthony; Crofford, Isiah; Gold, Michael; Harris, Davonte","1:37"
"11/30/2016","7 p.m.","1st Half","00:00","21-44","Akron","Team","","Deadball Rebound","","Hughes, Michael; Ivey, Jimond; Robotham, Noah; Utomi, Daniel; Williams, Josh","2:33"
"11/30/2016","7 p.m.","2nd Half","19:47","21-44","Adrian","Webster, Justin","","Turnover","","Aaron, Daton; Cannon, Anthony; Crofford, Isiah; Harris, Davonte; Webster, Justin","0:13"
"11/30/2016","7 p.m.","2nd Half","19:45","21-44","Akron","Robotham, Noah","","Steal","","Cheatham, Jr., Kwan; Jackson, Antino; Johnson, Isaiah; Robotham, Noah; Williams, Josh","0:15"
"11/30/2016","7 p.m.","2nd Half","19:43","21-46","Akron","Robotham, Noah","made","Layup","26","Cheatham, Jr., Kwan; Jackson, Antino; Johnson, Isaiah; Robotham, Noah; Williams, Josh","0:17"
"11/30/2016","7 p.m.","2nd Half","19:24","21-46","Akron","Williams, Josh","","Commits Foul","11","Cheatham, Jr., Kwan; Jackson, Antino; Johnson, Isaiah; Robotham, Noah; Williams, Josh","0:36"
"11/30/2016","7 p.m.","2nd Half","19:02","23-46","Adrian","Crofford, Isiah","made","Layup","8","Aaron, Daton; Cannon, Anthony; Crofford, Isiah; Harris, Davonte; Webster, Justin","0:58"
"11/30/2016","7 p.m.","2nd Half","19:02","23-46","Adrian","Harris, Davonte","","Assist","","Aaron, Daton; Cannon, Anthony; Crofford, Isiah; Harris, Davonte; Webster, Justin","0:58"
"11/30/2016","7 p.m.","2nd Half","18:29","23-48","Akron","Jackson, Antino","made","Two Point Jumper","0","Cheatham, Jr., Kwan; Jackson, Antino; Johnson, Isaiah; Robotham, Noah; Williams, Josh","1:31"
"11/30/2016","7 p.m.","2nd Half","18:07","23-48","Adrian","Harris, Davonte","missed","Two Point Jumper","8","Aaron, Daton; Cannon, Anthony; Crofford, Isiah; Harris, Davonte; Webster, Justin","1:53"
"11/30/2016","7 p.m.","2nd Half","18:07","23-48","Akron","Williams, Josh","","Defensive Rebound","","Cheatham, Jr., Kwan; Jackson, Antino; Johnson, Isaiah; Robotham, Noah; Williams, Josh","1:53"
"11/30/2016","7 p.m.","2nd Half","17:58","23-50","Akron","Cheatham, Jr., Kwan","made","Dunk","21","Cheatham, Jr., Kwan; Jackson, Antino; Johnson, Isaiah; Robotham, Noah; Williams, Josh","2:02"
"11/30/2016","7 p.m.","2nd Half","17:23","23-50","Adrian","Harris, Davonte","missed","Layup","0","Aaron, Daton; Cannon, Anthony; Crofford, Isiah; Harris, Davonte; Webster, Justin","2:37"
"11/30/2016","7 p.m.","2nd Half","17:23","23-50","Akron","Johnson, Isaiah","","Defensive Rebound","","Cheatham, Jr., Kwan; Jackson, Antino; Johnson, Isaiah; Robotham, Noah; Williams, Josh","2:37"
"11/30/2016","7 p.m.","2nd Half","17:10","23-52","Akron","Johnson, Isaiah","made","Layup","17","Cheatham, Jr., Kwan; Jackson, Antino; Johnson, Isaiah; Robotham, Noah; Williams, Josh","2:50"
"11/30/2016","7 p.m.","2nd Half","17:10","23-52","Akron","Robotham, Noah","","Assist","","Cheatham, Jr., Kwan; Jackson, Antino; Johnson, Isaiah; Robotham, Noah; Williams, Josh","2:50"
"11/30/2016","7 p.m.","2nd Half","17:08","23-52","Adrian","Gold, Michael","","Enters Game","","Aaron, Daton; Cannon, Anthony; Crofford, Isiah; Gold, Michael; Harris, Davonte; Webster, Justin","0:00"
"11/30/2016","7 p.m.","2nd Half","17:08","23-52","Adrian","Williams, Marcellous","","Enters Game","","Aaron, Daton; Cannon, Anthony; Crofford, Isiah; Gold, Michael; Harris, Davonte; Webster, Justin; Williams, Marcellous","0:00"
"11/30/2016","7 p.m.","2nd Half","17:08","23-52","Adrian","Crofford, Isiah","","Leaves Game","","Aaron, Daton; Cannon, Anthony; Gold, Michael; Harris, Davonte; Webster, Justin; Williams, Marcellous","0:00"
"11/30/2016","7 p.m.","2nd Half","17:08","23-52","Adrian","Cannon, Anthony","","Leaves Game","","Aaron, Daton; Gold, Michael; Harris, Davonte; Webster, Justin; Williams, Marcellous","0:00"
"11/30/2016","7 p.m.","2nd Half","16:58","23-52","Adrian","Aaron, Daton","","Turnover","","Aaron, Daton; Gold, Michael; Harris, Davonte; Webster, Justin; Williams, Marcellous","0:10"
"11/30/2016","7 p.m.","2nd Half","16:55","23-52","Akron","Jackson, Antino","","Steal","","Cheatham, Jr., Kwan; Jackson, Antino; Johnson, Isaiah; Robotham, Noah; Williams, Josh","3:05"
"11/30/2016","7 p.m.","2nd Half","16:53","23-54","Akron","Robotham, Noah","made","Layup","25","Cheatham, Jr., Kwan; Jackson, Antino; Johnson, Isaiah; Robotham, Noah; Williams, Josh","3:07"
"11/30/2016","7 p.m.","2nd Half","16:53","23-54","Akron","Jackson, Antino","","Assist","","Cheatham, Jr., Kwan; Jackson, Antino; Johnson, Isaiah; Robotham, Noah; Williams, Josh","3:07"
"11/30/2016","7 p.m.","2nd Half","16:40","23-54","Adrian","Harris, Davonte","","Turnover","","Aaron, Daton; Gold, Michael; Harris, Davonte; Webster, Justin; Williams, Marcellous","0:28"
"11/30/2016","7 p.m.","2nd Half","16:37","23-54","Akron","Robotham, Noah","","Steal","","Cheatham, Jr., Kwan; Jackson, Antino; Johnson, Isaiah; Robotham, Noah; Williams, Josh","3:23"
"11/30/2016","7 p.m.","2nd Half","16:36","23-56","Akron","Robotham, Noah","made","Layup","26","Cheatham, Jr., Kwan; Jackson, Antino; Johnson, Isaiah; Robotham, Noah; Williams, Josh","3:24"
"11/30/2016","7 p.m.","2nd Half","16:14","23-56","Adrian","Harris, Davonte","missed","Three Point Jumper","8","Aaron, Daton; Gold, Michael; Harris, Davonte; Webster, Justin; Williams, Marcellous","0:54"
"11/30/2016","7 p.m.","2nd Half","16:14","23-56","Akron","Williams, Josh","","Defensive Rebound","","Cheatham, Jr., Kwan; Jackson, Antino; Johnson, Isaiah; Robotham, Noah; Williams, Josh","3:46"
"11/30/2016","7 p.m.","2nd Half","16:07","23-58","Akron","Jackson, Antino","made","Layup","23","Cheatham, Jr., Kwan; Jackson, Antino; Johnson, Isaiah; Robotham, Noah; Williams, Josh","3:53"
"11/30/2016","7 p.m.","2nd Half","16:07","23-58","Akron","Williams, Josh","","Assist","","Cheatham, Jr., Kwan; Jackson, Antino; Johnson, Isaiah; Robotham, Noah; Williams, Josh","3:53"
"11/30/2016","7 p.m.","2nd Half","15:59","23-58","Adrian","Webster, Justin","missed","Layup","22","Aaron, Daton; Gold, Michael; Harris, Davonte; Webster, Justin; Williams, Marcellous","1:09"
"11/30/2016","7 p.m.","2nd Half","15:59","23-58","Akron","Cheatham, Jr., Kwan","","Blocked Shot","","Cheatham, Jr., Kwan; Jackson, Antino; Johnson, Isaiah; Robotham, Noah; Williams, Josh","4:01"
"11/30/2016","7 p.m.","2nd Half","15:56","23-58","Akron","Cheatham, Jr., Kwan","","Defensive Rebound","","Cheatham, Jr., Kwan; Jackson, Antino; Johnson, Isaiah; Robotham, Noah; Williams, Josh","4:04"
"11/30/2016","7 p.m.","2nd Half","15:50","23-61","Akron","Robotham, Noah","made","Three Point Jumper","21","Cheatham, Jr., Kwan; Jackson, Antino; Johnson, Isaiah; Robotham, Noah; Williams, Josh","4:10"
"11/30/2016","7 p.m.","2nd Half","15:50","23-61","Akron","Cheatham, Jr., Kwan","","Assist","","Cheatham, Jr., Kwan; Jackson, Antino; Johnson, Isaiah; Robotham, Noah; Williams, Josh","4:10"
"11/30/2016","7 p.m.","2nd Half","15:34","23-61","Adrian","Williams, Marcellous","missed","Layup","14","Aaron, Daton; Gold, Michael; Harris, Davonte; Webster, Justin; Williams, Marcellous","1:34"
"11/30/2016","7 p.m.","2nd Half","15:34","23-61","Akron","Cheatham, Jr., Kwan","","Blocked Shot","","Cheatham, Jr., Kwan; Jackson, Antino; Johnson, Isaiah; Robotham, Noah; Williams, Josh","4:26"
"11/30/2016","7 p.m.","2nd Half","15:31","23-61","Akron","Robotham, Noah","","Defensive Rebound","","Cheatham, Jr., Kwan; Jackson, Antino; Johnson, Isaiah; Robotham, Noah; Williams, Josh","4:29"
"11/30/2016","7 p.m.","2nd Half","15:29","23-63","Akron","Robotham, Noah","made","Layup","25","Cheatham, Jr., Kwan; Jackson, Antino; Johnson, Isaiah; Robotham, Noah; Williams, Josh","4:31"
"11/30/2016","7 p.m.","2nd Half","15:25","23-63","Adrian","Team","","Second Timeout","","Aaron, Daton; Gold, Michael; Harris, Davonte; Webster, Justin; Williams, Marcellous","1:43"
"11/30/2016","7 p.m.","2nd Half","15:25","23-63","Adrian","Crofford, Isiah","","Enters Game","","Aaron, Daton; Crofford, Isiah; Gold, Michael; Harris, Davonte; Webster, Justin; Williams, Marcellous","0:00"
"11/30/2016","7 p.m.","2nd Half","15:25","23-63","Adrian","Cannon, Anthony","","Enters Game","","Aaron, Daton; Cannon, Anthony; Crofford, Isiah; Gold, Michael; Harris, Davonte; Webster, Justin; Williams, Marcellous","0:00"
"11/30/2016","7 p.m.","2nd Half","15:25","23-63","Adrian","Gold, Michael","","Leaves Game","","Aaron, Daton; Cannon, Anthony; Crofford, Isiah; Harris, Davonte; Webster, Justin; Williams, Marcellous","0:00"
"11/30/2016","7 p.m.","2nd Half","15:25","23-63","Adrian","Harris, Davonte","","Leaves Game","","Aaron, Daton; Cannon, Anthony; Crofford, Isiah; Webster, Justin; Williams, Marcellous","0:00"
"11/30/2016","7 p.m.","2nd Half","15:25","23-63","Akron","Dunn-Martin, Tavian","","Enters Game","","Cheatham, Jr., Kwan; Dunn-Martin, Tavian; Jackson, Antino; Johnson, Isaiah; Robotham, Noah; Williams, Josh","0:00"
"11/30/2016","7 p.m.","2nd Half","15:25","23-63","Akron","Ivey, Jimond","","Enters Game","","Cheatham, Jr., Kwan; Dunn-Martin, Tavian; Ivey, Jimond; Jackson, Antino; Johnson, Isaiah; Robotham, Noah; Williams, Josh","0:00"
"11/30/2016","7 p.m.","2nd Half","15:25","23-63","Akron","Jackson, Antino","","Leaves Game","","Cheatham, Jr., Kwan; Dunn-Martin, Tavian; Ivey, Jimond; Johnson, Isaiah; Robotham, Noah; Williams, Josh","0:00"
"11/30/2016","7 p.m.","2nd Half","15:25","23-63","Akron","Robotham, Noah","","Leaves Game","","Cheatham, Jr., Kwan; Dunn-Martin, Tavian; Ivey, Jimond; Johnson, Isaiah; Williams, Josh","0:00"
"11/30/2016","7 p.m.","2nd Half","15:05","23-63","Adrian","Crofford, Isiah","missed","Layup","6","Aaron, Daton; Cannon, Anthony; Crofford, Isiah; Webster, Justin; Williams, Marcellous","0:20"
"11/30/2016","7 p.m.","2nd Half","15:05","23-63","Adrian","Cannon, Anthony","","Offensive Rebound","","Aaron, Daton; Cannon, Anthony; Crofford, Isiah; Webster, Justin; Williams, Marcellous","0:20"
"11/30/2016","7 p.m.","2nd Half","14:59","23-63","Adrian","Cannon, Anthony","missed","Layup","24","Aaron, Daton; Cannon, Anthony; Crofford, Isiah; Webster, Justin; Williams, Marcellous","0:26"
"11/30/2016","7 p.m.","2nd Half","14:59","23-63","Akron","Cheatham, Jr., Kwan","","Blocked Shot","","Cheatham, Jr., Kwan; Dunn-Martin, Tavian; Ivey, Jimond; Johnson, Isaiah; Williams, Josh","0:26"
"11/30/2016","7 p.m.","2nd Half","14:59","23-63","Adrian","Team","","Offensive Rebound","","Aaron, Daton; Cannon, Anthony; Crofford, Isiah; Webster, Justin; Williams, Marcellous","0:26"
"11/30/2016","7 p.m.","2nd Half","14:59","23-63","Akron","Team","","Team Timeout","","Cheatham, Jr., Kwan; Dunn-Martin, Tavian; Ivey, Jimond; Johnson, Isaiah; Williams, Josh","0:26"
"11/30/2016","7 p.m.","2nd Half","14:59","23-63","Akron","Utomi, Daniel","","Enters Game","","Cheatham, Jr., Kwan; Dunn-Martin, Tavian; Ivey, Jimond; Johnson, Isaiah; Utomi, Daniel; Williams, Josh","0:00"
"11/30/2016","7 p.m.","2nd Half","14:59","23-63","Akron","Cheatham, Jr., Kwan","","Leaves Game","","Dunn-Martin, Tavian; Ivey, Jimond; Johnson, Isaiah; Utomi, Daniel; Williams, Josh","0:00"
"11/30/2016","7 p.m.","2nd Half","14:51","23-63","Adrian","Webster, Justin","missed","Layup","22","Aaron, Daton; Cannon, Anthony; Crofford, Isiah; Webster, Justin; Williams, Marcellous","0:34"
"11/30/2016","7 p.m.","2nd Half","14:51","23-63","Akron","Utomi, Daniel","","Defensive Rebound","","Dunn-Martin, Tavian; Ivey, Jimond; Johnson, Isaiah; Utomi, Daniel; Williams, Josh","0:08"
"11/30/2016","7 p.m.","2nd Half","14:35","23-65","Akron","Johnson, Isaiah","made","Layup","14","Dunn-Martin, Tavian; Ivey, Jimond; Johnson, Isaiah; Utomi, Daniel; Williams, Josh","0:24"
"11/30/2016","7 p.m.","2nd Half","14:35","23-65","Akron","Dunn-Martin, Tavian","","Assist","","Dunn-Martin, Tavian; Ivey, Jimond; Johnson, Isaiah; Utomi, Daniel; Williams, Josh","0:24"
"11/30/2016","7 p.m.","2nd Half","14:22","23-65","Adrian","Aaron, Daton","missed","Layup","17","Aaron, Daton; Cannon, Anthony; Crofford, Isiah; Webster, Justin; Williams, Marcellous","1:03"
"11/30/2016","7 p.m.","2nd Half","14:22","23-65","Akron","Utomi, Daniel","","Blocked Shot","","Dunn-Martin, Tavian; Ivey, Jimond; Johnson, Isaiah; Utomi, Daniel; Williams, Josh","0:37"
"11/30/2016","7 p.m.","2nd Half","14:22","23-65","Adrian","Team","","Offensive Rebound","","Aaron, Daton; Cannon, Anthony; Crofford, Isiah; Webster, Justin; Williams, Marcellous","1:03"
"11/30/2016","7 p.m.","2nd Half","14:22","23-65","Adrian","Harris, Davonte","","Enters Game","","Aaron, Daton; Cannon, Anthony; Crofford, Isiah; Harris, Davonte; Webster, Justin; Williams, Marcellous","0:00"
"11/30/2016","7 p.m.","2nd Half","14:22","23-65","Adrian","Aaron, Daton","","Leaves Game","","Cannon, Anthony; Crofford, Isiah; Harris, Davonte; Webster, Justin; Williams, Marcellous","0:00"
"11/30/2016","7 p.m.","2nd Half","14:22","23-65","Akron","Hughes, Michael","","Enters Game","","Dunn-Martin, Tavian; Hughes, Michael; Ivey, Jimond; Johnson, Isaiah; Utomi, Daniel; Williams, Josh","0:00"
"11/30/2016","7 p.m.","2nd Half","14:22","23-65","Akron","Johnson, Isaiah","","Leaves Game","","Dunn-Martin, Tavian; Hughes, Michael; Ivey, Jimond; Utomi, Daniel; Williams, Josh","0:00"
"11/30/2016","7 p.m.","2nd Half","14:13","23-65","Adrian","Webster, Justin","missed","Layup","21","Cannon, Anthony; Crofford, Isiah; Harris, Davonte; Webster, Justin; Williams, Marcellous","0:09"
"11/30/2016","7 p.m.","2nd Half","14:13","23-65","Akron","Hughes, Michael","","Blocked Shot","","Dunn-Martin, Tavian; Hughes, Michael; Ivey, Jimond; Utomi, Daniel; Williams, Josh","0:09"
"11/30/2016","7 p.m.","2nd Half","14:13","23-65","Adrian","Team","","Offensive Rebound","","Cannon, Anthony; Crofford, Isiah; Harris, Davonte; Webster, Justin; Williams, Marcellous","0:09"
"11/30/2016","7 p.m.","2nd Half","13:57","23-65","Adrian","Team","","Turnover","","Cannon, Anthony; Crofford, Isiah; Harris, Davonte; Webster, Justin; Williams, Marcellous","0:25"
"11/30/2016","7 p.m.","2nd Half","13:42","23-65","Akron","Utomi, Daniel","missed","Three Point Jumper","15","Dunn-Martin, Tavian; Hughes, Michael; Ivey, Jimond; Utomi, Daniel; Williams, Josh","0:40"
"11/30/2016","7 p.m.","2nd Half","13:42","23-65","Akron","Hughes, Michael","","Offensive Rebound","","Dunn-Martin, Tavian; Hughes, Michael; Ivey, Jimond; Utomi, Daniel; Williams, Josh","0:40"
"11/30/2016","7 p.m.","2nd Half","13:37","23-67","Akron","Hughes, Michael","made","Layup","25","Dunn-Martin, Tavian; Hughes, Michael; Ivey, Jimond; Utomi, Daniel; Williams, Josh","0:45"
"11/30/2016","7 p.m.","2nd Half","13:10","23-67","Adrian","Harris, Davonte","missed","Layup","3","Cannon, Anthony; Crofford, Isiah; Harris, Davonte; Webster, Justin; Williams, Marcellous","1:12"
"11/30/2016","7 p.m.","2nd Half","13:10","23-67","Akron","Team","","Deadball Rebound","","Dunn-Martin, Tavian; Hughes, Michael; Ivey, Jimond; Utomi, Daniel; Williams, Josh","1:12"
"11/30/2016","7 p.m.","2nd Half","13:07","23-67","Adrian","Crofford, Isiah","","Commits Foul","27","Cannon, Anthony; Crofford, Isiah; Harris, Davonte; Webster, Justin; Williams, Marcellous","1:15"
"11/30/2016","7 p.m.","2nd Half","12:39","23-67","Akron","Utomi, Daniel","","Turnover","","Dunn-Martin, Tavian; Hughes, Michael; Ivey, Jimond; Utomi, Daniel; Williams, Josh","1:43"
"11/30/2016","7 p.m.","2nd Half","12:36","23-67","Adrian","Webster, Justin","","Steal","","Cannon, Anthony; Crofford, Isiah; Harris, Davonte; Webster, Justin; Williams, Marcellous","1:46"
"11/30/2016","7 p.m.","2nd Half","12:35","23-67","Akron","Dunn-Martin, Tavian","","Commits Foul","26","Dunn-Martin, Tavian; Hughes, Michael; Ivey, Jimond; Utomi, Daniel; Williams, Josh","1:47"
"11/30/2016","7 p.m.","2nd Half","12:35","23-67","Adrian","Webster, Justin","missed","Free Throw","","Cannon, Anthony; Crofford, Isiah; Harris, Davonte; Webster, Justin; Williams, Marcellous","1:47"
"11/30/2016","7 p.m.","2nd Half","12:35","23-67","Adrian","Team","","Deadball Rebound","","Cannon, Anthony; Crofford, Isiah; Harris, Davonte; Webster, Justin; Williams, Marcellous","1:47"
"11/30/2016","7 p.m.","2nd Half","12:35","23-67","Adrian","Webster, Justin","missed","Free Throw","","Cannon, Anthony; Crofford, Isiah; Harris, Davonte; Webster, Justin; Williams, Marcellous","1:47"
"11/30/2016","7 p.m.","2nd Half","12:35","23-67","Akron","Utomi, Daniel","","Defensive Rebound","","Dunn-Martin, Tavian; Hughes, Michael; Ivey, Jimond; Utomi, Daniel; Williams, Josh","1:47"
"11/30/2016","7 p.m.","2nd Half","12:35","23-67","Akron","Jackson, Antino","","Enters Game","","Dunn-Martin, Tavian; Hughes, Michael; Ivey, Jimond; Jackson, Antino; Utomi, Daniel; Williams, Josh","0:00"
"11/30/2016","7 p.m.","2nd Half","12:35","23-67","Akron","Williams, Josh","","Leaves Game","","Dunn-Martin, Tavian; Hughes, Michael; Ivey, Jimond; Jackson, Antino; Utomi, Daniel","0:00"
"11/30/2016","7 p.m.","2nd Half","12:24","23-70","Akron","Jackson, Antino","made","Three Point Jumper","19","Dunn-Martin, Tavian; Hughes, Michael; Ivey, Jimond; Jackson, Antino; Utomi, Daniel","0:11"
"11/30/2016","7 p.m.","2nd Half","12:07","23-70","Akron","Utomi, Daniel","","Commits Foul","13","Dunn-Martin, Tavian; Hughes, Michael; Ivey, Jimond; Jackson, Antino; Utomi, Daniel","0:28"
"11/30/2016","7 p.m.","2nd Half","12:07","24-70","Adrian","Harris, Davonte","made","Free Throw","","Cannon, Anthony; Crofford, Isiah; Harris, Davonte; Webster, Justin; Williams, Marcellous","2:15"
"11/30/2016","7 p.m.","2nd Half","12:07","25-70","Adrian","Harris, Davonte","made","Free Throw","","Cannon, Anthony; Crofford, Isiah; Harris, Davonte; Webster, Justin; Williams, Marcellous","2:15"
"11/30/2016","7 p.m.","2nd Half","12:07","25-70","Adrian","Gold, Michael","","Enters Game","","Cannon, Anthony; Crofford, Isiah; Gold, Michael; Harris, Davonte; Webster, Justin; Williams, Marcellous","0:00"
"11/30/2016","7 p.m.","2nd Half","12:07","25-70","Adrian","Webster, Justin","","Leaves Game","","Cannon, Anthony; Crofford, Isiah; Gold, Michael; Harris, Davonte; Williams, Marcellous","0:00"
"11/30/2016","7 p.m.","2nd Half","12:07","25-70","Akron","Olojakpoke, Emmanuel","","Enters Game","","Dunn-Martin, Tavian; Hughes, Michael; Ivey, Jimond; Jackson, Antino; Olojakpoke, Emmanuel; Utomi, Daniel","0:00"
"11/30/2016","7 p.m.","2nd Half","12:07","25-70","Akron","Jackson, Aaron","","Enters Game","","Dunn-Martin, Tavian; Hughes, Michael; Ivey, Jimond; Jackson, Aaron; Jackson, Antino; Olojakpoke, Emmanuel; Utomi, Daniel","0:00"
"11/30/2016","7 p.m.","2nd Half","12:07","25-70","Akron","Hughes, Michael","","Leaves Game","","Dunn-Martin, Tavian; Ivey, Jimond; Jackson, Aaron; Jackson, Antino; Olojakpoke, Emmanuel; Utomi, Daniel","0:00"
"11/30/2016","7 p.m.","2nd Half","12:07","25-70","Akron","Utomi, Daniel","","Leaves Game","","Dunn-Martin, Tavian; Ivey, Jimond; Jackson, Aaron; Jackson, Antino; Olojakpoke, Emmanuel","0:00"
"11/30/2016","7 p.m.","2nd Half","11:51","25-72","Akron","Olojakpoke, Emmanuel","made","Layup","14","Dunn-Martin, Tavian; Ivey, Jimond; Jackson, Aaron; Jackson, Antino; Olojakpoke, Emmanuel","0:16"
"11/30/2016","7 p.m.","2nd Half","11:51","25-72","Akron","Jackson, Antino","","Assist","","Dunn-Martin, Tavian; Ivey, Jimond; Jackson, Aaron; Jackson, Antino; Olojakpoke, Emmanuel","0:16"
"11/30/2016","7 p.m.","2nd Half","11:19","25-72","Adrian","Harris, Davonte","missed","Three Point Jumper","0","Cannon, Anthony; Crofford, Isiah; Gold, Michael; Harris, Davonte; Williams, Marcellous","0:48"
"11/30/2016","7 p.m.","2nd Half","11:19","25-72","Akron","Ivey, Jimond","","Defensive Rebound","","Dunn-Martin, Tavian; Ivey, Jimond; Jackson, Aaron; Jackson, Antino; Olojakpoke, Emmanuel","0:48"
"11/30/2016","7 p.m.","2nd Half","11:06","25-72","Akron","Dunn-Martin, Tavian","missed","Layup","17","Dunn-Martin, Tavian; Ivey, Jimond; Jackson, Aaron; Jackson, Antino; Olojakpoke, Emmanuel","1:01"
"11/30/2016","7 p.m.","2nd Half","11:06","25-72","Adrian","Gold, Michael","","Defensive Rebound","","Cannon, Anthony; Crofford, Isiah; Gold, Michael; Harris, Davonte; Williams, Marcellous","1:01"
"11/30/2016","7 p.m.","2nd Half","10:55","25-72","Adrian","Crofford, Isiah","missed","Layup","19","Cannon, Anthony; Crofford, Isiah; Gold, Michael; Harris, Davonte; Williams, Marcellous","1:12"
"11/30/2016","7 p.m.","2nd Half","10:55","25-72","Akron","Jackson, Aaron","","Defensive Rebound","","Dunn-Martin, Tavian; Ivey, Jimond; Jackson, Aaron; Jackson, Antino; Olojakpoke, Emmanuel","1:12"
"11/30/2016","7 p.m.","2nd Half","10:43","25-74","Akron","Olojakpoke, Emmanuel","made","Layup","18","Dunn-Martin, Tavian; Ivey, Jimond; Jackson, Aaron; Jackson, Antino; Olojakpoke, Emmanuel","1:24"
"11/30/2016","7 p.m.","2nd Half","10:43","25-74","Akron","Jackson, Antino","","Assist","","Dunn-Martin, Tavian; Ivey, Jimond; Jackson, Aaron; Jackson, Antino; Olojakpoke, Emmanuel","1:24"
"11/30/2016","7 p.m.","2nd Half","10:24","25-74","Adrian","Cannon, Anthony","","Turnover","","Cannon, Anthony; Crofford, Isiah; Gold, Michael; Harris, Davonte; Williams, Marcellous","1:43"
"11/30/2016","7 p.m.","2nd Half","10:24","25-74","Adrian","Cannon, Anthony","","Commits Foul","","Cannon, Anthony; Crofford, Isiah; Gold, Michael; Harris, Davonte; Williams, Marcellous","1:43"
"11/30/2016","7 p.m.","2nd Half","10:24","25-74","Akron","Team","","Team Timeout","","Dunn-Martin, Tavian; Ivey, Jimond; Jackson, Aaron; Jackson, Antino; Olojakpoke, Emmanuel","1:43"
"11/30/2016","7 p.m.","2nd Half","10:24","25-74","Adrian","Webster, Justin","","Enters Game","","Cannon, Anthony; Crofford, Isiah; Gold, Michael; Harris, Davonte; Webster, Justin; Williams, Marcellous","0:00"
"11/30/2016","7 p.m.","2nd Half","10:24","25-74","Adrian","Aaron, Daton","","Enters Game","","Aaron, Daton; Cannon, Anthony; Crofford, Isiah; Gold, Michael; Harris, Davonte; Webster, Justin; Williams, Marcellous","0:00"
"11/30/2016","7 p.m.","2nd Half","10:24","25-74","Adrian","Crofford, Isiah","","Leaves Game","","Aaron, Daton; Cannon, Anthony; Gold, Michael; Harris, Davonte; Webster, Justin; Williams, Marcellous","0:00"
"11/30/2016","7 p.m.","2nd Half","10:24","25-74","Adrian","Williams, Marcellous","","Leaves Game","","Aaron, Daton; Cannon, Anthony; Gold, Michael; Harris, Davonte; Webster, Justin","0:00"
"11/30/2016","7 p.m.","2nd Half","10:24","25-74","Akron","Robotham, Noah","","Enters Game","","Dunn-Martin, Tavian; Ivey, Jimond; Jackson, Aaron; Jackson, Antino; Olojakpoke, Emmanuel; Robotham, Noah","0:00"
"11/30/2016","7 p.m.","2nd Half","10:24","25-74","Akron","Eubanks, Craig","","Enters Game","","Dunn-Martin, Tavian; Eubanks, Craig; Ivey, Jimond; Jackson, Aaron; Jackson, Antino; Olojakpoke, Emmanuel; Robotham, Noah","0:00"
"11/30/2016","7 p.m.","2nd Half","10:24","25-74","Akron","Dunn-Martin, Tavian","","Leaves Game","","Eubanks, Craig; Ivey, Jimond; Jackson, Aaron; Jackson, Antino; Olojakpoke, Emmanuel; Robotham, Noah","0:00"
"11/30/2016","7 p.m.","2nd Half","10:24","25-74","Akron","Ivey, Jimond","","Leaves Game","","Eubanks, Craig; Jackson, Aaron; Jackson, Antino; Olojakpoke, Emmanuel; Robotham, Noah","0:00"
"11/30/2016","7 p.m.","2nd Half","10:02","25-74","Akron","Eubanks, Craig","","Turnover","","Eubanks, Craig; Jackson, Aaron; Jackson, Antino; Olojakpoke, Emmanuel; Robotham, Noah","0:22"
"11/30/2016","7 p.m.","2nd Half","10:00","25-74","Adrian","Gold, Michael","","Steal","","Aaron, Daton; Cannon, Anthony; Gold, Michael; Harris, Davonte; Webster, Justin","0:24"
"11/30/2016","7 p.m.","2nd Half","09:46","25-74","Adrian","Harris, Davonte","missed","Layup","14","Aaron, Daton; Cannon, Anthony; Gold, Michael; Harris, Davonte; Webster, Justin","0:38"
"11/30/2016","7 p.m.","2nd Half","09:46","25-74","Akron","Jackson, Aaron","","Blocked Shot","","Eubanks, Craig; Jackson, Aaron; Jackson, Antino; Olojakpoke, Emmanuel; Robotham, Noah","0:38"
"11/30/2016","7 p.m.","2nd Half","09:43","25-74","Adrian","Team","","Offensive Rebound","","Aaron, Daton; Cannon, Anthony; Gold, Michael; Harris, Davonte; Webster, Justin","0:41"
"11/30/2016","7 p.m.","2nd Half","09:42","25-74","Akron","Dunn-Martin, Tavian","","Enters Game","","Dunn-Martin, Tavian; Eubanks, Craig; Jackson, Aaron; Jackson, Antino; Olojakpoke, Emmanuel; Robotham, Noah","0:00"
"11/30/2016","7 p.m.","2nd Half","09:42","25-74","Akron","Ivey, Jimond","","Enters Game","","Dunn-Martin, Tavian; Eubanks, Craig; Ivey, Jimond; Jackson, Aaron; Jackson, Antino; Olojakpoke, Emmanuel; Robotham, Noah","0:00"
"11/30/2016","7 p.m.","2nd Half","09:42","25-74","Akron","Jackson, Antino","","Leaves Game","","Dunn-Martin, Tavian; Eubanks, Craig; Ivey, Jimond; Jackson, Aaron; Olojakpoke, Emmanuel; Robotham, Noah","0:00"
"11/30/2016","7 p.m.","2nd Half","09:42","25-74","Akron","Robotham, Noah","","Leaves Game","","Dunn-Martin, Tavian; Eubanks, Craig; Ivey, Jimond; Jackson, Aaron; Olojakpoke, Emmanuel","0:00"
"11/30/2016","7 p.m.","2nd Half","09:32","28-74","Adrian","Harris, Davonte","made","Three Point Jumper","16","Aaron, Daton; Cannon, Anthony; Gold, Michael; Harris, Davonte; Webster, Justin","0:52"
"11/30/2016","7 p.m.","2nd Half","09:09","28-74","Akron","Eubanks, Craig","missed","Three Point Jumper","7","Dunn-Martin, Tavian; Eubanks, Craig; Ivey, Jimond; Jackson, Aaron; Olojakpoke, Emmanuel","0:33"
"11/30/2016","7 p.m.","2nd Half","09:09","28-74","Akron","Olojakpoke, Emmanuel","","Offensive Rebound","","Dunn-Martin, Tavian; Eubanks, Craig; Ivey, Jimond; Jackson, Aaron; Olojakpoke, Emmanuel","0:33"
"11/30/2016","7 p.m.","2nd Half","09:05","28-74","Adrian","Webster, Justin","","Commits Foul","26","Aaron, Daton; Cannon, Anthony; Gold, Michael; Harris, Davonte; Webster, Justin","1:19"
"11/30/2016","7 p.m.","2nd Half","09:02","28-75","Akron","Olojakpoke, Emmanuel","made","Free Throw","","Dunn-Martin, Tavian; Eubanks, Craig; Ivey, Jimond; Jackson, Aaron; Olojakpoke, Emmanuel","0:40"
"11/30/2016","7 p.m.","2nd Half","09:02","28-76","Akron","Olojakpoke, Emmanuel","made","Free Throw","","Dunn-Martin, Tavian; Eubanks, Craig; Ivey, Jimond; Jackson, Aaron; Olojakpoke, Emmanuel","0:40"
"11/30/2016","7 p.m.","2nd Half","08:45","30-76","Adrian","Gold, Michael","made","Layup","10","Aaron, Daton; Cannon, Anthony; Gold, Michael; Harris, Davonte; Webster, Justin","1:39"
"11/30/2016","7 p.m.","2nd Half","08:31","30-76","Akron","Dunn-Martin, Tavian","","Turnover","","Dunn-Martin, Tavian; Eubanks, Craig; Ivey, Jimond; Jackson, Aaron; Olojakpoke, Emmanuel","1:11"
"11/30/2016","7 p.m.","2nd Half","08:31","30-76","Adrian","Crofford, Isiah","","Enters Game","","Aaron, Daton; Cannon, Anthony; Crofford, Isiah; Gold, Michael; Harris, Davonte; Webster, Justin","0:00"
"11/30/2016","7 p.m.","2nd Half","08:31","30-76","Adrian","Gold, Michael","","Leaves Game","","Aaron, Daton; Cannon, Anthony; Crofford, Isiah; Harris, Davonte; Webster, Justin","2:52"
"11/30/2016","7 p.m.","2nd Half","08:18","30-76","Adrian","Aaron, Daton","missed","Layup","17","Aaron, Daton; Cannon, Anthony; Crofford, Isiah; Harris, Davonte; Webster, Justin","3:05"
"11/30/2016","7 p.m.","2nd Half","08:18","30-76","Akron","Jackson, Aaron","","Defensive Rebound","","Dunn-Martin, Tavian; Eubanks, Craig; Ivey, Jimond; Jackson, Aaron; Olojakpoke, Emmanuel","1:24"
"11/30/2016","7 p.m.","2nd Half","08:10","30-76","Akron","Olojakpoke, Emmanuel","missed","Layup","22","Dunn-Martin, Tavian; Eubanks, Craig; Ivey, Jimond; Jackson, Aaron; Olojakpoke, Emmanuel","1:32"
"11/30/2016","7 p.m.","2nd Half","08:10","30-76","Adrian","Crofford, Isiah","","Defensive Rebound","","Aaron, Daton; Cannon, Anthony; Crofford, Isiah; Harris, Davonte; Webster, Justin","3:13"
"11/30/2016","7 p.m.","2nd Half","08:03","30-76","Akron","Ivey, Jimond","","Commits Foul","23","Dunn-Martin, Tavian; Eubanks, Craig; Ivey, Jimond; Jackson, Aaron; Olojakpoke, Emmanuel","1:39"
"11/30/2016","7 p.m.","2nd Half","08:03","31-76","Adrian","Harris, Davonte","made","Free Throw","","Aaron, Daton; Cannon, Anthony; Crofford, Isiah; Harris, Davonte; Webster, Justin","3:20"
"11/30/2016","7 p.m.","2nd Half","08:03","32-76","Adrian","Harris, Davonte","made","Free Throw","","Aaron, Daton; Cannon, Anthony; Crofford, Isiah; Harris, Davonte; Webster, Justin","3:20"
"11/30/2016","7 p.m.","2nd Half","08:03","32-76","Adrian","Williams, Marcellous","","Enters Game","","Aaron, Daton; Cannon, Anthony; Crofford, Isiah; Harris, Davonte; Webster, Justin; Williams, Marcellous","0:00"
"11/30/2016","7 p.m.","2nd Half","08:03","32-76","Adrian","Cannon, Anthony","","Leaves Game","","Aaron, Daton; Crofford, Isiah; Harris, Davonte; Webster, Justin; Williams, Marcellous","0:00"
"11/30/2016","7 p.m.","2nd Half","08:03","32-76","Akron","Hughes, Michael","","Enters Game","","Dunn-Martin, Tavian; Eubanks, Craig; Hughes, Michael; Ivey, Jimond; Jackson, Aaron; Olojakpoke, Emmanuel","0:00"
"11/30/2016","7 p.m.","2nd Half","08:03","32-76","Akron","Utomi, Daniel","","Enters Game","","Dunn-Martin, Tavian; Eubanks, Craig; Hughes, Michael; Ivey, Jimond; Jackson, Aaron; Olojakpoke, Emmanuel; Utomi, Daniel","0:00"
"11/30/2016","7 p.m.","2nd Half","08:03","32-76","Akron","Olojakpoke, Emmanuel","","Leaves Game","","Dunn-Martin, Tavian; Eubanks, Craig; Hughes, Michael; Ivey, Jimond; Jackson, Aaron; Utomi, Daniel","0:00"
"11/30/2016","7 p.m.","2nd Half","08:03","32-76","Akron","Jackson, Aaron","","Leaves Game","","Dunn-Martin, Tavian; Eubanks, Craig; Hughes, Michael; Ivey, Jimond; Utomi, Daniel","0:00"
"11/30/2016","7 p.m.","2nd Half","07:45","32-79","Akron","Dunn-Martin, Tavian","made","Three Point Jumper","12","Dunn-Martin, Tavian; Eubanks, Craig; Hughes, Michael; Ivey, Jimond; Utomi, Daniel","0:18"
"11/30/2016","7 p.m.","2nd Half","07:24","32-79","Adrian","Aaron, Daton","missed","Layup","9","Aaron, Daton; Crofford, Isiah; Harris, Davonte; Webster, Justin; Williams, Marcellous","0:39"
"11/30/2016","7 p.m.","2nd Half","07:24","32-79","Akron","Hughes, Michael","","Defensive Rebound","","Dunn-Martin, Tavian; Eubanks, Craig; Hughes, Michael; Ivey, Jimond; Utomi, Daniel","0:39"
"11/30/2016","7 p.m.","2nd Half","07:17","32-81","Akron","Utomi, Daniel","made","Layup","23","Dunn-Martin, Tavian; Eubanks, Craig; Hughes, Michael; Ivey, Jimond; Utomi, Daniel","0:46"
"11/30/2016","7 p.m.","2nd Half","07:17","32-81","Akron","Hughes, Michael","","Assist","","Dunn-Martin, Tavian; Eubanks, Craig; Hughes, Michael; Ivey, Jimond; Utomi, Daniel","0:46"
"11/30/2016","7 p.m.","2nd Half","06:52","32-81","Adrian","Harris, Davonte","missed","Layup","5","Aaron, Daton; Crofford, Isiah; Harris, Davonte; Webster, Justin; Williams, Marcellous","1:11"
"11/30/2016","7 p.m.","2nd Half","06:52","32-81","Adrian","Team","","Offensive Rebound","","Aaron, Daton; Crofford, Isiah; Harris, Davonte; Webster, Justin; Williams, Marcellous","1:11"
"11/30/2016","7 p.m.","2nd Half","06:51","32-81","Akron","Team","","Team Timeout","","Dunn-Martin, Tavian; Eubanks, Craig; Hughes, Michael; Ivey, Jimond; Utomi, Daniel","1:12"
"11/30/2016","7 p.m.","2nd Half","06:51","32-81","Akron","Jackson, Aaron","","Enters Game","","Dunn-Martin, Tavian; Eubanks, Craig; Hughes, Michael; Ivey, Jimond; Jackson, Aaron; Utomi, Daniel","0:00"
"11/30/2016","7 p.m.","2nd Half","06:51","32-81","Akron","Ivey, Jimond","","Leaves Game","","Dunn-Martin, Tavian; Eubanks, Craig; Hughes, Michael; Jackson, Aaron; Utomi, Daniel","0:00"
"11/30/2016","7 p.m.","2nd Half","06:48","32-81","Akron","Utomi, Daniel","","Commits Foul","26","Dunn-Martin, Tavian; Eubanks, Craig; Hughes, Michael; Jackson, Aaron; Utomi, Daniel","0:03"
"11/30/2016","7 p.m.","2nd Half","06:48","33-81","Adrian","Webster, Justin","made","Free Throw","","Aaron, Daton; Crofford, Isiah; Harris, Davonte; Webster, Justin; Williams, Marcellous","1:15"
"11/30/2016","7 p.m.","2nd Half","06:48","34-81","Adrian","Webster, Justin","made","Free Throw","","Aaron, Daton; Crofford, Isiah; Harris, Davonte; Webster, Justin; Williams, Marcellous","1:15"
"11/30/2016","7 p.m.","2nd Half","06:32","34-81","Akron","Jackson, Aaron","","Turnover","","Dunn-Martin, Tavian; Eubanks, Craig; Hughes, Michael; Jackson, Aaron; Utomi, Daniel","0:19"
"11/30/2016","7 p.m.","2nd Half","06:30","34-81","Adrian","Harris, Davonte","","Steal","","Aaron, Daton; Crofford, Isiah; Harris, Davonte; Webster, Justin; Williams, Marcellous","1:33"
"11/30/2016","7 p.m.","2nd Half","06:28","34-81","Adrian","Harris, Davonte","missed","Layup","26","Aaron, Daton; Crofford, Isiah; Harris, Davonte; Webster, Justin; Williams, Marcellous","1:35"
"11/30/2016","7 p.m.","2nd Half","06:28","34-81","Adrian","Williams, Marcellous","","Offensive Rebound","","Aaron, Daton; Crofford, Isiah; Harris, Davonte; Webster, Justin; Williams, Marcellous","1:35"
"11/30/2016","7 p.m.","2nd Half","06:25","36-81","Adrian","Williams, Marcellous","made","Layup","27","Aaron, Daton; Crofford, Isiah; Harris, Davonte; Webster, Justin; Williams, Marcellous","1:38"
"11/30/2016","7 p.m.","2nd Half","06:09","36-84","Akron","Dunn-Martin, Tavian","made","Three Point Jumper","14","Dunn-Martin, Tavian; Eubanks, Craig; Hughes, Michael; Jackson, Aaron; Utomi, Daniel","0:42"
"11/30/2016","7 p.m.","2nd Half","05:53","38-84","Adrian","Williams, Marcellous","made","Two Point Jumper","14","Aaron, Daton; Crofford, Isiah; Harris, Davonte; Webster, Justin; Williams, Marcellous","2:10"
"11/30/2016","7 p.m.","2nd Half","05:36","38-86","Akron","Utomi, Daniel","made","Two Point Jumper","13","Dunn-Martin, Tavian; Eubanks, Craig; Hughes, Michael; Jackson, Aaron; Utomi, Daniel","1:15"
"11/30/2016","7 p.m.","2nd Half","05:36","38-86","Akron","Dunn-Martin, Tavian","","Assist","","Dunn-Martin, Tavian; Eubanks, Craig; Hughes, Michael; Jackson, Aaron; Utomi, Daniel","1:15"
"11/30/2016","7 p.m.","2nd Half","05:25","40-86","Adrian","Harris, Davonte","made","Layup","19","Aaron, Daton; Crofford, Isiah; Harris, Davonte; Webster, Justin; Williams, Marcellous","2:38"
"11/30/2016","7 p.m.","2nd Half","05:01","40-89","Akron","Eubanks, Craig","made","Three Point Jumper","6","Dunn-Martin, Tavian; Eubanks, Craig; Hughes, Michael; Jackson, Aaron; Utomi, Daniel","1:50"
"11/30/2016","7 p.m.","2nd Half","05:01","40-89","Akron","Dunn-Martin, Tavian","","Assist","","Dunn-Martin, Tavian; Eubanks, Craig; Hughes, Michael; Jackson, Aaron; Utomi, Daniel","1:50"
"11/30/2016","7 p.m.","2nd Half","04:46","40-89","Adrian","Harris, Davonte","missed","Two Point Jumper","15","Aaron, Daton; Crofford, Isiah; Harris, Davonte; Webster, Justin; Williams, Marcellous","3:17"
"11/30/2016","7 p.m.","2nd Half","04:46","40-89","Akron","Hughes, Michael","","Defensive Rebound","","Dunn-Martin, Tavian; Eubanks, Craig; Hughes, Michael; Jackson, Aaron; Utomi, Daniel","2:05"
"11/30/2016","7 p.m.","2nd Half","04:41","40-89","Adrian","Henry, Ken","","Enters Game","","Aaron, Daton; Crofford, Isiah; Harris, Davonte; Henry, Ken; Webster, Justin; Williams, Marcellous","0:00"
"11/30/2016","7 p.m.","2nd Half","04:41","40-89","Adrian","Webster, Justin","","Leaves Game","","Aaron, Daton; Crofford, Isiah; Harris, Davonte; Henry, Ken; Williams, Marcellous","0:00"
"11/30/2016","7 p.m.","2nd Half","04:41","40-89","Akron","Olojakpoke, Emmanuel","","Enters Game","","Dunn-Martin, Tavian; Eubanks, Craig; Hughes, Michael; Jackson, Aaron; Olojakpoke, Emmanuel; Utomi, Daniel","0:00"
"11/30/2016","7 p.m.","2nd Half","04:41","40-89","Akron","Jackson, Aaron","","Leaves Game","","Dunn-Martin, Tavian; Eubanks, Craig; Hughes, Michael; Olojakpoke, Emmanuel; Utomi, Daniel","0:00"
"11/30/2016","7 p.m.","2nd Half","04:28","40-89","Akron","Hughes, Michael","","Turnover","","Dunn-Martin, Tavian; Eubanks, Craig; Hughes, Michael; Olojakpoke, Emmanuel; Utomi, Daniel","0:13"
"11/30/2016","7 p.m.","2nd Half","04:28","40-89","Akron","Hughes, Michael","","Commits Foul","","Dunn-Martin, Tavian; Eubanks, Craig; Hughes, Michael; Olojakpoke, Emmanuel; Utomi, Daniel","0:13"
"11/30/2016","7 p.m.","2nd Half","04:28","40-89","Adrian","Merrick, Logan","","Enters Game","","Aaron, Daton; Crofford, Isiah; Harris, Davonte; Henry, Ken; Merrick, Logan; Williams, Marcellous","0:00"
"11/30/2016","7 p.m.","2nd Half","04:28","40-89","Adrian","Landini, Andrew","","Enters Game","","Aaron, Daton; Crofford, Isiah; Harris, Davonte; Henry, Ken; Landini, Andrew; Merrick, Logan; Williams, Marcellous","0:00"
"11/30/2016","7 p.m.","2nd Half","04:28","40-89","Adrian","Crofford, Isiah","","Leaves Game","","Aaron, Daton; Harris, Davonte; Henry, Ken; Landini, Andrew; Merrick, Logan; Williams, Marcellous","0:00"
"11/30/2016","7 p.m.","2nd Half","04:28","40-89","Adrian","Aaron, Daton","","Leaves Game","","Harris, Davonte; Henry, Ken; Landini, Andrew; Merrick, Logan; Williams, Marcellous","0:00"
"11/30/2016","7 p.m.","2nd Half","04:13","40-89","Akron","Utomi, Daniel","","Commits Foul","15","Dunn-Martin, Tavian; Eubanks, Craig; Hughes, Michael; Olojakpoke, Emmanuel; Utomi, Daniel","0:28"
"11/30/2016","7 p.m.","2nd Half","04:13","41-89","Adrian","Henry, Ken","made","Free Throw","","Harris, Davonte; Henry, Ken; Landini, Andrew; Merrick, Logan; Williams, Marcellous","0:15"
"11/30/2016","7 p.m.","2nd Half","04:13","41-89","Adrian","Henry, Ken","missed","Free Throw","","Harris, Davonte; Henry, Ken; Landini, Andrew; Merrick, Logan; Williams, Marcellous","0:15"
"11/30/2016","7 p.m.","2nd Half","04:13","41-89","Akron","Olojakpoke, Emmanuel","","Defensive Rebound","","Dunn-Martin, Tavian; Eubanks, Craig; Hughes, Michael; Olojakpoke, Emmanuel; Utomi, Daniel","0:28"
"11/30/2016","7 p.m.","2nd Half","04:03","41-89","Akron","Dunn-Martin, Tavian","missed","Two Point Jumper","20","Dunn-Martin, Tavian; Eubanks, Craig; Hughes, Michael; Olojakpoke, Emmanuel; Utomi, Daniel","0:38"
"11/30/2016","7 p.m.","2nd Half","04:03","41-89","Adrian","Landini, Andrew","","Defensive Rebound","","Harris, Davonte; Henry, Ken; Landini, Andrew; Merrick, Logan; Williams, Marcellous","0:25"
"11/30/2016","7 p.m.","2nd Half","03:53","41-89","Adrian","Harris, Davonte","missed","Layup","20","Harris, Davonte; Henry, Ken; Landini, Andrew; Merrick, Logan; Williams, Marcellous","0:35"
"11/30/2016","7 p.m.","2nd Half","03:53","41-89","Akron","Olojakpoke, Emmanuel","","Blocked Shot","","Dunn-Martin, Tavian; Eubanks, Craig; Hughes, Michael; Olojakpoke, Emmanuel; Utomi, Daniel","0:48"
"11/30/2016","7 p.m.","2nd Half","03:51","41-89","Adrian","Harris, Davonte","","Offensive Rebound","","Harris, Davonte; Henry, Ken; Landini, Andrew; Merrick, Logan; Williams, Marcellous","0:37"
"11/30/2016","7 p.m.","2nd Half","03:46","41-89","Adrian","Harris, Davonte","missed","Two Point Jumper","23","Harris, Davonte; Henry, Ken; Landini, Andrew; Merrick, Logan; Williams, Marcellous","0:42"
"11/30/2016","7 p.m.","2nd Half","03:46","41-89","Adrian","Henry, Ken","","Offensive Rebound","","Harris, Davonte; Henry, Ken; Landini, Andrew; Merrick, Logan; Williams, Marcellous","0:42"
"11/30/2016","7 p.m.","2nd Half","03:42","41-89","Adrian","Williams, Marcellous","missed","Two Point Jumper","26","Harris, Davonte; Henry, Ken; Landini, Andrew; Merrick, Logan; Williams, Marcellous","0:46"
"11/30/2016","7 p.m.","2nd Half","03:42","41-89","Akron","Utomi, Daniel","","Defensive Rebound","","Dunn-Martin, Tavian; Eubanks, Craig; Hughes, Michael; Olojakpoke, Emmanuel; Utomi, Daniel","0:59"
"11/30/2016","7 p.m.","2nd Half","03:26","41-89","Akron","Utomi, Daniel","missed","Three Point Jumper","14","Dunn-Martin, Tavian; Eubanks, Craig; Hughes, Michael; Olojakpoke, Emmanuel; Utomi, Daniel","1:15"
"11/30/2016","7 p.m.","2nd Half","03:26","41-89","Akron","Olojakpoke, Emmanuel","","Offensive Rebound","","Dunn-Martin, Tavian; Eubanks, Craig; Hughes, Michael; Olojakpoke, Emmanuel; Utomi, Daniel","1:15"
"11/30/2016","7 p.m.","2nd Half","03:21","41-89","Adrian","Merrick, Logan","","Commits Foul","25","Harris, Davonte; Henry, Ken; Landini, Andrew; Merrick, Logan; Williams, Marcellous","1:07"
"11/30/2016","7 p.m.","2nd Half","03:21","41-89","Akron","Team","","Team Timeout","","Dunn-Martin, Tavian; Eubanks, Craig; Hughes, Michael; Olojakpoke, Emmanuel; Utomi, Daniel","1:20"
"11/30/2016","7 p.m.","2nd Half","03:21","41-89","Akron","Anderson, Carlitos","","Enters Game","","Anderson, Carlitos; Dunn-Martin, Tavian; Eubanks, Craig; Hughes, Michael; Olojakpoke, Emmanuel; Utomi, Daniel","0:00"
"11/30/2016","7 p.m.","2nd Half","03:21","41-89","Akron","Noble, Mark","","Enters Game","","Anderson, Carlitos; Dunn-Martin, Tavian; Eubanks, Craig; Hughes, Michael; Noble, Mark; Olojakpoke, Emmanuel; Utomi, Daniel","0:00"
"11/30/2016","7 p.m.","2nd Half","03:21","41-89","Akron","McIntyre, Marquelle","","Enters Game","","Anderson, Carlitos; Dunn-Martin, Tavian; Eubanks, Craig; Hughes, Michael; McIntyre, Marquelle; Noble, Mark; Olojakpoke, Emmanuel; Utomi, Daniel","0:00"
"11/30/2016","7 p.m.","2nd Half","03:21","41-89","Akron","Hughes, Michael","","Leaves Game","","Anderson, Carlitos; Dunn-Martin, Tavian; Eubanks, Craig; McIntyre, Marquelle; Noble, Mark; Olojakpoke, Emmanuel; Utomi, Daniel","0:00"
"11/30/2016","7 p.m.","2nd Half","03:21","41-89","Akron","Dunn-Martin, Tavian","","Leaves Game","","Anderson, Carlitos; Eubanks, Craig; McIntyre, Marquelle; Noble, Mark; Olojakpoke, Emmanuel; Utomi, Daniel","0:00"
"11/30/2016","7 p.m.","2nd Half","03:21","41-89","Akron","Utomi, Daniel","","Leaves Game","","Anderson, Carlitos; Eubanks, Craig; McIntyre, Marquelle; Noble, Mark; Olojakpoke, Emmanuel","0:00"
"11/30/2016","7 p.m.","2nd Half","03:16","41-89","Akron","Noble, Mark","","Turnover","","Anderson, Carlitos; Eubanks, Craig; McIntyre, Marquelle; Noble, Mark; Olojakpoke, Emmanuel","0:05"
"11/30/2016","7 p.m.","2nd Half","03:16","41-89","Akron","Noble, Mark","","Commits Foul","","Anderson, Carlitos; Eubanks, Craig; McIntyre, Marquelle; Noble, Mark; Olojakpoke, Emmanuel","0:05"
"11/30/2016","7 p.m.","2nd Half","03:16","41-89","Adrian","Mossing, Chad","","Enters Game","","Harris, Davonte; Henry, Ken; Landini, Andrew; Merrick, Logan; Mossing, Chad; Williams, Marcellous","0:00"
"11/30/2016","7 p.m.","2nd Half","03:16","41-89","Adrian","Merrick, Logan","","Leaves Game","","Harris, Davonte; Henry, Ken; Landini, Andrew; Mossing, Chad; Williams, Marcellous","0:00"
"11/30/2016","7 p.m.","2nd Half","03:05","41-89","Adrian","Harris, Davonte","missed","Three Point Jumper","19","Harris, Davonte; Henry, Ken; Landini, Andrew; Mossing, Chad; Williams, Marcellous","0:11"
"11/30/2016","7 p.m.","2nd Half","03:05","41-89","Akron","Anderson, Carlitos","","Defensive Rebound","","Anderson, Carlitos; Eubanks, Craig; McIntyre, Marquelle; Noble, Mark; Olojakpoke, Emmanuel","0:16"
"11/30/2016","7 p.m.","2nd Half","02:42","41-89","Akron","Anderson, Carlitos","missed","Layup","7","Anderson, Carlitos; Eubanks, Craig; McIntyre, Marquelle; Noble, Mark; Olojakpoke, Emmanuel","0:39"
"11/30/2016","7 p.m.","2nd Half","02:42","41-89","Adrian","Team","","Defensive Rebound","","Harris, Davonte; Henry, Ken; Landini, Andrew; Mossing, Chad; Williams, Marcellous","0:34"
"11/30/2016","7 p.m.","2nd Half","02:28","41-89","Adrian","Harris, Davonte","","Turnover","","Harris, Davonte; Henry, Ken; Landini, Andrew; Mossing, Chad; Williams, Marcellous","0:48"
"11/30/2016","7 p.m.","2nd Half","02:28","41-89","Adrian","Harris, Davonte","","Commits Foul","","Harris, Davonte; Henry, Ken; Landini, Andrew; Mossing, Chad; Williams, Marcellous","0:48"
"11/30/2016","7 p.m.","2nd Half","02:12","41-91","Akron","Olojakpoke, Emmanuel","made","Dunk","14","Anderson, Carlitos; Eubanks, Craig; McIntyre, Marquelle; Noble, Mark; Olojakpoke, Emmanuel","1:09"
"11/30/2016","7 p.m.","2nd Half","01:56","41-91","Adrian","Mossing, Chad","missed","Three Point Jumper","14","Harris, Davonte; Henry, Ken; Landini, Andrew; Mossing, Chad; Williams, Marcellous","1:20"
"11/30/2016","7 p.m.","2nd Half","01:56","41-91","Akron","Eubanks, Craig","","Defensive Rebound","","Anderson, Carlitos; Eubanks, Craig; McIntyre, Marquelle; Noble, Mark; Olojakpoke, Emmanuel","1:25"
"11/30/2016","7 p.m.","2nd Half","01:44","41-91","Akron","McIntyre, Marquelle","missed","Layup","18","Anderson, Carlitos; Eubanks, Craig; McIntyre, Marquelle; Noble, Mark; Olojakpoke, Emmanuel","1:37"
"11/30/2016","7 p.m.","2nd Half","01:44","41-91","Akron","Olojakpoke, Emmanuel","","Offensive Rebound","","Anderson, Carlitos; Eubanks, Craig; McIntyre, Marquelle; Noble, Mark; Olojakpoke, Emmanuel","1:37"
"11/30/2016","7 p.m.","2nd Half","01:41","41-93","Akron","Olojakpoke, Emmanuel","made","Layup","27","Anderson, Carlitos; Eubanks, Craig; McIntyre, Marquelle; Noble, Mark; Olojakpoke, Emmanuel","1:40"
"11/30/2016","7 p.m.","2nd Half","01:25","41-93","Adrian","Williams, Marcellous","missed","Layup","14","Harris, Davonte; Henry, Ken; Landini, Andrew; Mossing, Chad; Williams, Marcellous","1:51"
"11/30/2016","7 p.m.","2nd Half","01:25","41-93","Akron","Olojakpoke, Emmanuel","","Defensive Rebound","","Anderson, Carlitos; Eubanks, Craig; McIntyre, Marquelle; Noble, Mark; Olojakpoke, Emmanuel","1:56"
"11/30/2016","7 p.m.","2nd Half","01:04","41-93","Akron","McIntyre, Marquelle","missed","Layup","9","Anderson, Carlitos; Eubanks, Craig; McIntyre, Marquelle; Noble, Mark; Olojakpoke, Emmanuel","2:17"
"11/30/2016","7 p.m.","2nd Half","01:04","41-93","Adrian","Williams, Marcellous","","Defensive Rebound","","Harris, Davonte; Henry, Ken; Landini, Andrew; Mossing, Chad; Williams, Marcellous","2:12"
"11/30/2016","7 p.m.","2nd Half","00:48","41-93","Adrian","Williams, Marcellous","","Turnover","","Harris, Davonte; Henry, Ken; Landini, Andrew; Mossing, Chad; Williams, Marcellous","2:28"
"11/30/2016","7 p.m.","2nd Half","00:44","41-93","Akron","Noble, Mark","","Steal","","Anderson, Carlitos; Eubanks, Craig; McIntyre, Marquelle; Noble, Mark; Olojakpoke, Emmanuel","2:37"
"11/30/2016","7 p.m.","2nd Half","00:39","41-95","Akron","Eubanks, Craig","made","Dunk","21","Anderson, Carlitos; Eubanks, Craig; McIntyre, Marquelle; Noble, Mark; Olojakpoke, Emmanuel","2:42"
"11/30/2016","7 p.m.","2nd Half","00:39","41-95","Akron","Anderson, Carlitos","","Assist","","Anderson, Carlitos; Eubanks, Craig; McIntyre, Marquelle; Noble, Mark; Olojakpoke, Emmanuel","2:42"
"11/30/2016","7 p.m.","2nd Half","00:08","41-95","Adrian","Harris, Davonte","missed","Layup","0","Harris, Davonte; Henry, Ken; Landini, Andrew; Mossing, Chad; Williams, Marcellous","3:08"
"11/30/2016","7 p.m.","2nd Half","00:08","41-95","Adrian","Team","","Offensive Rebound","","Harris, Davonte; Henry, Ken; Landini, Andrew; Mossing, Chad; Williams, Marcellous","3:08"
"11/30/2016","7 p.m.","2nd Half","00:05","41-95","Adrian","Gold, Michael","","Enters Game","","Gold, Michael; Harris, Davonte; Henry, Ken; Landini, Andrew; Mossing, Chad; Williams, Marcellous","0:00"
"11/30/2016","7 p.m.","2nd Half","00:05","41-95","Adrian","Harris, Davonte","","Leaves Game","","Gold, Michael; Henry, Ken; Landini, Andrew; Mossing, Chad; Williams, Marcellous","0:00"
"11/30/2016","7 p.m.","2nd Half","00:02","41-95","Adrian","Landini, Andrew","missed","Two Point Jumper","24","Gold, Michael; Henry, Ken; Landini, Andrew; Mossing, Chad; Williams, Marcellous","0:03"
"11/30/2016","7 p.m.","2nd Half","00:02","41-95","Akron","McIntyre, Marquelle","","Defensive Rebound","","Anderson, Carlitos; Eubanks, Craig; McIntyre, Marquelle; Noble, Mark; Olojakpoke, Emmanuel","3:19"
