"Time","Buffalo","Score","Akron"
"19:37","","0-0","JOHNSON,ISAIAH Blocked Shot"
"19:37","KADIRI,DAVID missed Layup","0-0",""
"19:37","","0-0","TEAM Defensive Rebound"
"19:18","","0-0","JOHNSON,ISAIAH Turnover"
"19:04","KADIRI,DAVID missed Layup","0-0",""
"19:04","","0-0","JOHNSON,ISAIAH Defensive Rebound"
"18:50","","0-0","JACKSON,ANTINO missed Two Point Jumper"
"18:50","SMART,IKENNA Defensive Rebound","0-0",""
"18:26","MASSINBURG,CJ made Layup","2-0",""
"18:03","","2-0","CHEATHAM,JR,KWAN missed Two Point Jumper"
"18:03","","2-0","TEAM Deadball Rebound"
"18:03","SMART,IKENNA Commits Foul","2-0",""
"17:53","","2-0","CHEATHAM,JR,KWAN missed Three Point Jumper"
"17:53","KADIRI,DAVID Defensive Rebound","2-0",""
"17:47","CONNER,WILLIE made Layup","4-0",""
"17:25","","4-0","JOHNSON,ISAIAH missed Layup"
"17:25","","4-0","JOHNSON,ISAIAH Offensive Rebound"
"17:23","","4-2","JOHNSON,ISAIAH made Layup"
"17:02","CONNER,WILLIE made Three Point Jumper","7-2",""
"17:02","MASSINBURG,CJ Assist","7-2",""
"16:38","","7-4","JACKSON,ANTINO made Layup"
"16:38","CARUTHERS,DONTAY Commits Foul","7-4",""
"16:36","","7-5","JACKSON,ANTINO made Free Throw"
"16:36","PERKINS,NICK Enters Game","7-5",""
"16:36","MASSINBURG,CJ Leaves Game","7-5",""
"16:25","MASSINBURG,CJ made Layup","9-5",""
"16:25","","9-5","JACKSON,ANTINO Commits Foul"
"16:25","MASSINBURG,CJ made Free Throw","10-5",""
"16:25","HAMILTON,BLAKE Enters Game","10-5",""
"16:25","MASSINBURG,CJ Enters Game","10-5",""
"16:25","CARUTHERS,DONTAY Leaves Game","10-5",""
"16:25","SMART,IKENNA Leaves Game","10-5",""
"16:03","","10-5","ROBOTHAM,NOAH missed Three Point Jumper"
"16:03","","10-5","ROBOTHAM,NOAH Offensive Rebound"
"15:59","","10-7","WILLIAMS,JOSH made Layup"
"15:51","","10-7","JOHNSON,ISAIAH Commits Foul"
"15:51","","10-7","TEAM 20 Second Timeout"
"15:51","CONNER,WILLIE made Free Throw","11-7",""
"15:51","CONNER,WILLIE made Free Throw","12-7",""
"15:51","","12-7","DUNN-MARTIN,TAVIAN Enters Game"
"15:51","","12-7","WILLIAMS,JOSH Enters Game"
"15:51","","12-7","ROBOTHAM,NOAH Leaves Game"
"15:51","","12-7","JACKSON,ANTINO Leaves Game"
"15:33","","12-10","CHEATHAM,JR,KWAN made Three Point Jumper"
"15:33","","12-10","JOHNSON,ISAIAH Assist"
"15:14","CONNER,WILLIE Turnover","12-10",""
"15:13","","12-10","CHEATHAM,JR,KWAN Steal"
"14:55","PERKINS,NICK Commits Foul","12-10",""
"14:55","","12-11","JOHNSON,ISAIAH made Free Throw"
"14:55","","12-12","JOHNSON,ISAIAH made Free Throw"
"14:55","JOHNSON,RAHEEM Enters Game","12-12",""
"14:55","KADIRI,DAVID Leaves Game","12-12",""
"14:35","JOHNSON,RAHEEM made Layup","14-12",""
"14:35","HAMILTON,BLAKE Assist","14-12",""
"14:09","","14-12","JOHNSON,ISAIAH missed Layup"
"14:09","","14-12","JOHNSON,ISAIAH Offensive Rebound"
"14:07","","14-14","JOHNSON,ISAIAH made Layup"
"14:01","HAMILTON,BLAKE missed Layup","14-14",""
"14:01","","14-14","CHEATHAM,JR,KWAN Defensive Rebound"
"13:53","","14-14","DUNN-MARTIN,TAVIAN missed Three Point Jumper"
"13:53","PERKINS,NICK Defensive Rebound","14-14",""
"13:50","","14-14","DUNN-MARTIN,TAVIAN Commits Foul"
"13:50","","14-14","OLOJAKPOKE,EMMANUEL Enters Game"
"13:50","","14-14","JOHNSON,ISAIAH Leaves Game"
"13:41","PERKINS,NICK made Layup","16-14",""
"13:18","","16-14","WILLIAMS,JOSH missed Three Point Jumper"
"13:18","MASSINBURG,CJ Defensive Rebound","16-14",""
"13:03","KADIRI,DAVID missed Three Point Jumper","16-14",""
"13:03","JOHNSON,RAHEEM Offensive Rebound","16-14",""
"12:49","PERKINS,NICK made Three Point Jumper","19-14",""
"12:19","","19-14","IVEY,JIMOND missed Three Point Jumper"
"12:19","MASSINBURG,CJ Defensive Rebound","19-14",""
"12:13","","19-14","DUNN-MARTIN,TAVIAN Commits Foul"
"12:13","","19-14","JACKSON,ANTINO Enters Game"
"12:13","","19-14","ROBOTHAM,NOAH Enters Game"
"12:13","","19-14","DUNN-MARTIN,TAVIAN Leaves Game"
"12:13","","19-14","IVEY,JIMOND Leaves Game"
"12:08","KADIRI,DAVID Enters Game","19-14",""
"12:08","JOHNSON,RAHEEM Leaves Game","19-14",""
"12:05","PERKINS,NICK made Three Point Jumper","22-14",""
"12:05","CONNER,WILLIE Assist","22-14",""
"11:50","","22-17","CHEATHAM,JR,KWAN made Three Point Jumper"
"11:50","","22-17","JACKSON,ANTINO Assist"
"11:27","HAMILTON,BLAKE made Three Point Jumper","25-17",""
"11:08","","25-20","WILLIAMS,JOSH made Three Point Jumper"
"11:08","","25-20","ROBOTHAM,NOAH Assist"
"10:57","","25-20","ROBOTHAM,NOAH Commits Foul"
"10:57","","25-20","TEAM 20 Second Timeout"
"10:57","JORDAN,DAVONTA Enters Game","25-20",""
"10:57","SMART,IKENNA Enters Game","25-20",""
"10:57","CARUTHERS,DONTAY Enters Game","25-20",""
"10:57","CONNER,WILLIE Leaves Game","25-20",""
"10:57","MASSINBURG,CJ Leaves Game","25-20",""
"10:57","KADIRI,DAVID Leaves Game","25-20",""
"10:57","","25-20","JOHNSON,ISAIAH Enters Game"
"10:57","","25-20","UTOMI,DANIEL Enters Game"
"10:57","","25-20","OLOJAKPOKE,EMMANUEL Leaves Game"
"10:57","","25-20","CHEATHAM,JR,KWAN Leaves Game"
"10:49","PERKINS,NICK Turnover","25-20",""
"10:33","","25-20","ROBOTHAM,NOAH missed Three Point Jumper"
"10:33","","25-20","UTOMI,DANIEL Offensive Rebound"
"10:29","","25-22","UTOMI,DANIEL made Layup"
"10:08","PERKINS,NICK missed Layup","25-22",""
"10:08","","25-22","JOHNSON,ISAIAH Defensive Rebound"
"09:56","CARUTHERS,DONTAY Commits Foul","25-22",""
"09:39","CARUTHERS,DONTAY Commits Foul","25-22",""
"09:39","","25-23","JACKSON,ANTINO made Free Throw"
"09:39","","25-24","JACKSON,ANTINO made Free Throw"
"09:39","RAKICEVIC,NIKOLA Enters Game","25-24",""
"09:39","MASSINBURG,CJ Enters Game","25-24",""
"09:39","PERKINS,NICK Leaves Game","25-24",""
"09:39","CARUTHERS,DONTAY Leaves Game","25-24",""
"09:18","HAMILTON,BLAKE Turnover","25-24",""
"09:18","CONNER,WILLIE Enters Game","25-24",""
"09:18","JORDAN,DAVONTA Leaves Game","25-24",""
"09:00","","25-26","JOHNSON,ISAIAH made Layup"
"09:00","SMART,IKENNA Commits Foul","25-26",""
"09:00","","25-27","JOHNSON,ISAIAH made Free Throw"
"08:48","HAMILTON,BLAKE made Layup","27-27",""
"08:27","","27-27","UTOMI,DANIEL Turnover"
"08:27","JOHNSON,RAHEEM Enters Game","27-27",""
"08:27","SMART,IKENNA Leaves Game","27-27",""
"08:27","","27-27","IVEY,JIMOND Enters Game"
"08:27","","27-27","JACKSON,ANTINO Leaves Game"
"08:12","CONNER,WILLIE missed Layup","27-27",""
"08:12","","27-27","JOHNSON,ISAIAH Defensive Rebound"
"08:03","CONNER,WILLIE Commits Foul","27-27",""
"08:03","","27-28","ROBOTHAM,NOAH made Free Throw"
"08:03","","27-29","ROBOTHAM,NOAH made Free Throw"
"08:03","","27-29","OLOJAKPOKE,EMMANUEL Enters Game"
"08:03","","27-29","CHEATHAM,JR,KWAN Enters Game"
"08:03","","27-29","JOHNSON,ISAIAH Leaves Game"
"08:03","","27-29","UTOMI,DANIEL Leaves Game"
"07:52","HAMILTON,BLAKE missed Layup","27-29",""
"07:52","","27-29","OLOJAKPOKE,EMMANUEL Defensive Rebound"
"07:40","","27-32","CHEATHAM,JR,KWAN made Three Point Jumper"
"07:40","","27-32","WILLIAMS,JOSH Assist"
"07:23","MASSINBURG,CJ missed Two Point Jumper","27-32",""
"07:23","","27-32","IVEY,JIMOND Defensive Rebound"
"07:12","JOHNSON,RAHEEM Commits Foul","27-32",""
"07:12","","27-32","TEAM 20 Second Timeout"
"07:12","","27-32","OLOJAKPOKE,EMMANUEL missed Free Throw"
"07:12","","27-32","TEAM Deadball Rebound"
"07:12","","27-33","OLOJAKPOKE,EMMANUEL made Free Throw"
"07:12","PERKINS,NICK Enters Game","27-33",""
"07:12","KADIRI,DAVID Enters Game","27-33",""
"07:12","RAKICEVIC,NIKOLA Leaves Game","27-33",""
"07:12","JOHNSON,RAHEEM Leaves Game","27-33",""
"06:49","KADIRI,DAVID Turnover","27-33",""
"06:33","","27-36","CHEATHAM,JR,KWAN made Three Point Jumper"
"06:33","","27-36","ROBOTHAM,NOAH Assist"
"06:11","","27-36","WILLIAMS,JOSH Commits Foul"
"06:11","KADIRI,DAVID made Free Throw","28-36",""
"06:11","KADIRI,DAVID missed Free Throw","28-36",""
"06:11","","28-36","CHEATHAM,JR,KWAN Defensive Rebound"
"05:58","","28-36","ROBOTHAM,NOAH missed Two Point Jumper"
"05:58","CONNER,WILLIE Defensive Rebound","28-36",""
"05:32","PERKINS,NICK missed Three Point Jumper","28-36",""
"05:32","","28-36","WILLIAMS,JOSH Defensive Rebound"
"05:24","","28-36","CHEATHAM,JR,KWAN missed Three Point Jumper"
"05:24","TEAM Deadball Rebound","28-36",""
"05:24","","28-36","OLOJAKPOKE,EMMANUEL Commits Foul"
"05:24","KADIRI,DAVID made Free Throw","29-36",""
"05:24","KADIRI,DAVID missed Free Throw","29-36",""
"05:24","PERKINS,NICK Offensive Rebound","29-36",""
"05:24","","29-36","JACKSON,ANTINO Enters Game"
"05:24","","29-36","JOHNSON,ISAIAH Enters Game"
"05:24","","29-36","OLOJAKPOKE,EMMANUEL Leaves Game"
"05:24","","29-36","WILLIAMS,JOSH Leaves Game"
"05:19","","29-36","IVEY,JIMOND Commits Foul"
"05:19","PERKINS,NICK missed Free Throw","29-36",""
"05:19","TEAM Deadball Rebound","29-36",""
"05:19","PERKINS,NICK made Free Throw","30-36",""
"05:03","KADIRI,DAVID Commits Foul","30-36",""
"05:03","","30-36","JOHNSON,ISAIAH missed Free Throw"
"05:03","PERKINS,NICK Defensive Rebound","30-36",""
"04:46","CONNER,WILLIE missed Three Point Jumper","30-36",""
"04:46","","30-36","IVEY,JIMOND Defensive Rebound"
"04:36","","30-36","IVEY,JIMOND Turnover"
"04:34","HAMILTON,BLAKE Steal","30-36",""
"04:31","","30-36","WILLIAMS,JOSH Enters Game"
"04:31","","30-36","ROBOTHAM,NOAH Leaves Game"
"04:17","CONNER,WILLIE missed Three Point Jumper","30-36",""
"04:17","","30-36","IVEY,JIMOND Defensive Rebound"
"04:06","","30-36","JACKSON,ANTINO missed Layup"
"04:06","CONNER,WILLIE Blocked Shot","30-36",""
"04:06","","30-36","TEAM Offensive Rebound"
"04:06","SMART,IKENNA Enters Game","30-36",""
"04:06","KADIRI,DAVID Leaves Game","30-36",""
"04:03","","30-38","JOHNSON,ISAIAH made Layup"
"03:43","HAMILTON,BLAKE made Layup","32-38",""
"03:08","","32-38","IVEY,JIMOND missed Three Point Jumper"
"03:08","MASSINBURG,CJ Defensive Rebound","32-38",""
"03:01","CONNER,WILLIE made Layup","34-38",""
"02:44","","34-38","WILLIAMS,JOSH missed Layup"
"02:44","CONNER,WILLIE Blocked Shot","34-38",""
"02:44","","34-38","TEAM Offensive Rebound"
"02:44","","34-38","TEAM 20 Second Timeout"
"02:44","JOHNSON,RAHEEM Enters Game","34-38",""
"02:44","JORDAN,DAVONTA Enters Game","34-38",""
"02:44","SMART,IKENNA Leaves Game","34-38",""
"02:44","HAMILTON,BLAKE Leaves Game","34-38",""
"02:37","","34-40","JOHNSON,ISAIAH made Layup"
"02:22","JORDAN,DAVONTA missed Layup","34-40",""
"02:22","","34-40","CHEATHAM,JR,KWAN Defensive Rebound"
"02:22","JOHNSON,RAHEEM Commits Foul","34-40",""
"02:22","","34-41","CHEATHAM,JR,KWAN made Free Throw"
"02:22","","34-42","CHEATHAM,JR,KWAN made Free Throw"
"02:22","HAMILTON,BLAKE Enters Game","34-42",""
"02:22","MASSINBURG,CJ Leaves Game","34-42",""
"02:02","HAMILTON,BLAKE made Layup","36-42",""
"02:02","","36-42","IVEY,JIMOND Commits Foul"
"02:02","HAMILTON,BLAKE missed Free Throw","36-42",""
"02:02","","36-42","CHEATHAM,JR,KWAN Defensive Rebound"
"02:02","MASSINBURG,CJ Enters Game","36-42",""
"02:02","JORDAN,DAVONTA Leaves Game","36-42",""
"02:02","","36-42","ROBOTHAM,NOAH Enters Game"
"02:02","","36-42","IVEY,JIMOND Leaves Game"
"01:41","","36-42","WILLIAMS,JOSH Turnover"
"01:40","PERKINS,NICK Steal","36-42",""
"01:38","HAMILTON,BLAKE made Layup","38-42",""
"01:38","PERKINS,NICK Assist","38-42",""
"01:15","","38-42","WILLIAMS,JOSH missed Three Point Jumper"
"01:15","","38-42","TEAM Deadball Rebound"
"01:15","JOHNSON,RAHEEM Commits Foul","38-42",""
"01:15","","38-43","JOHNSON,ISAIAH made Free Throw"
"01:15","","38-43","JOHNSON,ISAIAH missed Free Throw"
"01:15","KADIRI,DAVID Defensive Rebound","38-43",""
"01:15","KADIRI,DAVID Enters Game","38-43",""
"01:15","JOHNSON,RAHEEM Leaves Game","38-43",""
"01:00","KADIRI,DAVID missed Two Point Jumper","38-43",""
"01:00","","38-43","CHEATHAM,JR,KWAN Defensive Rebound"
"00:48","","38-43","WILLIAMS,JOSH missed Three Point Jumper"
"00:48","HAMILTON,BLAKE Defensive Rebound","38-43",""
"00:42","HAMILTON,BLAKE made Layup","40-43",""
"00:20","","40-43","JOHNSON,ISAIAH Turnover"
"00:19","KADIRI,DAVID Steal","40-43",""
"00:17","KADIRI,DAVID missed Layup","40-43",""
"00:17","","40-43","JOHNSON,ISAIAH Defensive Rebound"
"00:10","","40-43","CHEATHAM,JR,KWAN missed Three Point Jumper"
"00:10","MASSINBURG,CJ Defensive Rebound","40-43",""
"00:06","TEAM 30 Second Timeout","40-43",""
"00:06","","40-43","JACKSON,AARON Enters Game"
"00:06","","40-43","ROBOTHAM,NOAH Leaves Game"
"00:01","PERKINS,NICK Turnover","40-43",""
"00:01","","40-43","TEAM 30 Second Timeout"
"End of 1st Half"
