"Time","Coppin St.","Score","Akron"
"20:00","TREADWELL,JOSH Enters Game","29-44",""
"20:00","SHIVERS,KEITH Leaves Game","29-44",""
"20:00","","29-44","UTOMI,DANIEL Leaves Game"
"19:52","","29-44","JOHNSON,ISAIAH Commits Foul"
"19:40","TREADWELL,JOSH missed Layup","29-44",""
"19:40","","29-44","JOHNSON,ISAIAH Blocked Shot"
"19:37","","29-44","JACKSON,ANTINO Defensive Rebound"
"19:35","","29-46","IVEY,JIMOND made Layup"
"19:35","","29-46","JACKSON,ANTINO Assist"
"19:35","GRIPPER,JOSEPH Commits Foul","29-46",""
"19:35","","29-47","IVEY,JIMOND made Free Throw"
"19:19","GRIPPER,JOSEPH Turnover","29-47",""
"19:18","","29-47","JACKSON,ANTINO Steal"
"19:16","","29-47","CHEATHAM,JR, KWAN Turnover"
"19:16","","29-47","CHEATHAM,JR, KWAN Commits Foul"
"18:50","GRIPPER,JOSEPH made Layup","31-47",""
"18:31","","31-49","JOHNSON,ISAIAH made Layup"
"18:31","","31-49","CHEATHAM,JR, KWAN Assist"
"17:58","GRIPPER,JOSEPH made Layup","33-49",""
"17:35","","33-52","CHEATHAM,JR, KWAN made Three Point Jumper"
"17:35","","33-52","JOHNSON,ISAIAH Assist"
"17:21","HARRIS,TERRY Turnover","33-52",""
"17:06","","33-54","JOHNSON,ISAIAH made Dunk"
"16:50","GRIPPER,JOSEPH missed Layup","33-54",""
"16:50","","33-54","CHEATHAM,JR, KWAN Defensive Rebound"
"16:48","SIMPSON,BLAKE Commits Foul","33-54",""
"16:48","CLAYTON,DEJUAN Enters Game","33-54",""
"16:48","GRIPPER,JOSEPH Leaves Game","33-54",""
"16:37","","33-54","CHEATHAM,JR, KWAN Turnover"
"16:35","SIMPSON,BLAKE Steal","33-54",""
"16:32","HARRIS,TERRY missed Layup","33-54",""
"16:32","SIMPSON,BLAKE Offensive Rebound","33-54",""
"16:26","SIMPSON,BLAKE made Layup","35-54",""
"16:13","","35-54","JACKSON,ANTINO missed Two Point Jumper"
"16:13","CLAYTON,DEJUAN Blocked Shot","35-54",""
"16:11","","35-54","JOHNSON,ISAIAH Offensive Rebound"
"16:06","","35-56","JOHNSON,ISAIAH made Dunk"
"16:06","","35-56","CHEATHAM,JR, KWAN Assist"
"15:47","TREADWELL,JOSH made Three Point Jumper","38-56",""
"15:47","CLAYTON,DEJUAN Assist","38-56",""
"15:28","","38-58","JOHNSON,ISAIAH made Two Point Jumper"
"15:11","TREADWELL,JOSH Turnover","38-58",""
"15:10","","38-58","WILLIAMS,JOSH Steal"
"14:54","THOMAS,TRE' Commits Foul","38-58",""
"14:54","","38-58","TEAM Media Timeout"
"14:54","BROWNLEE,LUCIAN Enters Game","38-58",""
"14:54","HICKS,IZAIS Enters Game","38-58",""
"14:54","THOMAS,TRE' Leaves Game","38-58",""
"14:54","SIMPSON,BLAKE Leaves Game","38-58",""
"14:54","","38-58","HUGHES,MICHAEL Enters Game"
"14:54","","38-58","JOHNSON,ISAIAH Leaves Game"
"14:37","","38-58","JACKSON,ANTINO missed Three Point Jumper"
"14:37","","38-58","CHEATHAM,JR, KWAN Offensive Rebound"
"14:32","","38-58","WILLIAMS,JOSH missed Three Point Jumper"
"14:32","TREADWELL,JOSH Defensive Rebound","38-58",""
"14:23","TREADWELL,JOSH missed Layup","38-58",""
"14:23","","38-58","HUGHES,MICHAEL Blocked Shot"
"14:19","","38-58","JACKSON,ANTINO Defensive Rebound"
"14:19","TREADWELL,JOSH Commits Foul","38-58",""
"14:19","","38-59","JACKSON,ANTINO made Free Throw"
"14:19","","38-60","JACKSON,ANTINO made Free Throw"
"14:19","","38-60","JACKSON,AARON Enters Game"
"14:19","","38-60","CHEATHAM,JR, KWAN Leaves Game"
"14:01","HARRIS,TERRY missed Layup","38-60",""
"14:01","","38-60","IVEY,JIMOND Defensive Rebound"
"13:53","","38-60","WILLIAMS,JOSH missed Three Point Jumper"
"13:53","TREADWELL,JOSH Defensive Rebound","38-60",""
"13:47","","38-60","WILLIAMS,JOSH Commits Foul"
"13:47","TREADWELL,JOSH made Free Throw","39-60",""
"13:47","TREADWELL,JOSH made Free Throw","40-60",""
"13:47","","40-60","DUNN-MARTIN,TAVIAN Enters Game"
"13:47","","40-60","WILLIAMS,JOSH Leaves Game"
"13:33","","40-60","IVEY,JIMOND Turnover"
"13:31","TREADWELL,JOSH Steal","40-60",""
"13:24","","40-60","HUGHES,MICHAEL Commits Foul"
"13:24","HICKS,IZAIS missed Free Throw","40-60",""
"13:24","TEAM Deadball Rebound","40-60",""
"13:24","HICKS,IZAIS missed Free Throw","40-60",""
"13:24","HARRIS,TERRY Offensive Rebound","40-60",""
"13:20","HARRIS,TERRY missed Layup","40-60",""
"13:20","","40-60","HUGHES,MICHAEL Defensive Rebound"
"12:55","","40-62","HUGHES,MICHAEL made Layup"
"12:55","","40-62","IVEY,JIMOND Assist"
"12:29","","40-62","CHEATHAM,JR, KWAN Enters Game"
"12:29","","40-62","IVEY,JIMOND Leaves Game"
"12:25","CLAYTON,DEJUAN made Two Point Jumper","42-62",""
"12:07","","42-62","JACKSON,AARON missed Three Point Jumper"
"12:07","","42-62","JACKSON,AARON Offensive Rebound"
"12:03","","42-64","JACKSON,AARON made Layup"
"11:49","BROWNLEE,LUCIAN Turnover","42-64",""
"11:49","","42-64","TEAM Media Timeout"
"11:49","SHIVERS,KEITH Enters Game","42-64",""
"11:49","TREADWELL,JOSH Leaves Game","42-64",""
"11:49","","42-64","JOHNSON,ISAIAH Enters Game"
"11:49","","42-64","WILLIAMS,JOSH Enters Game"
"11:49","","42-64","HUGHES,MICHAEL Leaves Game"
"11:49","","42-64","JACKSON,ANTINO Leaves Game"
"11:29","CLAYTON,DEJUAN Commits Foul","42-64",""
"11:23","","42-64","JACKSON,AARON missed Three Point Jumper"
"11:23","TEAM Deadball Rebound","42-64",""
"11:22","","42-64","JOHNSON,ISAIAH Commits Foul"
"11:06","","42-64","CHEATHAM,JR, KWAN Commits Foul"
"11:06","","42-64","IVEY,JIMOND Enters Game"
"11:06","","42-64","CHEATHAM,JR, KWAN Leaves Game"
"11:00","CLAYTON,DEJUAN made Three Point Jumper","45-64",""
"11:00","BROWNLEE,LUCIAN Assist","45-64",""
"10:41","HICKS,IZAIS Commits Foul","45-64",""
"10:37","HICKS,IZAIS Commits Foul","45-64",""
"10:37","","45-65","JOHNSON,ISAIAH made Free Throw"
"10:37","","45-65","JOHNSON,ISAIAH missed Free Throw"
"10:37","SHIVERS,KEITH Defensive Rebound","45-65",""
"10:20","CLAYTON,DEJUAN made Layup","47-65",""
"10:14","CLAYTON,DEJUAN Commits Foul","47-65",""
"10:14","","47-66","IVEY,JIMOND made Free Throw"
"10:14","","47-67","IVEY,JIMOND made Free Throw"
"10:14","","47-67","UTOMI,DANIEL Enters Game"
"10:14","","47-67","JACKSON,AARON Leaves Game"
"10:07","","47-67","IVEY,JIMOND Commits Foul"
"10:07","SHIVERS,KEITH made Free Throw","48-67",""
"10:07","SHIVERS,KEITH made Free Throw","49-67",""
"09:59","","49-67","UTOMI,DANIEL Turnover"
"09:57","CLAYTON,DEJUAN Steal","49-67",""
"09:53","SHIVERS,KEITH missed Layup","49-67",""
"09:53","","49-67","JOHNSON,ISAIAH Defensive Rebound"
"09:50","SHIVERS,KEITH Commits Foul","49-67",""
"09:50","","49-68","JOHNSON,ISAIAH made Free Throw"
"09:50","","49-68","JOHNSON,ISAIAH missed Free Throw"
"09:50","SHIVERS,KEITH Defensive Rebound","49-68",""
"09:40","HARRIS,TERRY Turnover","49-68",""
"09:40","GRIPPER,JOSEPH Enters Game","49-68",""
"09:40","HICKS,IZAIS Leaves Game","49-68",""
"09:40","","49-68","OLOJAKPOKE,EMMANUEL Enters Game"
"09:40","","49-68","JOHNSON,ISAIAH Leaves Game"
"09:30","SHIVERS,KEITH Commits Foul","49-68",""
"09:30","","49-68","WILLIAMS,JOSH missed Free Throw"
"09:30","","49-68","TEAM Deadball Rebound"
"09:30","","49-69","WILLIAMS,JOSH made Free Throw"
"09:26","","49-69","UTOMI,DANIEL Commits Foul"
"09:17","GRIPPER,JOSEPH missed Free Throw","49-69",""
"09:17","HARRIS,TERRY Offensive Rebound","49-69",""
"09:17","CLAYTON,DEJUAN missed Three Point Jumper","49-69",""
"09:17","SHIVERS,KEITH Offensive Rebound","49-69",""
"09:17","SHIVERS,KEITH made Layup","51-69",""
"09:17","","51-69","JACKSON,ANTINO Enters Game"
"09:17","","51-69","DUNN-MARTIN,TAVIAN Leaves Game"
"09:15","HINSON,RASOOL Enters Game","51-69",""
"09:15","BROWNLEE,LUCIAN Leaves Game","51-69",""
"08:29","","51-69","UTOMI,DANIEL Turnover"
"08:29","","51-69","UTOMI,DANIEL Commits Foul"
"08:29","","51-69","CHEATHAM,JR, KWAN Enters Game"
"08:29","","51-69","UTOMI,DANIEL Leaves Game"
"07:58","SHIVERS,KEITH missed Layup","51-69",""
"07:58","","51-69","CHEATHAM,JR, KWAN Blocked Shot"
"07:58","","51-69","TEAM Defensive Rebound"
"07:58","","51-69","TEAM Media Timeout"
"07:56","CLAYTON,DEJUAN missed Two Point Jumper","51-69",""
"07:56","","51-69","CHEATHAM,JR, KWAN Defensive Rebound"
"07:32","","51-72","JACKSON,ANTINO made Three Point Jumper"
"07:32","","51-72","IVEY,JIMOND Assist"
"07:19","SHIVERS,KEITH missed Layup","51-72",""
"07:19","","51-72","OLOJAKPOKE,EMMANUEL Blocked Shot"
"07:16","TEAM Offensive Rebound","51-72",""
"07:01","SHIVERS,KEITH missed Layup","51-72",""
"07:01","","51-72","OLOJAKPOKE,EMMANUEL Blocked Shot"
"07:01","TEAM Offensive Rebound","51-72",""
"06:59","HARRIS,TERRY missed Two Point Jumper","51-72",""
"06:59","","51-72","CHEATHAM,JR, KWAN Defensive Rebound"
"06:50","","51-74","WILLIAMS,JOSH made Two Point Jumper"
"06:41","HARRIS,TERRY missed Three Point Jumper","51-74",""
"06:41","","51-74","CHEATHAM,JR, KWAN Defensive Rebound"
"06:29","","51-74","WILLIAMS,JOSH missed Three Point Jumper"
"06:29","CLAYTON,DEJUAN Defensive Rebound","51-74",""
"06:24","HICKS,IZAIS Enters Game","51-74",""
"06:24","HARRIS,TERRY Leaves Game","51-74",""
"06:24","","51-74","DUNN-MARTIN,TAVIAN Enters Game"
"06:24","","51-74","WILLIAMS,JOSH Leaves Game"
"06:21","HICKS,IZAIS missed Layup","51-74",""
"06:21","SHIVERS,KEITH Offensive Rebound","51-74",""
"06:16","SHIVERS,KEITH made Layup","53-74",""
"05:54","HINSON,RASOOL Commits Foul","53-74",""
"05:54","","53-75","IVEY,JIMOND made Free Throw"
"05:54","","53-76","IVEY,JIMOND made Free Throw"
"05:54","","53-76","JACKSON,AARON Enters Game"
"05:54","","53-76","IVEY,JIMOND Leaves Game"
"05:34","HINSON,RASOOL missed Layup","53-76",""
"05:34","","53-76","CHEATHAM,JR, KWAN Blocked Shot"
"05:34","TEAM Offensive Rebound","53-76",""
"05:27","HICKS,IZAIS missed Layup","53-76",""
"05:27","","53-76","TEAM Defensive Rebound"
"05:01","","53-76","DUNN-MARTIN,TAVIAN missed Three Point Jumper"
"05:01","SHIVERS,KEITH Defensive Rebound","53-76",""
"04:51","CLAYTON,DEJUAN missed Three Point Jumper","53-76",""
"04:51","","53-76","TEAM Deadball Rebound"
"04:50","HICKS,IZAIS Commits Foul","53-76",""
"04:50","","53-77","DUNN-MARTIN,TAVIAN made Free Throw"
"04:50","","53-78","DUNN-MARTIN,TAVIAN made Free Throw"
"04:50","","53-78","WILLIAMS,JOSH Enters Game"
"04:50","","53-78","HUGHES,MICHAEL Enters Game"
"04:50","","53-78","JACKSON,ANTINO Leaves Game"
"04:50","","53-78","OLOJAKPOKE,EMMANUEL Leaves Game"
"04:36","SHIVERS,KEITH missed Layup","53-78",""
"04:36","","53-78","HUGHES,MICHAEL Defensive Rebound"
"04:25","GRIPPER,JOSEPH Commits Foul","53-78",""
"04:25","","53-78","JACKSON,AARON missed Free Throw"
"04:25","","53-78","TEAM Deadball Rebound"
"04:25","","53-78","JACKSON,AARON missed Free Throw"
"04:25","GRIPPER,JOSEPH Defensive Rebound","53-78",""
"04:25","THOMAS,TRE' Enters Game","53-78",""
"04:25","CLAYTON,DEJUAN Leaves Game","53-78",""
"04:25","","53-78","UTOMI,DANIEL Enters Game"
"04:25","","53-78","CHEATHAM,JR, KWAN Leaves Game"
"04:17","HINSON,RASOOL made Layup","55-78",""
"03:55","","55-80","DUNN-MARTIN,TAVIAN made Layup"
"03:37","HINSON,RASOOL missed Layup","55-80",""
"03:37","","55-80","JACKSON,AARON Defensive Rebound"
"03:17","","55-80","DUNN-MARTIN,TAVIAN Turnover"
"03:12","HICKS,IZAIS Turnover","55-80",""
"03:12","","55-80","UTOMI,DANIEL Steal"
"03:12","","55-80","TEAM  Timeout"
"03:12","HICKS,IZAIS Commits Foul","55-80",""
"03:12","","55-80","UTOMI,DANIEL missed Free Throw"
"03:12","","55-80","TEAM Deadball Rebound"
"03:12","","55-81","UTOMI,DANIEL made Free Throw"
"03:12","MURINDA,MUFARO Enters Game","55-81",""
"03:12","HICKS,IZAIS Leaves Game","55-81",""
"03:12","","55-81","EUBANKS,CRAIG Enters Game"
"03:12","","55-81","OLOJAKPOKE,EMMANUEL Enters Game"
"03:12","","55-81","JACKSON,AARON Leaves Game"
"03:12","","55-81","WILLIAMS,JOSH Leaves Game"
"02:57","","55-81","DUNN-MARTIN,TAVIAN Commits Foul"
"02:57","MURINDA,MUFARO missed Free Throw","55-81",""
"02:57","TEAM Deadball Rebound","55-81",""
"02:57","MURINDA,MUFARO missed Free Throw","55-81",""
"02:57","","55-81","OLOJAKPOKE,EMMANUEL Defensive Rebound"
"02:27","","55-84","DUNN-MARTIN,TAVIAN made Three Point Jumper"
"02:27","","55-84","UTOMI,DANIEL Assist"
"02:09","THOMAS,TRE' made Two Point Jumper","57-84",""
"01:47","","57-87","EUBANKS,CRAIG made Three Point Jumper"
"01:47","","57-87","HUGHES,MICHAEL Assist"
"01:34","SHIVERS,KEITH made Three Point Jumper","60-87",""
"01:34","HINSON,RASOOL Assist","60-87",""
"01:14","","60-87","DUNN-MARTIN,TAVIAN Turnover"
"01:07","THOMAS,TRE' made Three Point Jumper","63-87",""
"01:07","HINSON,RASOOL Assist","63-87",""
"00:47","HINSON,RASOOL Commits Foul","63-87",""
"00:47","","63-87","HUGHES,MICHAEL missed Free Throw"
"00:47","","63-87","TEAM Deadball Rebound"
"00:47","","63-87","HUGHES,MICHAEL missed Free Throw"
"00:47","GRIPPER,JOSEPH Defensive Rebound","63-87",""
"00:27","SHIVERS,KEITH missed Layup","63-87",""
"00:27","","63-87","OLOJAKPOKE,EMMANUEL Blocked Shot"
"00:26","","63-87","HUGHES,MICHAEL Defensive Rebound"
"End of 2nd Half"
