"Jersey","Player","Pos","Ht","Yr","GP","GS"
"25","Anderson, Carlitos","G","6-1","Sr","0","0"
"02","Cheatham, Jr., Kwan","F","6-9","Sr","1","1"
"31","Dalton, Ty","G","6-4","Fr","0","0"
"11","Dunn-Martin, Tavian","G","5-8","Fr","1","0"
"5","Eubanks, Craig","G","6-4","Sr","1","0"
"21","Hughes, Michael","C","6-10","Fr","1","0"
"0","Ivey, Jimond","G","6-4","Jr","1","0"
"10","Jackson, Aaron","G","6-8","Jr","1","0"
"55","Jackson, Antino","G","5-11","Jr","1","1"
"23","Johnson, Isaiah","C","6-10","Sr","1","1"
"12","McIntyre, Marquelle","G","5-10","Fr","1","0"
"20","Noble, Mark","G","6-2","Sr","1","0"
"22","Olojakpoke, Emmanuel","F","6-7","So","1","0"
"14","Robotham, Noah","G","6-1","Jr","1","1"
"3","Utomi, Daniel","F","6-6","Fr","0","0"
"1","Williams, Josh","G","6-2","So","1","1"
