"Date","Time","Period","Time Left","Score","Team","Player","Status","Action","Shot Clock","Lineup","Lineup Time"
"01/14/2017","3:30 PM ET","1st Half","19:47","0-0","Miami (OH)","Mills, Rod","","Turnover","","Harouna, Abdoulaye; McLane, Logan; Mills, Rod; Wade, Dion; Weathers, Marcus; Weathers, Michael","0:13"
"01/14/2017","3:30 PM ET","1st Half","19:46","0-0","Akron","Utomi, Daniel","","Steal","","Ivey, Jimond; Jackson, Antino; Johnson, Isaiah; Robotham, Noah; Utomi, Daniel","0:14"
"01/14/2017","3:30 PM ET","1st Half","19:26","0-0","Akron","Jackson, Antino","","Turnover","","Ivey, Jimond; Jackson, Antino; Johnson, Isaiah; Robotham, Noah; Utomi, Daniel","0:34"
"01/14/2017","3:30 PM ET","1st Half","19:14","0-0","Miami (OH)","McLane, Logan","missed","Layup","18","Harouna, Abdoulaye; McLane, Logan; Mills, Rod; Wade, Dion; Weathers, Marcus; Weathers, Michael","0:46"
"01/14/2017","3:30 PM ET","1st Half","19:14","0-0","Akron","Ivey, Jimond","","Defensive Rebound","","Ivey, Jimond; Jackson, Antino; Johnson, Isaiah; Robotham, Noah; Utomi, Daniel","0:46"
"01/14/2017","3:30 PM ET","1st Half","19:08","3-0","Akron","Utomi, Daniel","made","Three Point Jumper","24","Ivey, Jimond; Jackson, Antino; Johnson, Isaiah; Robotham, Noah; Utomi, Daniel","0:52"
"01/14/2017","3:30 PM ET","1st Half","19:08","3-0","Akron","Ivey, Jimond","","Assist","","Ivey, Jimond; Jackson, Antino; Johnson, Isaiah; Robotham, Noah; Utomi, Daniel","0:52"
"01/14/2017","3:30 PM ET","1st Half","18:46","3-2","Miami (OH)","Mills, Rod","made","Two Point Jumper","8","Harouna, Abdoulaye; McLane, Logan; Mills, Rod; Wade, Dion; Weathers, Marcus; Weathers, Michael","1:14"
"01/14/2017","3:30 PM ET","1st Half","18:25","5-2","Akron","Johnson, Isaiah","made","Layup","9","Ivey, Jimond; Jackson, Antino; Johnson, Isaiah; Robotham, Noah; Utomi, Daniel","1:35"
"01/14/2017","3:30 PM ET","1st Half","18:25","5-2","Akron","Robotham, Noah","","Assist","","Ivey, Jimond; Jackson, Antino; Johnson, Isaiah; Robotham, Noah; Utomi, Daniel","1:35"
"01/14/2017","3:30 PM ET","1st Half","18:17","5-2","Miami (OH)","Harouna, Abdoulaye","missed","Two Point Jumper","22","Harouna, Abdoulaye; McLane, Logan; Mills, Rod; Wade, Dion; Weathers, Marcus; Weathers, Michael","1:43"
"01/14/2017","3:30 PM ET","1st Half","18:17","5-2","Akron","Ivey, Jimond","","Defensive Rebound","","Ivey, Jimond; Jackson, Antino; Johnson, Isaiah; Robotham, Noah; Utomi, Daniel","1:43"
"01/14/2017","3:30 PM ET","1st Half","18:09","8-2","Akron","Jackson, Antino","made","Three Point Jumper","22","Ivey, Jimond; Jackson, Antino; Johnson, Isaiah; Robotham, Noah; Utomi, Daniel","1:51"
"01/14/2017","3:30 PM ET","1st Half","18:09","8-2","Akron","Ivey, Jimond","","Assist","","Ivey, Jimond; Jackson, Antino; Johnson, Isaiah; Robotham, Noah; Utomi, Daniel","1:51"
"01/14/2017","3:30 PM ET","1st Half","18:06","8-2","Miami (OH)","Team","","Second Timeout","","Harouna, Abdoulaye; McLane, Logan; Mills, Rod; Wade, Dion; Weathers, Marcus; Weathers, Michael","1:54"
"01/14/2017","3:30 PM ET","1st Half","17:52","8-2","Miami (OH)","McLane, Logan","","Turnover","","Harouna, Abdoulaye; McLane, Logan; Mills, Rod; Wade, Dion; Weathers, Marcus; Weathers, Michael","2:08"
"01/14/2017","3:30 PM ET","1st Half","17:51","8-2","Akron","Ivey, Jimond","","Steal","","Ivey, Jimond; Jackson, Antino; Johnson, Isaiah; Robotham, Noah; Utomi, Daniel","2:09"
"01/14/2017","3:30 PM ET","1st Half","17:48","10-2","Akron","Ivey, Jimond","made","Layup","26","Ivey, Jimond; Jackson, Antino; Johnson, Isaiah; Robotham, Noah; Utomi, Daniel","2:12"
"01/14/2017","3:30 PM ET","1st Half","17:48","10-2","Miami (OH)","Mills, Rod","","Commits Foul","","Harouna, Abdoulaye; McLane, Logan; Mills, Rod; Wade, Dion; Weathers, Marcus; Weathers, Michael","2:12"
"01/14/2017","3:30 PM ET","1st Half","17:48","10-2","Akron","Ivey, Jimond","missed","Free Throw","","Ivey, Jimond; Jackson, Antino; Johnson, Isaiah; Robotham, Noah; Utomi, Daniel","2:12"
"01/14/2017","3:30 PM ET","1st Half","17:48","10-2","Miami (OH)","Weathers, Michael","","Defensive Rebound","","Harouna, Abdoulaye; McLane, Logan; Mills, Rod; Wade, Dion; Weathers, Marcus; Weathers, Michael","2:12"
"01/14/2017","3:30 PM ET","1st Half","17:18","10-4","Miami (OH)","McLane, Logan","made","Two Point Jumper","0","Harouna, Abdoulaye; McLane, Logan; Mills, Rod; Wade, Dion; Weathers, Marcus; Weathers, Michael","2:42"
"01/14/2017","3:30 PM ET","1st Half","16:54","10-4","Akron","Jackson, Antino","","Turnover","","Ivey, Jimond; Jackson, Antino; Johnson, Isaiah; Robotham, Noah; Utomi, Daniel","3:06"
"01/14/2017","3:30 PM ET","1st Half","16:52","10-4","Miami (OH)","Mills, Rod","","Steal","","Harouna, Abdoulaye; McLane, Logan; Mills, Rod; Wade, Dion; Weathers, Marcus; Weathers, Michael","3:08"
"01/14/2017","3:30 PM ET","1st Half","16:50","10-4","Miami (OH)","Weathers, Michael","","Turnover","","Harouna, Abdoulaye; McLane, Logan; Mills, Rod; Wade, Dion; Weathers, Marcus; Weathers, Michael","3:10"
"01/14/2017","3:30 PM ET","1st Half","16:48","10-4","Akron","Ivey, Jimond","","Steal","","Ivey, Jimond; Jackson, Antino; Johnson, Isaiah; Robotham, Noah; Utomi, Daniel","3:12"
"01/14/2017","3:30 PM ET","1st Half","16:25","13-4","Akron","Utomi, Daniel","made","Three Point Jumper","5","Ivey, Jimond; Jackson, Antino; Johnson, Isaiah; Robotham, Noah; Utomi, Daniel","3:35"
"01/14/2017","3:30 PM ET","1st Half","16:25","13-4","Akron","Robotham, Noah","","Assist","","Ivey, Jimond; Jackson, Antino; Johnson, Isaiah; Robotham, Noah; Utomi, Daniel","3:35"
"01/14/2017","3:30 PM ET","1st Half","16:09","13-4","Miami (OH)","Weathers, Michael","missed","Three Point Jumper","14","Harouna, Abdoulaye; McLane, Logan; Mills, Rod; Wade, Dion; Weathers, Marcus; Weathers, Michael","3:51"
"01/14/2017","3:30 PM ET","1st Half","16:09","13-4","Akron","Johnson, Isaiah","","Defensive Rebound","","Ivey, Jimond; Jackson, Antino; Johnson, Isaiah; Robotham, Noah; Utomi, Daniel","3:51"
"01/14/2017","3:30 PM ET","1st Half","16:03","16-4","Akron","Utomi, Daniel","made","Three Point Jumper","24","Ivey, Jimond; Jackson, Antino; Johnson, Isaiah; Robotham, Noah; Utomi, Daniel","3:57"
"01/14/2017","3:30 PM ET","1st Half","16:03","16-4","Akron","Jackson, Antino","","Assist","","Ivey, Jimond; Jackson, Antino; Johnson, Isaiah; Robotham, Noah; Utomi, Daniel","3:57"
"01/14/2017","3:30 PM ET","1st Half","16:02","16-4","Miami (OH)","Team","","Second Timeout","","Harouna, Abdoulaye; McLane, Logan; Mills, Rod; Wade, Dion; Weathers, Marcus; Weathers, Michael","3:58"
"01/14/2017","3:30 PM ET","1st Half","16:02","16-4","Miami (OH)","Team","","Media Timeout","","Harouna, Abdoulaye; McLane, Logan; Mills, Rod; Wade, Dion; Weathers, Marcus; Weathers, Michael","3:58"
"01/14/2017","3:30 PM ET","1st Half","15:37","16-4","Miami (OH)","Harouna, Abdoulaye","missed","Layup","4","Harouna, Abdoulaye; McLane, Logan; Mills, Rod; Wade, Dion; Weathers, Marcus; Weathers, Michael","4:23"
"01/14/2017","3:30 PM ET","1st Half","15:37","16-4","Akron","Johnson, Isaiah","","Defensive Rebound","","Ivey, Jimond; Jackson, Antino; Johnson, Isaiah; Robotham, Noah; Utomi, Daniel","4:23"
"01/14/2017","3:30 PM ET","1st Half","15:11","16-4","Akron","Utomi, Daniel","","Commits Foul","4","Ivey, Jimond; Jackson, Antino; Johnson, Isaiah; Robotham, Noah; Utomi, Daniel","4:49"
"01/14/2017","3:30 PM ET","1st Half","15:11","16-4","Akron","Utomi, Daniel","","Turnover","","Ivey, Jimond; Jackson, Antino; Johnson, Isaiah; Robotham, Noah; Utomi, Daniel","4:49"
"01/14/2017","3:30 PM ET","1st Half","15:11","16-4","Akron","Williams, Josh","","Enters Game","","Ivey, Jimond; Jackson, Antino; Johnson, Isaiah; Robotham, Noah; Utomi, Daniel; Williams, Josh","0:00"
"01/14/2017","3:30 PM ET","1st Half","15:11","16-4","Akron","Cheatham, Jr., Kwan","","Enters Game","","Cheatham, Jr., Kwan; Ivey, Jimond; Jackson, Antino; Johnson, Isaiah; Robotham, Noah; Utomi, Daniel; Williams, Josh","0:00"
"01/14/2017","3:30 PM ET","1st Half","15:11","16-4","Akron","Jackson, Antino","","Leaves Game","","Cheatham, Jr., Kwan; Ivey, Jimond; Johnson, Isaiah; Robotham, Noah; Utomi, Daniel; Williams, Josh","0:00"
"01/14/2017","3:30 PM ET","1st Half","15:11","16-4","Akron","Utomi, Daniel","","Leaves Game","","Cheatham, Jr., Kwan; Ivey, Jimond; Johnson, Isaiah; Robotham, Noah; Williams, Josh","0:00"
"01/14/2017","3:30 PM ET","1st Half","15:01","16-7","Miami (OH)","Mills, Rod","made","Three Point Jumper","20","Harouna, Abdoulaye; McLane, Logan; Mills, Rod; Wade, Dion; Weathers, Marcus; Weathers, Michael","4:59"
"01/14/2017","3:30 PM ET","1st Half","15:01","16-7","Miami (OH)","Weathers, Michael","","Assist","","Harouna, Abdoulaye; McLane, Logan; Mills, Rod; Wade, Dion; Weathers, Marcus; Weathers, Michael","4:59"
"01/14/2017","3:30 PM ET","1st Half","14:32","16-7","Akron","Ivey, Jimond","missed","Three Point Jumper","1","Cheatham, Jr., Kwan; Ivey, Jimond; Johnson, Isaiah; Robotham, Noah; Williams, Josh","0:39"
"01/14/2017","3:30 PM ET","1st Half","14:32","16-7","Miami (OH)","Weathers, Michael","","Blocked Shot","","Harouna, Abdoulaye; McLane, Logan; Mills, Rod; Wade, Dion; Weathers, Marcus; Weathers, Michael","5:28"
"01/14/2017","3:30 PM ET","1st Half","14:31","16-7","Akron","Team","","Offensive Rebound","","Cheatham, Jr., Kwan; Ivey, Jimond; Johnson, Isaiah; Robotham, Noah; Williams, Josh","0:40"
"01/14/2017","3:30 PM ET","1st Half","14:28","16-7","Miami (OH)","Mills, Rod","","Commits Foul","26","Harouna, Abdoulaye; McLane, Logan; Mills, Rod; Wade, Dion; Weathers, Marcus; Weathers, Michael","5:32"
"01/14/2017","3:30 PM ET","1st Half","14:28","17-7","Akron","Williams, Josh","made","Free Throw","","Cheatham, Jr., Kwan; Ivey, Jimond; Johnson, Isaiah; Robotham, Noah; Williams, Josh","0:43"
"01/14/2017","3:30 PM ET","1st Half","14:28","18-7","Akron","Williams, Josh","made","Free Throw","","Cheatham, Jr., Kwan; Ivey, Jimond; Johnson, Isaiah; Robotham, Noah; Williams, Josh","0:43"
"01/14/2017","3:30 PM ET","1st Half","14:28","18-7","Akron","Williams, Josh","missed","Free Throw","","Cheatham, Jr., Kwan; Ivey, Jimond; Johnson, Isaiah; Robotham, Noah; Williams, Josh","0:43"
"01/14/2017","3:30 PM ET","1st Half","14:28","18-7","Miami (OH)","Wade, Dion","","Defensive Rebound","","Harouna, Abdoulaye; McLane, Logan; Mills, Rod; Wade, Dion; Weathers, Marcus; Weathers, Michael","5:32"
"01/14/2017","3:30 PM ET","1st Half","14:28","18-7","Akron","Cheatham, Jr., Kwan","","Commits Foul","","Cheatham, Jr., Kwan; Ivey, Jimond; Johnson, Isaiah; Robotham, Noah; Williams, Josh","0:43"
"01/14/2017","3:30 PM ET","1st Half","14:28","18-7","Akron","Olojakpoke, Emmanuel","","Enters Game","","Cheatham, Jr., Kwan; Ivey, Jimond; Johnson, Isaiah; Olojakpoke, Emmanuel; Robotham, Noah; Williams, Josh","0:00"
"01/14/2017","3:30 PM ET","1st Half","14:28","18-7","Akron","Johnson, Isaiah","","Leaves Game","","Cheatham, Jr., Kwan; Ivey, Jimond; Olojakpoke, Emmanuel; Robotham, Noah; Williams, Josh","0:00"
"01/14/2017","3:30 PM ET","1st Half","14:28","18-7","Miami (OH)","Wade, Dion","","Enters Game","","Harouna, Abdoulaye; McLane, Logan; Mills, Rod; Wade, Dion; Weathers, Marcus; Weathers, Michael","5:32"
"01/14/2017","3:30 PM ET","1st Half","14:28","18-7","Miami (OH)","Mills, Rod","","Leaves Game","","Harouna, Abdoulaye; McLane, Logan; Wade, Dion; Weathers, Marcus; Weathers, Michael","0:00"
"01/14/2017","3:30 PM ET","1st Half","14:16","18-9","Miami (OH)","McLane, Logan","made","Layup","18","Harouna, Abdoulaye; McLane, Logan; Wade, Dion; Weathers, Marcus; Weathers, Michael","0:12"
"01/14/2017","3:30 PM ET","1st Half","14:16","18-9","Miami (OH)","Weathers, Michael","","Assist","","Harouna, Abdoulaye; McLane, Logan; Wade, Dion; Weathers, Marcus; Weathers, Michael","0:12"
"01/14/2017","3:30 PM ET","1st Half","14:05","18-9","Akron","Cheatham, Jr., Kwan","","Turnover","","Cheatham, Jr., Kwan; Ivey, Jimond; Olojakpoke, Emmanuel; Robotham, Noah; Williams, Josh","0:23"
"01/14/2017","3:30 PM ET","1st Half","14:04","18-9","Miami (OH)","McLane, Logan","","Steal","","Harouna, Abdoulaye; McLane, Logan; Wade, Dion; Weathers, Marcus; Weathers, Michael","0:24"
"01/14/2017","3:30 PM ET","1st Half","13:56","18-9","Miami (OH)","Weathers, Michael","missed","Layup","21","Harouna, Abdoulaye; McLane, Logan; Wade, Dion; Weathers, Marcus; Weathers, Michael","0:32"
"01/14/2017","3:30 PM ET","1st Half","13:56","18-9","Akron","Olojakpoke, Emmanuel","","Blocked Shot","","Cheatham, Jr., Kwan; Ivey, Jimond; Olojakpoke, Emmanuel; Robotham, Noah; Williams, Josh","0:32"
"01/14/2017","3:30 PM ET","1st Half","13:55","18-9","Miami (OH)","Team","","Offensive Rebound","","Harouna, Abdoulaye; McLane, Logan; Wade, Dion; Weathers, Marcus; Weathers, Michael","0:33"
"01/14/2017","3:30 PM ET","1st Half","13:46","18-11","Miami (OH)","Weathers, Marcus","made","Two Point Jumper","20","Harouna, Abdoulaye; McLane, Logan; Wade, Dion; Weathers, Marcus; Weathers, Michael","0:42"
"01/14/2017","3:30 PM ET","1st Half","13:31","18-11","Akron","Williams, Josh","missed","Three Point Jumper","15","Cheatham, Jr., Kwan; Ivey, Jimond; Olojakpoke, Emmanuel; Robotham, Noah; Williams, Josh","0:57"
"01/14/2017","3:30 PM ET","1st Half","13:31","18-11","Miami (OH)","McLane, Logan","","Defensive Rebound","","Harouna, Abdoulaye; McLane, Logan; Wade, Dion; Weathers, Marcus; Weathers, Michael","0:57"
"01/14/2017","3:30 PM ET","1st Half","13:23","18-13","Miami (OH)","Weathers, Marcus","made","Two Point Jumper","22","Harouna, Abdoulaye; McLane, Logan; Wade, Dion; Weathers, Marcus; Weathers, Michael","1:05"
"01/14/2017","3:30 PM ET","1st Half","13:23","18-13","Akron","Cheatham, Jr., Kwan","","Commits Foul","","Cheatham, Jr., Kwan; Ivey, Jimond; Olojakpoke, Emmanuel; Robotham, Noah; Williams, Josh","1:05"
"01/14/2017","3:30 PM ET","1st Half","13:23","18-14","Miami (OH)","Weathers, Marcus","made","Free Throw","","Harouna, Abdoulaye; McLane, Logan; Wade, Dion; Weathers, Marcus; Weathers, Michael","1:05"
"01/14/2017","3:30 PM ET","1st Half","13:23","18-14","Akron","Utomi, Daniel","","Enters Game","","Cheatham, Jr., Kwan; Ivey, Jimond; Olojakpoke, Emmanuel; Robotham, Noah; Utomi, Daniel; Williams, Josh","0:00"
"01/14/2017","3:30 PM ET","1st Half","13:23","18-14","Akron","Jackson, Antino","","Enters Game","","Cheatham, Jr., Kwan; Ivey, Jimond; Jackson, Antino; Olojakpoke, Emmanuel; Robotham, Noah; Utomi, Daniel; Williams, Josh","0:00"
"01/14/2017","3:30 PM ET","1st Half","13:23","18-14","Akron","Cheatham, Jr., Kwan","","Leaves Game","","Ivey, Jimond; Jackson, Antino; Olojakpoke, Emmanuel; Robotham, Noah; Utomi, Daniel; Williams, Josh","0:00"
"01/14/2017","3:30 PM ET","1st Half","13:23","18-14","Akron","Robotham, Noah","","Leaves Game","","Ivey, Jimond; Jackson, Antino; Olojakpoke, Emmanuel; Utomi, Daniel; Williams, Josh","0:00"
"01/14/2017","3:30 PM ET","1st Half","13:23","18-14","Miami (OH)","Wright, Jake","","Enters Game","","Harouna, Abdoulaye; McLane, Logan; Wade, Dion; Weathers, Marcus; Weathers, Michael; Wright, Jake","0:00"
"01/14/2017","3:30 PM ET","1st Half","13:23","18-14","Miami (OH)","Harper, Darius","","Enters Game","","Harouna, Abdoulaye; Harper, Darius; McLane, Logan; Wade, Dion; Weathers, Marcus; Weathers, Michael; Wright, Jake","0:00"
"01/14/2017","3:30 PM ET","1st Half","13:23","18-14","Miami (OH)","Harouna, Abdoulaye","","Leaves Game","","Harper, Darius; McLane, Logan; Wade, Dion; Weathers, Marcus; Weathers, Michael; Wright, Jake","0:00"
"01/14/2017","3:30 PM ET","1st Half","13:23","18-14","Miami (OH)","McLane, Logan","","Leaves Game","","Harper, Darius; Wade, Dion; Weathers, Marcus; Weathers, Michael; Wright, Jake","0:00"
"01/14/2017","3:30 PM ET","1st Half","12:59","18-14","Akron","Olojakpoke, Emmanuel","missed","Layup","6","Ivey, Jimond; Jackson, Antino; Olojakpoke, Emmanuel; Utomi, Daniel; Williams, Josh","0:24"
"01/14/2017","3:30 PM ET","1st Half","12:59","18-14","Miami (OH)","Harper, Darius","","Blocked Shot","","Harper, Darius; Wade, Dion; Weathers, Marcus; Weathers, Michael; Wright, Jake","0:24"
"01/14/2017","3:30 PM ET","1st Half","12:56","18-14","Miami (OH)","Weathers, Michael","","Defensive Rebound","","Harper, Darius; Wade, Dion; Weathers, Marcus; Weathers, Michael; Wright, Jake","0:27"
"01/14/2017","3:30 PM ET","1st Half","12:49","18-14","Miami (OH)","Harper, Darius","missed","Two Point Jumper","20","Harper, Darius; Wade, Dion; Weathers, Marcus; Weathers, Michael; Wright, Jake","0:34"
"01/14/2017","3:30 PM ET","1st Half","12:49","18-14","Akron","Ivey, Jimond","","Defensive Rebound","","Ivey, Jimond; Jackson, Antino; Olojakpoke, Emmanuel; Utomi, Daniel; Williams, Josh","0:34"
"01/14/2017","3:30 PM ET","1st Half","12:42","21-14","Akron","Utomi, Daniel","made","Three Point Jumper","23","Ivey, Jimond; Jackson, Antino; Olojakpoke, Emmanuel; Utomi, Daniel; Williams, Josh","0:41"
"01/14/2017","3:30 PM ET","1st Half","12:42","21-14","Akron","Jackson, Antino","","Assist","","Ivey, Jimond; Jackson, Antino; Olojakpoke, Emmanuel; Utomi, Daniel; Williams, Josh","0:41"
"01/14/2017","3:30 PM ET","1st Half","12:20","21-14","Akron","Olojakpoke, Emmanuel","","Commits Foul","8","Ivey, Jimond; Jackson, Antino; Olojakpoke, Emmanuel; Utomi, Daniel; Williams, Josh","1:03"
"01/14/2017","3:30 PM ET","1st Half","12:20","21-14","Akron","Johnson, Isaiah","","Enters Game","","Ivey, Jimond; Jackson, Antino; Johnson, Isaiah; Olojakpoke, Emmanuel; Utomi, Daniel; Williams, Josh","0:00"
"01/14/2017","3:30 PM ET","1st Half","12:20","21-14","Akron","Olojakpoke, Emmanuel","","Leaves Game","","Ivey, Jimond; Jackson, Antino; Johnson, Isaiah; Utomi, Daniel; Williams, Josh","0:00"
"01/14/2017","3:30 PM ET","1st Half","12:11","21-14","Miami (OH)","Weathers, Michael","","Turnover","","Harper, Darius; Wade, Dion; Weathers, Marcus; Weathers, Michael; Wright, Jake","1:12"
"01/14/2017","3:30 PM ET","1st Half","12:10","21-14","Akron","Jackson, Antino","","Steal","","Ivey, Jimond; Jackson, Antino; Johnson, Isaiah; Utomi, Daniel; Williams, Josh","0:10"
"01/14/2017","3:30 PM ET","1st Half","12:07","21-14","Akron","Ivey, Jimond","missed","Dunk","26","Ivey, Jimond; Jackson, Antino; Johnson, Isaiah; Utomi, Daniel; Williams, Josh","0:13"
"01/14/2017","3:30 PM ET","1st Half","12:07","21-14","Miami (OH)","Weathers, Marcus","","Defensive Rebound","","Harper, Darius; Wade, Dion; Weathers, Marcus; Weathers, Michael; Wright, Jake","1:16"
"01/14/2017","3:30 PM ET","1st Half","11:54","21-14","Miami (OH)","Harper, Darius","missed","Two Point Jumper","17","Harper, Darius; Wade, Dion; Weathers, Marcus; Weathers, Michael; Wright, Jake","1:29"
"01/14/2017","3:30 PM ET","1st Half","11:54","21-14","Akron","Johnson, Isaiah","","Blocked Shot","","Ivey, Jimond; Jackson, Antino; Johnson, Isaiah; Utomi, Daniel; Williams, Josh","0:26"
"01/14/2017","3:30 PM ET","1st Half","11:54","21-14","Miami (OH)","Harper, Darius","","Offensive Rebound","","Harper, Darius; Wade, Dion; Weathers, Marcus; Weathers, Michael; Wright, Jake","1:29"
"01/14/2017","3:30 PM ET","1st Half","11:50","21-16","Miami (OH)","Harper, Darius","made","Two Point Jumper","26","Harper, Darius; Wade, Dion; Weathers, Marcus; Weathers, Michael; Wright, Jake","1:33"
"01/14/2017","3:30 PM ET","1st Half","11:40","24-16","Akron","Jackson, Antino","made","Three Point Jumper","20","Ivey, Jimond; Jackson, Antino; Johnson, Isaiah; Utomi, Daniel; Williams, Josh","0:40"
"01/14/2017","3:30 PM ET","1st Half","11:13","24-16","Miami (OH)","Weathers, Michael","","Turnover","","Harper, Darius; Wade, Dion; Weathers, Marcus; Weathers, Michael; Wright, Jake","2:10"
"01/14/2017","3:30 PM ET","1st Half","11:12","24-16","Akron","Jackson, Antino","","Steal","","Ivey, Jimond; Jackson, Antino; Johnson, Isaiah; Utomi, Daniel; Williams, Josh","1:08"
"01/14/2017","3:30 PM ET","1st Half","10:48","26-16","Akron","Ivey, Jimond","made","Layup","5","Ivey, Jimond; Jackson, Antino; Johnson, Isaiah; Utomi, Daniel; Williams, Josh","1:32"
"01/14/2017","3:30 PM ET","1st Half","10:48","26-16","Akron","Jackson, Antino","","Assist","","Ivey, Jimond; Jackson, Antino; Johnson, Isaiah; Utomi, Daniel; Williams, Josh","1:32"
"01/14/2017","3:30 PM ET","1st Half","10:22","26-16","Miami (OH)","Weathers, Michael","missed","Layup","4","Harper, Darius; Wade, Dion; Weathers, Marcus; Weathers, Michael; Wright, Jake","3:01"
"01/14/2017","3:30 PM ET","1st Half","10:22","26-16","Miami (OH)","Harper, Darius","","Offensive Rebound","","Harper, Darius; Wade, Dion; Weathers, Marcus; Weathers, Michael; Wright, Jake","3:01"
"01/14/2017","3:30 PM ET","1st Half","10:15","26-18","Miami (OH)","Weathers, Michael","made","Two Point Jumper","23","Harper, Darius; Wade, Dion; Weathers, Marcus; Weathers, Michael; Wright, Jake","3:08"
"01/14/2017","3:30 PM ET","1st Half","09:52","26-18","Akron","Ivey, Jimond","","Turnover","","Ivey, Jimond; Jackson, Antino; Johnson, Isaiah; Utomi, Daniel; Williams, Josh","2:28"
"01/14/2017","3:30 PM ET","1st Half","09:51","26-18","Miami (OH)","Weathers, Michael","","Steal","","Harper, Darius; Wade, Dion; Weathers, Marcus; Weathers, Michael; Wright, Jake","3:32"
"01/14/2017","3:30 PM ET","1st Half","09:48","26-18","Miami (OH)","Weathers, Michael","","Turnover","","Harper, Darius; Wade, Dion; Weathers, Marcus; Weathers, Michael; Wright, Jake","3:35"
"01/14/2017","3:30 PM ET","1st Half","09:48","26-18","Akron","Utomi, Daniel","","Steal","","Ivey, Jimond; Jackson, Antino; Johnson, Isaiah; Utomi, Daniel; Williams, Josh","2:32"
"01/14/2017","3:30 PM ET","1st Half","09:48","26-18","Akron","Team","","Timeout","","Ivey, Jimond; Jackson, Antino; Johnson, Isaiah; Utomi, Daniel; Williams, Josh","2:32"
"01/14/2017","3:30 PM ET","1st Half","09:48","26-18","Akron","Jackson, Aaron","","Enters Game","","Ivey, Jimond; Jackson, Aaron; Jackson, Antino; Johnson, Isaiah; Utomi, Daniel; Williams, Josh","0:00"
"01/14/2017","3:30 PM ET","1st Half","09:48","26-18","Akron","Ivey, Jimond","","Leaves Game","","Jackson, Aaron; Jackson, Antino; Johnson, Isaiah; Utomi, Daniel; Williams, Josh","0:00"
"01/14/2017","3:30 PM ET","1st Half","09:48","26-18","Miami (OH)","Harouna, Abdoulaye","","Enters Game","","Harouna, Abdoulaye; Harper, Darius; Wade, Dion; Weathers, Marcus; Weathers, Michael; Wright, Jake","0:00"
"01/14/2017","3:30 PM ET","1st Half","09:48","26-18","Miami (OH)","McLane, Logan","","Enters Game","","Harouna, Abdoulaye; Harper, Darius; McLane, Logan; Wade, Dion; Weathers, Marcus; Weathers, Michael; Wright, Jake","0:00"
"01/14/2017","3:30 PM ET","1st Half","09:48","26-18","Miami (OH)","Weathers, Michael","","Leaves Game","","Harouna, Abdoulaye; Harper, Darius; McLane, Logan; Wade, Dion; Weathers, Marcus; Wright, Jake","0:00"
"01/14/2017","3:30 PM ET","1st Half","09:48","26-18","Miami (OH)","Harper, Darius","","Leaves Game","","Harouna, Abdoulaye; McLane, Logan; Wade, Dion; Weathers, Marcus; Wright, Jake","0:00"
"01/14/2017","3:30 PM ET","1st Half","09:31","26-18","Akron","Utomi, Daniel","","Turnover","","Jackson, Aaron; Jackson, Antino; Johnson, Isaiah; Utomi, Daniel; Williams, Josh","0:17"
"01/14/2017","3:30 PM ET","1st Half","09:12","26-18","Miami (OH)","Harouna, Abdoulaye","missed","Three Point Jumper","11","Harouna, Abdoulaye; McLane, Logan; Wade, Dion; Weathers, Marcus; Wright, Jake","0:36"
"01/14/2017","3:30 PM ET","1st Half","09:12","26-18","Akron","Jackson, Aaron","","Defensive Rebound","","Jackson, Aaron; Jackson, Antino; Johnson, Isaiah; Utomi, Daniel; Williams, Josh","0:36"
"01/14/2017","3:30 PM ET","1st Half","08:53","26-18","Miami (OH)","Weathers, Marcus","","Commits Foul","11","Harouna, Abdoulaye; McLane, Logan; Wade, Dion; Weathers, Marcus; Wright, Jake","0:55"
"01/14/2017","3:30 PM ET","1st Half","08:53","26-18","Akron","Robotham, Noah","","Enters Game","","Jackson, Aaron; Jackson, Antino; Johnson, Isaiah; Robotham, Noah; Utomi, Daniel; Williams, Josh","0:00"
"01/14/2017","3:30 PM ET","1st Half","08:53","26-18","Akron","Cheatham, Jr., Kwan","","Enters Game","","Cheatham, Jr., Kwan; Jackson, Aaron; Jackson, Antino; Johnson, Isaiah; Robotham, Noah; Utomi, Daniel; Williams, Josh","0:00"
"01/14/2017","3:30 PM ET","1st Half","08:53","26-18","Akron","Williams, Josh","","Leaves Game","","Cheatham, Jr., Kwan; Jackson, Aaron; Jackson, Antino; Johnson, Isaiah; Robotham, Noah; Utomi, Daniel","0:00"
"01/14/2017","3:30 PM ET","1st Half","08:53","26-18","Akron","Utomi, Daniel","","Leaves Game","","Cheatham, Jr., Kwan; Jackson, Aaron; Jackson, Antino; Johnson, Isaiah; Robotham, Noah","0:00"
"01/14/2017","3:30 PM ET","1st Half","08:53","26-18","Miami (OH)","Weathers, Michael","","Enters Game","","Harouna, Abdoulaye; McLane, Logan; Wade, Dion; Weathers, Marcus; Weathers, Michael; Wright, Jake","0:00"
"01/14/2017","3:30 PM ET","1st Half","08:53","26-18","Miami (OH)","Weathers, Marcus","","Leaves Game","","Harouna, Abdoulaye; McLane, Logan; Wade, Dion; Weathers, Michael; Wright, Jake","0:00"
"01/14/2017","3:30 PM ET","1st Half","08:40","26-18","Miami (OH)","Wade, Dion","","Commits Foul","17","Harouna, Abdoulaye; McLane, Logan; Wade, Dion; Weathers, Michael; Wright, Jake","0:13"
"01/14/2017","3:30 PM ET","1st Half","08:40","27-18","Akron","Jackson, Aaron","made","Free Throw","","Cheatham, Jr., Kwan; Jackson, Aaron; Jackson, Antino; Johnson, Isaiah; Robotham, Noah","0:13"
"01/14/2017","3:30 PM ET","1st Half","08:40","27-18","Akron","Jackson, Aaron","missed","Free Throw","","Cheatham, Jr., Kwan; Jackson, Aaron; Jackson, Antino; Johnson, Isaiah; Robotham, Noah","0:13"
"01/14/2017","3:30 PM ET","1st Half","08:40","27-18","Miami (OH)","McLane, Logan","","Defensive Rebound","","Harouna, Abdoulaye; McLane, Logan; Wade, Dion; Weathers, Michael; Wright, Jake","0:13"
"01/14/2017","3:30 PM ET","1st Half","08:33","27-21","Miami (OH)","Wade, Dion","made","Three Point Jumper","23","Harouna, Abdoulaye; McLane, Logan; Wade, Dion; Weathers, Michael; Wright, Jake","0:20"
"01/14/2017","3:30 PM ET","1st Half","08:33","27-21","Miami (OH)","Weathers, Michael","","Assist","","Harouna, Abdoulaye; McLane, Logan; Wade, Dion; Weathers, Michael; Wright, Jake","0:20"
"01/14/2017","3:30 PM ET","1st Half","08:09","29-21","Akron","Cheatham, Jr., Kwan","made","Two Point Jumper","6","Cheatham, Jr., Kwan; Jackson, Aaron; Jackson, Antino; Johnson, Isaiah; Robotham, Noah","0:44"
"01/14/2017","3:30 PM ET","1st Half","07:57","29-21","Miami (OH)","Weathers, Michael","","Turnover","","Harouna, Abdoulaye; McLane, Logan; Wade, Dion; Weathers, Michael; Wright, Jake","0:56"
"01/14/2017","3:30 PM ET","1st Half","07:56","29-21","Akron","Jackson, Antino","","Steal","","Cheatham, Jr., Kwan; Jackson, Aaron; Jackson, Antino; Johnson, Isaiah; Robotham, Noah","0:57"
"01/14/2017","3:30 PM ET","1st Half","07:53","29-21","Akron","Jackson, Antino","missed","Layup","26","Cheatham, Jr., Kwan; Jackson, Aaron; Jackson, Antino; Johnson, Isaiah; Robotham, Noah","1:00"
"01/14/2017","3:30 PM ET","1st Half","07:53","29-21","Miami (OH)","Wade, Dion","","Defensive Rebound","","Harouna, Abdoulaye; McLane, Logan; Wade, Dion; Weathers, Michael; Wright, Jake","1:00"
"01/14/2017","3:30 PM ET","1st Half","07:37","29-23","Miami (OH)","Weathers, Michael","made","Two Point Jumper","14","Harouna, Abdoulaye; McLane, Logan; Wade, Dion; Weathers, Michael; Wright, Jake","1:16"
"01/14/2017","3:30 PM ET","1st Half","07:24","32-23","Akron","Cheatham, Jr., Kwan","made","Three Point Jumper","17","Cheatham, Jr., Kwan; Jackson, Aaron; Jackson, Antino; Johnson, Isaiah; Robotham, Noah","1:29"
"01/14/2017","3:30 PM ET","1st Half","07:24","32-23","Akron","Robotham, Noah","","Assist","","Cheatham, Jr., Kwan; Jackson, Aaron; Jackson, Antino; Johnson, Isaiah; Robotham, Noah","1:29"
"01/14/2017","3:30 PM ET","1st Half","07:08","32-26","Miami (OH)","Wade, Dion","made","Three Point Jumper","14","Harouna, Abdoulaye; McLane, Logan; Wade, Dion; Weathers, Michael; Wright, Jake","1:45"
"01/14/2017","3:30 PM ET","1st Half","07:08","32-26","Miami (OH)","Weathers, Michael","","Assist","","Harouna, Abdoulaye; McLane, Logan; Wade, Dion; Weathers, Michael; Wright, Jake","1:45"
"01/14/2017","3:30 PM ET","1st Half","06:52","32-26","Akron","Team","","Media Timeout","","Cheatham, Jr., Kwan; Jackson, Aaron; Jackson, Antino; Johnson, Isaiah; Robotham, Noah","2:01"
"01/14/2017","3:30 PM ET","1st Half","06:52","32-26","Akron","Ivey, Jimond","","Enters Game","","Cheatham, Jr., Kwan; Ivey, Jimond; Jackson, Aaron; Jackson, Antino; Johnson, Isaiah; Robotham, Noah","0:00"
"01/14/2017","3:30 PM ET","1st Half","06:52","32-26","Akron","Jackson, Aaron","","Leaves Game","","Cheatham, Jr., Kwan; Ivey, Jimond; Jackson, Antino; Johnson, Isaiah; Robotham, Noah","0:00"
"01/14/2017","3:30 PM ET","1st Half","06:52","32-26","Miami (OH)","Weathers, Marcus","","Enters Game","","Harouna, Abdoulaye; McLane, Logan; Wade, Dion; Weathers, Marcus; Weathers, Michael; Wright, Jake","0:00"
"01/14/2017","3:30 PM ET","1st Half","06:52","32-26","Miami (OH)","Wright, Jake","","Leaves Game","","Harouna, Abdoulaye; McLane, Logan; Wade, Dion; Weathers, Marcus; Weathers, Michael","1:05"
"01/14/2017","3:30 PM ET","1st Half","06:39","32-26","Akron","Robotham, Noah","","Turnover","","Cheatham, Jr., Kwan; Ivey, Jimond; Jackson, Antino; Johnson, Isaiah; Robotham, Noah","0:13"
"01/14/2017","3:30 PM ET","1st Half","06:18","32-26","Miami (OH)","Weathers, Michael","","Turnover","","Harouna, Abdoulaye; McLane, Logan; Wade, Dion; Weathers, Marcus; Weathers, Michael","1:39"
"01/14/2017","3:30 PM ET","1st Half","06:17","32-26","Akron","Ivey, Jimond","","Steal","","Cheatham, Jr., Kwan; Ivey, Jimond; Jackson, Antino; Johnson, Isaiah; Robotham, Noah","0:35"
"01/14/2017","3:30 PM ET","1st Half","06:13","34-26","Akron","Ivey, Jimond","made","Layup","25","Cheatham, Jr., Kwan; Ivey, Jimond; Jackson, Antino; Johnson, Isaiah; Robotham, Noah","0:39"
"01/14/2017","3:30 PM ET","1st Half","06:13","34-26","Miami (OH)","Weathers, Marcus","","Commits Foul","","Harouna, Abdoulaye; McLane, Logan; Wade, Dion; Weathers, Marcus; Weathers, Michael","1:44"
"01/14/2017","3:30 PM ET","1st Half","06:13","34-26","Akron","Ivey, Jimond","missed","Free Throw","","Cheatham, Jr., Kwan; Ivey, Jimond; Jackson, Antino; Johnson, Isaiah; Robotham, Noah","0:39"
"01/14/2017","3:30 PM ET","1st Half","06:13","34-26","Miami (OH)","Weathers, Marcus","","Defensive Rebound","","Harouna, Abdoulaye; McLane, Logan; Wade, Dion; Weathers, Marcus; Weathers, Michael","1:44"
"01/14/2017","3:30 PM ET","1st Half","06:05","34-26","Miami (OH)","Weathers, Michael","","Turnover","","Harouna, Abdoulaye; McLane, Logan; Wade, Dion; Weathers, Marcus; Weathers, Michael","1:52"
"01/14/2017","3:30 PM ET","1st Half","06:04","34-26","Akron","Jackson, Antino","","Steal","","Cheatham, Jr., Kwan; Ivey, Jimond; Jackson, Antino; Johnson, Isaiah; Robotham, Noah","0:48"
"01/14/2017","3:30 PM ET","1st Half","05:55","34-26","Akron","Williams, Josh","","Enters Game","","Cheatham, Jr., Kwan; Ivey, Jimond; Jackson, Antino; Johnson, Isaiah; Robotham, Noah; Williams, Josh","0:00"
"01/14/2017","3:30 PM ET","1st Half","05:55","34-26","Akron","Jackson, Antino","","Leaves Game","","Cheatham, Jr., Kwan; Ivey, Jimond; Johnson, Isaiah; Robotham, Noah; Williams, Josh","0:43"
"01/14/2017","3:30 PM ET","1st Half","05:55","34-26","Miami (OH)","Wright, Jake","","Enters Game","","Harouna, Abdoulaye; McLane, Logan; Wade, Dion; Weathers, Marcus; Weathers, Michael; Wright, Jake","0:00"
"01/14/2017","3:30 PM ET","1st Half","05:55","34-26","Miami (OH)","Bischoff, Jake","","Enters Game","","Bischoff, Jake; Harouna, Abdoulaye; McLane, Logan; Wade, Dion; Weathers, Marcus; Weathers, Michael; Wright, Jake","0:00"
"01/14/2017","3:30 PM ET","1st Half","05:55","34-26","Miami (OH)","Weathers, Michael","","Leaves Game","","Bischoff, Jake; Harouna, Abdoulaye; McLane, Logan; Wade, Dion; Weathers, Marcus; Wright, Jake","0:00"
"01/14/2017","3:30 PM ET","1st Half","05:55","34-26","Miami (OH)","Weathers, Marcus","","Leaves Game","","Bischoff, Jake; Harouna, Abdoulaye; McLane, Logan; Wade, Dion; Wright, Jake","0:00"
"01/14/2017","3:30 PM ET","1st Half","05:43","34-26","Miami (OH)","Wade, Dion","","Commits Foul","8","Bischoff, Jake; Harouna, Abdoulaye; McLane, Logan; Wade, Dion; Wright, Jake","0:12"
"01/14/2017","3:30 PM ET","1st Half","05:39","34-26","Akron","Robotham, Noah","missed","Three Point Jumper","26","Cheatham, Jr., Kwan; Ivey, Jimond; Johnson, Isaiah; Robotham, Noah; Williams, Josh","0:59"
"01/14/2017","3:30 PM ET","1st Half","05:39","34-26","Miami (OH)","Harouna, Abdoulaye","","Defensive Rebound","","Bischoff, Jake; Harouna, Abdoulaye; McLane, Logan; Wade, Dion; Wright, Jake","0:16"
"01/14/2017","3:30 PM ET","1st Half","05:19","34-26","Akron","Johnson, Isaiah","","Commits Foul","10","Cheatham, Jr., Kwan; Ivey, Jimond; Johnson, Isaiah; Robotham, Noah; Williams, Josh","1:19"
"01/14/2017","3:30 PM ET","1st Half","05:19","34-27","Miami (OH)","Harouna, Abdoulaye","made","Free Throw","","Bischoff, Jake; Harouna, Abdoulaye; McLane, Logan; Wade, Dion; Wright, Jake","0:36"
"01/14/2017","3:30 PM ET","1st Half","05:19","34-28","Miami (OH)","Harouna, Abdoulaye","made","Free Throw","","Bischoff, Jake; Harouna, Abdoulaye; McLane, Logan; Wade, Dion; Wright, Jake","0:36"
"01/14/2017","3:30 PM ET","1st Half","05:02","34-28","Akron","Ivey, Jimond","missed","Three Point Jumper","13","Cheatham, Jr., Kwan; Ivey, Jimond; Johnson, Isaiah; Robotham, Noah; Williams, Josh","1:36"
"01/14/2017","3:30 PM ET","1st Half","05:02","34-28","Akron","Cheatham, Jr., Kwan","","Offensive Rebound","","Cheatham, Jr., Kwan; Ivey, Jimond; Johnson, Isaiah; Robotham, Noah; Williams, Josh","1:36"
"01/14/2017","3:30 PM ET","1st Half","04:59","34-28","Miami (OH)","Harouna, Abdoulaye","","Commits Foul","27","Bischoff, Jake; Harouna, Abdoulaye; McLane, Logan; Wade, Dion; Wright, Jake","0:56"
"01/14/2017","3:30 PM ET","1st Half","04:59","34-28","Akron","Cheatham, Jr., Kwan","missed","Free Throw","","Cheatham, Jr., Kwan; Ivey, Jimond; Johnson, Isaiah; Robotham, Noah; Williams, Josh","1:39"
"01/14/2017","3:30 PM ET","1st Half","04:59","34-28","Miami (OH)","Bischoff, Jake","","Defensive Rebound","","Bischoff, Jake; Harouna, Abdoulaye; McLane, Logan; Wade, Dion; Wright, Jake","0:56"
"01/14/2017","3:30 PM ET","1st Half","04:31","34-31","Miami (OH)","Harouna, Abdoulaye","made","Three Point Jumper","2","Bischoff, Jake; Harouna, Abdoulaye; McLane, Logan; Wade, Dion; Wright, Jake","1:24"
"01/14/2017","3:30 PM ET","1st Half","04:31","34-31","Miami (OH)","Bischoff, Jake","","Assist","","Bischoff, Jake; Harouna, Abdoulaye; McLane, Logan; Wade, Dion; Wright, Jake","1:24"
"01/14/2017","3:30 PM ET","1st Half","04:10","36-31","Akron","Cheatham, Jr., Kwan","made","Two Point Jumper","9","Cheatham, Jr., Kwan; Ivey, Jimond; Johnson, Isaiah; Robotham, Noah; Williams, Josh","2:28"
"01/14/2017","3:30 PM ET","1st Half","03:47","36-31","Miami (OH)","McLane, Logan","missed","Layup","7","Bischoff, Jake; Harouna, Abdoulaye; McLane, Logan; Wade, Dion; Wright, Jake","2:08"
"01/14/2017","3:30 PM ET","1st Half","03:47","36-31","Akron","Cheatham, Jr., Kwan","","Blocked Shot","","Cheatham, Jr., Kwan; Ivey, Jimond; Johnson, Isaiah; Robotham, Noah; Williams, Josh","2:51"
"01/14/2017","3:30 PM ET","1st Half","03:46","36-31","Akron","Cheatham, Jr., Kwan","","Defensive Rebound","","Cheatham, Jr., Kwan; Ivey, Jimond; Johnson, Isaiah; Robotham, Noah; Williams, Josh","2:52"
"01/14/2017","3:30 PM ET","1st Half","03:34","39-31","Akron","Williams, Josh","made","Three Point Jumper","17","Cheatham, Jr., Kwan; Ivey, Jimond; Johnson, Isaiah; Robotham, Noah; Williams, Josh","3:04"
"01/14/2017","3:30 PM ET","1st Half","03:34","39-31","Akron","Robotham, Noah","","Assist","","Cheatham, Jr., Kwan; Ivey, Jimond; Johnson, Isaiah; Robotham, Noah; Williams, Josh","3:04"
"01/14/2017","3:30 PM ET","1st Half","03:12","39-33","Miami (OH)","Harouna, Abdoulaye","made","Layup","8","Bischoff, Jake; Harouna, Abdoulaye; McLane, Logan; Wade, Dion; Wright, Jake","2:43"
"01/14/2017","3:30 PM ET","1st Half","03:12","39-33","Miami (OH)","McLane, Logan","","Assist","","Bischoff, Jake; Harouna, Abdoulaye; McLane, Logan; Wade, Dion; Wright, Jake","2:43"
"01/14/2017","3:30 PM ET","1st Half","02:57","39-33","Akron","Team","","Second Timeout","","Cheatham, Jr., Kwan; Ivey, Jimond; Johnson, Isaiah; Robotham, Noah; Williams, Josh","3:41"
"01/14/2017","3:30 PM ET","1st Half","02:57","39-33","Akron","Team","","Media Timeout","","Cheatham, Jr., Kwan; Ivey, Jimond; Johnson, Isaiah; Robotham, Noah; Williams, Josh","3:41"
"01/14/2017","3:30 PM ET","1st Half","02:57","39-33","Akron","Utomi, Daniel","","Enters Game","","Cheatham, Jr., Kwan; Ivey, Jimond; Johnson, Isaiah; Robotham, Noah; Utomi, Daniel; Williams, Josh","0:00"
"01/14/2017","3:30 PM ET","1st Half","02:57","39-33","Akron","Olojakpoke, Emmanuel","","Enters Game","","Cheatham, Jr., Kwan; Ivey, Jimond; Johnson, Isaiah; Olojakpoke, Emmanuel; Robotham, Noah; Utomi, Daniel; Williams, Josh","0:00"
"01/14/2017","3:30 PM ET","1st Half","02:57","39-33","Akron","Johnson, Isaiah","","Leaves Game","","Cheatham, Jr., Kwan; Ivey, Jimond; Olojakpoke, Emmanuel; Robotham, Noah; Utomi, Daniel; Williams, Josh","0:00"
"01/14/2017","3:30 PM ET","1st Half","02:57","39-33","Akron","Cheatham, Jr., Kwan","","Leaves Game","","Ivey, Jimond; Olojakpoke, Emmanuel; Robotham, Noah; Utomi, Daniel; Williams, Josh","0:00"
"01/14/2017","3:30 PM ET","1st Half","02:57","39-33","Miami (OH)","Harper, Darius","","Enters Game","","Bischoff, Jake; Harouna, Abdoulaye; Harper, Darius; McLane, Logan; Wade, Dion; Wright, Jake","0:00"
"01/14/2017","3:30 PM ET","1st Half","02:57","39-33","Miami (OH)","Weathers, Michael","","Enters Game","","Bischoff, Jake; Harouna, Abdoulaye; Harper, Darius; McLane, Logan; Wade, Dion; Weathers, Michael; Wright, Jake","0:00"
"01/14/2017","3:30 PM ET","1st Half","02:57","39-33","Miami (OH)","Bischoff, Jake","","Leaves Game","","Harouna, Abdoulaye; Harper, Darius; McLane, Logan; Wade, Dion; Weathers, Michael; Wright, Jake","0:00"
"01/14/2017","3:30 PM ET","1st Half","02:57","39-33","Miami (OH)","McLane, Logan","","Leaves Game","","Harouna, Abdoulaye; Harper, Darius; Wade, Dion; Weathers, Michael; Wright, Jake","0:00"
"01/14/2017","3:30 PM ET","1st Half","02:51","42-33","Akron","Utomi, Daniel","made","Three Point Jumper","9","Ivey, Jimond; Olojakpoke, Emmanuel; Robotham, Noah; Utomi, Daniel; Williams, Josh","0:06"
"01/14/2017","3:30 PM ET","1st Half","02:51","42-33","Akron","Ivey, Jimond","","Assist","","Ivey, Jimond; Olojakpoke, Emmanuel; Robotham, Noah; Utomi, Daniel; Williams, Josh","0:06"
"01/14/2017","3:30 PM ET","1st Half","02:29","42-33","Akron","Olojakpoke, Emmanuel","","Commits Foul","8","Ivey, Jimond; Olojakpoke, Emmanuel; Robotham, Noah; Utomi, Daniel; Williams, Josh","0:28"
"01/14/2017","3:30 PM ET","1st Half","02:29","42-34","Miami (OH)","Harper, Darius","made","Free Throw","","Harouna, Abdoulaye; Harper, Darius; Wade, Dion; Weathers, Michael; Wright, Jake","0:28"
"01/14/2017","3:30 PM ET","1st Half","02:29","42-34","Miami (OH)","Harper, Darius","missed","Free Throw","","Harouna, Abdoulaye; Harper, Darius; Wade, Dion; Weathers, Michael; Wright, Jake","0:28"
"01/14/2017","3:30 PM ET","1st Half","02:29","42-34","Akron","Utomi, Daniel","","Defensive Rebound","","Ivey, Jimond; Olojakpoke, Emmanuel; Robotham, Noah; Utomi, Daniel; Williams, Josh","0:28"
"01/14/2017","3:30 PM ET","1st Half","02:17","42-34","Akron","Robotham, Noah","","Turnover","","Ivey, Jimond; Olojakpoke, Emmanuel; Robotham, Noah; Utomi, Daniel; Williams, Josh","0:40"
"01/14/2017","3:30 PM ET","1st Half","02:15","42-34","Miami (OH)","Harouna, Abdoulaye","","Steal","","Harouna, Abdoulaye; Harper, Darius; Wade, Dion; Weathers, Michael; Wright, Jake","0:42"
"01/14/2017","3:30 PM ET","1st Half","02:13","42-36","Miami (OH)","Harouna, Abdoulaye","made","Dunk","26","Harouna, Abdoulaye; Harper, Darius; Wade, Dion; Weathers, Michael; Wright, Jake","0:44"
"01/14/2017","3:30 PM ET","1st Half","01:43","42-36","Akron","Ivey, Jimond","missed","Layup","0","Ivey, Jimond; Olojakpoke, Emmanuel; Robotham, Noah; Utomi, Daniel; Williams, Josh","1:14"
"01/14/2017","3:30 PM ET","1st Half","01:43","42-36","Miami (OH)","Harper, Darius","","Defensive Rebound","","Harouna, Abdoulaye; Harper, Darius; Wade, Dion; Weathers, Michael; Wright, Jake","1:14"
"01/14/2017","3:30 PM ET","1st Half","01:38","42-36","Miami (OH)","Wright, Jake","missed","Three Point Jumper","25","Harouna, Abdoulaye; Harper, Darius; Wade, Dion; Weathers, Michael; Wright, Jake","1:19"
"01/14/2017","3:30 PM ET","1st Half","01:38","42-36","Miami (OH)","Harper, Darius","","Offensive Rebound","","Harouna, Abdoulaye; Harper, Darius; Wade, Dion; Weathers, Michael; Wright, Jake","1:19"
"01/14/2017","3:30 PM ET","1st Half","01:34","42-38","Miami (OH)","Harper, Darius","made","Layup","26","Harouna, Abdoulaye; Harper, Darius; Wade, Dion; Weathers, Michael; Wright, Jake","1:23"
"01/14/2017","3:30 PM ET","1st Half","01:19","42-38","Akron","Robotham, Noah","","Turnover","","Ivey, Jimond; Olojakpoke, Emmanuel; Robotham, Noah; Utomi, Daniel; Williams, Josh","1:38"
"01/14/2017","3:30 PM ET","1st Half","01:19","42-38","Miami (OH)","Harper, Darius","","Steal","","Harouna, Abdoulaye; Harper, Darius; Wade, Dion; Weathers, Michael; Wright, Jake","1:38"
"01/14/2017","3:30 PM ET","1st Half","01:19","42-38","Akron","Johnson, Isaiah","","Enters Game","","Ivey, Jimond; Johnson, Isaiah; Olojakpoke, Emmanuel; Robotham, Noah; Utomi, Daniel; Williams, Josh","0:00"
"01/14/2017","3:30 PM ET","1st Half","01:19","42-38","Akron","Olojakpoke, Emmanuel","","Leaves Game","","Ivey, Jimond; Johnson, Isaiah; Robotham, Noah; Utomi, Daniel; Williams, Josh","0:00"
"01/14/2017","3:30 PM ET","1st Half","01:19","42-38","Miami (OH)","McLane, Logan","","Enters Game","","Harouna, Abdoulaye; Harper, Darius; McLane, Logan; Wade, Dion; Weathers, Michael; Wright, Jake","0:00"
"01/14/2017","3:30 PM ET","1st Half","01:19","42-38","Miami (OH)","Harper, Darius","","Leaves Game","","Harouna, Abdoulaye; McLane, Logan; Wade, Dion; Weathers, Michael; Wright, Jake","2:01"
"01/14/2017","3:30 PM ET","1st Half","01:05","42-38","Akron","Ivey, Jimond","","Commits Foul","16","Ivey, Jimond; Johnson, Isaiah; Robotham, Noah; Utomi, Daniel; Williams, Josh","0:14"
"01/14/2017","3:30 PM ET","1st Half","01:05","42-39","Miami (OH)","Harouna, Abdoulaye","made","Free Throw","","Harouna, Abdoulaye; McLane, Logan; Wade, Dion; Weathers, Michael; Wright, Jake","2:15"
"01/14/2017","3:30 PM ET","1st Half","01:05","42-39","Miami (OH)","Harouna, Abdoulaye","missed","Free Throw","","Harouna, Abdoulaye; McLane, Logan; Wade, Dion; Weathers, Michael; Wright, Jake","2:15"
"01/14/2017","3:30 PM ET","1st Half","01:05","42-39","Miami (OH)","Wade, Dion","","Offensive Rebound","","Harouna, Abdoulaye; McLane, Logan; Wade, Dion; Weathers, Michael; Wright, Jake","2:15"
"01/14/2017","3:30 PM ET","1st Half","01:02","42-39","Miami (OH)","Team","","Second Timeout","","Harouna, Abdoulaye; McLane, Logan; Wade, Dion; Weathers, Michael; Wright, Jake","2:18"
"01/14/2017","3:30 PM ET","1st Half","00:55","42-39","Miami (OH)","Wade, Dion","missed","Three Point Jumper","20","Harouna, Abdoulaye; McLane, Logan; Wade, Dion; Weathers, Michael; Wright, Jake","2:25"
"01/14/2017","3:30 PM ET","1st Half","00:55","42-39","Akron","Johnson, Isaiah","","Defensive Rebound","","Ivey, Jimond; Johnson, Isaiah; Robotham, Noah; Utomi, Daniel; Williams, Josh","0:24"
"01/14/2017","3:30 PM ET","1st Half","00:24","42-39","Akron","Robotham, Noah","","Turnover","","Ivey, Jimond; Johnson, Isaiah; Robotham, Noah; Utomi, Daniel; Williams, Josh","0:55"
"01/14/2017","3:30 PM ET","1st Half","00:23","42-39","Miami (OH)","Wade, Dion","","Steal","","Harouna, Abdoulaye; McLane, Logan; Wade, Dion; Weathers, Michael; Wright, Jake","2:57"
"01/14/2017","3:30 PM ET","1st Half","00:00","42-41","Miami (OH)","McLane, Logan","made","Layup","6","Harouna, Abdoulaye; McLane, Logan; Wade, Dion; Weathers, Michael; Wright, Jake","3:20"
"01/14/2017","3:30 PM ET","1st Half","00:00","42-41","Miami (OH)","Weathers, Michael","","Assist","","Harouna, Abdoulaye; McLane, Logan; Wade, Dion; Weathers, Michael; Wright, Jake","3:20"
"01/14/2017","3:30 PM ET","2nd Half","20:00","42-41","Akron","Cheatham, Jr., Kwan","","Enters Game","","Cheatham, Jr., Kwan; Ivey, Jimond; Jackson, Antino; Johnson, Isaiah; Robotham, Noah; Utomi, Daniel","0:00"
"01/14/2017","3:30 PM ET","2nd Half","20:00","42-41","Akron","Utomi, Daniel","","Leaves Game","","Cheatham, Jr., Kwan; Ivey, Jimond; Jackson, Antino; Johnson, Isaiah; Robotham, Noah","0:00"
"01/14/2017","3:30 PM ET","2nd Half","19:37","42-41","Miami (OH)","Weathers, Michael","missed","Layup","7","Harouna, Abdoulaye; McLane, Logan; Mills, Rod; Weathers, Marcus; Weathers, Michael","0:23"
"01/14/2017","3:30 PM ET","2nd Half","19:37","42-41","Akron","Jackson, Antino","","Defensive Rebound","","Cheatham, Jr., Kwan; Ivey, Jimond; Jackson, Antino; Johnson, Isaiah; Robotham, Noah","0:23"
"01/14/2017","3:30 PM ET","2nd Half","19:28","42-41","Akron","Cheatham, Jr., Kwan","missed","Three Point Jumper","21","Cheatham, Jr., Kwan; Ivey, Jimond; Jackson, Antino; Johnson, Isaiah; Robotham, Noah","0:32"
"01/14/2017","3:30 PM ET","2nd Half","19:28","42-41","Miami (OH)","Harouna, Abdoulaye","","Defensive Rebound","","Harouna, Abdoulaye; McLane, Logan; Mills, Rod; Weathers, Marcus; Weathers, Michael","0:32"
"01/14/2017","3:30 PM ET","2nd Half","18:57","42-41","Miami (OH)","Weathers, Michael","missed","Two Point Jumper","0","Harouna, Abdoulaye; McLane, Logan; Mills, Rod; Weathers, Marcus; Weathers, Michael","1:03"
"01/14/2017","3:30 PM ET","2nd Half","18:57","42-41","Miami (OH)","Weathers, Michael","","Offensive Rebound","","Harouna, Abdoulaye; McLane, Logan; Mills, Rod; Weathers, Marcus; Weathers, Michael","1:03"
"01/14/2017","3:30 PM ET","2nd Half","18:53","42-43","Miami (OH)","Weathers, Michael","made","Layup","26","Harouna, Abdoulaye; McLane, Logan; Mills, Rod; Weathers, Marcus; Weathers, Michael","1:07"
"01/14/2017","3:30 PM ET","2nd Half","18:36","42-43","Akron","Cheatham, Jr., Kwan","missed","Three Point Jumper","13","Cheatham, Jr., Kwan; Ivey, Jimond; Jackson, Antino; Johnson, Isaiah; Robotham, Noah","1:24"
"01/14/2017","3:30 PM ET","2nd Half","18:36","42-43","Miami (OH)","Mills, Rod","","Defensive Rebound","","Harouna, Abdoulaye; McLane, Logan; Mills, Rod; Weathers, Marcus; Weathers, Michael","1:24"
"01/14/2017","3:30 PM ET","2nd Half","18:12","42-43","Akron","Johnson, Isaiah","","Commits Foul","6","Cheatham, Jr., Kwan; Ivey, Jimond; Jackson, Antino; Johnson, Isaiah; Robotham, Noah","1:48"
"01/14/2017","3:30 PM ET","2nd Half","18:12","42-44","Miami (OH)","McLane, Logan","made","Free Throw","","Harouna, Abdoulaye; McLane, Logan; Mills, Rod; Weathers, Marcus; Weathers, Michael","1:48"
"01/14/2017","3:30 PM ET","2nd Half","18:12","42-44","Miami (OH)","McLane, Logan","missed","Free Throw","","Harouna, Abdoulaye; McLane, Logan; Mills, Rod; Weathers, Marcus; Weathers, Michael","1:48"
"01/14/2017","3:30 PM ET","2nd Half","18:12","42-44","Akron","Cheatham, Jr., Kwan","","Defensive Rebound","","Cheatham, Jr., Kwan; Ivey, Jimond; Jackson, Antino; Johnson, Isaiah; Robotham, Noah","1:48"
"01/14/2017","3:30 PM ET","2nd Half","17:57","42-44","Akron","Johnson, Isaiah","missed","Layup","15","Cheatham, Jr., Kwan; Ivey, Jimond; Jackson, Antino; Johnson, Isaiah; Robotham, Noah","2:03"
"01/14/2017","3:30 PM ET","2nd Half","17:57","42-44","Miami (OH)","McLane, Logan","","Blocked Shot","","Harouna, Abdoulaye; McLane, Logan; Mills, Rod; Weathers, Marcus; Weathers, Michael","2:03"
"01/14/2017","3:30 PM ET","2nd Half","17:56","42-44","Akron","Team","","Offensive Rebound","","Cheatham, Jr., Kwan; Ivey, Jimond; Jackson, Antino; Johnson, Isaiah; Robotham, Noah","2:04"
"01/14/2017","3:30 PM ET","2nd Half","17:43","42-44","Akron","Cheatham, Jr., Kwan","missed","Two Point Jumper","16","Cheatham, Jr., Kwan; Ivey, Jimond; Jackson, Antino; Johnson, Isaiah; Robotham, Noah","2:17"
"01/14/2017","3:30 PM ET","2nd Half","17:43","42-44","Miami (OH)","Weathers, Marcus","","Defensive Rebound","","Harouna, Abdoulaye; McLane, Logan; Mills, Rod; Weathers, Marcus; Weathers, Michael","2:17"
"01/14/2017","3:30 PM ET","2nd Half","17:20","42-44","Miami (OH)","Mills, Rod","","Commits Foul","7","Harouna, Abdoulaye; McLane, Logan; Mills, Rod; Weathers, Marcus; Weathers, Michael","2:40"
"01/14/2017","3:30 PM ET","2nd Half","17:20","42-44","Miami (OH)","Mills, Rod","","Turnover","","Harouna, Abdoulaye; McLane, Logan; Mills, Rod; Weathers, Marcus; Weathers, Michael","2:40"
"01/14/2017","3:30 PM ET","2nd Half","17:20","42-44","Miami (OH)","Wade, Dion","","Enters Game","","Harouna, Abdoulaye; McLane, Logan; Mills, Rod; Wade, Dion; Weathers, Marcus; Weathers, Michael","0:00"
"01/14/2017","3:30 PM ET","2nd Half","17:20","42-44","Miami (OH)","Mills, Rod","","Leaves Game","","Harouna, Abdoulaye; McLane, Logan; Wade, Dion; Weathers, Marcus; Weathers, Michael","0:00"
"01/14/2017","3:30 PM ET","2nd Half","17:07","42-44","Miami (OH)","McLane, Logan","","Commits Foul","17","Harouna, Abdoulaye; McLane, Logan; Wade, Dion; Weathers, Marcus; Weathers, Michael","0:13"
"01/14/2017","3:30 PM ET","2nd Half","17:01","42-44","Miami (OH)","McLane, Logan","","Commits Foul","24","Harouna, Abdoulaye; McLane, Logan; Wade, Dion; Weathers, Marcus; Weathers, Michael","0:19"
"01/14/2017","3:30 PM ET","2nd Half","16:51","42-44","Akron","Robotham, Noah","missed","Three Point Jumper","20","Cheatham, Jr., Kwan; Ivey, Jimond; Jackson, Antino; Johnson, Isaiah; Robotham, Noah","3:09"
"01/14/2017","3:30 PM ET","2nd Half","16:51","42-44","Miami (OH)","Weathers, Michael","","Defensive Rebound","","Harouna, Abdoulaye; McLane, Logan; Wade, Dion; Weathers, Marcus; Weathers, Michael","0:29"
"01/14/2017","3:30 PM ET","2nd Half","16:44","42-44","Miami (OH)","Weathers, Marcus","missed","Layup","23","Harouna, Abdoulaye; McLane, Logan; Wade, Dion; Weathers, Marcus; Weathers, Michael","0:36"
"01/14/2017","3:30 PM ET","2nd Half","16:44","42-44","Akron","Ivey, Jimond","","Defensive Rebound","","Cheatham, Jr., Kwan; Ivey, Jimond; Jackson, Antino; Johnson, Isaiah; Robotham, Noah","3:16"
"01/14/2017","3:30 PM ET","2nd Half","16:34","42-44","Miami (OH)","Weathers, Marcus","","Commits Foul","20","Harouna, Abdoulaye; McLane, Logan; Wade, Dion; Weathers, Marcus; Weathers, Michael","0:46"
"01/14/2017","3:30 PM ET","2nd Half","16:34","42-44","Akron","Johnson, Isaiah","missed","Free Throw","","Cheatham, Jr., Kwan; Ivey, Jimond; Jackson, Antino; Johnson, Isaiah; Robotham, Noah","3:26"
"01/14/2017","3:30 PM ET","2nd Half","16:34","42-44","Akron","Team","","Deadball Rebound","","Cheatham, Jr., Kwan; Ivey, Jimond; Jackson, Antino; Johnson, Isaiah; Robotham, Noah","3:26"
"01/14/2017","3:30 PM ET","2nd Half","16:34","43-44","Akron","Johnson, Isaiah","made","Free Throw","","Cheatham, Jr., Kwan; Ivey, Jimond; Jackson, Antino; Johnson, Isaiah; Robotham, Noah","3:26"
"01/14/2017","3:30 PM ET","2nd Half","16:13","43-44","Akron","Ivey, Jimond","","Commits Foul","9","Cheatham, Jr., Kwan; Ivey, Jimond; Jackson, Antino; Johnson, Isaiah; Robotham, Noah","3:47"
"01/14/2017","3:30 PM ET","2nd Half","16:13","43-45","Miami (OH)","Harouna, Abdoulaye","made","Free Throw","","Harouna, Abdoulaye; McLane, Logan; Wade, Dion; Weathers, Marcus; Weathers, Michael","1:07"
"01/14/2017","3:30 PM ET","2nd Half","16:13","43-46","Miami (OH)","Harouna, Abdoulaye","made","Free Throw","","Harouna, Abdoulaye; McLane, Logan; Wade, Dion; Weathers, Marcus; Weathers, Michael","1:07"
"01/14/2017","3:30 PM ET","2nd Half","16:13","43-46","Akron","Williams, Josh","","Enters Game","","Cheatham, Jr., Kwan; Ivey, Jimond; Jackson, Antino; Johnson, Isaiah; Robotham, Noah; Williams, Josh","0:00"
"01/14/2017","3:30 PM ET","2nd Half","16:13","43-46","Akron","Robotham, Noah","","Leaves Game","","Cheatham, Jr., Kwan; Ivey, Jimond; Jackson, Antino; Johnson, Isaiah; Williams, Josh","0:00"
"01/14/2017","3:30 PM ET","2nd Half","16:13","43-46","Miami (OH)","Harper, Darius","","Enters Game","","Harouna, Abdoulaye; Harper, Darius; McLane, Logan; Wade, Dion; Weathers, Marcus; Weathers, Michael","0:00"
"01/14/2017","3:30 PM ET","2nd Half","16:13","43-46","Miami (OH)","Wright, Jake","","Enters Game","","Harouna, Abdoulaye; Harper, Darius; McLane, Logan; Wade, Dion; Weathers, Marcus; Weathers, Michael; Wright, Jake","0:00"
"01/14/2017","3:30 PM ET","2nd Half","16:13","43-46","Miami (OH)","Weathers, Marcus","","Leaves Game","","Harouna, Abdoulaye; Harper, Darius; McLane, Logan; Wade, Dion; Weathers, Michael; Wright, Jake","0:00"
"01/14/2017","3:30 PM ET","2nd Half","16:13","43-46","Miami (OH)","McLane, Logan","","Leaves Game","","Harouna, Abdoulaye; Harper, Darius; Wade, Dion; Weathers, Michael; Wright, Jake","0:00"
"01/14/2017","3:30 PM ET","2nd Half","15:58","45-46","Akron","Jackson, Antino","made","Two Point Jumper","15","Cheatham, Jr., Kwan; Ivey, Jimond; Jackson, Antino; Johnson, Isaiah; Williams, Josh","0:15"
"01/14/2017","3:30 PM ET","2nd Half","15:58","45-46","Miami (OH)","Harper, Darius","","Commits Foul","","Harouna, Abdoulaye; Harper, Darius; Wade, Dion; Weathers, Michael; Wright, Jake","0:15"
"01/14/2017","3:30 PM ET","2nd Half","15:58","45-46","Akron","Team","","Media Timeout","","Cheatham, Jr., Kwan; Ivey, Jimond; Jackson, Antino; Johnson, Isaiah; Williams, Josh","0:15"
"01/14/2017","3:30 PM ET","2nd Half","15:58","46-46","Akron","Jackson, Antino","made","Free Throw","","Cheatham, Jr., Kwan; Ivey, Jimond; Jackson, Antino; Johnson, Isaiah; Williams, Josh","0:15"
"01/14/2017","3:30 PM ET","2nd Half","15:40","46-46","Miami (OH)","Wright, Jake","missed","Two Point Jumper","12","Harouna, Abdoulaye; Harper, Darius; Wade, Dion; Weathers, Michael; Wright, Jake","0:33"
"01/14/2017","3:30 PM ET","2nd Half","15:40","46-46","Akron","Ivey, Jimond","","Defensive Rebound","","Cheatham, Jr., Kwan; Ivey, Jimond; Jackson, Antino; Johnson, Isaiah; Williams, Josh","0:33"
"01/14/2017","3:30 PM ET","2nd Half","15:39","46-46","Miami (OH)","Harouna, Abdoulaye","","Commits Foul","29","Harouna, Abdoulaye; Harper, Darius; Wade, Dion; Weathers, Michael; Wright, Jake","0:34"
"01/14/2017","3:30 PM ET","2nd Half","15:27","46-46","Akron","Williams, Josh","missed","Three Point Jumper","18","Cheatham, Jr., Kwan; Ivey, Jimond; Jackson, Antino; Johnson, Isaiah; Williams, Josh","0:46"
"01/14/2017","3:30 PM ET","2nd Half","15:27","46-46","Akron","Cheatham, Jr., Kwan","","Offensive Rebound","","Cheatham, Jr., Kwan; Ivey, Jimond; Jackson, Antino; Johnson, Isaiah; Williams, Josh","0:46"
"01/14/2017","3:30 PM ET","2nd Half","15:26","46-46","Miami (OH)","Harouna, Abdoulaye","","Commits Foul","29","Harouna, Abdoulaye; Harper, Darius; Wade, Dion; Weathers, Michael; Wright, Jake","0:47"
"01/14/2017","3:30 PM ET","2nd Half","15:26","47-46","Akron","Cheatham, Jr., Kwan","made","Free Throw","","Cheatham, Jr., Kwan; Ivey, Jimond; Jackson, Antino; Johnson, Isaiah; Williams, Josh","0:47"
"01/14/2017","3:30 PM ET","2nd Half","15:26","48-46","Akron","Cheatham, Jr., Kwan","made","Free Throw","","Cheatham, Jr., Kwan; Ivey, Jimond; Jackson, Antino; Johnson, Isaiah; Williams, Josh","0:47"
"01/14/2017","3:30 PM ET","2nd Half","15:26","48-46","Miami (OH)","McLane, Logan","","Enters Game","","Harouna, Abdoulaye; Harper, Darius; McLane, Logan; Wade, Dion; Weathers, Michael; Wright, Jake","0:00"
"01/14/2017","3:30 PM ET","2nd Half","15:26","48-46","Miami (OH)","Harper, Darius","","Leaves Game","","Harouna, Abdoulaye; McLane, Logan; Wade, Dion; Weathers, Michael; Wright, Jake","0:00"
"01/14/2017","3:30 PM ET","2nd Half","15:09","48-46","Miami (OH)","Weathers, Michael","","Turnover","","Harouna, Abdoulaye; McLane, Logan; Wade, Dion; Weathers, Michael; Wright, Jake","0:17"
"01/14/2017","3:30 PM ET","2nd Half","15:08","48-46","Miami (OH)","Bischoff, Jake","","Enters Game","","Bischoff, Jake; Harouna, Abdoulaye; McLane, Logan; Wade, Dion; Weathers, Michael; Wright, Jake","0:00"
"01/14/2017","3:30 PM ET","2nd Half","15:08","48-46","Miami (OH)","Weathers, Michael","","Leaves Game","","Bischoff, Jake; Harouna, Abdoulaye; McLane, Logan; Wade, Dion; Wright, Jake","0:00"
"01/14/2017","3:30 PM ET","2nd Half","14:50","48-46","Akron","Jackson, Antino","missed","Three Point Jumper","11","Cheatham, Jr., Kwan; Ivey, Jimond; Jackson, Antino; Johnson, Isaiah; Williams, Josh","1:23"
"01/14/2017","3:30 PM ET","2nd Half","14:50","48-46","Miami (OH)","McLane, Logan","","Defensive Rebound","","Bischoff, Jake; Harouna, Abdoulaye; McLane, Logan; Wade, Dion; Wright, Jake","0:18"
"01/14/2017","3:30 PM ET","2nd Half","14:16","48-49","Miami (OH)","McLane, Logan","made","Three Point Jumper","0","Bischoff, Jake; Harouna, Abdoulaye; McLane, Logan; Wade, Dion; Wright, Jake","0:52"
"01/14/2017","3:30 PM ET","2nd Half","14:16","48-49","Miami (OH)","Bischoff, Jake","","Assist","","Bischoff, Jake; Harouna, Abdoulaye; McLane, Logan; Wade, Dion; Wright, Jake","0:52"
"01/14/2017","3:30 PM ET","2nd Half","13:43","48-49","Akron","Cheatham, Jr., Kwan","missed","Three Point Jumper","0","Cheatham, Jr., Kwan; Ivey, Jimond; Jackson, Antino; Johnson, Isaiah; Williams, Josh","2:30"
"01/14/2017","3:30 PM ET","2nd Half","13:43","48-49","Miami (OH)","Wright, Jake","","Defensive Rebound","","Bischoff, Jake; Harouna, Abdoulaye; McLane, Logan; Wade, Dion; Wright, Jake","1:25"
"01/14/2017","3:30 PM ET","2nd Half","13:25","48-49","Akron","Utomi, Daniel","","Enters Game","","Cheatham, Jr., Kwan; Ivey, Jimond; Jackson, Antino; Johnson, Isaiah; Utomi, Daniel; Williams, Josh","0:00"
"01/14/2017","3:30 PM ET","2nd Half","13:25","48-49","Akron","Olojakpoke, Emmanuel","","Enters Game","","Cheatham, Jr., Kwan; Ivey, Jimond; Jackson, Antino; Johnson, Isaiah; Olojakpoke, Emmanuel; Utomi, Daniel; Williams, Josh","0:00"
"01/14/2017","3:30 PM ET","2nd Half","13:25","48-49","Akron","Johnson, Isaiah","","Leaves Game","","Cheatham, Jr., Kwan; Ivey, Jimond; Jackson, Antino; Olojakpoke, Emmanuel; Utomi, Daniel; Williams, Josh","0:00"
"01/14/2017","3:30 PM ET","2nd Half","13:25","48-49","Akron","Cheatham, Jr., Kwan","","Leaves Game","","Ivey, Jimond; Jackson, Antino; Olojakpoke, Emmanuel; Utomi, Daniel; Williams, Josh","0:00"
"01/14/2017","3:30 PM ET","2nd Half","13:25","48-49","Miami (OH)","Weathers, Michael","","Enters Game","","Bischoff, Jake; Harouna, Abdoulaye; McLane, Logan; Wade, Dion; Weathers, Michael; Wright, Jake","0:00"
"01/14/2017","3:30 PM ET","2nd Half","13:25","48-49","Miami (OH)","Harouna, Abdoulaye","","Leaves Game","","Bischoff, Jake; McLane, Logan; Wade, Dion; Weathers, Michael; Wright, Jake","0:00"
"01/14/2017","3:30 PM ET","2nd Half","13:21","48-49","Akron","Olojakpoke, Emmanuel","","Commits Foul","8","Ivey, Jimond; Jackson, Antino; Olojakpoke, Emmanuel; Utomi, Daniel; Williams, Josh","0:04"
"01/14/2017","3:30 PM ET","2nd Half","13:21","48-49","Akron","Dunn-Martin, Tavian","","Enters Game","","Dunn-Martin, Tavian; Ivey, Jimond; Jackson, Antino; Olojakpoke, Emmanuel; Utomi, Daniel; Williams, Josh","0:00"
"01/14/2017","3:30 PM ET","2nd Half","13:21","48-49","Akron","Jackson, Antino","","Leaves Game","","Dunn-Martin, Tavian; Ivey, Jimond; Olojakpoke, Emmanuel; Utomi, Daniel; Williams, Josh","0:00"
"01/14/2017","3:30 PM ET","2nd Half","13:15","48-52","Miami (OH)","Wade, Dion","made","Three Point Jumper","24","Bischoff, Jake; McLane, Logan; Wade, Dion; Weathers, Michael; Wright, Jake","0:10"
"01/14/2017","3:30 PM ET","2nd Half","13:15","48-52","Miami (OH)","Weathers, Michael","","Assist","","Bischoff, Jake; McLane, Logan; Wade, Dion; Weathers, Michael; Wright, Jake","0:10"
"01/14/2017","3:30 PM ET","2nd Half","12:45","50-52","Akron","Ivey, Jimond","made","Two Point Jumper","0","Dunn-Martin, Tavian; Ivey, Jimond; Olojakpoke, Emmanuel; Utomi, Daniel; Williams, Josh","0:36"
"01/14/2017","3:30 PM ET","2nd Half","12:34","50-52","Miami (OH)","Bischoff, Jake","missed","Three Point Jumper","19","Bischoff, Jake; McLane, Logan; Wade, Dion; Weathers, Michael; Wright, Jake","0:51"
"01/14/2017","3:30 PM ET","2nd Half","12:34","50-52","Miami (OH)","Wade, Dion","","Offensive Rebound","","Bischoff, Jake; McLane, Logan; Wade, Dion; Weathers, Michael; Wright, Jake","0:51"
"01/14/2017","3:30 PM ET","2nd Half","12:18","50-52","Miami (OH)","Weathers, Michael","","Turnover","","Bischoff, Jake; McLane, Logan; Wade, Dion; Weathers, Michael; Wright, Jake","1:07"
"01/14/2017","3:30 PM ET","2nd Half","12:15","50-52","Akron","Utomi, Daniel","","Steal","","Dunn-Martin, Tavian; Ivey, Jimond; Olojakpoke, Emmanuel; Utomi, Daniel; Williams, Josh","1:06"
"01/14/2017","3:30 PM ET","2nd Half","12:07","52-52","Akron","Dunn-Martin, Tavian","made","Two Point Jumper","19","Dunn-Martin, Tavian; Ivey, Jimond; Olojakpoke, Emmanuel; Utomi, Daniel; Williams, Josh","1:14"
"01/14/2017","3:30 PM ET","2nd Half","11:41","52-52","Miami (OH)","McLane, Logan","missed","Three Point Jumper","4","Bischoff, Jake; McLane, Logan; Wade, Dion; Weathers, Michael; Wright, Jake","1:44"
"01/14/2017","3:30 PM ET","2nd Half","11:41","52-52","Akron","Williams, Josh","","Defensive Rebound","","Dunn-Martin, Tavian; Ivey, Jimond; Olojakpoke, Emmanuel; Utomi, Daniel; Williams, Josh","1:40"
"01/14/2017","3:30 PM ET","2nd Half","11:13","52-52","Akron","Olojakpoke, Emmanuel","missed","Layup","2","Dunn-Martin, Tavian; Ivey, Jimond; Olojakpoke, Emmanuel; Utomi, Daniel; Williams, Josh","2:08"
"01/14/2017","3:30 PM ET","2nd Half","11:13","52-52","Akron","Olojakpoke, Emmanuel","","Offensive Rebound","","Dunn-Martin, Tavian; Ivey, Jimond; Olojakpoke, Emmanuel; Utomi, Daniel; Williams, Josh","2:08"
"01/14/2017","3:30 PM ET","2nd Half","11:11","52-52","Akron","Olojakpoke, Emmanuel","missed","Layup","28","Dunn-Martin, Tavian; Ivey, Jimond; Olojakpoke, Emmanuel; Utomi, Daniel; Williams, Josh","2:10"
"01/14/2017","3:30 PM ET","2nd Half","11:11","52-52","Miami (OH)","Wade, Dion","","Blocked Shot","","Bischoff, Jake; McLane, Logan; Wade, Dion; Weathers, Michael; Wright, Jake","2:14"
"01/14/2017","3:30 PM ET","2nd Half","11:09","52-52","Akron","Ivey, Jimond","","Offensive Rebound","","Dunn-Martin, Tavian; Ivey, Jimond; Olojakpoke, Emmanuel; Utomi, Daniel; Williams, Josh","2:12"
"01/14/2017","3:30 PM ET","2nd Half","11:09","52-52","Miami (OH)","Wade, Dion","","Commits Foul","28","Bischoff, Jake; McLane, Logan; Wade, Dion; Weathers, Michael; Wright, Jake","2:16"
"01/14/2017","3:30 PM ET","2nd Half","11:09","52-52","Akron","Team","","Media Timeout","","Dunn-Martin, Tavian; Ivey, Jimond; Olojakpoke, Emmanuel; Utomi, Daniel; Williams, Josh","2:12"
"01/14/2017","3:30 PM ET","2nd Half","11:09","53-52","Akron","Ivey, Jimond","made","Free Throw","","Dunn-Martin, Tavian; Ivey, Jimond; Olojakpoke, Emmanuel; Utomi, Daniel; Williams, Josh","2:12"
"01/14/2017","3:30 PM ET","2nd Half","11:09","54-52","Akron","Ivey, Jimond","made","Free Throw","","Dunn-Martin, Tavian; Ivey, Jimond; Olojakpoke, Emmanuel; Utomi, Daniel; Williams, Josh","2:12"
"01/14/2017","3:30 PM ET","2nd Half","11:09","54-52","Akron","Johnson, Isaiah","","Enters Game","","Dunn-Martin, Tavian; Ivey, Jimond; Johnson, Isaiah; Olojakpoke, Emmanuel; Utomi, Daniel; Williams, Josh","0:00"
"01/14/2017","3:30 PM ET","2nd Half","11:09","54-52","Akron","Jackson, Antino","","Enters Game","","Dunn-Martin, Tavian; Ivey, Jimond; Jackson, Antino; Johnson, Isaiah; Olojakpoke, Emmanuel; Utomi, Daniel; Williams, Josh","0:00"
"01/14/2017","3:30 PM ET","2nd Half","11:09","54-52","Akron","Ivey, Jimond","","Leaves Game","","Dunn-Martin, Tavian; Jackson, Antino; Johnson, Isaiah; Olojakpoke, Emmanuel; Utomi, Daniel; Williams, Josh","0:00"
"01/14/2017","3:30 PM ET","2nd Half","11:09","54-52","Akron","Olojakpoke, Emmanuel","","Leaves Game","","Dunn-Martin, Tavian; Jackson, Antino; Johnson, Isaiah; Utomi, Daniel; Williams, Josh","0:00"
"01/14/2017","3:30 PM ET","2nd Half","11:09","54-52","Miami (OH)","Mills, Rod","","Enters Game","","Bischoff, Jake; McLane, Logan; Mills, Rod; Wade, Dion; Weathers, Michael; Wright, Jake","0:00"
"01/14/2017","3:30 PM ET","2nd Half","11:09","54-52","Miami (OH)","Bischoff, Jake","","Leaves Game","","McLane, Logan; Mills, Rod; Wade, Dion; Weathers, Michael; Wright, Jake","0:00"
"01/14/2017","3:30 PM ET","2nd Half","10:53","54-52","Miami (OH)","Weathers, Michael","missed","Three Point Jumper","14","McLane, Logan; Mills, Rod; Wade, Dion; Weathers, Michael; Wright, Jake","0:16"
"01/14/2017","3:30 PM ET","2nd Half","10:53","54-52","Miami (OH)","Mills, Rod","","Offensive Rebound","","McLane, Logan; Mills, Rod; Wade, Dion; Weathers, Michael; Wright, Jake","0:16"
"01/14/2017","3:30 PM ET","2nd Half","10:48","54-52","Akron","Utomi, Daniel","","Commits Foul","25","Dunn-Martin, Tavian; Jackson, Antino; Johnson, Isaiah; Utomi, Daniel; Williams, Josh","0:21"
"01/14/2017","3:30 PM ET","2nd Half","10:48","54-53","Miami (OH)","Mills, Rod","made","Free Throw","","McLane, Logan; Mills, Rod; Wade, Dion; Weathers, Michael; Wright, Jake","0:21"
"01/14/2017","3:30 PM ET","2nd Half","10:48","54-54","Miami (OH)","Mills, Rod","made","Free Throw","","McLane, Logan; Mills, Rod; Wade, Dion; Weathers, Michael; Wright, Jake","0:21"
"01/14/2017","3:30 PM ET","2nd Half","10:32","54-54","Miami (OH)","McLane, Logan","","Commits Foul","14","McLane, Logan; Mills, Rod; Wade, Dion; Weathers, Michael; Wright, Jake","0:37"
"01/14/2017","3:30 PM ET","2nd Half","10:32","54-54","Akron","Johnson, Isaiah","missed","Free Throw","","Dunn-Martin, Tavian; Jackson, Antino; Johnson, Isaiah; Utomi, Daniel; Williams, Josh","0:37"
"01/14/2017","3:30 PM ET","2nd Half","10:32","54-54","Miami (OH)","McLane, Logan","","Defensive Rebound","","McLane, Logan; Mills, Rod; Wade, Dion; Weathers, Michael; Wright, Jake","0:37"
"01/14/2017","3:30 PM ET","2nd Half","10:16","54-57","Miami (OH)","Wright, Jake","made","Three Point Jumper","14","McLane, Logan; Mills, Rod; Wade, Dion; Weathers, Michael; Wright, Jake","0:53"
"01/14/2017","3:30 PM ET","2nd Half","10:16","54-57","Miami (OH)","McLane, Logan","","Assist","","McLane, Logan; Mills, Rod; Wade, Dion; Weathers, Michael; Wright, Jake","0:53"
"01/14/2017","3:30 PM ET","2nd Half","09:54","56-57","Akron","Dunn-Martin, Tavian","made","Layup","8","Dunn-Martin, Tavian; Jackson, Antino; Johnson, Isaiah; Utomi, Daniel; Williams, Josh","1:15"
"01/14/2017","3:30 PM ET","2nd Half","09:39","56-57","Miami (OH)","Weathers, Michael","missed","Layup","15","McLane, Logan; Mills, Rod; Wade, Dion; Weathers, Michael; Wright, Jake","1:30"
"01/14/2017","3:30 PM ET","2nd Half","09:39","56-57","Akron","Johnson, Isaiah","","Defensive Rebound","","Dunn-Martin, Tavian; Jackson, Antino; Johnson, Isaiah; Utomi, Daniel; Williams, Josh","1:30"
"01/14/2017","3:30 PM ET","2nd Half","09:28","56-57","Akron","Utomi, Daniel","missed","Three Point Jumper","19","Dunn-Martin, Tavian; Jackson, Antino; Johnson, Isaiah; Utomi, Daniel; Williams, Josh","1:41"
"01/14/2017","3:30 PM ET","2nd Half","09:28","56-57","Akron","Team","","Offensive Rebound","","Dunn-Martin, Tavian; Jackson, Antino; Johnson, Isaiah; Utomi, Daniel; Williams, Josh","1:41"
"01/14/2017","3:30 PM ET","2nd Half","09:27","56-57","Akron","Cheatham, Jr., Kwan","","Enters Game","","Cheatham, Jr., Kwan; Dunn-Martin, Tavian; Jackson, Antino; Johnson, Isaiah; Utomi, Daniel; Williams, Josh","0:00"
"01/14/2017","3:30 PM ET","2nd Half","09:27","56-57","Akron","Johnson, Isaiah","","Leaves Game","","Cheatham, Jr., Kwan; Dunn-Martin, Tavian; Jackson, Antino; Utomi, Daniel; Williams, Josh","0:00"
"01/14/2017","3:30 PM ET","2nd Half","09:27","56-57","Miami (OH)","Weathers, Marcus","","Enters Game","","McLane, Logan; Mills, Rod; Wade, Dion; Weathers, Marcus; Weathers, Michael; Wright, Jake","0:00"
"01/14/2017","3:30 PM ET","2nd Half","09:27","56-57","Miami (OH)","Wade, Dion","","Leaves Game","","McLane, Logan; Mills, Rod; Weathers, Marcus; Weathers, Michael; Wright, Jake","0:00"
"01/14/2017","3:30 PM ET","2nd Half","09:10","56-57","Akron","Utomi, Daniel","missed","Two Point Jumper","12","Cheatham, Jr., Kwan; Dunn-Martin, Tavian; Jackson, Antino; Utomi, Daniel; Williams, Josh","0:17"
"01/14/2017","3:30 PM ET","2nd Half","09:10","56-57","Miami (OH)","McLane, Logan","","Defensive Rebound","","McLane, Logan; Mills, Rod; Weathers, Marcus; Weathers, Michael; Wright, Jake","0:17"
"01/14/2017","3:30 PM ET","2nd Half","08:48","56-57","Akron","Robotham, Noah","","Enters Game","","Cheatham, Jr., Kwan; Dunn-Martin, Tavian; Jackson, Antino; Robotham, Noah; Utomi, Daniel; Williams, Josh","0:00"
"01/14/2017","3:30 PM ET","2nd Half","08:48","56-57","Akron","Dunn-Martin, Tavian","","Leaves Game","","Cheatham, Jr., Kwan; Jackson, Antino; Robotham, Noah; Utomi, Daniel; Williams, Josh","0:00"
"01/14/2017","3:30 PM ET","2nd Half","08:46","56-57","Miami (OH)","Mills, Rod","missed","Layup","6","McLane, Logan; Mills, Rod; Weathers, Marcus; Weathers, Michael; Wright, Jake","0:41"
"01/14/2017","3:30 PM ET","2nd Half","08:46","56-57","Miami (OH)","Weathers, Marcus","","Offensive Rebound","","McLane, Logan; Mills, Rod; Weathers, Marcus; Weathers, Michael; Wright, Jake","0:41"
"01/14/2017","3:30 PM ET","2nd Half","08:44","56-57","Miami (OH)","Weathers, Marcus","missed","Layup","28","McLane, Logan; Mills, Rod; Weathers, Marcus; Weathers, Michael; Wright, Jake","0:43"
"01/14/2017","3:30 PM ET","2nd Half","08:44","56-57","Miami (OH)","Weathers, Marcus","","Offensive Rebound","","McLane, Logan; Mills, Rod; Weathers, Marcus; Weathers, Michael; Wright, Jake","0:43"
"01/14/2017","3:30 PM ET","2nd Half","08:41","56-57","Akron","Williams, Josh","","Commits Foul","27","Cheatham, Jr., Kwan; Jackson, Antino; Robotham, Noah; Utomi, Daniel; Williams, Josh","0:07"
"01/14/2017","3:30 PM ET","2nd Half","08:41","56-58","Miami (OH)","Weathers, Marcus","made","Free Throw","","McLane, Logan; Mills, Rod; Weathers, Marcus; Weathers, Michael; Wright, Jake","0:46"
"01/14/2017","3:30 PM ET","2nd Half","08:41","56-58","Miami (OH)","Weathers, Marcus","missed","Free Throw","","McLane, Logan; Mills, Rod; Weathers, Marcus; Weathers, Michael; Wright, Jake","0:46"
"01/14/2017","3:30 PM ET","2nd Half","08:41","56-58","Akron","Ivey, Jimond","","Defensive Rebound","","Cheatham, Jr., Kwan; Ivey, Jimond; Jackson, Antino; Robotham, Noah; Utomi, Daniel; Williams, Josh","0:00"
"01/14/2017","3:30 PM ET","2nd Half","08:41","56-58","Akron","Ivey, Jimond","","Enters Game","","Cheatham, Jr., Kwan; Ivey, Jimond; Jackson, Antino; Robotham, Noah; Utomi, Daniel; Williams, Josh","0:00"
"01/14/2017","3:30 PM ET","2nd Half","08:41","56-58","Akron","Johnson, Isaiah","","Enters Game","","Cheatham, Jr., Kwan; Ivey, Jimond; Jackson, Antino; Johnson, Isaiah; Robotham, Noah; Utomi, Daniel; Williams, Josh","0:00"
"01/14/2017","3:30 PM ET","2nd Half","08:41","56-58","Akron","Utomi, Daniel","","Leaves Game","","Cheatham, Jr., Kwan; Ivey, Jimond; Jackson, Antino; Johnson, Isaiah; Robotham, Noah; Williams, Josh","0:00"
"01/14/2017","3:30 PM ET","2nd Half","08:41","56-58","Akron","Williams, Josh","","Leaves Game","","Cheatham, Jr., Kwan; Ivey, Jimond; Jackson, Antino; Johnson, Isaiah; Robotham, Noah","3:47"
"01/14/2017","3:30 PM ET","2nd Half","08:41","56-58","Miami (OH)","Harouna, Abdoulaye","","Enters Game","","Harouna, Abdoulaye; McLane, Logan; Mills, Rod; Weathers, Marcus; Weathers, Michael; Wright, Jake","0:00"
"01/14/2017","3:30 PM ET","2nd Half","08:41","56-58","Miami (OH)","Harper, Darius","","Enters Game","","Harouna, Abdoulaye; Harper, Darius; McLane, Logan; Mills, Rod; Weathers, Marcus; Weathers, Michael; Wright, Jake","0:00"
"01/14/2017","3:30 PM ET","2nd Half","08:41","56-58","Miami (OH)","McLane, Logan","","Leaves Game","","Harouna, Abdoulaye; Harper, Darius; Mills, Rod; Weathers, Marcus; Weathers, Michael; Wright, Jake","0:00"
"01/14/2017","3:30 PM ET","2nd Half","08:41","56-58","Miami (OH)","Wright, Jake","","Leaves Game","","Harouna, Abdoulaye; Harper, Darius; Mills, Rod; Weathers, Marcus; Weathers, Michael","0:00"
"01/14/2017","3:30 PM ET","2nd Half","08:33","56-58","Miami (OH)","Weathers, Michael","","Commits Foul","22","Harouna, Abdoulaye; Harper, Darius; Mills, Rod; Weathers, Marcus; Weathers, Michael","0:08"
"01/14/2017","3:30 PM ET","2nd Half","08:33","57-58","Akron","Ivey, Jimond","made","Free Throw","","Cheatham, Jr., Kwan; Ivey, Jimond; Jackson, Antino; Johnson, Isaiah; Robotham, Noah","3:55"
"01/14/2017","3:30 PM ET","2nd Half","08:33","58-58","Akron","Ivey, Jimond","made","Free Throw","","Cheatham, Jr., Kwan; Ivey, Jimond; Jackson, Antino; Johnson, Isaiah; Robotham, Noah","3:55"
"01/14/2017","3:30 PM ET","2nd Half","08:11","58-60","Miami (OH)","Weathers, Michael","made","Layup","8","Harouna, Abdoulaye; Harper, Darius; Mills, Rod; Weathers, Marcus; Weathers, Michael","0:30"
"01/14/2017","3:30 PM ET","2nd Half","07:49","58-60","Akron","Ivey, Jimond","missed","Layup","8","Cheatham, Jr., Kwan; Ivey, Jimond; Jackson, Antino; Johnson, Isaiah; Robotham, Noah","4:39"
"01/14/2017","3:30 PM ET","2nd Half","07:49","58-60","Miami (OH)","Harouna, Abdoulaye","","Blocked Shot","","Harouna, Abdoulaye; Harper, Darius; Mills, Rod; Weathers, Marcus; Weathers, Michael","0:52"
"01/14/2017","3:30 PM ET","2nd Half","07:46","58-60","Miami (OH)","Weathers, Marcus","","Defensive Rebound","","Harouna, Abdoulaye; Harper, Darius; Mills, Rod; Weathers, Marcus; Weathers, Michael","0:55"
"01/14/2017","3:30 PM ET","2nd Half","07:26","58-60","Akron","Jackson, Antino","","Commits Foul","7","Cheatham, Jr., Kwan; Ivey, Jimond; Jackson, Antino; Johnson, Isaiah; Robotham, Noah","5:02"
"01/14/2017","3:30 PM ET","2nd Half","07:26","58-60","Miami (OH)","Team","","Media Timeout","","Harouna, Abdoulaye; Harper, Darius; Mills, Rod; Weathers, Marcus; Weathers, Michael","1:15"
"01/14/2017","3:30 PM ET","2nd Half","07:26","58-60","Miami (OH)","McLane, Logan","","Enters Game","","Harouna, Abdoulaye; Harper, Darius; McLane, Logan; Mills, Rod; Weathers, Marcus; Weathers, Michael","0:00"
"01/14/2017","3:30 PM ET","2nd Half","07:26","58-60","Miami (OH)","Harper, Darius","","Leaves Game","","Harouna, Abdoulaye; McLane, Logan; Mills, Rod; Weathers, Marcus; Weathers, Michael","2:40"
"01/14/2017","3:30 PM ET","2nd Half","07:12","58-60","Akron","Ivey, Jimond","","Commits Foul","16","Cheatham, Jr., Kwan; Ivey, Jimond; Jackson, Antino; Johnson, Isaiah; Robotham, Noah","5:16"
"01/14/2017","3:30 PM ET","2nd Half","07:12","58-61","Miami (OH)","Weathers, Marcus","made","Free Throw","","Harouna, Abdoulaye; McLane, Logan; Mills, Rod; Weathers, Marcus; Weathers, Michael","2:54"
"01/14/2017","3:30 PM ET","2nd Half","07:12","58-61","Miami (OH)","Weathers, Marcus","missed","Free Throw","","Harouna, Abdoulaye; McLane, Logan; Mills, Rod; Weathers, Marcus; Weathers, Michael","2:54"
"01/14/2017","3:30 PM ET","2nd Half","07:12","58-61","Akron","Ivey, Jimond","","Defensive Rebound","","Cheatham, Jr., Kwan; Ivey, Jimond; Jackson, Antino; Johnson, Isaiah; Robotham, Noah","5:16"
"01/14/2017","3:30 PM ET","2nd Half","07:00","58-61","Akron","Cheatham, Jr., Kwan","","Turnover","","Cheatham, Jr., Kwan; Ivey, Jimond; Jackson, Antino; Johnson, Isaiah; Robotham, Noah","5:28"
"01/14/2017","3:30 PM ET","2nd Half","06:32","58-61","Miami (OH)","Harouna, Abdoulaye","missed","Two Point Jumper","2","Harouna, Abdoulaye; McLane, Logan; Mills, Rod; Weathers, Marcus; Weathers, Michael","3:34"
"01/14/2017","3:30 PM ET","2nd Half","06:32","58-61","Miami (OH)","McLane, Logan","","Offensive Rebound","","Harouna, Abdoulaye; McLane, Logan; Mills, Rod; Weathers, Marcus; Weathers, Michael","3:34"
"01/14/2017","3:30 PM ET","2nd Half","06:27","58-61","Miami (OH)","McLane, Logan","missed","Layup","25","Harouna, Abdoulaye; McLane, Logan; Mills, Rod; Weathers, Marcus; Weathers, Michael","3:39"
"01/14/2017","3:30 PM ET","2nd Half","06:27","58-61","Miami (OH)","McLane, Logan","","Offensive Rebound","","Harouna, Abdoulaye; McLane, Logan; Mills, Rod; Weathers, Marcus; Weathers, Michael","3:39"
"01/14/2017","3:30 PM ET","2nd Half","06:24","58-63","Miami (OH)","McLane, Logan","made","Tip In","27","Harouna, Abdoulaye; McLane, Logan; Mills, Rod; Weathers, Marcus; Weathers, Michael","3:42"
"01/14/2017","3:30 PM ET","2nd Half","06:03","58-63","Miami (OH)","Weathers, Michael","","Commits Foul","9","Harouna, Abdoulaye; McLane, Logan; Mills, Rod; Weathers, Marcus; Weathers, Michael","4:03"
"01/14/2017","3:30 PM ET","2nd Half","06:03","59-63","Akron","Cheatham, Jr., Kwan","made","Free Throw","","Cheatham, Jr., Kwan; Ivey, Jimond; Jackson, Antino; Johnson, Isaiah; Robotham, Noah","6:25"
"01/14/2017","3:30 PM ET","2nd Half","06:03","60-63","Akron","Cheatham, Jr., Kwan","made","Free Throw","","Cheatham, Jr., Kwan; Ivey, Jimond; Jackson, Antino; Johnson, Isaiah; Robotham, Noah","6:25"
"01/14/2017","3:30 PM ET","2nd Half","06:03","60-63","Akron","Dunn-Martin, Tavian","","Enters Game","","Cheatham, Jr., Kwan; Dunn-Martin, Tavian; Ivey, Jimond; Jackson, Antino; Johnson, Isaiah; Robotham, Noah","0:00"
"01/14/2017","3:30 PM ET","2nd Half","06:03","60-63","Akron","Williams, Josh","","Enters Game","","Cheatham, Jr., Kwan; Dunn-Martin, Tavian; Ivey, Jimond; Jackson, Antino; Johnson, Isaiah; Robotham, Noah; Williams, Josh","0:00"
"01/14/2017","3:30 PM ET","2nd Half","06:03","60-63","Akron","Ivey, Jimond","","Leaves Game","","Cheatham, Jr., Kwan; Dunn-Martin, Tavian; Jackson, Antino; Johnson, Isaiah; Robotham, Noah; Williams, Josh","0:00"
"01/14/2017","3:30 PM ET","2nd Half","06:03","60-63","Akron","Robotham, Noah","","Leaves Game","","Cheatham, Jr., Kwan; Dunn-Martin, Tavian; Jackson, Antino; Johnson, Isaiah; Williams, Josh","0:00"
"01/14/2017","3:30 PM ET","2nd Half","05:42","60-63","Miami (OH)","McLane, Logan","","Turnover","","Harouna, Abdoulaye; McLane, Logan; Mills, Rod; Weathers, Marcus; Weathers, Michael","4:24"
"01/14/2017","3:30 PM ET","2nd Half","05:41","60-63","Akron","Williams, Josh","","Steal","","Cheatham, Jr., Kwan; Dunn-Martin, Tavian; Jackson, Antino; Johnson, Isaiah; Williams, Josh","0:22"
"01/14/2017","3:30 PM ET","2nd Half","05:33","60-63","Akron","Jackson, Antino","missed","Layup","21","Cheatham, Jr., Kwan; Dunn-Martin, Tavian; Jackson, Antino; Johnson, Isaiah; Williams, Josh","0:30"
"01/14/2017","3:30 PM ET","2nd Half","05:33","60-63","Akron","Jackson, Antino","","Offensive Rebound","","Cheatham, Jr., Kwan; Dunn-Martin, Tavian; Jackson, Antino; Johnson, Isaiah; Williams, Josh","0:30"
"01/14/2017","3:30 PM ET","2nd Half","05:27","60-63","Miami (OH)","Weathers, Michael","","Commits Foul","24","Harouna, Abdoulaye; McLane, Logan; Mills, Rod; Weathers, Marcus; Weathers, Michael","4:39"
"01/14/2017","3:30 PM ET","2nd Half","05:27","60-63","Akron","Johnson, Isaiah","missed","Free Throw","","Cheatham, Jr., Kwan; Dunn-Martin, Tavian; Jackson, Antino; Johnson, Isaiah; Williams, Josh","0:36"
"01/14/2017","3:30 PM ET","2nd Half","05:27","60-63","Akron","Team","","Deadball Rebound","","Cheatham, Jr., Kwan; Dunn-Martin, Tavian; Jackson, Antino; Johnson, Isaiah; Williams, Josh","0:36"
"01/14/2017","3:30 PM ET","2nd Half","05:27","61-63","Akron","Johnson, Isaiah","made","Free Throw","","Cheatham, Jr., Kwan; Dunn-Martin, Tavian; Jackson, Antino; Johnson, Isaiah; Williams, Josh","0:36"
"01/14/2017","3:30 PM ET","2nd Half","05:27","61-63","Akron","Jackson, Aaron","","Enters Game","","Cheatham, Jr., Kwan; Dunn-Martin, Tavian; Jackson, Aaron; Jackson, Antino; Johnson, Isaiah; Williams, Josh","0:00"
"01/14/2017","3:30 PM ET","2nd Half","05:27","61-63","Akron","Johnson, Isaiah","","Leaves Game","","Cheatham, Jr., Kwan; Dunn-Martin, Tavian; Jackson, Aaron; Jackson, Antino; Williams, Josh","0:00"
"01/14/2017","3:30 PM ET","2nd Half","05:18","61-63","Akron","Williams, Josh","","Commits Foul","21","Cheatham, Jr., Kwan; Dunn-Martin, Tavian; Jackson, Aaron; Jackson, Antino; Williams, Josh","0:09"
"01/14/2017","3:30 PM ET","2nd Half","05:18","61-63","Miami (OH)","Weathers, Marcus","missed","Free Throw","","Harouna, Abdoulaye; McLane, Logan; Mills, Rod; Weathers, Marcus; Weathers, Michael","4:48"
"01/14/2017","3:30 PM ET","2nd Half","05:18","61-63","Akron","Cheatham, Jr., Kwan","","Defensive Rebound","","Cheatham, Jr., Kwan; Dunn-Martin, Tavian; Jackson, Aaron; Jackson, Antino; Williams, Josh","0:09"
"01/14/2017","3:30 PM ET","2nd Half","04:54","64-63","Akron","Cheatham, Jr., Kwan","made","Three Point Jumper","6","Cheatham, Jr., Kwan; Dunn-Martin, Tavian; Jackson, Aaron; Jackson, Antino; Williams, Josh","0:33"
"01/14/2017","3:30 PM ET","2nd Half","04:23","64-63","Miami (OH)","Weathers, Michael","missed","Two Point Jumper","0","Harouna, Abdoulaye; McLane, Logan; Mills, Rod; Weathers, Marcus; Weathers, Michael","5:43"
"01/14/2017","3:30 PM ET","2nd Half","04:23","64-63","Akron","Cheatham, Jr., Kwan","","Defensive Rebound","","Cheatham, Jr., Kwan; Dunn-Martin, Tavian; Jackson, Aaron; Jackson, Antino; Williams, Josh","1:04"
"01/14/2017","3:30 PM ET","2nd Half","04:14","66-63","Akron","Dunn-Martin, Tavian","made","Layup","21","Cheatham, Jr., Kwan; Dunn-Martin, Tavian; Jackson, Aaron; Jackson, Antino; Williams, Josh","1:13"
"01/14/2017","3:30 PM ET","2nd Half","03:44","66-63","Akron","Jackson, Antino","","Commits Foul","0","Cheatham, Jr., Kwan; Dunn-Martin, Tavian; Jackson, Aaron; Jackson, Antino; Williams, Josh","1:43"
"01/14/2017","3:30 PM ET","2nd Half","03:44","66-63","Miami (OH)","Team","","Media Timeout","","Harouna, Abdoulaye; McLane, Logan; Mills, Rod; Weathers, Marcus; Weathers, Michael","6:22"
"01/14/2017","3:30 PM ET","2nd Half","03:44","66-64","Miami (OH)","Weathers, Michael","made","Free Throw","","Harouna, Abdoulaye; McLane, Logan; Mills, Rod; Weathers, Marcus; Weathers, Michael","6:22"
"01/14/2017","3:30 PM ET","2nd Half","03:44","66-64","Miami (OH)","Weathers, Michael","missed","Free Throw","","Harouna, Abdoulaye; McLane, Logan; Mills, Rod; Weathers, Marcus; Weathers, Michael","6:22"
"01/14/2017","3:30 PM ET","2nd Half","03:44","66-64","Akron","Cheatham, Jr., Kwan","","Defensive Rebound","","Cheatham, Jr., Kwan; Dunn-Martin, Tavian; Jackson, Aaron; Jackson, Antino; Williams, Josh","1:43"
"01/14/2017","3:30 PM ET","2nd Half","03:44","66-64","Akron","Johnson, Isaiah","","Enters Game","","Cheatham, Jr., Kwan; Dunn-Martin, Tavian; Jackson, Aaron; Jackson, Antino; Johnson, Isaiah; Williams, Josh","0:00"
"01/14/2017","3:30 PM ET","2nd Half","03:44","66-64","Akron","Jackson, Aaron","","Leaves Game","","Cheatham, Jr., Kwan; Dunn-Martin, Tavian; Jackson, Antino; Johnson, Isaiah; Williams, Josh","0:36"
"01/14/2017","3:30 PM ET","2nd Half","03:29","66-64","Akron","Cheatham, Jr., Kwan","missed","Three Point Jumper","15","Cheatham, Jr., Kwan; Dunn-Martin, Tavian; Jackson, Antino; Johnson, Isaiah; Williams, Josh","0:51"
"01/14/2017","3:30 PM ET","2nd Half","03:29","66-64","Miami (OH)","Weathers, Michael","","Defensive Rebound","","Harouna, Abdoulaye; McLane, Logan; Mills, Rod; Weathers, Marcus; Weathers, Michael","6:37"
"01/14/2017","3:30 PM ET","2nd Half","03:19","66-66","Miami (OH)","McLane, Logan","made","Layup","20","Harouna, Abdoulaye; McLane, Logan; Mills, Rod; Weathers, Marcus; Weathers, Michael","6:47"
"01/14/2017","3:30 PM ET","2nd Half","02:57","66-66","Akron","Williams, Josh","missed","Three Point Jumper","8","Cheatham, Jr., Kwan; Dunn-Martin, Tavian; Jackson, Antino; Johnson, Isaiah; Williams, Josh","1:23"
"01/14/2017","3:30 PM ET","2nd Half","02:57","66-66","Miami (OH)","McLane, Logan","","Defensive Rebound","","Harouna, Abdoulaye; McLane, Logan; Mills, Rod; Weathers, Marcus; Weathers, Michael","7:09"
"01/14/2017","3:30 PM ET","2nd Half","02:42","66-66","Miami (OH)","Mills, Rod","missed","Three Point Jumper","15","Harouna, Abdoulaye; McLane, Logan; Mills, Rod; Weathers, Marcus; Weathers, Michael","7:24"
"01/14/2017","3:30 PM ET","2nd Half","02:42","66-66","Akron","Dunn-Martin, Tavian","","Defensive Rebound","","Cheatham, Jr., Kwan; Dunn-Martin, Tavian; Jackson, Antino; Johnson, Isaiah; Williams, Josh","1:38"
"01/14/2017","3:30 PM ET","2nd Half","02:28","66-66","Akron","Jackson, Antino","missed","Three Point Jumper","16","Cheatham, Jr., Kwan; Dunn-Martin, Tavian; Jackson, Antino; Johnson, Isaiah; Williams, Josh","1:52"
"01/14/2017","3:30 PM ET","2nd Half","02:28","66-66","Akron","Johnson, Isaiah","","Offensive Rebound","","Cheatham, Jr., Kwan; Dunn-Martin, Tavian; Jackson, Antino; Johnson, Isaiah; Williams, Josh","1:52"
"01/14/2017","3:30 PM ET","2nd Half","02:25","68-66","Akron","Johnson, Isaiah","made","Layup","27","Cheatham, Jr., Kwan; Dunn-Martin, Tavian; Jackson, Antino; Johnson, Isaiah; Williams, Josh","1:55"
"01/14/2017","3:30 PM ET","2nd Half","02:05","68-66","Miami (OH)","Weathers, Michael","missed","Layup","10","Harouna, Abdoulaye; McLane, Logan; Mills, Rod; Weathers, Marcus; Weathers, Michael","8:01"
"01/14/2017","3:30 PM ET","2nd Half","02:05","68-66","Akron","Cheatham, Jr., Kwan","","Defensive Rebound","","Cheatham, Jr., Kwan; Dunn-Martin, Tavian; Jackson, Antino; Johnson, Isaiah; Williams, Josh","2:15"
"01/14/2017","3:30 PM ET","2nd Half","01:48","68-66","Miami (OH)","Mills, Rod","","Commits Foul","13","Harouna, Abdoulaye; McLane, Logan; Mills, Rod; Weathers, Marcus; Weathers, Michael","8:18"
"01/14/2017","3:30 PM ET","2nd Half","01:48","69-66","Akron","Johnson, Isaiah","made","Free Throw","","Cheatham, Jr., Kwan; Dunn-Martin, Tavian; Jackson, Antino; Johnson, Isaiah; Williams, Josh","2:32"
"01/14/2017","3:30 PM ET","2nd Half","01:48","70-66","Akron","Johnson, Isaiah","made","Free Throw","","Cheatham, Jr., Kwan; Dunn-Martin, Tavian; Jackson, Antino; Johnson, Isaiah; Williams, Josh","2:32"
"01/14/2017","3:30 PM ET","2nd Half","01:48","70-66","Akron","Robotham, Noah","","Enters Game","","Cheatham, Jr., Kwan; Dunn-Martin, Tavian; Jackson, Antino; Johnson, Isaiah; Robotham, Noah; Williams, Josh","0:00"
"01/14/2017","3:30 PM ET","2nd Half","01:48","70-66","Akron","Ivey, Jimond","","Enters Game","","Cheatham, Jr., Kwan; Dunn-Martin, Tavian; Ivey, Jimond; Jackson, Antino; Johnson, Isaiah; Robotham, Noah; Williams, Josh","0:00"
"01/14/2017","3:30 PM ET","2nd Half","01:48","70-66","Akron","Dunn-Martin, Tavian","","Leaves Game","","Cheatham, Jr., Kwan; Ivey, Jimond; Jackson, Antino; Johnson, Isaiah; Robotham, Noah; Williams, Josh","0:00"
"01/14/2017","3:30 PM ET","2nd Half","01:48","70-66","Akron","Williams, Josh","","Leaves Game","","Cheatham, Jr., Kwan; Ivey, Jimond; Jackson, Antino; Johnson, Isaiah; Robotham, Noah","6:25"
"01/14/2017","3:30 PM ET","2nd Half","01:42","70-66","Miami (OH)","Team","","Second Timeout","","Harouna, Abdoulaye; McLane, Logan; Mills, Rod; Weathers, Marcus; Weathers, Michael","8:24"
"01/14/2017","3:30 PM ET","2nd Half","01:27","70-66","Miami (OH)","Weathers, Michael","missed","Three Point Jumper","9","Harouna, Abdoulaye; McLane, Logan; Mills, Rod; Weathers, Marcus; Weathers, Michael","8:39"
"01/14/2017","3:30 PM ET","2nd Half","01:27","70-66","Akron","Robotham, Noah","","Defensive Rebound","","Cheatham, Jr., Kwan; Ivey, Jimond; Jackson, Antino; Johnson, Isaiah; Robotham, Noah","6:46"
"01/14/2017","3:30 PM ET","2nd Half","01:23","70-66","Miami (OH)","Weathers, Marcus","","Commits Foul","26","Harouna, Abdoulaye; McLane, Logan; Mills, Rod; Weathers, Marcus; Weathers, Michael","8:43"
"01/14/2017","3:30 PM ET","2nd Half","01:23","71-66","Akron","Robotham, Noah","made","Free Throw","","Cheatham, Jr., Kwan; Ivey, Jimond; Jackson, Antino; Johnson, Isaiah; Robotham, Noah","6:50"
"01/14/2017","3:30 PM ET","2nd Half","01:23","71-66","Akron","Robotham, Noah","missed","Free Throw","","Cheatham, Jr., Kwan; Ivey, Jimond; Jackson, Antino; Johnson, Isaiah; Robotham, Noah","6:50"
"01/14/2017","3:30 PM ET","2nd Half","01:23","71-66","Miami (OH)","McLane, Logan","","Defensive Rebound","","Harouna, Abdoulaye; McLane, Logan; Mills, Rod; Weathers, Marcus; Weathers, Michael","8:43"
"01/14/2017","3:30 PM ET","2nd Half","01:12","71-66","Miami (OH)","McLane, Logan","missed","Layup","19","Harouna, Abdoulaye; McLane, Logan; Mills, Rod; Weathers, Marcus; Weathers, Michael","8:54"
"01/14/2017","3:30 PM ET","2nd Half","01:12","71-66","Miami (OH)","Weathers, Marcus","","Offensive Rebound","","Harouna, Abdoulaye; McLane, Logan; Mills, Rod; Weathers, Marcus; Weathers, Michael","8:54"
"01/14/2017","3:30 PM ET","2nd Half","01:11","71-66","Akron","Johnson, Isaiah","","Commits Foul","29","Cheatham, Jr., Kwan; Ivey, Jimond; Jackson, Antino; Johnson, Isaiah; Robotham, Noah","7:02"
"01/14/2017","3:30 PM ET","2nd Half","01:11","71-66","Miami (OH)","Weathers, Marcus","missed","Free Throw","","Harouna, Abdoulaye; McLane, Logan; Mills, Rod; Weathers, Marcus; Weathers, Michael","8:55"
"01/14/2017","3:30 PM ET","2nd Half","01:11","71-66","Miami (OH)","Team","","Deadball Rebound","","Harouna, Abdoulaye; McLane, Logan; Mills, Rod; Weathers, Marcus; Weathers, Michael","8:55"
"01/14/2017","3:30 PM ET","2nd Half","01:11","71-67","Miami (OH)","Weathers, Marcus","made","Free Throw","","Harouna, Abdoulaye; McLane, Logan; Mills, Rod; Weathers, Marcus; Weathers, Michael","8:55"
"01/14/2017","3:30 PM ET","2nd Half","01:06","71-67","Akron","Jackson, Antino","","Turnover","","Cheatham, Jr., Kwan; Ivey, Jimond; Jackson, Antino; Johnson, Isaiah; Robotham, Noah","7:07"
"01/14/2017","3:30 PM ET","2nd Half","01:05","71-67","Miami (OH)","Harouna, Abdoulaye","","Steal","","Harouna, Abdoulaye; McLane, Logan; Mills, Rod; Weathers, Marcus; Weathers, Michael","9:01"
"01/14/2017","3:30 PM ET","2nd Half","01:03","71-67","Akron","Robotham, Noah","","Commits Foul","27","Cheatham, Jr., Kwan; Ivey, Jimond; Jackson, Antino; Johnson, Isaiah; Robotham, Noah","7:10"
"01/14/2017","3:30 PM ET","2nd Half","01:03","71-68","Miami (OH)","Weathers, Michael","made","Free Throw","","Harouna, Abdoulaye; McLane, Logan; Mills, Rod; Weathers, Marcus; Weathers, Michael","9:03"
"01/14/2017","3:30 PM ET","2nd Half","01:03","71-68","Miami (OH)","Weathers, Michael","missed","Free Throw","","Harouna, Abdoulaye; McLane, Logan; Mills, Rod; Weathers, Marcus; Weathers, Michael","9:03"
"01/14/2017","3:30 PM ET","2nd Half","01:03","71-68","Miami (OH)","Weathers, Michael","","Offensive Rebound","","Harouna, Abdoulaye; McLane, Logan; Mills, Rod; Weathers, Marcus; Weathers, Michael","9:03"
"01/14/2017","3:30 PM ET","2nd Half","00:59","71-68","Miami (OH)","Weathers, Michael","","Turnover","","Harouna, Abdoulaye; McLane, Logan; Mills, Rod; Weathers, Marcus; Weathers, Michael","9:07"
"01/14/2017","3:30 PM ET","2nd Half","00:59","71-68","Akron","Johnson, Isaiah","","Steal","","Cheatham, Jr., Kwan; Ivey, Jimond; Jackson, Antino; Johnson, Isaiah; Robotham, Noah","7:14"
"01/14/2017","3:30 PM ET","2nd Half","00:30","71-68","Miami (OH)","Weathers, Marcus","","Commits Foul","1","Harouna, Abdoulaye; McLane, Logan; Mills, Rod; Weathers, Marcus; Weathers, Michael","9:36"
"01/14/2017","3:30 PM ET","2nd Half","00:30","72-68","Akron","Robotham, Noah","made","Free Throw","","Cheatham, Jr., Kwan; Ivey, Jimond; Jackson, Antino; Johnson, Isaiah; Robotham, Noah","7:43"
"01/14/2017","3:30 PM ET","2nd Half","00:30","73-68","Akron","Robotham, Noah","made","Free Throw","","Cheatham, Jr., Kwan; Ivey, Jimond; Jackson, Antino; Johnson, Isaiah; Robotham, Noah","7:43"
"01/14/2017","3:30 PM ET","2nd Half","00:30","73-68","Miami (OH)","Wright, Jake","","Enters Game","","Harouna, Abdoulaye; McLane, Logan; Mills, Rod; Weathers, Marcus; Weathers, Michael; Wright, Jake","0:00"
"01/14/2017","3:30 PM ET","2nd Half","00:30","73-68","Miami (OH)","Weathers, Marcus","","Leaves Game","","Harouna, Abdoulaye; McLane, Logan; Mills, Rod; Weathers, Michael; Wright, Jake","0:00"
"01/14/2017","3:30 PM ET","2nd Half","00:21","73-68","Akron","Johnson, Isaiah","","Commits Foul","21","Cheatham, Jr., Kwan; Ivey, Jimond; Jackson, Antino; Johnson, Isaiah; Robotham, Noah","7:52"
"01/14/2017","3:30 PM ET","2nd Half","00:21","73-69","Miami (OH)","Weathers, Michael","made","Free Throw","","Harouna, Abdoulaye; McLane, Logan; Mills, Rod; Weathers, Michael; Wright, Jake","0:09"
"01/14/2017","3:30 PM ET","2nd Half","00:21","73-70","Miami (OH)","Weathers, Michael","made","Free Throw","","Harouna, Abdoulaye; McLane, Logan; Mills, Rod; Weathers, Michael; Wright, Jake","0:09"
"01/14/2017","3:30 PM ET","2nd Half","00:21","73-70","Miami (OH)","Wade, Dion","","Enters Game","","Harouna, Abdoulaye; McLane, Logan; Mills, Rod; Wade, Dion; Weathers, Michael; Wright, Jake","0:00"
"01/14/2017","3:30 PM ET","2nd Half","00:21","73-70","Miami (OH)","Wright, Jake","","Leaves Game","","Harouna, Abdoulaye; McLane, Logan; Mills, Rod; Wade, Dion; Weathers, Michael","0:00"
"01/14/2017","3:30 PM ET","2nd Half","00:14","73-70","Akron","Cheatham, Jr., Kwan","","Turnover","","Cheatham, Jr., Kwan; Ivey, Jimond; Jackson, Antino; Johnson, Isaiah; Robotham, Noah","7:59"
"01/14/2017","3:30 PM ET","2nd Half","00:13","73-70","Miami (OH)","McLane, Logan","","Steal","","Harouna, Abdoulaye; McLane, Logan; Mills, Rod; Wade, Dion; Weathers, Michael","0:08"
"01/14/2017","3:30 PM ET","2nd Half","00:10","73-70","Miami (OH)","McLane, Logan","missed","Layup","26","Harouna, Abdoulaye; McLane, Logan; Mills, Rod; Wade, Dion; Weathers, Michael","0:11"
"01/14/2017","3:30 PM ET","2nd Half","00:10","73-70","Akron","Cheatham, Jr., Kwan","","Blocked Shot","","Cheatham, Jr., Kwan; Ivey, Jimond; Jackson, Antino; Johnson, Isaiah; Robotham, Noah","8:03"
"01/14/2017","3:30 PM ET","2nd Half","00:08","73-70","Akron","Cheatham, Jr., Kwan","","Defensive Rebound","","Cheatham, Jr., Kwan; Ivey, Jimond; Jackson, Antino; Johnson, Isaiah; Robotham, Noah","8:05"
"01/14/2017","3:30 PM ET","2nd Half","00:07","73-70","Miami (OH)","Weathers, Michael","","Commits Foul","27","Harouna, Abdoulaye; McLane, Logan; Mills, Rod; Wade, Dion; Weathers, Michael","0:14"
"01/14/2017","3:30 PM ET","2nd Half","00:07","74-70","Akron","Jackson, Antino","made","Free Throw","","Cheatham, Jr., Kwan; Ivey, Jimond; Jackson, Antino; Johnson, Isaiah; Robotham, Noah","8:06"
"01/14/2017","3:30 PM ET","2nd Half","00:07","74-70","Akron","Jackson, Antino","missed","Free Throw","","Cheatham, Jr., Kwan; Ivey, Jimond; Jackson, Antino; Johnson, Isaiah; Robotham, Noah","8:06"
"01/14/2017","3:30 PM ET","2nd Half","00:07","74-70","Miami (OH)","McLane, Logan","","Defensive Rebound","","Harouna, Abdoulaye; McLane, Logan; Mills, Rod; Wade, Dion; Weathers, Michael","0:14"
"01/14/2017","3:30 PM ET","2nd Half","00:07","74-70","Miami (OH)","Wright, Jake","","Enters Game","","Harouna, Abdoulaye; McLane, Logan; Mills, Rod; Wade, Dion; Weathers, Michael; Wright, Jake","0:00"
"01/14/2017","3:30 PM ET","2nd Half","00:07","74-70","Miami (OH)","Wade, Dion","","Leaves Game","","Harouna, Abdoulaye; McLane, Logan; Mills, Rod; Weathers, Michael; Wright, Jake","0:09"
"01/14/2017","3:30 PM ET","2nd Half","00:01","74-70","Miami (OH)","Weathers, Michael","","Turnover","","Harouna, Abdoulaye; McLane, Logan; Mills, Rod; Weathers, Michael; Wright, Jake","0:15"
"01/14/2017","3:30 PM ET","2nd Half","00:00","74-70","Akron","Jackson, Antino","","Steal","","Cheatham, Jr., Kwan; Ivey, Jimond; Jackson, Antino; Johnson, Isaiah; Robotham, Noah","8:13"
