"Time","Kent St.","Score","Akron"
"19:45","","0-2","JACKSON,ANTINO made Two Point Jumper"
"19:39","","0-2","JOHNSON,ISAIAH Assist"
"19:23","WALKER,JAYLIN made Three Point Jumper","3-2",""
"19:23","PETERSON,MITCH Assist","3-2",""
"18:48","","3-2","CHEATHAM,JR, KWAN missed Three Point Jumper"
"18:48","EDWIN,DEON Defensive Rebound","3-2",""
"18:22","AVERY,JALEN missed Layup","3-2",""
"18:22","HALL,JIMMY Offensive Rebound","3-2",""
"18:18","HALL,JIMMY missed Layup","3-2",""
"18:18","","3-2","CHEATHAM,JR, KWAN Defensive Rebound"
"18:12","WALKER,JAYLIN Commits Foul","3-2",""
"18:04","","3-4","JOHNSON,ISAIAH made Layup"
"17:38","HALL,JIMMY missed Layup","3-4",""
"17:38","","3-4","IVEY,JIMOND Defensive Rebound"
"17:21","","3-4","CHEATHAM,JR, KWAN missed Layup"
"17:21","PETERSON,MITCH Defensive Rebound","3-4",""
"17:13","EDWIN,DEON made Three Point Jumper","6-4",""
"16:50","","6-4","JOHNSON,ISAIAH Turnover"
"16:30","HALL,JIMMY missed Layup","6-4",""
"16:30","","6-4","IVEY,JIMOND Defensive Rebound"
"16:13","","6-4","CHEATHAM,JR, KWAN missed Three Point Jumper"
"16:13","EDWIN,DEON Defensive Rebound","6-4",""
"16:02","WALKER,JAYLIN missed Three Point Jumper","6-4",""
"16:02","","6-4","JACKSON,ANTINO Defensive Rebound"
"15:51","","6-6","IVEY,JIMOND made Dunk"
"15:31","HALL,JIMMY missed Two Point Jumper","6-6",""
"15:31","","6-6","IVEY,JIMOND Defensive Rebound"
"15:24","","6-6","JACKSON,ANTINO Turnover"
"15:22","AVERY,JALEN Steal","6-6",""
"15:18","PETERSON,MITCH missed Three Point Jumper","6-6",""
"15:18","WALKER,JAYLIN Offensive Rebound","6-6",""
"15:14","WALKER,JAYLIN missed Layup","6-6",""
"15:14","","6-6","CHEATHAM,JR, KWAN Defensive Rebound"
"15:04","","6-6","ROBOTHAM,NOAH missed Three Point Jumper"
"15:04","AVERY,JALEN Defensive Rebound","6-6",""
"14:55","HALL,JIMMY made Layup","8-6",""
"14:24","","8-6","JACKSON,ANTINO missed Three Point Jumper"
"14:24","AVERY,JALEN Defensive Rebound","8-6",""
"14:18","","8-6","TEAM Media Timeout"
"14:18","DE LA ROSA,ADONIS Enters Game","8-6",""
"14:18","ZABO,KEVIN Enters Game","8-6",""
"14:18","AVERY,JALEN Leaves Game","8-6",""
"14:18","PETERSON,MITCH Leaves Game","8-6",""
"14:18","","8-6","OLOJAKPOKE,EMMANUEL Enters Game"
"14:18","","8-6","WILLIAMS,JOSH Enters Game"
"14:18","","8-6","JOHNSON,ISAIAH Leaves Game"
"14:18","","8-6","JACKSON,ANTINO Leaves Game"
"14:12","WALKER,JAYLIN missed Three Point Jumper","8-6",""
"14:12","","8-6","IVEY,JIMOND Defensive Rebound"
"13:44","","8-6","WILLIAMS,JOSH Turnover"
"13:27","","8-6","OLOJAKPOKE,EMMANUEL Commits Foul"
"13:27","DE LA ROSA,ADONIS missed Free Throw","8-6",""
"13:27","TEAM Deadball Rebound","8-6",""
"13:27","DE LA ROSA,ADONIS made Free Throw","9-6",""
"13:27","PIPPEN,DANNY Enters Game","9-6",""
"13:27","PETERSON,MITCH Enters Game","9-6",""
"13:27","WALKER,JAYLIN Leaves Game","9-6",""
"13:27","HALL,JIMMY Leaves Game","9-6",""
"13:07","","9-6","CHEATHAM,JR, KWAN missed Two Point Jumper"
"13:07","","9-6","OLOJAKPOKE,EMMANUEL Offensive Rebound"
"13:06","PIPPEN,DANNY Commits Foul","9-6",""
"13:06","","9-6","OLOJAKPOKE,EMMANUEL missed Free Throw"
"13:06","","9-6","TEAM Deadball Rebound"
"13:06","","9-7","OLOJAKPOKE,EMMANUEL made Free Throw"
"13:06","","9-7","JOHNSON,ISAIAH Enters Game"
"13:06","","9-7","DUNN-MARTIN,TAVIAN Enters Game"
"13:06","","9-7","UTOMI,DANIEL Enters Game"
"13:06","","9-7","CHEATHAM,JR, KWAN Leaves Game"
"13:06","","9-7","ROBOTHAM,NOAH Leaves Game"
"13:06","","9-7","OLOJAKPOKE,EMMANUEL Leaves Game"
"12:49","ZABO,KEVIN missed Layup","9-7",""
"12:49","","9-7","IVEY,JIMOND Defensive Rebound"
"12:42","","9-7","DUNN-MARTIN,TAVIAN missed Three Point Jumper"
"12:42","PETERSON,MITCH Defensive Rebound","9-7",""
"12:24","ZABO,KEVIN made Three Point Jumper","12-7",""
"12:24","DE LA ROSA,ADONIS Assist","12-7",""
"12:10","ZABO,KEVIN Commits Foul","12-7",""
"12:10","WALKER,JAYLIN Enters Game","12-7",""
"12:10","EDWIN,DEON Leaves Game","12-7",""
"12:10","","12-7","JACKSON,ANTINO Enters Game"
"12:10","","12-7","IVEY,JIMOND Leaves Game"
"12:05","","12-9","JOHNSON,ISAIAH made Dunk"
"12:05","","12-9","DUNN-MARTIN,TAVIAN Assist"
"11:32","ZABO,KEVIN missed Three Point Jumper","12-9",""
"11:32","","12-9","DUNN-MARTIN,TAVIAN Defensive Rebound"
"11:19","","12-11","JACKSON,ANTINO made Layup"
"10:56","ZABO,KEVIN missed Three Point Jumper","12-11",""
"10:56","","12-11","JOHNSON,ISAIAH Defensive Rebound"
"10:47","","12-14","UTOMI,DANIEL made Three Point Jumper"
"10:47","","12-14","DUNN-MARTIN,TAVIAN Assist"
"10:42","TEAM 30 Second Timeout","12-14",""
"10:42","HALL,JIMMY Enters Game","12-14",""
"10:42","AVERY,JALEN Enters Game","12-14",""
"10:42","ZABO,KEVIN Leaves Game","12-14",""
"10:42","PIPPEN,DANNY Leaves Game","12-14",""
"10:16","","12-14","WILLIAMS,JOSH Commits Foul"
"10:16","DE LA ROSA,ADONIS made Free Throw","13-14",""
"10:16","DE LA ROSA,ADONIS missed Free Throw","13-14",""
"10:16","","13-14","UTOMI,DANIEL Defensive Rebound"
"09:59","","13-16","JOHNSON,ISAIAH made Layup"
"09:39","WALKER,JAYLIN Turnover","13-16",""
"09:37","","13-16","WILLIAMS,JOSH Steal"
"09:35","","13-18","JACKSON,ANTINO made Layup"
"09:35","","13-18","WILLIAMS,JOSH Assist"
"09:07","WALKER,JAYLIN made Three Point Jumper","16-18",""
"09:07","AVERY,JALEN Assist","16-18",""
"08:51","","16-21","UTOMI,DANIEL made Three Point Jumper"
"08:51","","16-21","DUNN-MARTIN,TAVIAN Assist"
"08:26","HALL,JIMMY missed Two Point Jumper","16-21",""
"08:26","","16-21","DUNN-MARTIN,TAVIAN Defensive Rebound"
"08:21","","16-23","JACKSON,ANTINO made Layup"
"08:21","","16-23","DUNN-MARTIN,TAVIAN Assist"
"08:10","WALKER,JAYLIN made Two Point Jumper","18-23",""
"07:50","DE LA ROSA,ADONIS Commits Foul","18-23",""
"07:50","","18-23","TEAM  Timeout"
"07:50","ZABO,KEVIN Enters Game","18-23",""
"07:50","EDWIN,DEON Enters Game","18-23",""
"07:50","DE LA ROSA,ADONIS Leaves Game","18-23",""
"07:50","PETERSON,MITCH Leaves Game","18-23",""
"07:50","","18-23","ROBOTHAM,NOAH Enters Game"
"07:50","","18-23","IVEY,JIMOND Enters Game"
"07:50","","18-23","CHEATHAM,JR, KWAN Enters Game"
"07:50","","18-23","OLOJAKPOKE,EMMANUEL Enters Game"
"07:50","","18-23","JOHNSON,ISAIAH Leaves Game"
"07:50","","18-23","DUNN-MARTIN,TAVIAN Leaves Game"
"07:50","","18-23","UTOMI,DANIEL Leaves Game"
"07:50","","18-23","WILLIAMS,JOSH Leaves Game"
"07:39","","18-25","OLOJAKPOKE,EMMANUEL made Dunk"
"07:39","","18-25","IVEY,JIMOND Assist"
"07:08","WALKER,JAYLIN missed Three Point Jumper","18-25",""
"07:08","TEAM Deadball Rebound","18-25",""
"07:07","","18-25","OLOJAKPOKE,EMMANUEL Commits Foul"
"07:03","","18-25","OLOJAKPOKE,EMMANUEL Commits Foul"
"07:03","","18-25","HUGHES,MICHAEL Enters Game"
"07:03","","18-25","OLOJAKPOKE,EMMANUEL Leaves Game"
"06:57","HALL,JIMMY made Layup","20-25",""
"06:43","","20-25","IVEY,JIMOND missed Layup"
"06:43","ZABO,KEVIN Defensive Rebound","20-25",""
"06:37","ZABO,KEVIN made Layup","22-25",""
"06:32","","22-25","HUGHES,MICHAEL missed Layup"
"06:32","EDWIN,DEON Blocked Shot","22-25",""
"06:30","HALL,JIMMY Defensive Rebound","22-25",""
"06:22","WALKER,JAYLIN missed Three Point Jumper","22-25",""
"06:22","","22-25","ROBOTHAM,NOAH Defensive Rebound"
"06:10","","22-27","JACKSON,ANTINO made Layup"
"06:05","","22-27","ROBOTHAM,NOAH Commits Foul"
"06:05","","22-27","JOHNSON,ISAIAH Enters Game"
"06:05","","22-27","HUGHES,MICHAEL Leaves Game"
"05:44","AVERY,JALEN made Layup","24-27",""
"05:22","HALL,JIMMY Commits Foul","24-27",""
"05:22","","24-28","JOHNSON,ISAIAH made Free Throw"
"05:22","","24-28","JOHNSON,ISAIAH missed Free Throw"
"05:22","HALL,JIMMY Defensive Rebound","24-28",""
"05:22","RIDENOUR,DESMOND Enters Game","24-28",""
"05:22","ZABO,KEVIN Leaves Game","24-28",""
"05:22","","24-28","UTOMI,DANIEL Enters Game"
"05:22","","24-28","CHEATHAM,JR, KWAN Leaves Game"
"05:05","HALL,JIMMY missed Layup","24-28",""
"05:05","","24-28","TEAM Deadball Rebound"
"04:43","","24-31","UTOMI,DANIEL made Three Point Jumper"
"04:43","","24-31","JOHNSON,ISAIAH Assist"
"04:13","EDWIN,DEON missed Layup","24-31",""
"04:13","","24-31","ROBOTHAM,NOAH Defensive Rebound"
"04:04","","24-31","JACKSON,ANTINO Turnover"
"04:01","EDWIN,DEON Steal","24-31",""
"04:00","EDWIN,DEON made Layup","26-31",""
"03:57","","26-31","UTOMI,DANIEL Commits Foul"
"03:57","EDWIN,DEON made Free Throw","27-31",""
"03:57","PETERSON,MITCH Enters Game","27-31",""
"03:57","DE LA ROSA,ADONIS Enters Game","27-31",""
"03:57","HALL,JIMMY Leaves Game","27-31",""
"03:57","EDWIN,DEON Leaves Game","27-31",""
"03:57","","27-31","WILLIAMS,JOSH Enters Game"
"03:57","","27-31","JACKSON,ANTINO Leaves Game"
"03:48","","27-31","UTOMI,DANIEL missed Layup"
"03:48","","27-31","JOHNSON,ISAIAH Offensive Rebound"
"03:47","RIDENOUR,DESMOND Commits Foul","27-31",""
"03:47","","27-31","TEAM Media Timeout"
"03:47","","27-32","JOHNSON,ISAIAH made Free Throw"
"03:47","","27-33","JOHNSON,ISAIAH made Free Throw"
"03:47","HALL,JIMMY Enters Game","27-33",""
"03:47","EDWIN,DEON Enters Game","27-33",""
"03:47","RIDENOUR,DESMOND Leaves Game","27-33",""
"03:47","DE LA ROSA,ADONIS Leaves Game","27-33",""
"03:17","WALKER,JAYLIN missed Two Point Jumper","27-33",""
"03:17","","27-33","WILLIAMS,JOSH Defensive Rebound"
"02:56","PETERSON,MITCH Commits Foul","27-33",""
"02:56","","27-34","UTOMI,DANIEL made Free Throw"
"02:56","","27-35","UTOMI,DANIEL made Free Throw"
"02:56","ZABO,KEVIN Enters Game","27-35",""
"02:56","PETERSON,MITCH Leaves Game","27-35",""
"02:40","HALL,JIMMY missed Two Point Jumper","27-35",""
"02:40","WALKER,JAYLIN Offensive Rebound","27-35",""
"02:36","WALKER,JAYLIN made Layup","29-35",""
"02:03","","29-35","JOHNSON,ISAIAH Turnover"
"02:03","WALKER,JAYLIN Steal","29-35",""
"02:02","EDWIN,DEON missed Two Point Jumper","29-35",""
"02:02","","29-35","TEAM Defensive Rebound"
"01:56","","29-35","CHEATHAM,JR, KWAN Enters Game"
"01:56","","29-35","UTOMI,DANIEL Leaves Game"
"01:20","","29-35","CHEATHAM,JR, KWAN missed Layup"
"01:20","","29-35","JOHNSON,ISAIAH Offensive Rebound"
"01:18","","29-35","JOHNSON,ISAIAH missed Layup"
"01:18","","29-35","IVEY,JIMOND Offensive Rebound"
"01:13","","29-35","WILLIAMS,JOSH missed Layup"
"01:13","","29-35","JOHNSON,ISAIAH Offensive Rebound"
"01:09","","29-35","CHEATHAM,JR, KWAN missed Three Point Jumper"
"01:09","TEAM Defensive Rebound","29-35",""
"00:49","EDWIN,DEON missed Three Point Jumper","29-35",""
"00:49","ZABO,KEVIN Offensive Rebound","29-35",""
"00:41","WALKER,JAYLIN missed Three Point Jumper","29-35",""
"00:41","EDWIN,DEON Offensive Rebound","29-35",""
"00:40","","29-35","JOHNSON,ISAIAH Commits Foul"
"00:40","EDWIN,DEON missed Free Throw","29-35",""
"00:40","TEAM Deadball Rebound","29-35",""
"00:40","EDWIN,DEON missed Free Throw","29-35",""
"00:40","TEAM Offensive Rebound","29-35",""
"00:40","","29-35","JACKSON,ANTINO Enters Game"
"00:40","","29-35","IVEY,JIMOND Leaves Game"
"00:18","HALL,JIMMY made Layup","31-35",""
"00:18","WALKER,JAYLIN Assist","31-35",""
"00:02","ZABO,KEVIN Commits Foul","31-35",""
"00:02","","31-36","JOHNSON,ISAIAH made Free Throw"
"00:02","","31-36","JOHNSON,ISAIAH missed Free Throw"
"00:02","PETERSON,MITCH Defensive Rebound","31-36",""
"00:02","PETERSON,MITCH Enters Game","31-36",""
"00:02","ZABO,KEVIN Leaves Game","31-36",""
"End of 1st Half"
