"Time","Arcadia","Score","Hood"
"19:47","SLONE,EVAN missed Layup","44-46",""
"19:47","","44-46","CASEY,LUKE Defensive Rebound"
"19:31","","44-49","BOLEN,SCOTT made Three Point Jumper"
"19:31","","44-49","RUTHS,TANNER Assist"
"19:11","PIERFY,PHIL missed Two Point Jumper","44-49",""
"19:11","","44-49","RUIZ,JARED Defensive Rebound"
"18:44","","44-49","BOLEN,SCOTT missed Layup"
"18:44","","44-49","MAGNUSKI,TREVOR Offensive Rebound"
"18:35","","44-49","RUIZ,JARED missed Layup"
"18:35","","44-49","BOLEN,SCOTT Offensive Rebound"
"18:33","","44-51","BOLEN,SCOTT made Tip In"
"18:17","SLONE,EVAN Turnover","44-51",""
"18:15","","44-51","BOLEN,SCOTT Steal"
"18:13","","44-53","MAGNUSKI,TREVOR made Layup"
"18:07","THOMPSON,BRANDON missed Two Point Jumper","44-53",""
"18:07","","44-53","TEAM Defensive Rebound"
"17:54","","44-55","BOLEN,SCOTT made Layup"
"17:54","","44-55","RUTHS,TANNER Assist"
"17:28","THOMPSON,BRANDON missed Layup","44-55",""
"17:28","","44-55","TEAM Defensive Rebound"
"17:27","GRAY,KELSEY Enters Game","44-55",""
"17:27","REILLY,KYLE Enters Game","44-55",""
"17:27","SANDERS,JORDAN Enters Game","44-55",""
"17:27","DERR,WILL Enters Game","44-55",""
"17:27","ANDERSON-MARROW,EMMA Enters Game","44-55",""
"17:27","SLONE,EVAN Leaves Game","44-55",""
"17:27","SCOTT,JOSH Leaves Game","44-55",""
"17:27","KELLEY,RYAN Leaves Game","44-55",""
"17:27","PIERFY,PHIL Leaves Game","44-55",""
"17:27","THOMPSON,BRANDON Leaves Game","44-55",""
"17:10","GRAY,KELSEY Commits Foul","44-55",""
"16:54","","44-55","MAGNUSKI,TREVOR Turnover"
"16:46","REILLY,KYLE made Two Point Jumper","46-55",""
"16:36","","46-55","RUTHS,TANNER missed Layup"
"16:36","","46-55","MAGNUSKI,TREVOR Offensive Rebound"
"16:33","","46-55","MAGNUSKI,TREVOR Turnover"
"16:32","SANDERS,JORDAN Steal","46-55",""
"16:30","SANDERS,JORDAN made Layup","48-55",""
"16:30","","48-55","MAGNUSKI,TREVOR Commits Foul"
"16:30","SANDERS,JORDAN made Free Throw","49-55",""
"16:30","","49-55","EVERSULL,IAN Enters Game"
"16:30","","49-55","MAGNUSKI,TREVOR Leaves Game"
"16:12","","49-58","RUTHS,TANNER made Three Point Jumper"
"15:53","","49-58","RUTHS,TANNER Commits Foul"
"15:38","","49-58","CASEY,LUKE Commits Foul"
"15:38","PATEL,KISHAN Enters Game","49-58",""
"15:38","SANDERS,JORDAN Leaves Game","49-58",""
"15:24","","49-58","CASEY,LUKE Commits Foul"
"15:24","","49-58","WEGENER,DANIEL Enters Game"
"15:24","","49-58","CASEY,LUKE Leaves Game"
"15:21","ANDERSON-MARROW,EMMA missed Three Point Jumper","49-58",""
"15:21","TEAM Offensive Rebound","49-58",""
"15:15","REILLY,KYLE missed Two Point Jumper","49-58",""
"15:15","REILLY,KYLE Offensive Rebound","49-58",""
"15:04","REILLY,KYLE made Two Point Jumper","51-58",""
"15:04","GRAY,KELSEY Assist","51-58",""
"14:54","","51-61","BOLEN,SCOTT made Three Point Jumper"
"14:54","","51-61","RUTHS,TANNER Assist"
"14:33","REILLY,KYLE Turnover","51-61",""
"14:18","","51-61","RUTHS,TANNER missed Three Point Jumper"
"14:18","TEAM Defensive Rebound","51-61",""
"13:56","DERR,WILL made Two Point Jumper","53-61",""
"13:56","GRAY,KELSEY Assist","53-61",""
"13:48","","53-61","EVERSULL,IAN Turnover"
"13:44","DERR,WILL Steal","53-61",""
"13:40","ANDERSON-MARROW,EMMA made Two Point Jumper","55-61",""
"13:40","PATEL,KISHAN Assist","55-61",""
"13:36","SCOTT,JOSH Enters Game","55-61",""
"13:36","REILLY,KYLE Leaves Game","55-61",""
"13:25","","55-61","RUIZ,JARED Turnover"
"13:24","GRAY,KELSEY Steal","55-61",""
"13:21","DERR,WILL made Dunk","57-61",""
"13:21","PATEL,KISHAN Assist","57-61",""
"13:15","SCOTT,JOSH Commits Foul","57-61",""
"13:15","THOMPSON,BRANDON Enters Game","57-61",""
"13:15","KELLEY,RYAN Enters Game","57-61",""
"13:15","GRAY,KELSEY Leaves Game","57-61",""
"13:15","PATEL,KISHAN Leaves Game","57-61",""
"13:15","","57-61","BUTLER,KOBE Enters Game"
"13:15","","57-61","RUIZ,JARED Leaves Game"
"13:03","","57-61","WEGENER,DANIEL Turnover"
"13:01","SCOTT,JOSH Steal","57-61",""
"12:57","THOMPSON,BRANDON missed Three Point Jumper","57-61",""
"12:57","ANDERSON-MARROW,EMMA Offensive Rebound","57-61",""
"12:53","KELLEY,RYAN missed Three Point Jumper","57-61",""
"12:53","","57-61","RUTHS,TANNER Defensive Rebound"
"12:44","","57-61","BUTLER,KOBE Turnover"
"12:44","","57-61","RILEY,MICHAEL Enters Game"
"12:44","","57-61","ROBINSON,MICHAEL Enters Game"
"12:44","","57-61","RUTHS,TANNER Leaves Game"
"12:44","","57-61","BOLEN,SCOTT Leaves Game"
"12:16","THOMPSON,BRANDON Turnover","57-61",""
"12:16","","57-61","RILEY,MICHAEL Steal"
"12:13","ANDERSON-MARROW,EMMA Commits Foul","57-61",""
"12:13","","57-61","BUTLER,KOBE missed Free Throw"
"12:13","","57-61","TEAM Deadball Rebound"
"12:13","","57-61","BUTLER,KOBE missed Free Throw"
"12:13","PIERFY,PHIL Defensive Rebound","57-61",""
"12:13","PIERFY,PHIL Enters Game","57-61",""
"12:13","SLONE,EVAN Enters Game","57-61",""
"12:13","DERR,WILL Leaves Game","57-61",""
"12:13","ANDERSON-MARROW,EMMA Leaves Game","57-61",""
"11:56","THOMPSON,BRANDON made Three Point Jumper","60-61",""
"11:56","KELLEY,RYAN Assist","60-61",""
"11:38","","60-61","RILEY,MICHAEL missed Three Point Jumper"
"11:38","","60-61","ROBINSON,MICHAEL Offensive Rebound"
"11:35","","60-61","WEGENER,DANIEL Commits Foul"
"11:35","","60-61","WEGENER,DANIEL Turnover"
"11:22","THOMPSON,BRANDON Turnover","60-61",""
"11:21","","60-61","ROBINSON,MICHAEL Steal"
"11:19","SCOTT,JOSH Commits Foul","60-61",""
"11:19","","60-62","ROBINSON,MICHAEL made Free Throw"
"11:19","","60-62","ROBINSON,MICHAEL missed Free Throw"
"11:19","SCOTT,JOSH Defensive Rebound","60-62",""
"11:19","SELLERS,TYSON Enters Game","60-62",""
"11:19","THOMPSON,BRANDON Leaves Game","60-62",""
"11:19","","60-62","MAGNUSKI,TREVOR Enters Game"
"11:19","","60-62","EVERSULL,IAN Leaves Game"
"11:06","SELLERS,TYSON Turnover","60-62",""
"10:45","SLONE,EVAN Commits Foul","60-62",""
"10:32","","60-62","ROBINSON,MICHAEL missed Layup"
"10:32","","60-62","WEGENER,DANIEL Offensive Rebound"
"10:29","SLONE,EVAN Commits Foul","60-62",""
"10:29","","60-63","WEGENER,DANIEL made Free Throw"
"10:29","","60-64","WEGENER,DANIEL made Free Throw"
"10:18","KELLEY,RYAN missed Three Point Jumper","60-64",""
"10:18","","60-64","WEGENER,DANIEL Defensive Rebound"
"10:08","","60-66","RILEY,MICHAEL made Layup"
"10:08","","60-66","MAGNUSKI,TREVOR Assist"
"09:50","PIERFY,PHIL missed Layup","60-66",""
"09:50","","60-66","WEGENER,DANIEL Blocked Shot"
"09:48","SLONE,EVAN Offensive Rebound","60-66",""
"09:45","","60-66","RILEY,MICHAEL Commits Foul"
"09:45","SLONE,EVAN missed Free Throw","60-66",""
"09:45","TEAM Deadball Rebound","60-66",""
"09:45","SLONE,EVAN made Free Throw","61-66",""
"09:45","ANDERSON-MARROW,EMMA Enters Game","61-66",""
"09:45","SLONE,EVAN Leaves Game","61-66",""
"09:45","","61-66","BOLEN,SCOTT Enters Game"
"09:45","","61-66","BUTLER,KOBE Leaves Game"
"09:35","","61-66","BOLEN,SCOTT missed Three Point Jumper"
"09:35","","61-66","TEAM Offensive Rebound"
"09:30","","61-66","BOLEN,SCOTT missed Layup"
"09:30","ANDERSON-MARROW,EMMA Defensive Rebound","61-66",""
"09:19","SELLERS,TYSON made Three Point Jumper","64-66",""
"09:19","SCOTT,JOSH Assist","64-66",""
"09:16","TEAM Team Timeout","64-66",""
"09:11","","64-66","ROBINSON,MICHAEL Turnover"
"09:10","ANDERSON-MARROW,EMMA Steal","64-66",""
"09:05","SELLERS,TYSON made Three Point Jumper","67-66",""
"09:05","KELLEY,RYAN Assist","67-66",""
"08:52","","67-66","BOLEN,SCOTT Turnover"
"08:52","SANDERS,JORDAN Enters Game","67-66",""
"08:52","KELLEY,RYAN Leaves Game","67-66",""
"08:52","","67-66","RUIZ,JARED Enters Game"
"08:52","","67-66","RUTHS,TANNER Enters Game"
"08:52","","67-66","RILEY,MICHAEL Leaves Game"
"08:52","","67-66","ROBINSON,MICHAEL Leaves Game"
"08:38","SANDERS,JORDAN Turnover","67-66",""
"08:22","","67-69","BOLEN,SCOTT made Three Point Jumper"
"08:22","","67-69","RUTHS,TANNER Assist"
"08:22","PIERFY,PHIL Commits Foul","67-69",""
"08:22","","67-69","WEGENER,DANIEL missed Free Throw"
"08:22","PIERFY,PHIL Defensive Rebound","67-69",""
"08:19","","67-69","RUTHS,TANNER Commits Foul"
"08:19","PIERFY,PHIL made Free Throw","68-69",""
"08:19","PIERFY,PHIL made Free Throw","69-69",""
"08:19","DERR,WILL Enters Game","69-69",""
"08:19","PIERFY,PHIL Leaves Game","69-69",""
"08:19","","69-69","CASEY,LUKE Enters Game"
"08:19","","69-69","WEGENER,DANIEL Leaves Game"
"08:04","","69-69","RUTHS,TANNER missed Layup"
"08:04","","69-69","CASEY,LUKE Offensive Rebound"
"08:03","DERR,WILL Commits Foul","69-69",""
"08:03","","69-70","CASEY,LUKE made Free Throw"
"08:03","","69-71","CASEY,LUKE made Free Throw"
"08:03","GRAY,KELSEY Enters Game","69-71",""
"08:03","SELLERS,TYSON Leaves Game","69-71",""
"07:59","SCOTT,JOSH Turnover","69-71",""
"07:59","","69-71","RUIZ,JARED Steal"
"07:49","DERR,WILL Commits Foul","69-71",""
"07:49","","69-72","RUIZ,JARED made Free Throw"
"07:49","","69-73","RUIZ,JARED made Free Throw"
"07:43","DERR,WILL made Layup","71-73",""
"07:43","SANDERS,JORDAN Assist","71-73",""
"07:22","","71-73","BOLEN,SCOTT missed Three Point Jumper"
"07:22","ANDERSON-MARROW,EMMA Defensive Rebound","71-73",""
"07:13","SANDERS,JORDAN Turnover","71-73",""
"07:12","","71-73","RUTHS,TANNER Steal"
"07:04","","71-75","RUIZ,JARED made Layup"
"06:48","ANDERSON-MARROW,EMMA missed Three Point Jumper","71-75",""
"06:48","","71-75","BOLEN,SCOTT Defensive Rebound"
"06:38","","71-75","RUIZ,JARED missed Layup"
"06:38","DERR,WILL Blocked Shot","71-75",""
"06:36","GRAY,KELSEY Defensive Rebound","71-75",""
"06:16","KELLEY,RYAN Enters Game","71-75",""
"06:16","PIERFY,PHIL Enters Game","71-75",""
"06:16","THOMPSON,BRANDON Enters Game","71-75",""
"06:16","ANDERSON-MARROW,EMMA Leaves Game","71-75",""
"06:16","SCOTT,JOSH Leaves Game","71-75",""
"06:16","SANDERS,JORDAN Leaves Game","71-75",""
"06:07","DERR,WILL missed Layup","71-75",""
"06:07","","71-75","RUTHS,TANNER Defensive Rebound"
"05:57","","71-75","RUIZ,JARED missed Two Point Jumper"
"05:57","GRAY,KELSEY Defensive Rebound","71-75",""
"05:55","","71-75","CASEY,LUKE Commits Foul"
"05:55","PIERFY,PHIL made Free Throw","72-75",""
"05:55","PIERFY,PHIL made Free Throw","73-75",""
"05:55","SELLERS,TYSON Enters Game","73-75",""
"05:55","GRAY,KELSEY Leaves Game","73-75",""
"05:54","","73-78","MAGNUSKI,TREVOR made Three Point Jumper"
"05:54","","73-78","BOLEN,SCOTT Assist"
"05:23","PIERFY,PHIL made Layup","75-78",""
"05:17","","75-80","RUIZ,JARED made Layup"
"05:17","","75-80","BOLEN,SCOTT Assist"
"05:02","THOMPSON,BRANDON missed Three Point Jumper","75-80",""
"05:02","DERR,WILL Offensive Rebound","75-80",""
"04:56","SLONE,EVAN Enters Game","75-80",""
"04:56","DERR,WILL Leaves Game","75-80",""
"04:56","","75-80","GRIFFITHS,AUSTIN Enters Game"
"04:56","","75-80","CASEY,LUKE Leaves Game"
"04:44","THOMPSON,BRANDON made Three Point Jumper","78-80",""
"04:44","SLONE,EVAN Assist","78-80",""
"04:24","","78-80","TEAM Team Timeout"
"04:24","SCOTT,JOSH Enters Game","78-80",""
"04:24","PIERFY,PHIL Leaves Game","78-80",""
"04:24","","78-80","ROBINSON,MICHAEL Enters Game"
"04:24","","78-80","RUIZ,JARED Leaves Game"
"04:10","","78-83","RUTHS,TANNER made Three Point Jumper"
"04:10","","78-83","MAGNUSKI,TREVOR Assist"
"04:02","SLONE,EVAN made Layup","80-83",""
"04:02","THOMPSON,BRANDON Assist","80-83",""
"04:02","","80-83","RUTHS,TANNER Commits Foul"
"04:02","SLONE,EVAN missed Free Throw","80-83",""
"04:02","","80-83","BOLEN,SCOTT Defensive Rebound"
"03:43","","80-85","GRIFFITHS,AUSTIN made Layup"
"03:43","","80-85","BOLEN,SCOTT Assist"
"03:30","SLONE,EVAN missed Layup","80-85",""
"03:30","","80-85","BOLEN,SCOTT Defensive Rebound"
"03:29","SLONE,EVAN Commits Foul","80-85",""
"03:29","","80-86","BOLEN,SCOTT made Free Throw"
"03:29","","80-87","BOLEN,SCOTT made Free Throw"
"03:29","PIERFY,PHIL Enters Game","80-87",""
"03:29","SLONE,EVAN Leaves Game","80-87",""
"03:14","SCOTT,JOSH made Layup","82-87",""
"03:14","THOMPSON,BRANDON Assist","82-87",""
"02:57","THOMPSON,BRANDON made Layup","84-87",""
"02:57","SCOTT,JOSH Assist","84-87",""
"02:52","","84-87","RUTHS,TANNER Turnover"
"02:49","THOMPSON,BRANDON Steal","84-87",""
"02:46","","84-90","BOLEN,SCOTT made Three Point Jumper"
"02:35","","84-90","BOLEN,SCOTT Commits Foul"
"02:35","THOMPSON,BRANDON made Free Throw","85-90",""
"02:35","THOMPSON,BRANDON missed Free Throw","85-90",""
"02:35","","85-90","BOLEN,SCOTT Defensive Rebound"
"02:35","","85-90","WEGENER,DANIEL Enters Game"
"02:35","","85-90","GRIFFITHS,AUSTIN Leaves Game"
"02:22","","85-90","TEAM Team Timeout"
"02:22","","85-90","RUIZ,JARED Enters Game"
"02:22","","85-90","ROBINSON,MICHAEL Leaves Game"
"02:15","","85-90","BOLEN,SCOTT missed Three Point Jumper"
"02:15","THOMPSON,BRANDON Defensive Rebound","85-90",""
"02:07","","85-90","BOLEN,SCOTT Commits Foul"
"02:07","THOMPSON,BRANDON made Free Throw","86-90",""
"02:07","THOMPSON,BRANDON made Free Throw","87-90",""
"02:07","GRAY,KELSEY Enters Game","87-90",""
"02:07","THOMPSON,BRANDON Leaves Game","87-90",""
"01:42","","87-90","MAGNUSKI,TREVOR missed Layup"
"01:35","TEAM Defensive Rebound","87-90",""
"01:32","THOMPSON,BRANDON Enters Game","87-90",""
"01:32","GRAY,KELSEY Leaves Game","87-90",""
"01:20","THOMPSON,BRANDON missed Three Point Jumper","87-90",""
"01:20","SCOTT,JOSH Offensive Rebound","87-90",""
"01:15","PIERFY,PHIL missed Layup","87-90",""
"01:15","","87-90","WEGENER,DANIEL Defensive Rebound"
"01:12","SCOTT,JOSH Commits Foul","87-90",""
"01:12","TEAM Team Timeout","87-90",""
"01:12","","87-90","WEGENER,DANIEL missed Free Throw"
"01:12","","87-90","TEAM Deadball Rebound"
"01:12","","87-90","WEGENER,DANIEL missed Free Throw"
"01:12","THOMPSON,BRANDON Defensive Rebound","87-90",""
"01:03","","87-90","BOLEN,SCOTT Commits Foul"
"01:03","SCOTT,JOSH missed Free Throw","87-90",""
"01:03","TEAM Deadball Rebound","87-90",""
"01:03","SCOTT,JOSH made Free Throw","88-90",""
"01:03","GRAY,KELSEY Enters Game","88-90",""
"01:03","THOMPSON,BRANDON Leaves Game","88-90",""
"01:01","GRAY,KELSEY Commits Foul","88-90",""
"01:01","","88-91","RUTHS,TANNER made Free Throw"
"01:01","","88-92","RUTHS,TANNER made Free Throw"
"01:01","THOMPSON,BRANDON Enters Game","88-92",""
"01:01","GRAY,KELSEY Leaves Game","88-92",""
"01:01","","88-92","CASEY,LUKE Enters Game"
"01:01","","88-92","WEGENER,DANIEL Leaves Game"
"00:45","PIERFY,PHIL made Three Point Jumper","91-92",""
"00:45","SCOTT,JOSH Assist","91-92",""
"00:29","","91-94","RUIZ,JARED made Two Point Jumper"
"00:20","SCOTT,JOSH missed Three Point Jumper","91-94",""
"00:20","","91-94","BOLEN,SCOTT Blocked Shot"
"00:18","","91-94","CASEY,LUKE Defensive Rebound"
"00:15","","91-96","BOLEN,SCOTT made Layup"
"00:15","","91-96","RUTHS,TANNER Assist"
"00:15","TEAM Team Timeout","91-96",""
"00:10","KELLEY,RYAN made Three Point Jumper","94-96",""
"00:08","KELLEY,RYAN Commits Foul","94-96",""
"00:08","","94-96","BOLEN,SCOTT missed Free Throw"
"00:08","","94-96","TEAM Deadball Rebound"
"00:08","","94-97","BOLEN,SCOTT made Free Throw"
"00:08","","94-97","RILEY,MICHAEL Enters Game"
"00:08","","94-97","CASEY,LUKE Leaves Game"
"00:01","THOMPSON,BRANDON missed Three Point Jumper","94-97",""
"00:00","SELLERS,TYSON Offensive Rebound","94-97",""
"00:00","PIERFY,PHIL missed Three Point Jumper","94-97",""
"00:00","TEAM Deadball Rebound","94-97",""
"End of 2nd Half"
