"Time","Akron","Score","UMES"
"19:36","JACKSON,ANTINO made Three Point Jumper","3-0",""
"19:36","IVEY,JIMOND Assist","3-0",""
"19:13","","3-0","TAYLOR,ISAAC missed Two Point Jumper"
"19:13","CHEATHAM,JR, KWAN Defensive Rebound","3-0",""
"19:02","CHEATHAM,JR, KWAN missed Three Point Jumper","3-0",""
"19:02","","3-0","CALDWELL,DONTAE Defensive Rebound"
"18:54","","3-3","COPELAND,BAKARI made Three Point Jumper"
"18:54","","3-3","TAYLOR,ISAAC Assist"
"18:30","CHEATHAM,JR, KWAN missed Three Point Jumper","3-3",""
"18:30","","3-3","CALDWELL,DONTAE Defensive Rebound"
"18:22","","3-3","MCINTOSH,LOGAN missed Layup"
"18:22","JOHNSON,ISAIAH Defensive Rebound","3-3",""
"18:15","JACKSON,ANTINO made Three Point Jumper","6-3",""
"18:15","IVEY,JIMOND Assist","6-3",""
"17:55","","6-6","CALDWELL,DONTAE made Three Point Jumper"
"17:55","","6-6","COPELAND,BAKARI Assist"
"17:27","JOHNSON,ISAIAH missed Two Point Jumper","6-6",""
"17:27","","6-6","TAYLOR,ISAAC Defensive Rebound"
"17:18","","6-9","ANDINO,RYAN made Three Point Jumper"
"17:18","","6-9","CALDWELL,DONTAE Assist"
"17:17","DUNN-MARTIN,TAVIAN Commits Foul","6-9",""
"17:17","","6-10","ANDINO,RYAN made Free Throw"
"16:57","JOHNSON,ISAIAH made Layup","8-10",""
"16:40","","8-12","COPELAND,BAKARI made Two Point Jumper"
"16:26","","8-12","CALDWELL,DONTAE Commits Foul"
"16:26","WILLIAMS,JOSH Enters Game","8-12",""
"16:26","JACKSON,AARON Enters Game","8-12",""
"16:26","CHEATHAM,JR, KWAN Leaves Game","8-12",""
"16:26","DUNN-MARTIN,TAVIAN Leaves Game","8-12",""
"16:12","IVEY,JIMOND missed Two Point Jumper","8-12",""
"16:12","","8-12","MCINTOSH,LOGAN Defensive Rebound"
"16:07","","8-12","CALDWELL,DONTAE missed Three Point Jumper"
"16:07","","8-12","CALDWELL,DONTAE Offensive Rebound"
"15:48","","8-14","COPELAND,BAKARI made Two Point Jumper"
"15:26","JACKSON,ANTINO missed Three Point Jumper","8-14",""
"15:26","TEAM Offensive Rebound","8-14",""
"15:23","TEAM Media Timeout","8-14",""
"15:13","JOHNSON,ISAIAH Turnover","8-14",""
"15:11","","8-14","CALDWELL,DONTAE Steal"
"15:05","IVEY,JIMOND Commits Foul","8-14",""
"14:53","","8-14","CALDWELL,DONTAE missed Three Point Jumper"
"14:53","","8-14","TAYLOR,ISAAC Offensive Rebound"
"14:48","","8-14","ANDINO,RYAN missed Three Point Jumper"
"14:48","IVEY,JIMOND Defensive Rebound","8-14",""
"14:34","WILLIAMS,JOSH missed Two Point Jumper","8-14",""
"14:34","JOHNSON,ISAIAH Offensive Rebound","8-14",""
"14:29","JACKSON,AARON missed Three Point Jumper","8-14",""
"14:29","WILLIAMS,JOSH Offensive Rebound","8-14",""
"14:11","JACKSON,ANTINO missed Three Point Jumper","8-14",""
"14:11","","8-14","MCINTOSH,LOGAN Defensive Rebound"
"14:03","","8-16","MCINTOSH,LOGAN made Layup"
"13:47","WILLIAMS,JOSH missed Three Point Jumper","8-16",""
"13:47","JACKSON,AARON Offensive Rebound","8-16",""
"13:46","","8-16","TAYLOR,ISAAC Commits Foul"
"13:46","CHEATHAM,JR, KWAN Enters Game","8-16",""
"13:46","HUGHES,MICHAEL Enters Game","8-16",""
"13:46","JOHNSON,ISAIAH Leaves Game","8-16",""
"13:46","JACKSON,ANTINO Leaves Game","8-16",""
"13:46","","8-16","PECK,DERRICO Enters Game"
"13:46","","8-16","TAYLOR,ISAAC Leaves Game"
"13:32","CHEATHAM,JR, KWAN made Two Point Jumper","10-16",""
"13:32","WILLIAMS,JOSH Assist","10-16",""
"13:10","","10-18","COPELAND,BAKARI made Layup"
"13:10","","10-18","ANDINO,RYAN Assist"
"12:43","DUNN-MARTIN,TAVIAN made Three Point Jumper","13-18",""
"12:43","HUGHES,MICHAEL Assist","13-18",""
"12:10","","13-20","CALDWELL,DONTAE made Two Point Jumper"
"12:10","","13-20","COPELAND,BAKARI Assist"
"11:44","DUNN-MARTIN,TAVIAN made Three Point Jumper","16-20",""
"11:14","WILLIAMS,JOSH Commits Foul","16-20",""
"11:14","","16-20","TEAM Media Timeout"
"11:14","DUNN-MARTIN,TAVIAN Enters Game","16-20",""
"11:14","UTOMI,DANIEL Enters Game","16-20",""
"11:14","IVEY,JIMOND Leaves Game","16-20",""
"11:14","JACKSON,AARON Leaves Game","16-20",""
"11:14","","16-20","RIVERA,THOMAS Enters Game"
"11:14","","16-20","JONES,TYLER Enters Game"
"11:14","","16-20","MCINTOSH,LOGAN Leaves Game"
"11:14","","16-20","COPELAND,BAKARI Leaves Game"
"10:55","","16-20","ANDINO,RYAN missed Three Point Jumper"
"10:55","DUNN-MARTIN,TAVIAN Defensive Rebound","16-20",""
"10:45","","16-20","PECK,DERRICO Commits Foul"
"10:45","HUGHES,MICHAEL made Free Throw","17-20",""
"10:45","HUGHES,MICHAEL made Free Throw","18-20",""
"10:45","","18-20","MCINTOSH,LOGAN Enters Game"
"10:45","","18-20","ANDINO,RYAN Leaves Game"
"10:28","","18-20","RIVERA,THOMAS Turnover"
"10:05","DUNN-MARTIN,TAVIAN missed Three Point Jumper","18-20",""
"10:05","HUGHES,MICHAEL Offensive Rebound","18-20",""
"10:02","HUGHES,MICHAEL made Layup","20-20",""
"10:02","","20-20","JONES,TYLER Commits Foul"
"10:02","HUGHES,MICHAEL missed Free Throw","20-20",""
"10:02","","20-20","CALDWELL,DONTAE Defensive Rebound"
"09:31","","20-20","JONES,TYLER missed Two Point Jumper"
"09:31","HUGHES,MICHAEL Blocked Shot","20-20",""
"09:31","TEAM Defensive Rebound","20-20",""
"09:31","JOHNSON,ISAIAH Enters Game","20-20",""
"09:31","HUGHES,MICHAEL Leaves Game","20-20",""
"09:31","","20-20","COPELAND,BAKARI Enters Game"
"09:31","","20-20","ANDINO,RYAN Enters Game"
"09:31","","20-20","CALDWELL,DONTAE Leaves Game"
"09:31","","20-20","JONES,TYLER Leaves Game"
"09:15","JOHNSON,ISAIAH Turnover","20-20",""
"08:49","","20-20","RIVERA,THOMAS missed Two Point Jumper"
"08:49","JOHNSON,ISAIAH Defensive Rebound","20-20",""
"08:42","JACKSON,ANTINO Enters Game","20-20",""
"08:42","DUNN-MARTIN,TAVIAN Leaves Game","20-20",""
"08:24","JOHNSON,ISAIAH missed Two Point Jumper","20-20",""
"08:24","JOHNSON,ISAIAH Offensive Rebound","20-20",""
"08:23","","20-20","PECK,DERRICO Commits Foul"
"08:23","","20-20","TAYLOR,ISAAC Enters Game"
"08:23","","20-20","CALDWELL,DONTAE Enters Game"
"08:23","","20-20","RIVERA,THOMAS Leaves Game"
"08:23","","20-20","PECK,DERRICO Leaves Game"
"08:22","WILLIAMS,JOSH missed Three Point Jumper","20-20",""
"08:22","","20-20","CALDWELL,DONTAE Defensive Rebound"
"08:02","","20-20","COPELAND,BAKARI missed Two Point Jumper"
"08:02","JOHNSON,ISAIAH Defensive Rebound","20-20",""
"07:56","WILLIAMS,JOSH made Three Point Jumper","23-20",""
"07:56","JACKSON,ANTINO Assist","23-20",""
"07:35","WILLIAMS,JOSH Commits Foul","23-20",""
"07:35","","23-20","TEAM  Timeout"
"07:35","IVEY,JIMOND Enters Game","23-20",""
"07:35","UTOMI,DANIEL Leaves Game","23-20",""
"07:20","","23-20","CALDWELL,DONTAE missed Three Point Jumper"
"07:20","JACKSON,ANTINO Defensive Rebound","23-20",""
"07:13","IVEY,JIMOND Turnover","23-20",""
"06:58","","23-20","CALDWELL,DONTAE missed Two Point Jumper"
"06:58","JOHNSON,ISAIAH Defensive Rebound","23-20",""
"06:57","","23-20","TAYLOR,ISAAC Commits Foul"
"06:57","","23-20","CHAMBERS,MICHAEL Enters Game"
"06:57","","23-20","CALDWELL,DONTAE Leaves Game"
"06:47","JACKSON,ANTINO missed Two Point Jumper","23-20",""
"06:47","JACKSON,ANTINO Offensive Rebound","23-20",""
"06:41","JACKSON,ANTINO made Tip In","25-20",""
"06:21","","25-22","TAYLOR,ISAAC made Two Point Jumper"
"06:01","CHEATHAM,JR, KWAN made Two Point Jumper","27-22",""
"06:01","WILLIAMS,JOSH Assist","27-22",""
"05:39","","27-22","COPELAND,BAKARI Turnover"
"05:39","","27-22","CALDWELL,DONTAE Enters Game"
"05:39","","27-22","JONES,TYLER Enters Game"
"05:39","","27-22","TAYLOR,ISAAC Leaves Game"
"05:39","","27-22","ANDINO,RYAN Leaves Game"
"05:30","CHEATHAM,JR, KWAN missed Three Point Jumper","27-22",""
"05:30","","27-22","JONES,TYLER Defensive Rebound"
"05:02","","27-22","JONES,TYLER missed Three Point Jumper"
"05:02","TEAM Defensive Rebound","27-22",""
"04:44","CHEATHAM,JR, KWAN Turnover","27-22",""
"04:43","","27-22","JONES,TYLER Steal"
"04:39","","27-24","CALDWELL,DONTAE made Layup"
"04:39","","27-24","JONES,TYLER Assist"
"04:30","","27-24","CALDWELL,DONTAE Commits Foul"
"04:30","JOHNSON,ISAIAH missed Free Throw","27-24",""
"04:30","TEAM Deadball Rebound","27-24",""
"04:30","JOHNSON,ISAIAH missed Free Throw","27-24",""
"04:30","","27-24","COPELAND,BAKARI Defensive Rebound"
"04:30","","27-24","ANDINO,RYAN Enters Game"
"04:30","","27-24","CALDWELL,DONTAE Leaves Game"
"04:24","","27-24","COPELAND,BAKARI missed Three Point Jumper"
"04:24","CHEATHAM,JR, KWAN Defensive Rebound","27-24",""
"03:59","DUNN-MARTIN,TAVIAN missed Two Point Jumper","27-24",""
"03:59","","27-24","COPELAND,BAKARI Defensive Rebound"
"03:36","","27-24","JONES,TYLER Turnover"
"03:36","","27-24","JONES,TYLER Commits Foul"
"03:36","TEAM  Timeout","27-24",""
"03:36","DUNN-MARTIN,TAVIAN Enters Game","27-24",""
"03:36","WILLIAMS,JOSH Leaves Game","27-24",""
"03:20","JACKSON,ANTINO Turnover","27-24",""
"02:56","","27-26","JONES,TYLER made Two Point Jumper"
"02:56","","27-26","COPELAND,BAKARI Assist"
"02:34","CHEATHAM,JR, KWAN Turnover","27-26",""
"02:33","","27-26","MCINTOSH,LOGAN Steal"
"02:32","JACKSON,ANTINO Commits Foul","27-26",""
"02:32","","27-27","ANDINO,RYAN made Free Throw"
"02:32","","27-27","ANDINO,RYAN missed Free Throw"
"02:32","JACKSON,AARON Defensive Rebound","27-27",""
"02:32","JACKSON,AARON Enters Game","27-27",""
"02:32","CHEATHAM,JR, KWAN Leaves Game","27-27",""
"02:11","JOHNSON,ISAIAH Turnover","27-27",""
"02:10","","27-27","ANDINO,RYAN Steal"
"02:08","","27-27","MCINTOSH,LOGAN missed Layup"
"02:08","","27-27","TEAM Offensive Rebound"
"02:05","","27-27","COPELAND,BAKARI Turnover"
"02:05","","27-27","COPELAND,BAKARI Commits Foul"
"01:52","JACKSON,ANTINO made Three Point Jumper","30-27",""
"01:52","DUNN-MARTIN,TAVIAN Assist","30-27",""
"01:38","JACKSON,AARON Commits Foul","30-27",""
"01:27","","30-27","MCINTOSH,LOGAN missed Two Point Jumper"
"01:27","JACKSON,AARON Defensive Rebound","30-27",""
"01:08","JOHNSON,ISAIAH made Layup","32-27",""
"01:08","IVEY,JIMOND Assist","32-27",""
"01:03","","32-27","TEAM 30 Second Timeout"
"00:42","","32-27","JONES,TYLER missed Three Point Jumper"
"00:42","JOHNSON,ISAIAH Defensive Rebound","32-27",""
"00:21","","32-27","COPELAND,BAKARI Commits Foul"
"00:21","JOHNSON,ISAIAH made Free Throw","33-27",""
"00:21","JOHNSON,ISAIAH made Free Throw","34-27",""
"00:21","HUGHES,MICHAEL Enters Game","34-27",""
"00:21","JOHNSON,ISAIAH Leaves Game","34-27",""
"00:01","","34-30","CHAMBERS,MICHAEL made Three Point Jumper"
"00:01","","34-30","MCINTOSH,LOGAN Assist"
"00:01","DUNN-MARTIN,TAVIAN Commits Foul","34-30",""
"00:01","","34-30","CHAMBERS,MICHAEL missed Free Throw"
"00:01","DUNN-MARTIN,TAVIAN Defensive Rebound","34-30",""
"End of 1st Half"
