"Time","Akron","Score","Central Mich."
"19:50","","49-44","MEYER,LUKE made Three Point Jumper"
"19:50","","49-44","WILLIAMS,CECIL Assist"
"19:32","JOHNSON,ISAIAH missed Layup","49-44",""
"19:32","","49-44","MEYER,LUKE Defensive Rebound"
"19:22","","49-44","KEENE,MARCUS missed Three Point Jumper"
"19:22","CHEATHAM,JR, KWAN Defensive Rebound","49-44",""
"19:08","","49-44","MEYER,LUKE Commits Foul"
"19:08","JOHNSON,ISAIAH made Free Throw","50-44",""
"19:08","JOHNSON,ISAIAH made Free Throw","51-44",""
"18:43","CHEATHAM,JR, KWAN Commits Foul","51-44",""
"18:37","","51-44","RAYSON,BRAYLON missed Three Point Jumper"
"18:37","CHEATHAM,JR, KWAN Defensive Rebound","51-44",""
"18:18","","51-44","KEENE,MARCUS Commits Foul"
"18:18","JOHNSON,ISAIAH made Free Throw","52-44",""
"18:18","JOHNSON,ISAIAH missed Free Throw","52-44",""
"18:18","IVEY,JIMOND Offensive Rebound","52-44",""
"18:18","","52-44","SCOTT,DAROHN Enters Game"
"18:18","","52-44","MEYER,LUKE Leaves Game"
"18:12","JOHNSON,ISAIAH made Layup","54-44",""
"17:59","JOHNSON,ISAIAH Commits Foul","54-44",""
"17:59","","54-45","KEENE,MARCUS made Free Throw"
"17:59","","54-46","KEENE,MARCUS made Free Throw"
"17:35","IVEY,JIMOND missed Layup","54-46",""
"17:35","","54-46","SCOTT,DAROHN Defensive Rebound"
"17:29","","54-46","SCOTT,DAROHN Turnover"
"17:28","IVEY,JIMOND Steal","54-46",""
"17:24","CHEATHAM,JR, KWAN made Three Point Jumper","57-46",""
"17:24","IVEY,JIMOND Assist","57-46",""
"17:02","","57-46","KEENE,MARCUS Turnover"
"17:00","ROBOTHAM,NOAH Steal","57-46",""
"16:51","JOHNSON,ISAIAH missed Free Throw","57-46",""
"16:51","TEAM Deadball Rebound","57-46",""
"16:50","JOHNSON,ISAIAH missed Free Throw","57-46",""
"16:50","","57-46","KOZINSKI,JOSH Commits Foul"
"16:50","","57-46","SCOTT,DAROHN Defensive Rebound"
"16:50","","57-46","DILEO,DAVID Enters Game"
"16:50","","57-46","KOZINSKI,JOSH Leaves Game"
"16:36","","57-48","KEENE,MARCUS made Two Point Jumper"
"16:09","IVEY,JIMOND missed Three Point Jumper","57-48",""
"16:09","TEAM Offensive Rebound","57-48",""
"16:05","OLOJAKPOKE,EMMANUEL Enters Game","57-48",""
"16:05","WILLIAMS,JOSH Enters Game","57-48",""
"16:05","IVEY,JIMOND Leaves Game","57-48",""
"16:05","JOHNSON,ISAIAH Leaves Game","57-48",""
"16:01","JACKSON,ANTINO missed Three Point Jumper","57-48",""
"16:01","","57-48","DILEO,DAVID Defensive Rebound"
"15:52","WILLIAMS,JOSH Commits Foul","57-48",""
"15:52","","57-48","TEAM Media Timeout"
"15:42","","57-48","KEENE,MARCUS missed Two Point Jumper"
"15:42","OLOJAKPOKE,EMMANUEL Blocked Shot","57-48",""
"15:40","","57-48","KEENE,MARCUS Offensive Rebound"
"15:38","","57-48","KEENE,MARCUS missed Layup"
"15:38","ROBOTHAM,NOAH Defensive Rebound","57-48",""
"15:29","WILLIAMS,JOSH made Three Point Jumper","60-48",""
"15:29","CHEATHAM,JR, KWAN Assist","60-48",""
"15:19","","60-51","KEENE,MARCUS made Three Point Jumper"
"15:19","","60-51","WILLIAMS,CECIL Assist"
"14:57","WILLIAMS,JOSH missed Three Point Jumper","60-51",""
"14:57","","60-51","WILLIAMS,CECIL Defensive Rebound"
"14:52","ROBOTHAM,NOAH Commits Foul","60-51",""
"14:52","DUNN-MARTIN,TAVIAN Enters Game","60-51",""
"14:52","IVEY,JIMOND Enters Game","60-51",""
"14:52","ROBOTHAM,NOAH Leaves Game","60-51",""
"14:52","JACKSON,ANTINO Leaves Game","60-51",""
"14:46","","60-53","WILLIAMS,CECIL made Two Point Jumper"
"14:25","CHEATHAM,JR, KWAN made Three Point Jumper","63-53",""
"14:25","IVEY,JIMOND Assist","63-53",""
"14:14","","63-55","KEENE,MARCUS made Layup"
"14:00","CHEATHAM,JR, KWAN missed Three Point Jumper","63-55",""
"14:00","","63-55","RAYSON,BRAYLON Defensive Rebound"
"13:32","","63-55","KEENE,MARCUS missed Layup"
"13:32","CHEATHAM,JR, KWAN Defensive Rebound","63-55",""
"13:19","WILLIAMS,JOSH made Three Point Jumper","66-55",""
"13:19","CHEATHAM,JR, KWAN Assist","66-55",""
"13:03","DUNN-MARTIN,TAVIAN Commits Foul","66-55",""
"13:03","JOHNSON,ISAIAH Enters Game","66-55",""
"13:03","JACKSON,AARON Enters Game","66-55",""
"13:03","OLOJAKPOKE,EMMANUEL Leaves Game","66-55",""
"13:03","CHEATHAM,JR, KWAN Leaves Game","66-55",""
"13:03","","66-55","KOZINSKI,JOSH Enters Game"
"13:03","","66-55","WILLIAMS,CECIL Leaves Game"
"12:55","","66-57","RAYSON,BRAYLON made Two Point Jumper"
"12:43","DUNN-MARTIN,TAVIAN missed Three Point Jumper","66-57",""
"12:43","","66-57","RAYSON,BRAYLON Defensive Rebound"
"12:34","","66-59","KEENE,MARCUS made Layup"
"12:15","JOHNSON,ISAIAH missed Two Point Jumper","66-59",""
"12:15","IVEY,JIMOND Offensive Rebound","66-59",""
"12:12","IVEY,JIMOND missed Two Point Jumper","66-59",""
"12:12","","66-59","SCOTT,DAROHN Blocked Shot"
"12:10","WILLIAMS,JOSH Offensive Rebound","66-59",""
"12:07","WILLIAMS,JOSH made Three Point Jumper","69-59",""
"11:59","DUNN-MARTIN,TAVIAN Commits Foul","69-59",""
"11:59","","69-60","RAYSON,BRAYLON made Free Throw"
"11:59","","69-61","RAYSON,BRAYLON made Free Throw"
"11:59","","69-62","RAYSON,BRAYLON made Free Throw"
"11:59","ROBOTHAM,NOAH Enters Game","69-62",""
"11:59","DUNN-MARTIN,TAVIAN Leaves Game","69-62",""
"11:30","JOHNSON,ISAIAH missed Layup","69-62",""
"11:30","JACKSON,AARON Offensive Rebound","69-62",""
"11:24","WILLIAMS,JOSH missed Three Point Jumper","69-62",""
"11:24","","69-62","KOZINSKI,JOSH Defensive Rebound"
"11:14","JACKSON,AARON Commits Foul","69-62",""
"11:14","","69-62","KEENE,MARCUS missed Free Throw"
"11:14","","69-62","TEAM Deadball Rebound"
"11:14","","69-63","KEENE,MARCUS made Free Throw"
"11:14","CHEATHAM,JR, KWAN Enters Game","69-63",""
"11:14","IVEY,JIMOND Leaves Game","69-63",""
"11:00","CHEATHAM,JR, KWAN missed Three Point Jumper","69-63",""
"11:00","","69-63","MEYER,LUKE Defensive Rebound"
"10:39","","69-66","MEYER,LUKE made Three Point Jumper"
"10:39","","69-66","KEENE,MARCUS Assist"
"10:14","JOHNSON,ISAIAH made Layup","71-66",""
"10:00","","71-66","KEENE,MARCUS Turnover"
"09:59","JACKSON,AARON Steal","71-66",""
"09:46","WILLIAMS,JOSH Turnover","71-66",""
"09:46","JACKSON,ANTINO Enters Game","71-66",""
"09:46","WILLIAMS,JOSH Leaves Game","71-66",""
"09:37","","71-66","RAYSON,BRAYLON missed Layup"
"09:37","CHEATHAM,JR, KWAN Blocked Shot","71-66",""
"09:35","JACKSON,ANTINO Defensive Rebound","71-66",""
"09:31","JACKSON,ANTINO Turnover","71-66",""
"09:30","","71-66","MEYER,LUKE Steal"
"09:26","","71-66","KEENE,MARCUS missed Two Point Jumper"
"09:26","JACKSON,AARON Defensive Rebound","71-66",""
"09:06","JOHNSON,ISAIAH missed Layup","71-66",""
"09:06","","71-66","MEYER,LUKE Defensive Rebound"
"08:58","","71-66","RAYSON,BRAYLON missed Two Point Jumper"
"08:58","","71-66","WILLIAMS,CECIL Offensive Rebound"
"08:55","","71-66","WILLIAMS,CECIL missed Layup"
"08:55","CHEATHAM,JR, KWAN Blocked Shot","71-66",""
"08:54","","71-66","RAYSON,BRAYLON Offensive Rebound"
"08:54","JACKSON,ANTINO Commits Foul","71-66",""
"08:54","","71-66","RAYSON,BRAYLON missed Free Throw"
"08:54","","71-66","TEAM Offensive Rebound"
"08:54","OLOJAKPOKE,EMMANUEL Enters Game","71-66",""
"08:54","JOHNSON,ISAIAH Leaves Game","71-66",""
"08:54","","71-66","WILLIAMS,CECIL Enters Game"
"08:54","","71-66","DILEO,DAVID Leaves Game"
"08:43","","71-66","KEENE,MARCUS missed Three Point Jumper"
"08:43","ROBOTHAM,NOAH Defensive Rebound","71-66",""
"08:34","JACKSON,ANTINO missed Two Point Jumper","71-66",""
"08:34","","71-66","WILLIAMS,CECIL Defensive Rebound"
"08:28","","71-66","RAYSON,BRAYLON missed Layup"
"08:28","","71-66","SCOTT,DAROHN Offensive Rebound"
"08:24","","71-68","SCOTT,DAROHN made Dunk"
"08:10","ROBOTHAM,NOAH made Three Point Jumper","74-68",""
"07:49","","74-68","KOZINSKI,JOSH missed Three Point Jumper"
"07:49","","74-68","WILLIAMS,CECIL Offensive Rebound"
"07:46","","74-68","WILLIAMS,CECIL Turnover"
"07:46","JACKSON,ANTINO Steal","74-68",""
"07:46","TEAM  Timeout","74-68",""
"07:46","IVEY,JIMOND Enters Game","74-68",""
"07:46","JOHNSON,ISAIAH Enters Game","74-68",""
"07:46","OLOJAKPOKE,EMMANUEL Leaves Game","74-68",""
"07:46","JACKSON,AARON Leaves Game","74-68",""
"07:46","","74-68","DILEO,DAVID Enters Game"
"07:46","","74-68","WILLIAMS,CECIL Leaves Game"
"07:16","ROBOTHAM,NOAH missed Three Point Jumper","74-68",""
"07:16","","74-68","SCOTT,DAROHN Defensive Rebound"
"07:02","","74-70","KEENE,MARCUS made Layup"
"06:34","CHEATHAM,JR, KWAN missed Two Point Jumper","74-70",""
"06:34","","74-70","DILEO,DAVID Defensive Rebound"
"06:27","","74-72","KEENE,MARCUS made Layup"
"06:04","JOHNSON,ISAIAH made Layup","76-72",""
"05:40","","76-72","DILEO,DAVID missed Three Point Jumper"
"05:40","IVEY,JIMOND Defensive Rebound","76-72",""
"05:21","","76-72","SCOTT,DAROHN Commits Foul"
"05:21","JOHNSON,ISAIAH made Free Throw","77-72",""
"05:21","JOHNSON,ISAIAH made Free Throw","78-72",""
"05:21","JACKSON,AARON Enters Game","78-72",""
"05:21","WILLIAMS,JOSH Enters Game","78-72",""
"05:21","JACKSON,ANTINO Leaves Game","78-72",""
"05:21","CHEATHAM,JR, KWAN Leaves Game","78-72",""
"05:04","","78-75","DILEO,DAVID made Three Point Jumper"
"05:04","","78-75","KEENE,MARCUS Assist"
"04:40","JACKSON,AARON missed Three Point Jumper","78-75",""
"04:40","","78-75","RAYSON,BRAYLON Defensive Rebound"
"04:34","JACKSON,AARON Commits Foul","78-75",""
"04:34","","78-76","RAYSON,BRAYLON made Free Throw"
"04:34","","78-77","RAYSON,BRAYLON made Free Throw"
"04:10","JACKSON,AARON missed Three Point Jumper","78-77",""
"04:10","","78-77","SCOTT,DAROHN Defensive Rebound"
"03:53","","78-77","KOZINSKI,JOSH missed Three Point Jumper"
"03:53","IVEY,JIMOND Blocked Shot","78-77",""
"03:52","WILLIAMS,JOSH Defensive Rebound","78-77",""
"03:51","WILLIAMS,JOSH Turnover","78-77",""
"03:51","","78-77","TEAM Media Timeout"
"03:51","CHEATHAM,JR, KWAN Enters Game","78-77",""
"03:51","JACKSON,AARON Leaves Game","78-77",""
"03:51","","78-77","WILLIAMS,CECIL Enters Game"
"03:51","","78-77","KOZINSKI,JOSH Leaves Game"
"03:43","CHEATHAM,JR, KWAN Commits Foul","78-77",""
"03:43","","78-78","KEENE,MARCUS made Free Throw"
"03:43","","78-79","KEENE,MARCUS made Free Throw"
"03:26","JOHNSON,ISAIAH missed Layup","78-79",""
"03:26","IVEY,JIMOND Offensive Rebound","78-79",""
"03:21","ROBOTHAM,NOAH missed Three Point Jumper","78-79",""
"03:21","JOHNSON,ISAIAH Offensive Rebound","78-79",""
"03:20","","78-79","SCOTT,DAROHN Commits Foul"
"03:20","","78-79","MEYER,LUKE Enters Game"
"03:20","","78-79","SCOTT,DAROHN Leaves Game"
"03:12","","78-79","MEYER,LUKE Commits Foul"
"03:12","JOHNSON,ISAIAH made Free Throw","79-79",""
"03:12","JOHNSON,ISAIAH made Free Throw","80-79",""
"03:01","","80-81","KEENE,MARCUS made Layup"
"02:43","JOHNSON,ISAIAH made Layup","82-81",""
"02:35","","82-81","TEAM 30 Second Timeout"
"02:35","JACKSON,ANTINO Enters Game","82-81",""
"02:35","WILLIAMS,JOSH Leaves Game","82-81",""
"02:35","","82-81","SCOTT,DAROHN Enters Game"
"02:35","","82-81","MEYER,LUKE Leaves Game"
"02:17","","82-83","KEENE,MARCUS made Layup"
"01:58","JOHNSON,ISAIAH made Layup","84-83",""
"01:43","","84-83","KEENE,MARCUS missed Two Point Jumper"
"01:43","JOHNSON,ISAIAH Defensive Rebound","84-83",""
"01:23","","84-83","SCOTT,DAROHN Commits Foul"
"01:23","JOHNSON,ISAIAH missed Free Throw","84-83",""
"01:23","TEAM Deadball Rebound","84-83",""
"01:23","JOHNSON,ISAIAH made Free Throw","85-83",""
"01:23","","85-83","KOZINSKI,JOSH Enters Game"
"01:23","","85-83","SCOTT,DAROHN Leaves Game"
"01:04","","85-83","KEENE,MARCUS missed Three Point Jumper"
"01:04","","85-83","TEAM Offensive Rebound"
"00:45","","85-83","KEENE,MARCUS missed Layup"
"00:45","JOHNSON,ISAIAH Blocked Shot","85-83",""
"00:43","CHEATHAM,JR, KWAN Defensive Rebound","85-83",""
"00:21","JACKSON,ANTINO made Three Point Jumper","88-83",""
"00:21","JOHNSON,ISAIAH Assist","88-83",""
"00:12","","88-83","RAYSON,BRAYLON missed Three Point Jumper"
"00:12","CHEATHAM,JR, KWAN Defensive Rebound","88-83",""
"00:11","","88-83","KOZINSKI,JOSH Commits Foul"
"00:11","CHEATHAM,JR, KWAN made Free Throw","89-83",""
"00:11","CHEATHAM,JR, KWAN missed Free Throw","89-83",""
"00:11","","89-83","WILLIAMS,CECIL Defensive Rebound"
"00:07","","89-85","RAYSON,BRAYLON made Layup"
"00:06","","89-85","TEAM 30 Second Timeout"
"00:06","TEAM 30 Second Timeout","89-85",""
"00:06","","89-85","SMITH,MATTY Enters Game"
"00:06","","89-85","MCKAY,KEVIN Enters Game"
"00:06","","89-85","DILEO,DAVID Leaves Game"
"00:06","","89-85","KOZINSKI,JOSH Leaves Game"
"00:04","","89-85","WILLIAMS,CECIL Commits Foul"
"00:04","IVEY,JIMOND missed Free Throw","89-85",""
"00:04","","89-85","WILLIAMS,CECIL Defensive Rebound"
"00:04","","89-85","KOZINSKI,JOSH Enters Game"
"00:04","","89-85","DILEO,DAVID Enters Game"
"00:04","","89-85","SMITH,MATTY Leaves Game"
"00:04","","89-85","MCKAY,KEVIN Leaves Game"
"End of 2nd Half"
