"Time","Akron","Score","Central Mich."
"19:41","JOHNSON,ISAIAH made Layup","2-0",""
"19:27","","2-3","KOZINSKI,JOSH made Three Point Jumper"
"19:27","","2-3","KEENE,MARCUS Assist"
"18:51","CHEATHAM,JR, KWAN made Two Point Jumper","4-3",""
"18:35","","4-5","RAYSON,BRAYLON made Two Point Jumper"
"18:35","","4-5","MEYER,LUKE Assist"
"18:15","CHEATHAM,JR, KWAN missed Two Point Jumper","4-5",""
"18:15","JOHNSON,ISAIAH Offensive Rebound","4-5",""
"18:10","CHEATHAM,JR, KWAN missed Three Point Jumper","4-5",""
"18:10","IVEY,JIMOND Offensive Rebound","4-5",""
"17:51","ROBOTHAM,NOAH made Three Point Jumper","7-5",""
"17:51","CHEATHAM,JR, KWAN Assist","7-5",""
"17:27","","7-5","KEENE,MARCUS Turnover"
"17:25","JACKSON,ANTINO Steal","7-5",""
"17:11","IVEY,JIMOND made Three Point Jumper","10-5",""
"17:11","ROBOTHAM,NOAH Assist","10-5",""
"16:52","","10-5","KEENE,MARCUS missed Three Point Jumper"
"16:52","CHEATHAM,JR, KWAN Defensive Rebound","10-5",""
"16:40","ROBOTHAM,NOAH missed Two Point Jumper","10-5",""
"16:40","","10-5","RAYSON,BRAYLON Defensive Rebound"
"16:31","","10-8","RAYSON,BRAYLON made Three Point Jumper"
"16:31","","10-8","KEENE,MARCUS Assist"
"15:57","ROBOTHAM,NOAH missed Two Point Jumper","10-8",""
"15:57","","10-8","MEYER,LUKE Defensive Rebound"
"15:48","","10-11","RAYSON,BRAYLON made Three Point Jumper"
"15:35","JACKSON,ANTINO made Three Point Jumper","13-11",""
"15:35","CHEATHAM,JR, KWAN Assist","13-11",""
"15:20","","13-11","RAYSON,BRAYLON missed Layup"
"15:20","","13-11","RAYSON,BRAYLON Offensive Rebound"
"15:17","","13-13","WILLIAMS,CECIL made Dunk"
"15:17","","13-13","RAYSON,BRAYLON Assist"
"15:04","JACKSON,ANTINO Turnover","13-13",""
"15:03","","13-13","WILLIAMS,CECIL Steal"
"14:58","","13-15","RAYSON,BRAYLON made Layup"
"14:58","","13-15","KEENE,MARCUS Assist"
"14:33","JOHNSON,ISAIAH made Layup","15-15",""
"14:33","CHEATHAM,JR, KWAN Assist","15-15",""
"14:24","","15-18","RAYSON,BRAYLON made Three Point Jumper"
"14:00","JOHNSON,ISAIAH missed Layup","15-18",""
"14:00","JOHNSON,ISAIAH Offensive Rebound","15-18",""
"13:56","JOHNSON,ISAIAH missed Layup","15-18",""
"13:56","","15-18","TEAM Defensive Rebound"
"13:55","JOHNSON,ISAIAH Commits Foul","15-18",""
"13:55","","15-18","TEAM  Timeout"
"13:55","HUGHES,MICHAEL Enters Game","15-18",""
"13:55","WILLIAMS,JOSH Enters Game","15-18",""
"13:55","DUNN-MARTIN,TAVIAN Enters Game","15-18",""
"13:55","IVEY,JIMOND Leaves Game","15-18",""
"13:55","JOHNSON,ISAIAH Leaves Game","15-18",""
"13:55","JACKSON,ANTINO Leaves Game","15-18",""
"13:55","","15-18","SCOTT,DAROHN Enters Game"
"13:55","","15-18","DILEO,DAVID Enters Game"
"13:55","","15-18","KOZINSKI,JOSH Leaves Game"
"13:55","","15-18","MEYER,LUKE Leaves Game"
"13:40","","15-18","RAYSON,BRAYLON missed Three Point Jumper"
"13:40","WILLIAMS,JOSH Defensive Rebound","15-18",""
"13:30","DUNN-MARTIN,TAVIAN missed Three Point Jumper","15-18",""
"13:30","","15-18","DILEO,DAVID Defensive Rebound"
"13:21","","15-20","KEENE,MARCUS made Two Point Jumper"
"12:56","WILLIAMS,JOSH missed Three Point Jumper","15-20",""
"12:56","","15-20","TEAM Defensive Rebound"
"12:40","","15-22","KEENE,MARCUS made Layup"
"12:19","HUGHES,MICHAEL missed Two Point Jumper","15-22",""
"12:19","","15-22","SCOTT,DAROHN Blocked Shot"
"12:18","","15-22","WILLIAMS,CECIL Defensive Rebound"
"12:14","DUNN-MARTIN,TAVIAN Commits Foul","15-22",""
"12:14","JOHNSON,ISAIAH Enters Game","15-22",""
"12:14","HUGHES,MICHAEL Leaves Game","15-22",""
"12:02","","15-22","WILLIAMS,CECIL missed Two Point Jumper"
"12:02","CHEATHAM,JR, KWAN Defensive Rebound","15-22",""
"12:01","","15-22","SCOTT,DAROHN Commits Foul"
"12:01","","15-22","KOZINSKI,JOSH Enters Game"
"12:01","","15-22","WILLIAMS,CECIL Leaves Game"
"11:33","DUNN-MARTIN,TAVIAN Turnover","15-22",""
"11:33","","15-22","TEAM Media Timeout"
"11:33","","15-22","SMITH,MATTY Enters Game"
"11:33","","15-22","RAYSON,BRAYLON Leaves Game"
"11:18","","15-25","KEENE,MARCUS made Three Point Jumper"
"11:01","ROBOTHAM,NOAH missed Three Point Jumper","15-25",""
"11:01","TEAM Offensive Rebound","15-25",""
"10:58","","15-25","SCOTT,DAROHN Commits Foul"
"10:58","JACKSON,ANTINO Enters Game","15-25",""
"10:58","IVEY,JIMOND Enters Game","15-25",""
"10:58","JACKSON,AARON Enters Game","15-25",""
"10:58","CHEATHAM,JR, KWAN Leaves Game","15-25",""
"10:58","ROBOTHAM,NOAH Leaves Game","15-25",""
"10:58","DUNN-MARTIN,TAVIAN Leaves Game","15-25",""
"10:58","","15-25","MEYER,LUKE Enters Game"
"10:58","","15-25","SCOTT,DAROHN Leaves Game"
"10:51","JACKSON,ANTINO Turnover","15-25",""
"10:51","JACKSON,ANTINO Commits Foul","15-25",""
"10:41","","15-25","KEENE,MARCUS Turnover"
"10:39","WILLIAMS,JOSH Steal","15-25",""
"10:34","WILLIAMS,JOSH made Two Point Jumper","17-25",""
"10:21","","17-28","KOZINSKI,JOSH made Three Point Jumper"
"10:21","","17-28","KEENE,MARCUS Assist"
"09:58","JOHNSON,ISAIAH missed Layup","17-28",""
"09:58","JOHNSON,ISAIAH Offensive Rebound","17-28",""
"09:56","","17-28","MEYER,LUKE Commits Foul"
"09:56","JOHNSON,ISAIAH made Free Throw","18-28",""
"09:56","JOHNSON,ISAIAH made Free Throw","19-28",""
"09:56","","19-28","RAYSON,BRAYLON Enters Game"
"09:56","","19-28","KEENE,MARCUS Leaves Game"
"09:45","","19-28","DILEO,DAVID missed Two Point Jumper"
"09:45","IVEY,JIMOND Defensive Rebound","19-28",""
"09:17","JOHNSON,ISAIAH made Layup","21-28",""
"09:05","","21-30","RAYSON,BRAYLON made Two Point Jumper"
"08:38","JOHNSON,ISAIAH made Two Point Jumper","23-30",""
"08:24","","23-30","KOZINSKI,JOSH missed Three Point Jumper"
"08:24","JOHNSON,ISAIAH Defensive Rebound","23-30",""
"08:19","","23-30","SMITH,MATTY Commits Foul"
"08:19","","23-30","WILLIAMS,CECIL Enters Game"
"08:19","","23-30","KEENE,MARCUS Enters Game"
"08:19","","23-30","HIBBITTS,BLAKE Enters Game"
"08:19","","23-30","SMITH,MATTY Leaves Game"
"08:19","","23-30","KOZINSKI,JOSH Leaves Game"
"08:19","","23-30","DILEO,DAVID Leaves Game"
"08:04","WILLIAMS,JOSH missed Three Point Jumper","23-30",""
"08:04","","23-30","WILLIAMS,CECIL Defensive Rebound"
"07:57","JACKSON,ANTINO Commits Foul","23-30",""
"07:57","","23-30","TEAM Media Timeout"
"07:42","","23-30","KEENE,MARCUS missed Three Point Jumper"
"07:42","JOHNSON,ISAIAH Defensive Rebound","23-30",""
"07:18","JACKSON,ANTINO made Three Point Jumper","26-30",""
"07:08","","26-33","HIBBITTS,BLAKE made Three Point Jumper"
"07:08","","26-33","KEENE,MARCUS Assist"
"06:49","WILLIAMS,JOSH Turnover","26-33",""
"06:47","","26-33","WILLIAMS,CECIL Steal"
"06:44","","26-33","KEENE,MARCUS Turnover"
"06:43","IVEY,JIMOND Steal","26-33",""
"06:39","","26-33","HIBBITTS,BLAKE Commits Foul"
"06:39","JOHNSON,ISAIAH missed Free Throw","26-33",""
"06:39","TEAM Deadball Rebound","26-33",""
"06:39","JOHNSON,ISAIAH made Free Throw","27-33",""
"06:39","ROBOTHAM,NOAH Enters Game","27-33",""
"06:39","CHEATHAM,JR, KWAN Enters Game","27-33",""
"06:39","JACKSON,ANTINO Leaves Game","27-33",""
"06:39","WILLIAMS,JOSH Leaves Game","27-33",""
"06:39","","27-33","DILEO,DAVID Enters Game"
"06:39","","27-33","MEYER,LUKE Leaves Game"
"06:23","","27-36","RAYSON,BRAYLON made Three Point Jumper"
"06:01","CHEATHAM,JR, KWAN Turnover","27-36",""
"06:00","","27-36","HIBBITTS,BLAKE Steal"
"05:58","ROBOTHAM,NOAH Commits Foul","27-36",""
"05:58","","27-37","KEENE,MARCUS made Free Throw"
"05:58","","27-38","KEENE,MARCUS made Free Throw"
"05:58","","27-38","KOZINSKI,JOSH Enters Game"
"05:58","","27-38","HIBBITTS,BLAKE Leaves Game"
"05:42","JOHNSON,ISAIAH Turnover","27-38",""
"05:40","","27-38","KEENE,MARCUS Steal"
"05:36","","27-38","RAYSON,BRAYLON missed Layup"
"05:36","CHEATHAM,JR, KWAN Defensive Rebound","27-38",""
"05:33","ROBOTHAM,NOAH made Layup","29-38",""
"05:33","CHEATHAM,JR, KWAN Assist","29-38",""
"05:26","","29-38","KEENE,MARCUS missed Three Point Jumper"
"05:26","IVEY,JIMOND Defensive Rebound","29-38",""
"05:16","IVEY,JIMOND made Three Point Jumper","32-38",""
"05:16","ROBOTHAM,NOAH Assist","32-38",""
"05:14","","32-38","TEAM 30 Second Timeout"
"04:57","","32-38","KEENE,MARCUS Turnover"
"04:42","JOHNSON,ISAIAH made Layup","34-38",""
"04:27","","34-38","WILLIAMS,CECIL Turnover"
"04:25","IVEY,JIMOND Steal","34-38",""
"04:05","CHEATHAM,JR, KWAN made Three Point Jumper","37-38",""
"04:05","JOHNSON,ISAIAH Assist","37-38",""
"03:53","","37-38","KEENE,MARCUS missed Layup"
"03:53","IVEY,JIMOND Defensive Rebound","37-38",""
"03:42","CHEATHAM,JR, KWAN missed Layup","37-38",""
"03:42","CHEATHAM,JR, KWAN Offensive Rebound","37-38",""
"03:38","CHEATHAM,JR, KWAN made Tip In","39-38",""
"03:27","","39-38","RAYSON,BRAYLON Turnover"
"03:27","TEAM Media Timeout","39-38",""
"03:27","OLOJAKPOKE,EMMANUEL Enters Game","39-38",""
"03:27","WILLIAMS,JOSH Enters Game","39-38",""
"03:27","JOHNSON,ISAIAH Leaves Game","39-38",""
"03:27","JACKSON,AARON Leaves Game","39-38",""
"03:27","","39-38","MCKAY,KEVIN Enters Game"
"03:27","","39-38","MEYER,LUKE Enters Game"
"03:27","","39-38","WILLIAMS,CECIL Leaves Game"
"03:27","","39-38","DILEO,DAVID Leaves Game"
"03:19","","39-38","MCKAY,KEVIN Commits Foul"
"03:08","WILLIAMS,JOSH missed Three Point Jumper","39-38",""
"03:08","CHEATHAM,JR, KWAN Offensive Rebound","39-38",""
"03:04","CHEATHAM,JR, KWAN made Two Point Jumper","41-38",""
"02:45","","41-38","KOZINSKI,JOSH missed Three Point Jumper"
"02:45","IVEY,JIMOND Defensive Rebound","41-38",""
"02:43","","41-38","KOZINSKI,JOSH Commits Foul"
"02:43","IVEY,JIMOND missed Free Throw","41-38",""
"02:43","CHEATHAM,JR, KWAN Offensive Rebound","41-38",""
"02:34","CHEATHAM,JR, KWAN made Three Point Jumper","44-38",""
"02:34","WILLIAMS,JOSH Assist","44-38",""
"02:23","OLOJAKPOKE,EMMANUEL Commits Foul","44-38",""
"02:23","","44-38","DILEO,DAVID Enters Game"
"02:23","","44-38","MCKAY,KEVIN Leaves Game"
"02:05","","44-38","DILEO,DAVID Turnover"
"01:48","CHEATHAM,JR, KWAN missed Three Point Jumper","44-38",""
"01:48","","44-38","TEAM Defensive Rebound"
"01:46","OLOJAKPOKE,EMMANUEL Commits Foul","44-38",""
"01:46","","44-39","MEYER,LUKE made Free Throw"
"01:46","","44-39","MEYER,LUKE missed Free Throw"
"01:46","CHEATHAM,JR, KWAN Defensive Rebound","44-39",""
"01:46","JOHNSON,ISAIAH Enters Game","44-39",""
"01:46","OLOJAKPOKE,EMMANUEL Leaves Game","44-39",""
"01:43","CHEATHAM,JR, KWAN Turnover","44-39",""
"01:42","","44-39","KOZINSKI,JOSH Steal"
"01:41","","44-39","KOZINSKI,JOSH Turnover"
"01:39","IVEY,JIMOND Steal","44-39",""
"01:25","WILLIAMS,JOSH missed Three Point Jumper","44-39",""
"01:25","","44-39","KOZINSKI,JOSH Defensive Rebound"
"01:21","WILLIAMS,JOSH Commits Foul","44-39",""
"01:21","","44-39","KOZINSKI,JOSH missed Free Throw"
"01:21","JOHNSON,ISAIAH Defensive Rebound","44-39",""
"01:02","WILLIAMS,JOSH missed Three Point Jumper","44-39",""
"01:02","JOHNSON,ISAIAH Offensive Rebound","44-39",""
"00:58","JOHNSON,ISAIAH made Tip In","46-39",""
"00:49","","46-39","DILEO,DAVID missed Three Point Jumper"
"00:49","CHEATHAM,JR, KWAN Defensive Rebound","46-39",""
"00:17","WILLIAMS,JOSH made Three Point Jumper","49-39",""
"00:17","JOHNSON,ISAIAH Assist","49-39",""
"00:01","","49-41","KEENE,MARCUS made Layup"
"End of 1st Half"
