"Date","Time","Period","Time Left","Score","Team","Player","Status","Action","Shot Clock","Lineup","Lineup Time"
"03/10/2017","5:35 p.m.","1st Half","19:39","0-0","Ball St.","Kiapway, Francis","missed","Two Point Jumper","9","House, Franko; Kiapway, Francis; Moses, Trey; Persons, Tayler; Weber, Ryan","0:21"
"03/10/2017","5:35 p.m.","1st Half","19:39","0-0","Akron","Ivey, Jimond","","Defensive Rebound","","Cheatham, Jr., Kwan; Ivey, Jimond; Jackson, Antino; Johnson, Isaiah; Robotham, Noah","0:21"
"03/10/2017","5:35 p.m.","1st Half","19:27","0-2","Akron","Cheatham, Jr., Kwan","made","Two Point Jumper","18","Cheatham, Jr., Kwan; Ivey, Jimond; Jackson, Antino; Johnson, Isaiah; Robotham, Noah","0:33"
"03/10/2017","5:35 p.m.","1st Half","19:27","0-2","Akron","Robotham, Noah","","Assist","","Cheatham, Jr., Kwan; Ivey, Jimond; Jackson, Antino; Johnson, Isaiah; Robotham, Noah","0:33"
"03/10/2017","5:35 p.m.","1st Half","19:21","0-2","Ball St.","House, Franko","","Turnover","","House, Franko; Kiapway, Francis; Moses, Trey; Persons, Tayler; Weber, Ryan","0:39"
"03/10/2017","5:35 p.m.","1st Half","19:15","0-4","Akron","Johnson, Isaiah","made","Layup","24","Cheatham, Jr., Kwan; Ivey, Jimond; Jackson, Antino; Johnson, Isaiah; Robotham, Noah","0:45"
"03/10/2017","5:35 p.m.","1st Half","19:15","0-4","Akron","Ivey, Jimond","","Assist","","Cheatham, Jr., Kwan; Ivey, Jimond; Jackson, Antino; Johnson, Isaiah; Robotham, Noah","0:45"
"03/10/2017","5:35 p.m.","1st Half","18:53","0-4","Ball St.","Moses, Trey","missed","Layup","8","House, Franko; Kiapway, Francis; Moses, Trey; Persons, Tayler; Weber, Ryan","1:07"
"03/10/2017","5:35 p.m.","1st Half","18:53","0-4","Akron","Johnson, Isaiah","","Defensive Rebound","","Cheatham, Jr., Kwan; Ivey, Jimond; Jackson, Antino; Johnson, Isaiah; Robotham, Noah","1:07"
"03/10/2017","5:35 p.m.","1st Half","18:47","0-7","Akron","Cheatham, Jr., Kwan","made","Three Point Jumper","24","Cheatham, Jr., Kwan; Ivey, Jimond; Jackson, Antino; Johnson, Isaiah; Robotham, Noah","1:13"
"03/10/2017","5:35 p.m.","1st Half","18:47","0-7","Akron","Robotham, Noah","","Assist","","Cheatham, Jr., Kwan; Ivey, Jimond; Jackson, Antino; Johnson, Isaiah; Robotham, Noah","1:13"
"03/10/2017","5:35 p.m.","1st Half","18:45","0-7","Ball St.","Team","","Second Timeout","","House, Franko; Kiapway, Francis; Moses, Trey; Persons, Tayler; Weber, Ryan","1:15"
"03/10/2017","5:35 p.m.","1st Half","18:18","3-7","Ball St.","Persons, Tayler","made","Three Point Jumper","1","House, Franko; Kiapway, Francis; Moses, Trey; Persons, Tayler; Weber, Ryan","1:42"
"03/10/2017","5:35 p.m.","1st Half","18:18","3-7","Ball St.","Kiapway, Francis","","Assist","","House, Franko; Kiapway, Francis; Moses, Trey; Persons, Tayler; Weber, Ryan","1:42"
"03/10/2017","5:35 p.m.","1st Half","17:52","3-7","Akron","Ivey, Jimond","missed","Three Point Jumper","4","Cheatham, Jr., Kwan; Ivey, Jimond; Jackson, Antino; Johnson, Isaiah; Robotham, Noah","2:08"
"03/10/2017","5:35 p.m.","1st Half","17:52","3-7","Akron","Cheatham, Jr., Kwan","","Offensive Rebound","","Cheatham, Jr., Kwan; Ivey, Jimond; Jackson, Antino; Johnson, Isaiah; Robotham, Noah","2:08"
"03/10/2017","5:35 p.m.","1st Half","17:49","3-10","Akron","Cheatham, Jr., Kwan","made","Three Point Jumper","27","Cheatham, Jr., Kwan; Ivey, Jimond; Jackson, Antino; Johnson, Isaiah; Robotham, Noah","2:11"
"03/10/2017","5:35 p.m.","1st Half","17:22","3-10","Ball St.","Kiapway, Francis","missed","Three Point Jumper","3","House, Franko; Kiapway, Francis; Moses, Trey; Persons, Tayler; Weber, Ryan","2:38"
"03/10/2017","5:35 p.m.","1st Half","17:22","3-10","Akron","Jackson, Antino","","Defensive Rebound","","Cheatham, Jr., Kwan; Ivey, Jimond; Jackson, Antino; Johnson, Isaiah; Robotham, Noah","2:38"
"03/10/2017","5:35 p.m.","1st Half","17:08","3-10","Akron","Cheatham, Jr., Kwan","missed","Two Point Jumper","16","Cheatham, Jr., Kwan; Ivey, Jimond; Jackson, Antino; Johnson, Isaiah; Robotham, Noah","2:52"
"03/10/2017","5:35 p.m.","1st Half","17:08","3-10","Ball St.","Kiapway, Francis","","Defensive Rebound","","House, Franko; Kiapway, Francis; Moses, Trey; Persons, Tayler; Weber, Ryan","2:52"
"03/10/2017","5:35 p.m.","1st Half","16:56","3-10","Ball St.","Persons, Tayler","missed","Three Point Jumper","18","House, Franko; Kiapway, Francis; Moses, Trey; Persons, Tayler; Weber, Ryan","3:04"
"03/10/2017","5:35 p.m.","1st Half","16:56","3-10","Akron","Team","","Defensive Rebound","","Cheatham, Jr., Kwan; Ivey, Jimond; Jackson, Antino; Johnson, Isaiah; Robotham, Noah","3:04"
"03/10/2017","5:35 p.m.","1st Half","16:41","3-13","Akron","Jackson, Antino","made","Three Point Jumper","15","Cheatham, Jr., Kwan; Ivey, Jimond; Jackson, Antino; Johnson, Isaiah; Robotham, Noah","3:19"
"03/10/2017","5:35 p.m.","1st Half","16:41","3-13","Akron","Robotham, Noah","","Assist","","Cheatham, Jr., Kwan; Ivey, Jimond; Jackson, Antino; Johnson, Isaiah; Robotham, Noah","3:19"
"03/10/2017","5:35 p.m.","1st Half","16:29","3-13","Ball St.","House, Franko","missed","Layup","18","House, Franko; Kiapway, Francis; Moses, Trey; Persons, Tayler; Weber, Ryan","3:31"
"03/10/2017","5:35 p.m.","1st Half","16:29","3-13","Akron","Johnson, Isaiah","","Defensive Rebound","","Cheatham, Jr., Kwan; Ivey, Jimond; Jackson, Antino; Johnson, Isaiah; Robotham, Noah","3:31"
"03/10/2017","5:35 p.m.","1st Half","16:21","3-13","Akron","Robotham, Noah","missed","Two Point Jumper","22","Cheatham, Jr., Kwan; Ivey, Jimond; Jackson, Antino; Johnson, Isaiah; Robotham, Noah","3:39"
"03/10/2017","5:35 p.m.","1st Half","16:21","3-13","Ball St.","Team","","Defensive Rebound","","House, Franko; Kiapway, Francis; Moses, Trey; Persons, Tayler; Weber, Ryan","3:39"
"03/10/2017","5:35 p.m.","1st Half","15:55","6-13","Ball St.","Kiapway, Francis","made","Three Point Jumper","4","House, Franko; Kiapway, Francis; Moses, Trey; Persons, Tayler; Weber, Ryan","4:05"
"03/10/2017","5:35 p.m.","1st Half","15:55","6-13","Ball St.","Persons, Tayler","","Assist","","House, Franko; Kiapway, Francis; Moses, Trey; Persons, Tayler; Weber, Ryan","4:05"
"03/10/2017","5:35 p.m.","1st Half","15:36","6-13","Akron","Cheatham, Jr., Kwan","","Turnover","","Cheatham, Jr., Kwan; Ivey, Jimond; Jackson, Antino; Johnson, Isaiah; Robotham, Noah","4:24"
"03/10/2017","5:35 p.m.","1st Half","15:36","6-13","Akron","Cheatham, Jr., Kwan","","Commits Foul","","Cheatham, Jr., Kwan; Ivey, Jimond; Jackson, Antino; Johnson, Isaiah; Robotham, Noah","4:24"
"03/10/2017","5:35 p.m.","1st Half","15:36","6-13","Ball St.","Team","","Timeout","","House, Franko; Kiapway, Francis; Moses, Trey; Persons, Tayler; Weber, Ryan","4:24"
"03/10/2017","5:35 p.m.","1st Half","15:36","6-13","Ball St.","Teague, Tahjai","","Enters Game","","House, Franko; Kiapway, Francis; Moses, Trey; Persons, Tayler; Teague, Tahjai; Weber, Ryan","0:00"
"03/10/2017","5:35 p.m.","1st Half","15:36","6-13","Ball St.","Sellers, Sean","","Enters Game","","House, Franko; Kiapway, Francis; Moses, Trey; Persons, Tayler; Sellers, Sean; Teague, Tahjai; Weber, Ryan","0:00"
"03/10/2017","5:35 p.m.","1st Half","15:36","6-13","Ball St.","Tyler, Jeremie","","Enters Game","","House, Franko; Kiapway, Francis; Moses, Trey; Persons, Tayler; Sellers, Sean; Teague, Tahjai; Tyler, Jeremie; Weber, Ryan","0:00"
"03/10/2017","5:35 p.m.","1st Half","15:36","6-13","Ball St.","Persons, Tayler","","Leaves Game","","House, Franko; Kiapway, Francis; Moses, Trey; Sellers, Sean; Teague, Tahjai; Tyler, Jeremie; Weber, Ryan","0:00"
"03/10/2017","5:35 p.m.","1st Half","15:36","6-13","Ball St.","House, Franko","","Leaves Game","","Kiapway, Francis; Moses, Trey; Sellers, Sean; Teague, Tahjai; Tyler, Jeremie; Weber, Ryan","0:00"
"03/10/2017","5:35 p.m.","1st Half","15:36","6-13","Ball St.","Weber, Ryan","","Leaves Game","","Kiapway, Francis; Moses, Trey; Sellers, Sean; Teague, Tahjai; Tyler, Jeremie","0:00"
"03/10/2017","5:35 p.m.","1st Half","15:36","6-13","Akron","Williams, Josh","","Enters Game","","Cheatham, Jr., Kwan; Ivey, Jimond; Jackson, Antino; Johnson, Isaiah; Robotham, Noah; Williams, Josh","0:00"
"03/10/2017","5:35 p.m.","1st Half","15:36","6-13","Akron","Utomi, Daniel","","Enters Game","","Cheatham, Jr., Kwan; Ivey, Jimond; Jackson, Antino; Johnson, Isaiah; Robotham, Noah; Utomi, Daniel; Williams, Josh","0:00"
"03/10/2017","5:35 p.m.","1st Half","15:36","6-13","Akron","Cheatham, Jr., Kwan","","Leaves Game","","Ivey, Jimond; Jackson, Antino; Johnson, Isaiah; Robotham, Noah; Utomi, Daniel; Williams, Josh","0:00"
"03/10/2017","5:35 p.m.","1st Half","15:36","6-13","Akron","Jackson, Antino","","Leaves Game","","Ivey, Jimond; Johnson, Isaiah; Robotham, Noah; Utomi, Daniel; Williams, Josh","0:00"
"03/10/2017","5:35 p.m.","1st Half","15:18","6-13","Ball St.","Tyler, Jeremie","","Turnover","","Kiapway, Francis; Moses, Trey; Sellers, Sean; Teague, Tahjai; Tyler, Jeremie","0:18"
"03/10/2017","5:35 p.m.","1st Half","15:17","6-13","Akron","Utomi, Daniel","","Steal","","Ivey, Jimond; Johnson, Isaiah; Robotham, Noah; Utomi, Daniel; Williams, Josh","0:19"
"03/10/2017","5:35 p.m.","1st Half","15:14","6-13","Akron","Utomi, Daniel","missed","Three Point Jumper","26","Ivey, Jimond; Johnson, Isaiah; Robotham, Noah; Utomi, Daniel; Williams, Josh","0:22"
"03/10/2017","5:35 p.m.","1st Half","15:14","6-13","Ball St.","Kiapway, Francis","","Defensive Rebound","","Kiapway, Francis; Moses, Trey; Sellers, Sean; Teague, Tahjai; Tyler, Jeremie","0:22"
"03/10/2017","5:35 p.m.","1st Half","14:53","6-13","Ball St.","Teague, Tahjai","missed","Two Point Jumper","9","Kiapway, Francis; Moses, Trey; Sellers, Sean; Teague, Tahjai; Tyler, Jeremie","0:43"
"03/10/2017","5:35 p.m.","1st Half","14:53","6-13","Akron","Williams, Josh","","Defensive Rebound","","Ivey, Jimond; Johnson, Isaiah; Robotham, Noah; Utomi, Daniel; Williams, Josh","0:43"
"03/10/2017","5:35 p.m.","1st Half","14:35","6-13","Ball St.","Moses, Trey","","Commits Foul","12","Kiapway, Francis; Moses, Trey; Sellers, Sean; Teague, Tahjai; Tyler, Jeremie","1:01"
"03/10/2017","5:35 p.m.","1st Half","14:35","6-14","Akron","Johnson, Isaiah","made","Free Throw","","Ivey, Jimond; Johnson, Isaiah; Robotham, Noah; Utomi, Daniel; Williams, Josh","1:01"
"03/10/2017","5:35 p.m.","1st Half","14:35","6-15","Akron","Johnson, Isaiah","made","Free Throw","","Ivey, Jimond; Johnson, Isaiah; Robotham, Noah; Utomi, Daniel; Williams, Josh","1:01"
"03/10/2017","5:35 p.m.","1st Half","14:13","6-15","Ball St.","Moses, Trey","missed","Two Point Jumper","8","Kiapway, Francis; Moses, Trey; Sellers, Sean; Teague, Tahjai; Tyler, Jeremie","1:23"
"03/10/2017","5:35 p.m.","1st Half","14:13","6-15","Akron","Ivey, Jimond","","Defensive Rebound","","Ivey, Jimond; Johnson, Isaiah; Robotham, Noah; Utomi, Daniel; Williams, Josh","1:23"
"03/10/2017","5:35 p.m.","1st Half","14:03","6-17","Akron","Robotham, Noah","made","Two Point Jumper","20","Ivey, Jimond; Johnson, Isaiah; Robotham, Noah; Utomi, Daniel; Williams, Josh","1:33"
"03/10/2017","5:35 p.m.","1st Half","13:45","9-17","Ball St.","Sellers, Sean","made","Three Point Jumper","12","Kiapway, Francis; Moses, Trey; Sellers, Sean; Teague, Tahjai; Tyler, Jeremie","1:51"
"03/10/2017","5:35 p.m.","1st Half","13:45","9-17","Ball St.","Teague, Tahjai","","Assist","","Kiapway, Francis; Moses, Trey; Sellers, Sean; Teague, Tahjai; Tyler, Jeremie","1:51"
"03/10/2017","5:35 p.m.","1st Half","13:19","9-17","Akron","Johnson, Isaiah","missed","Layup","4","Ivey, Jimond; Johnson, Isaiah; Robotham, Noah; Utomi, Daniel; Williams, Josh","2:17"
"03/10/2017","5:35 p.m.","1st Half","13:19","9-17","Akron","Johnson, Isaiah","","Offensive Rebound","","Ivey, Jimond; Johnson, Isaiah; Robotham, Noah; Utomi, Daniel; Williams, Josh","2:17"
"03/10/2017","5:35 p.m.","1st Half","13:17","9-19","Akron","Johnson, Isaiah","made","Layup","28","Ivey, Jimond; Johnson, Isaiah; Robotham, Noah; Utomi, Daniel; Williams, Josh","2:19"
"03/10/2017","5:35 p.m.","1st Half","13:02","11-19","Ball St.","Teague, Tahjai","made","Layup","15","Kiapway, Francis; Moses, Trey; Sellers, Sean; Teague, Tahjai; Tyler, Jeremie","2:34"
"03/10/2017","5:35 p.m.","1st Half","12:32","11-19","Ball St.","Sellers, Sean","","Commits Foul","0","Kiapway, Francis; Moses, Trey; Sellers, Sean; Teague, Tahjai; Tyler, Jeremie","3:04"
"03/10/2017","5:35 p.m.","1st Half","12:32","11-19","Ball St.","House, Franko","","Enters Game","","House, Franko; Kiapway, Francis; Moses, Trey; Sellers, Sean; Teague, Tahjai; Tyler, Jeremie","0:00"
"03/10/2017","5:35 p.m.","1st Half","12:32","11-19","Ball St.","Moses, Trey","","Leaves Game","","House, Franko; Kiapway, Francis; Sellers, Sean; Teague, Tahjai; Tyler, Jeremie","0:00"
"03/10/2017","5:35 p.m.","1st Half","12:32","11-19","Akron","Cheatham, Jr., Kwan","","Enters Game","","Cheatham, Jr., Kwan; Ivey, Jimond; Johnson, Isaiah; Robotham, Noah; Utomi, Daniel; Williams, Josh","0:00"
"03/10/2017","5:35 p.m.","1st Half","12:32","11-19","Akron","Dunn-Martin, Tavian","","Enters Game","","Cheatham, Jr., Kwan; Dunn-Martin, Tavian; Ivey, Jimond; Johnson, Isaiah; Robotham, Noah; Utomi, Daniel; Williams, Josh","0:00"
"03/10/2017","5:35 p.m.","1st Half","12:32","11-19","Akron","Ivey, Jimond","","Leaves Game","","Cheatham, Jr., Kwan; Dunn-Martin, Tavian; Johnson, Isaiah; Robotham, Noah; Utomi, Daniel; Williams, Josh","0:00"
"03/10/2017","5:35 p.m.","1st Half","12:32","11-19","Akron","Robotham, Noah","","Leaves Game","","Cheatham, Jr., Kwan; Dunn-Martin, Tavian; Johnson, Isaiah; Utomi, Daniel; Williams, Josh","0:00"
"03/10/2017","5:35 p.m.","1st Half","12:13","11-21","Akron","Johnson, Isaiah","made","Layup","11","Cheatham, Jr., Kwan; Dunn-Martin, Tavian; Johnson, Isaiah; Utomi, Daniel; Williams, Josh","0:19"
"03/10/2017","5:35 p.m.","1st Half","11:57","11-21","Ball St.","House, Franko","missed","Layup","14","House, Franko; Kiapway, Francis; Sellers, Sean; Teague, Tahjai; Tyler, Jeremie","0:35"
"03/10/2017","5:35 p.m.","1st Half","11:57","11-21","Akron","Cheatham, Jr., Kwan","","Blocked Shot","","Cheatham, Jr., Kwan; Dunn-Martin, Tavian; Johnson, Isaiah; Utomi, Daniel; Williams, Josh","0:35"
"03/10/2017","5:35 p.m.","1st Half","11:53","11-21","Ball St.","House, Franko","","Offensive Rebound","","House, Franko; Kiapway, Francis; Sellers, Sean; Teague, Tahjai; Tyler, Jeremie","0:39"
"03/10/2017","5:35 p.m.","1st Half","11:50","11-21","Ball St.","Sellers, Sean","missed","Three Point Jumper","23","House, Franko; Kiapway, Francis; Sellers, Sean; Teague, Tahjai; Tyler, Jeremie","0:42"
"03/10/2017","5:35 p.m.","1st Half","11:50","11-21","Ball St.","Teague, Tahjai","","Offensive Rebound","","House, Franko; Kiapway, Francis; Sellers, Sean; Teague, Tahjai; Tyler, Jeremie","0:42"
"03/10/2017","5:35 p.m.","1st Half","11:49","13-21","Ball St.","Teague, Tahjai","made","Layup","29","House, Franko; Kiapway, Francis; Sellers, Sean; Teague, Tahjai; Tyler, Jeremie","0:43"
"03/10/2017","5:35 p.m.","1st Half","11:24","13-21","Akron","Utomi, Daniel","","Turnover","","Cheatham, Jr., Kwan; Dunn-Martin, Tavian; Johnson, Isaiah; Utomi, Daniel; Williams, Josh","1:08"
"03/10/2017","5:35 p.m.","1st Half","11:24","13-21","Ball St.","Team","","Timeout","","House, Franko; Kiapway, Francis; Sellers, Sean; Teague, Tahjai; Tyler, Jeremie","1:08"
"03/10/2017","5:35 p.m.","1st Half","11:24","13-21","Ball St.","Persons, Tayler","","Enters Game","","House, Franko; Kiapway, Francis; Persons, Tayler; Sellers, Sean; Teague, Tahjai; Tyler, Jeremie","0:00"
"03/10/2017","5:35 p.m.","1st Half","11:24","13-21","Ball St.","Weber, Ryan","","Enters Game","","House, Franko; Kiapway, Francis; Persons, Tayler; Sellers, Sean; Teague, Tahjai; Tyler, Jeremie; Weber, Ryan","0:00"
"03/10/2017","5:35 p.m.","1st Half","11:24","13-21","Ball St.","Kiapway, Francis","","Leaves Game","","House, Franko; Persons, Tayler; Sellers, Sean; Teague, Tahjai; Tyler, Jeremie; Weber, Ryan","0:00"
"03/10/2017","5:35 p.m.","1st Half","11:24","13-21","Ball St.","Tyler, Jeremie","","Leaves Game","","House, Franko; Persons, Tayler; Sellers, Sean; Teague, Tahjai; Weber, Ryan","0:00"
"03/10/2017","5:35 p.m.","1st Half","11:24","13-21","Akron","Ivey, Jimond","","Enters Game","","Cheatham, Jr., Kwan; Dunn-Martin, Tavian; Ivey, Jimond; Johnson, Isaiah; Utomi, Daniel; Williams, Josh","0:00"
"03/10/2017","5:35 p.m.","1st Half","11:24","13-21","Akron","Utomi, Daniel","","Leaves Game","","Cheatham, Jr., Kwan; Dunn-Martin, Tavian; Ivey, Jimond; Johnson, Isaiah; Williams, Josh","0:00"
"03/10/2017","5:35 p.m.","1st Half","11:14","13-21","Ball St.","House, Franko","missed","Three Point Jumper","20","House, Franko; Persons, Tayler; Sellers, Sean; Teague, Tahjai; Weber, Ryan","0:10"
"03/10/2017","5:35 p.m.","1st Half","11:14","13-21","Akron","Johnson, Isaiah","","Defensive Rebound","","Cheatham, Jr., Kwan; Dunn-Martin, Tavian; Ivey, Jimond; Johnson, Isaiah; Williams, Josh","0:10"
"03/10/2017","5:35 p.m.","1st Half","10:55","13-21","Akron","Dunn-Martin, Tavian","missed","Three Point Jumper","11","Cheatham, Jr., Kwan; Dunn-Martin, Tavian; Ivey, Jimond; Johnson, Isaiah; Williams, Josh","0:29"
"03/10/2017","5:35 p.m.","1st Half","10:55","13-21","Ball St.","Sellers, Sean","","Defensive Rebound","","House, Franko; Persons, Tayler; Sellers, Sean; Teague, Tahjai; Weber, Ryan","0:29"
"03/10/2017","5:35 p.m.","1st Half","10:49","13-21","Akron","Jackson, Antino","","Enters Game","","Cheatham, Jr., Kwan; Dunn-Martin, Tavian; Ivey, Jimond; Jackson, Antino; Johnson, Isaiah; Williams, Josh","0:00"
"03/10/2017","5:35 p.m.","1st Half","10:49","13-21","Akron","Williams, Josh","","Leaves Game","","Cheatham, Jr., Kwan; Dunn-Martin, Tavian; Ivey, Jimond; Jackson, Antino; Johnson, Isaiah","0:00"
"03/10/2017","5:35 p.m.","1st Half","10:33","13-21","Ball St.","House, Franko","missed","Layup","8","House, Franko; Persons, Tayler; Sellers, Sean; Teague, Tahjai; Weber, Ryan","0:51"
"03/10/2017","5:35 p.m.","1st Half","10:33","13-21","Akron","Ivey, Jimond","","Defensive Rebound","","Cheatham, Jr., Kwan; Dunn-Martin, Tavian; Ivey, Jimond; Jackson, Antino; Johnson, Isaiah","0:16"
"03/10/2017","5:35 p.m.","1st Half","10:18","13-23","Akron","Dunn-Martin, Tavian","made","Layup","15","Cheatham, Jr., Kwan; Dunn-Martin, Tavian; Ivey, Jimond; Jackson, Antino; Johnson, Isaiah","0:31"
"03/10/2017","5:35 p.m.","1st Half","09:56","13-23","Ball St.","House, Franko","missed","Three Point Jumper","8","House, Franko; Persons, Tayler; Sellers, Sean; Teague, Tahjai; Weber, Ryan","1:28"
"03/10/2017","5:35 p.m.","1st Half","09:56","13-23","Akron","Jackson, Antino","","Defensive Rebound","","Cheatham, Jr., Kwan; Dunn-Martin, Tavian; Ivey, Jimond; Jackson, Antino; Johnson, Isaiah","0:53"
"03/10/2017","5:35 p.m.","1st Half","09:49","13-23","Akron","Cheatham, Jr., Kwan","missed","Three Point Jumper","23","Cheatham, Jr., Kwan; Dunn-Martin, Tavian; Ivey, Jimond; Jackson, Antino; Johnson, Isaiah","1:00"
"03/10/2017","5:35 p.m.","1st Half","09:49","13-23","Ball St.","House, Franko","","Defensive Rebound","","House, Franko; Persons, Tayler; Sellers, Sean; Teague, Tahjai; Weber, Ryan","1:35"
"03/10/2017","5:35 p.m.","1st Half","09:39","13-23","Ball St.","Teague, Tahjai","missed","Two Point Jumper","20","House, Franko; Persons, Tayler; Sellers, Sean; Teague, Tahjai; Weber, Ryan","1:45"
"03/10/2017","5:35 p.m.","1st Half","09:39","13-23","Akron","Jackson, Antino","","Defensive Rebound","","Cheatham, Jr., Kwan; Dunn-Martin, Tavian; Ivey, Jimond; Jackson, Antino; Johnson, Isaiah","1:10"
"03/10/2017","5:35 p.m.","1st Half","09:23","13-23","Akron","Jackson, Antino","missed","Three Point Jumper","14","Cheatham, Jr., Kwan; Dunn-Martin, Tavian; Ivey, Jimond; Jackson, Antino; Johnson, Isaiah","1:26"
"03/10/2017","5:35 p.m.","1st Half","09:23","13-23","Ball St.","House, Franko","","Defensive Rebound","","House, Franko; Persons, Tayler; Sellers, Sean; Teague, Tahjai; Weber, Ryan","2:01"
"03/10/2017","5:35 p.m.","1st Half","09:16","13-23","Ball St.","Persons, Tayler","missed","Layup","23","House, Franko; Persons, Tayler; Sellers, Sean; Teague, Tahjai; Weber, Ryan","2:08"
"03/10/2017","5:35 p.m.","1st Half","09:15","13-23","Akron","Jackson, Antino","","Blocked Shot","","Cheatham, Jr., Kwan; Dunn-Martin, Tavian; Ivey, Jimond; Jackson, Antino; Johnson, Isaiah","1:34"
"03/10/2017","5:35 p.m.","1st Half","09:14","13-23","Ball St.","Persons, Tayler","","Offensive Rebound","","House, Franko; Persons, Tayler; Sellers, Sean; Teague, Tahjai; Weber, Ryan","2:10"
"03/10/2017","5:35 p.m.","1st Half","09:02","16-23","Ball St.","Teague, Tahjai","made","Three Point Jumper","16","House, Franko; Persons, Tayler; Sellers, Sean; Teague, Tahjai; Weber, Ryan","2:22"
"03/10/2017","5:35 p.m.","1st Half","09:02","16-23","Ball St.","Teague, Tahjai","","Assist","","House, Franko; Persons, Tayler; Sellers, Sean; Teague, Tahjai; Weber, Ryan","2:22"
"03/10/2017","5:35 p.m.","1st Half","08:37","16-26","Akron","Dunn-Martin, Tavian","made","Three Point Jumper","5","Cheatham, Jr., Kwan; Dunn-Martin, Tavian; Ivey, Jimond; Jackson, Antino; Johnson, Isaiah","2:12"
"03/10/2017","5:35 p.m.","1st Half","08:37","16-26","Akron","Johnson, Isaiah","","Assist","","Cheatham, Jr., Kwan; Dunn-Martin, Tavian; Ivey, Jimond; Jackson, Antino; Johnson, Isaiah","2:12"
"03/10/2017","5:35 p.m.","1st Half","08:36","16-26","Ball St.","Persons, Tayler","","Turnover","","House, Franko; Persons, Tayler; Sellers, Sean; Teague, Tahjai; Weber, Ryan","2:48"
"03/10/2017","5:35 p.m.","1st Half","08:36","16-26","Ball St.","Moses, Trey","","Enters Game","","House, Franko; Moses, Trey; Persons, Tayler; Sellers, Sean; Teague, Tahjai; Weber, Ryan","0:00"
"03/10/2017","5:35 p.m.","1st Half","08:36","16-26","Ball St.","Kiapway, Francis","","Enters Game","","House, Franko; Kiapway, Francis; Moses, Trey; Persons, Tayler; Sellers, Sean; Teague, Tahjai; Weber, Ryan","0:00"
"03/10/2017","5:35 p.m.","1st Half","08:36","16-26","Ball St.","Tyler, Jeremie","","Enters Game","","House, Franko; Kiapway, Francis; Moses, Trey; Persons, Tayler; Sellers, Sean; Teague, Tahjai; Tyler, Jeremie; Weber, Ryan","0:00"
"03/10/2017","5:35 p.m.","1st Half","08:36","16-26","Ball St.","Mallers, Kyle","","Enters Game","","House, Franko; Kiapway, Francis; Mallers, Kyle; Moses, Trey; Persons, Tayler; Sellers, Sean; Teague, Tahjai; Tyler, Jeremie; Weber, Ryan","0:00"
"03/10/2017","5:35 p.m.","1st Half","08:36","16-26","Ball St.","Persons, Tayler","","Leaves Game","","House, Franko; Kiapway, Francis; Mallers, Kyle; Moses, Trey; Sellers, Sean; Teague, Tahjai; Tyler, Jeremie; Weber, Ryan","0:00"
"03/10/2017","5:35 p.m.","1st Half","08:36","16-26","Ball St.","Teague, Tahjai","","Leaves Game","","House, Franko; Kiapway, Francis; Mallers, Kyle; Moses, Trey; Sellers, Sean; Tyler, Jeremie; Weber, Ryan","0:00"
"03/10/2017","5:35 p.m.","1st Half","08:36","16-26","Ball St.","Sellers, Sean","","Leaves Game","","House, Franko; Kiapway, Francis; Mallers, Kyle; Moses, Trey; Tyler, Jeremie; Weber, Ryan","0:00"
"03/10/2017","5:35 p.m.","1st Half","08:36","16-26","Ball St.","House, Franko","","Leaves Game","","Kiapway, Francis; Mallers, Kyle; Moses, Trey; Tyler, Jeremie; Weber, Ryan","0:00"
"03/10/2017","5:35 p.m.","1st Half","08:36","16-26","Akron","Jackson, Aaron","","Enters Game","","Cheatham, Jr., Kwan; Dunn-Martin, Tavian; Ivey, Jimond; Jackson, Aaron; Jackson, Antino; Johnson, Isaiah","0:00"
"03/10/2017","5:35 p.m.","1st Half","08:36","16-26","Akron","Robotham, Noah","","Enters Game","","Cheatham, Jr., Kwan; Dunn-Martin, Tavian; Ivey, Jimond; Jackson, Aaron; Jackson, Antino; Johnson, Isaiah; Robotham, Noah","0:00"
"03/10/2017","5:35 p.m.","1st Half","08:36","16-26","Akron","Dunn-Martin, Tavian","","Leaves Game","","Cheatham, Jr., Kwan; Ivey, Jimond; Jackson, Aaron; Jackson, Antino; Johnson, Isaiah; Robotham, Noah","0:00"
"03/10/2017","5:35 p.m.","1st Half","08:36","16-26","Akron","Johnson, Isaiah","","Leaves Game","","Cheatham, Jr., Kwan; Ivey, Jimond; Jackson, Aaron; Jackson, Antino; Robotham, Noah","0:00"
"03/10/2017","5:35 p.m.","1st Half","08:10","16-26","Akron","Jackson, Antino","missed","Two Point Jumper","4","Cheatham, Jr., Kwan; Ivey, Jimond; Jackson, Aaron; Jackson, Antino; Robotham, Noah","0:26"
"03/10/2017","5:35 p.m.","1st Half","08:10","16-26","Ball St.","Tyler, Jeremie","","Blocked Shot","","Kiapway, Francis; Mallers, Kyle; Moses, Trey; Tyler, Jeremie; Weber, Ryan","0:26"
"03/10/2017","5:35 p.m.","1st Half","08:09","16-26","Ball St.","Tyler, Jeremie","","Defensive Rebound","","Kiapway, Francis; Mallers, Kyle; Moses, Trey; Tyler, Jeremie; Weber, Ryan","0:27"
"03/10/2017","5:35 p.m.","1st Half","07:55","16-26","Ball St.","Tyler, Jeremie","missed","Three Point Jumper","15","Kiapway, Francis; Mallers, Kyle; Moses, Trey; Tyler, Jeremie; Weber, Ryan","0:41"
"03/10/2017","5:35 p.m.","1st Half","07:55","16-26","Akron","Jackson, Antino","","Defensive Rebound","","Cheatham, Jr., Kwan; Ivey, Jimond; Jackson, Aaron; Jackson, Antino; Robotham, Noah","0:41"
"03/10/2017","5:35 p.m.","1st Half","07:52","16-26","Ball St.","Moses, Trey","","Commits Foul","27","Kiapway, Francis; Mallers, Kyle; Moses, Trey; Tyler, Jeremie; Weber, Ryan","0:44"
"03/10/2017","5:35 p.m.","1st Half","07:51","16-26","Akron","Team","","Timeout","","Cheatham, Jr., Kwan; Ivey, Jimond; Jackson, Aaron; Jackson, Antino; Robotham, Noah","0:45"
"03/10/2017","5:35 p.m.","1st Half","07:51","16-26","Ball St.","House, Franko","","Enters Game","","House, Franko; Kiapway, Francis; Mallers, Kyle; Moses, Trey; Tyler, Jeremie; Weber, Ryan","0:00"
"03/10/2017","5:35 p.m.","1st Half","07:51","16-26","Ball St.","Moses, Trey","","Leaves Game","","House, Franko; Kiapway, Francis; Mallers, Kyle; Tyler, Jeremie; Weber, Ryan","0:00"
"03/10/2017","5:35 p.m.","1st Half","07:27","16-28","Akron","Jackson, Antino","made","Two Point Jumper","5","Cheatham, Jr., Kwan; Ivey, Jimond; Jackson, Aaron; Jackson, Antino; Robotham, Noah","1:09"
"03/10/2017","5:35 p.m.","1st Half","07:07","16-28","Ball St.","Weber, Ryan","missed","Three Point Jumper","10","House, Franko; Kiapway, Francis; Mallers, Kyle; Tyler, Jeremie; Weber, Ryan","0:44"
"03/10/2017","5:35 p.m.","1st Half","07:07","16-28","Akron","Cheatham, Jr., Kwan","","Defensive Rebound","","Cheatham, Jr., Kwan; Ivey, Jimond; Jackson, Aaron; Jackson, Antino; Robotham, Noah","1:29"
"03/10/2017","5:35 p.m.","1st Half","06:49","16-28","Akron","Cheatham, Jr., Kwan","missed","Two Point Jumper","12","Cheatham, Jr., Kwan; Ivey, Jimond; Jackson, Aaron; Jackson, Antino; Robotham, Noah","1:47"
"03/10/2017","5:35 p.m.","1st Half","06:49","16-28","Ball St.","Weber, Ryan","","Defensive Rebound","","House, Franko; Kiapway, Francis; Mallers, Kyle; Tyler, Jeremie; Weber, Ryan","1:02"
"03/10/2017","5:35 p.m.","1st Half","06:47","16-28","Akron","Ivey, Jimond","","Commits Foul","28","Cheatham, Jr., Kwan; Ivey, Jimond; Jackson, Aaron; Jackson, Antino; Robotham, Noah","1:49"
"03/10/2017","5:35 p.m.","1st Half","06:33","16-28","Akron","Jackson, Aaron","","Commits Foul","16","Cheatham, Jr., Kwan; Ivey, Jimond; Jackson, Aaron; Jackson, Antino; Robotham, Noah","2:03"
"03/10/2017","5:35 p.m.","1st Half","06:33","16-28","Ball St.","Moses, Trey","","Enters Game","","House, Franko; Kiapway, Francis; Mallers, Kyle; Moses, Trey; Tyler, Jeremie; Weber, Ryan","0:00"
"03/10/2017","5:35 p.m.","1st Half","06:33","16-28","Ball St.","Mallers, Kyle","","Leaves Game","","House, Franko; Kiapway, Francis; Moses, Trey; Tyler, Jeremie; Weber, Ryan","0:00"
"03/10/2017","5:35 p.m.","1st Half","06:33","16-28","Akron","Johnson, Isaiah","","Enters Game","","Cheatham, Jr., Kwan; Ivey, Jimond; Jackson, Aaron; Jackson, Antino; Johnson, Isaiah; Robotham, Noah","0:00"
"03/10/2017","5:35 p.m.","1st Half","06:33","16-28","Akron","Jackson, Aaron","","Leaves Game","","Cheatham, Jr., Kwan; Ivey, Jimond; Jackson, Antino; Johnson, Isaiah; Robotham, Noah","4:24"
"03/10/2017","5:35 p.m.","1st Half","06:26","18-28","Ball St.","Tyler, Jeremie","made","Layup","23","House, Franko; Kiapway, Francis; Moses, Trey; Tyler, Jeremie; Weber, Ryan","0:07"
"03/10/2017","5:35 p.m.","1st Half","06:26","18-28","Ball St.","Moses, Trey","","Assist","","House, Franko; Kiapway, Francis; Moses, Trey; Tyler, Jeremie; Weber, Ryan","0:07"
"03/10/2017","5:35 p.m.","1st Half","06:26","18-28","Akron","Jackson, Antino","","Commits Foul","","Cheatham, Jr., Kwan; Ivey, Jimond; Jackson, Antino; Johnson, Isaiah; Robotham, Noah","4:31"
"03/10/2017","5:35 p.m.","1st Half","06:26","19-28","Ball St.","Tyler, Jeremie","made","Free Throw","","House, Franko; Kiapway, Francis; Moses, Trey; Tyler, Jeremie; Weber, Ryan","0:07"
"03/10/2017","5:35 p.m.","1st Half","06:06","19-30","Akron","Robotham, Noah","made","Two Point Jumper","10","Cheatham, Jr., Kwan; Ivey, Jimond; Jackson, Antino; Johnson, Isaiah; Robotham, Noah","4:51"
"03/10/2017","5:35 p.m.","1st Half","06:06","19-30","Akron","Johnson, Isaiah","","Assist","","Cheatham, Jr., Kwan; Ivey, Jimond; Jackson, Antino; Johnson, Isaiah; Robotham, Noah","4:51"
"03/10/2017","5:35 p.m.","1st Half","05:45","19-30","Ball St.","Weber, Ryan","missed","Three Point Jumper","9","House, Franko; Kiapway, Francis; Moses, Trey; Tyler, Jeremie; Weber, Ryan","0:48"
"03/10/2017","5:35 p.m.","1st Half","05:45","19-30","Akron","Team","","Defensive Rebound","","Cheatham, Jr., Kwan; Ivey, Jimond; Jackson, Antino; Johnson, Isaiah; Robotham, Noah","5:12"
"03/10/2017","5:35 p.m.","1st Half","05:44","19-30","Ball St.","Teague, Tahjai","","Enters Game","","House, Franko; Kiapway, Francis; Moses, Trey; Teague, Tahjai; Tyler, Jeremie; Weber, Ryan","0:00"
"03/10/2017","5:35 p.m.","1st Half","05:44","19-30","Ball St.","Persons, Tayler","","Enters Game","","House, Franko; Kiapway, Francis; Moses, Trey; Persons, Tayler; Teague, Tahjai; Tyler, Jeremie; Weber, Ryan","0:00"
"03/10/2017","5:35 p.m.","1st Half","05:44","19-30","Ball St.","Kiapway, Francis","","Leaves Game","","House, Franko; Moses, Trey; Persons, Tayler; Teague, Tahjai; Tyler, Jeremie; Weber, Ryan","0:00"
"03/10/2017","5:35 p.m.","1st Half","05:44","19-30","Ball St.","Moses, Trey","","Leaves Game","","House, Franko; Persons, Tayler; Teague, Tahjai; Tyler, Jeremie; Weber, Ryan","0:00"
"03/10/2017","5:35 p.m.","1st Half","05:20","19-33","Akron","Jackson, Antino","made","Three Point Jumper","5","Cheatham, Jr., Kwan; Ivey, Jimond; Jackson, Antino; Johnson, Isaiah; Robotham, Noah","5:37"
"03/10/2017","5:35 p.m.","1st Half","05:20","19-33","Akron","Johnson, Isaiah","","Assist","","Cheatham, Jr., Kwan; Ivey, Jimond; Jackson, Antino; Johnson, Isaiah; Robotham, Noah","5:37"
"03/10/2017","5:35 p.m.","1st Half","04:59","19-33","Ball St.","Tyler, Jeremie","","Turnover","","House, Franko; Persons, Tayler; Teague, Tahjai; Tyler, Jeremie; Weber, Ryan","0:45"
"03/10/2017","5:35 p.m.","1st Half","04:59","19-33","Ball St.","Sellers, Sean","","Enters Game","","House, Franko; Persons, Tayler; Sellers, Sean; Teague, Tahjai; Tyler, Jeremie; Weber, Ryan","0:00"
"03/10/2017","5:35 p.m.","1st Half","04:59","19-33","Ball St.","Weber, Ryan","","Leaves Game","","House, Franko; Persons, Tayler; Sellers, Sean; Teague, Tahjai; Tyler, Jeremie","0:00"
"03/10/2017","5:35 p.m.","1st Half","04:59","19-33","Akron","Williams, Josh","","Enters Game","","Cheatham, Jr., Kwan; Ivey, Jimond; Jackson, Antino; Johnson, Isaiah; Robotham, Noah; Williams, Josh","0:00"
"03/10/2017","5:35 p.m.","1st Half","04:59","19-33","Akron","Ivey, Jimond","","Leaves Game","","Cheatham, Jr., Kwan; Jackson, Antino; Johnson, Isaiah; Robotham, Noah; Williams, Josh","0:00"
"03/10/2017","5:35 p.m.","1st Half","04:36","19-33","Akron","Johnson, Isaiah","","Turnover","","Cheatham, Jr., Kwan; Jackson, Antino; Johnson, Isaiah; Robotham, Noah; Williams, Josh","0:23"
"03/10/2017","5:35 p.m.","1st Half","04:36","19-33","Akron","Johnson, Isaiah","","Commits Foul","","Cheatham, Jr., Kwan; Jackson, Antino; Johnson, Isaiah; Robotham, Noah; Williams, Josh","0:23"
"03/10/2017","5:35 p.m.","1st Half","04:08","19-33","Ball St.","Teague, Tahjai","missed","Three Point Jumper","2","House, Franko; Persons, Tayler; Sellers, Sean; Teague, Tahjai; Tyler, Jeremie","0:51"
"03/10/2017","5:35 p.m.","1st Half","04:08","19-33","Akron","Jackson, Antino","","Defensive Rebound","","Cheatham, Jr., Kwan; Jackson, Antino; Johnson, Isaiah; Robotham, Noah; Williams, Josh","0:51"
"03/10/2017","5:35 p.m.","1st Half","03:38","19-33","Akron","Robotham, Noah","","Turnover","","Cheatham, Jr., Kwan; Jackson, Antino; Johnson, Isaiah; Robotham, Noah; Williams, Josh","1:21"
"03/10/2017","5:35 p.m.","1st Half","03:38","19-33","Akron","Robotham, Noah","","Commits Foul","","Cheatham, Jr., Kwan; Jackson, Antino; Johnson, Isaiah; Robotham, Noah; Williams, Josh","1:21"
"03/10/2017","5:35 p.m.","1st Half","03:38","19-33","Ball St.","Team","","Media Timeout","","House, Franko; Persons, Tayler; Sellers, Sean; Teague, Tahjai; Tyler, Jeremie","1:21"
"03/10/2017","5:35 p.m.","1st Half","03:21","19-33","Ball St.","Teague, Tahjai","missed","Layup","13","House, Franko; Persons, Tayler; Sellers, Sean; Teague, Tahjai; Tyler, Jeremie","1:38"
"03/10/2017","5:35 p.m.","1st Half","03:21","19-33","Ball St.","Teague, Tahjai","","Offensive Rebound","","House, Franko; Persons, Tayler; Sellers, Sean; Teague, Tahjai; Tyler, Jeremie","1:38"
"03/10/2017","5:35 p.m.","1st Half","03:19","21-33","Ball St.","Teague, Tahjai","made","Tip In","28","House, Franko; Persons, Tayler; Sellers, Sean; Teague, Tahjai; Tyler, Jeremie","1:40"
"03/10/2017","5:35 p.m.","1st Half","02:57","21-33","Akron","Williams, Josh","missed","Three Point Jumper","8","Cheatham, Jr., Kwan; Jackson, Antino; Johnson, Isaiah; Robotham, Noah; Williams, Josh","2:02"
"03/10/2017","5:35 p.m.","1st Half","02:57","21-33","Ball St.","House, Franko","","Defensive Rebound","","House, Franko; Persons, Tayler; Sellers, Sean; Teague, Tahjai; Tyler, Jeremie","2:02"
"03/10/2017","5:35 p.m.","1st Half","02:41","24-33","Ball St.","House, Franko","made","Three Point Jumper","14","House, Franko; Persons, Tayler; Sellers, Sean; Teague, Tahjai; Tyler, Jeremie","2:18"
"03/10/2017","5:35 p.m.","1st Half","02:41","24-33","Ball St.","Persons, Tayler","","Assist","","House, Franko; Persons, Tayler; Sellers, Sean; Teague, Tahjai; Tyler, Jeremie","2:18"
"03/10/2017","5:35 p.m.","1st Half","02:20","24-33","Akron","Jackson, Antino","","Turnover","","Cheatham, Jr., Kwan; Jackson, Antino; Johnson, Isaiah; Robotham, Noah; Williams, Josh","2:39"
"03/10/2017","5:35 p.m.","1st Half","02:19","24-33","Ball St.","Teague, Tahjai","","Steal","","House, Franko; Persons, Tayler; Sellers, Sean; Teague, Tahjai; Tyler, Jeremie","2:40"
"03/10/2017","5:35 p.m.","1st Half","02:08","27-33","Ball St.","Teague, Tahjai","made","Three Point Jumper","18","House, Franko; Persons, Tayler; Sellers, Sean; Teague, Tahjai; Tyler, Jeremie","2:51"
"03/10/2017","5:35 p.m.","1st Half","01:40","27-33","Ball St.","Sellers, Sean","","Commits Foul","2","House, Franko; Persons, Tayler; Sellers, Sean; Teague, Tahjai; Tyler, Jeremie","3:19"
"03/10/2017","5:35 p.m.","1st Half","01:40","27-34","Akron","Johnson, Isaiah","made","Free Throw","","Cheatham, Jr., Kwan; Jackson, Antino; Johnson, Isaiah; Robotham, Noah; Williams, Josh","3:19"
"03/10/2017","5:35 p.m.","1st Half","01:40","27-35","Akron","Johnson, Isaiah","made","Free Throw","","Cheatham, Jr., Kwan; Jackson, Antino; Johnson, Isaiah; Robotham, Noah; Williams, Josh","3:19"
"03/10/2017","5:35 p.m.","1st Half","01:40","27-35","Ball St.","Weber, Ryan","","Enters Game","","House, Franko; Persons, Tayler; Sellers, Sean; Teague, Tahjai; Tyler, Jeremie; Weber, Ryan","0:00"
"03/10/2017","5:35 p.m.","1st Half","01:40","27-35","Ball St.","Sellers, Sean","","Leaves Game","","House, Franko; Persons, Tayler; Teague, Tahjai; Tyler, Jeremie; Weber, Ryan","0:45"
"03/10/2017","5:35 p.m.","1st Half","01:40","27-35","Akron","Ivey, Jimond","","Enters Game","","Cheatham, Jr., Kwan; Ivey, Jimond; Jackson, Antino; Johnson, Isaiah; Robotham, Noah; Williams, Josh","0:00"
"03/10/2017","5:35 p.m.","1st Half","01:40","27-35","Akron","Jackson, Antino","","Leaves Game","","Cheatham, Jr., Kwan; Ivey, Jimond; Johnson, Isaiah; Robotham, Noah; Williams, Josh","0:00"
"03/10/2017","5:35 p.m.","1st Half","01:32","27-35","Ball St.","House, Franko","","Turnover","","House, Franko; Persons, Tayler; Teague, Tahjai; Tyler, Jeremie; Weber, Ryan","0:53"
"03/10/2017","5:35 p.m.","1st Half","01:32","27-35","Ball St.","House, Franko","","Commits Foul","","House, Franko; Persons, Tayler; Teague, Tahjai; Tyler, Jeremie; Weber, Ryan","0:53"
"03/10/2017","5:35 p.m.","1st Half","01:19","27-35","Akron","Williams, Josh","","Turnover","","Cheatham, Jr., Kwan; Ivey, Jimond; Johnson, Isaiah; Robotham, Noah; Williams, Josh","0:21"
"03/10/2017","5:35 p.m.","1st Half","01:18","27-35","Ball St.","House, Franko","","Steal","","House, Franko; Persons, Tayler; Teague, Tahjai; Tyler, Jeremie; Weber, Ryan","1:07"
"03/10/2017","5:35 p.m.","1st Half","01:08","27-35","Ball St.","Teague, Tahjai","missed","Layup","19","House, Franko; Persons, Tayler; Teague, Tahjai; Tyler, Jeremie; Weber, Ryan","1:17"
"03/10/2017","5:35 p.m.","1st Half","01:08","27-35","Akron","Cheatham, Jr., Kwan","","Defensive Rebound","","Cheatham, Jr., Kwan; Ivey, Jimond; Johnson, Isaiah; Robotham, Noah; Williams, Josh","0:32"
"03/10/2017","5:35 p.m.","1st Half","00:58","27-35","Akron","Robotham, Noah","missed","Two Point Jumper","20","Cheatham, Jr., Kwan; Ivey, Jimond; Johnson, Isaiah; Robotham, Noah; Williams, Josh","0:42"
"03/10/2017","5:35 p.m.","1st Half","00:58","27-35","Akron","Johnson, Isaiah","","Offensive Rebound","","Cheatham, Jr., Kwan; Ivey, Jimond; Johnson, Isaiah; Robotham, Noah; Williams, Josh","0:42"
"03/10/2017","5:35 p.m.","1st Half","00:54","27-37","Akron","Johnson, Isaiah","made","Tip In","26","Cheatham, Jr., Kwan; Ivey, Jimond; Johnson, Isaiah; Robotham, Noah; Williams, Josh","0:46"
"03/10/2017","5:35 p.m.","1st Half","00:53","27-37","Ball St.","Persons, Tayler","","Turnover","","House, Franko; Persons, Tayler; Teague, Tahjai; Tyler, Jeremie; Weber, Ryan","1:32"
"03/10/2017","5:35 p.m.","1st Half","00:53","27-37","Ball St.","Persons, Tayler","","Commits Foul","","House, Franko; Persons, Tayler; Teague, Tahjai; Tyler, Jeremie; Weber, Ryan","1:32"
"03/10/2017","5:35 p.m.","1st Half","00:39","27-37","Akron","Johnson, Isaiah","","Turnover","","Cheatham, Jr., Kwan; Ivey, Jimond; Johnson, Isaiah; Robotham, Noah; Williams, Josh","1:01"
"03/10/2017","5:35 p.m.","1st Half","00:38","27-37","Ball St.","House, Franko","","Steal","","House, Franko; Persons, Tayler; Teague, Tahjai; Tyler, Jeremie; Weber, Ryan","1:47"
"03/10/2017","5:35 p.m.","1st Half","00:34","30-37","Ball St.","Tyler, Jeremie","made","Three Point Jumper","25","House, Franko; Persons, Tayler; Teague, Tahjai; Tyler, Jeremie; Weber, Ryan","1:51"
"03/10/2017","5:35 p.m.","1st Half","00:34","30-37","Ball St.","Weber, Ryan","","Assist","","House, Franko; Persons, Tayler; Teague, Tahjai; Tyler, Jeremie; Weber, Ryan","1:51"
"03/10/2017","5:35 p.m.","1st Half","00:01","30-39","Akron","Ivey, Jimond","made","Layup","0","Cheatham, Jr., Kwan; Ivey, Jimond; Johnson, Isaiah; Robotham, Noah; Williams, Josh","1:39"
"03/10/2017","5:35 p.m.","1st Half","00:01","30-39","Akron","Robotham, Noah","","Assist","","Cheatham, Jr., Kwan; Ivey, Jimond; Johnson, Isaiah; Robotham, Noah; Williams, Josh","1:39"
"03/10/2017","5:35 p.m.","2nd Half","19:44","30-39","Akron","Cheatham, Jr., Kwan","","Turnover","","Cheatham, Jr., Kwan; Ivey, Jimond; Jackson, Antino; Johnson, Isaiah; Robotham, Noah","0:16"
"03/10/2017","5:35 p.m.","2nd Half","19:44","30-39","Akron","Cheatham, Jr., Kwan","","Commits Foul","","Cheatham, Jr., Kwan; Ivey, Jimond; Jackson, Antino; Johnson, Isaiah; Robotham, Noah","0:16"
"03/10/2017","5:35 p.m.","2nd Half","19:27","30-39","Ball St.","House, Franko","missed","Layup","13","House, Franko; Kiapway, Francis; Moses, Trey; Persons, Tayler; Weber, Ryan","0:33"
"03/10/2017","5:35 p.m.","2nd Half","19:27","30-39","Akron","Johnson, Isaiah","","Blocked Shot","","Cheatham, Jr., Kwan; Ivey, Jimond; Jackson, Antino; Johnson, Isaiah; Robotham, Noah","0:33"
"03/10/2017","5:35 p.m.","2nd Half","19:26","30-39","Akron","Jackson, Antino","","Defensive Rebound","","Cheatham, Jr., Kwan; Ivey, Jimond; Jackson, Antino; Johnson, Isaiah; Robotham, Noah","0:34"
"03/10/2017","5:35 p.m.","2nd Half","19:20","30-39","Akron","Jackson, Antino","missed","Two Point Jumper","23","Cheatham, Jr., Kwan; Ivey, Jimond; Jackson, Antino; Johnson, Isaiah; Robotham, Noah","0:40"
"03/10/2017","5:35 p.m.","2nd Half","19:20","30-39","Ball St.","House, Franko","","Defensive Rebound","","House, Franko; Kiapway, Francis; Moses, Trey; Persons, Tayler; Weber, Ryan","0:40"
"03/10/2017","5:35 p.m.","2nd Half","19:10","30-39","Ball St.","Weber, Ryan","missed","Three Point Jumper","20","House, Franko; Kiapway, Francis; Moses, Trey; Persons, Tayler; Weber, Ryan","0:50"
"03/10/2017","5:35 p.m.","2nd Half","19:10","30-39","Ball St.","Weber, Ryan","","Offensive Rebound","","House, Franko; Kiapway, Francis; Moses, Trey; Persons, Tayler; Weber, Ryan","0:50"
"03/10/2017","5:35 p.m.","2nd Half","19:08","30-39","Ball St.","Weber, Ryan","","Turnover","","House, Franko; Kiapway, Francis; Moses, Trey; Persons, Tayler; Weber, Ryan","0:52"
"03/10/2017","5:35 p.m.","2nd Half","18:57","30-41","Akron","Robotham, Noah","made","Layup","19","Cheatham, Jr., Kwan; Ivey, Jimond; Jackson, Antino; Johnson, Isaiah; Robotham, Noah","1:03"
"03/10/2017","5:35 p.m.","2nd Half","18:42","30-41","Akron","Cheatham, Jr., Kwan","","Commits Foul","15","Cheatham, Jr., Kwan; Ivey, Jimond; Jackson, Antino; Johnson, Isaiah; Robotham, Noah","1:18"
"03/10/2017","5:35 p.m.","2nd Half","18:41","31-41","Ball St.","House, Franko","made","Free Throw","","House, Franko; Kiapway, Francis; Moses, Trey; Persons, Tayler; Weber, Ryan","1:19"
"03/10/2017","5:35 p.m.","2nd Half","18:41","31-41","Ball St.","House, Franko","missed","Free Throw","","House, Franko; Kiapway, Francis; Moses, Trey; Persons, Tayler; Weber, Ryan","1:19"
"03/10/2017","5:35 p.m.","2nd Half","18:41","31-41","Akron","Ivey, Jimond","","Defensive Rebound","","Cheatham, Jr., Kwan; Ivey, Jimond; Jackson, Antino; Johnson, Isaiah; Robotham, Noah","1:19"
"03/10/2017","5:35 p.m.","2nd Half","18:41","31-41","Ball St.","Teague, Tahjai","","Enters Game","","House, Franko; Kiapway, Francis; Moses, Trey; Persons, Tayler; Teague, Tahjai; Weber, Ryan","0:00"
"03/10/2017","5:35 p.m.","2nd Half","18:41","31-41","Ball St.","Sellers, Sean","","Enters Game","","House, Franko; Kiapway, Francis; Moses, Trey; Persons, Tayler; Sellers, Sean; Teague, Tahjai; Weber, Ryan","0:00"
"03/10/2017","5:35 p.m.","2nd Half","18:41","31-41","Ball St.","Weber, Ryan","","Leaves Game","","House, Franko; Kiapway, Francis; Moses, Trey; Persons, Tayler; Sellers, Sean; Teague, Tahjai","0:00"
"03/10/2017","5:35 p.m.","2nd Half","18:41","31-41","Ball St.","Moses, Trey","","Leaves Game","","House, Franko; Kiapway, Francis; Persons, Tayler; Sellers, Sean; Teague, Tahjai","0:00"
"03/10/2017","5:35 p.m.","2nd Half","18:32","31-41","Akron","Johnson, Isaiah","","Turnover","","Cheatham, Jr., Kwan; Ivey, Jimond; Jackson, Antino; Johnson, Isaiah; Robotham, Noah","1:28"
"03/10/2017","5:35 p.m.","2nd Half","18:32","31-41","Akron","Johnson, Isaiah","","Commits Foul","","Cheatham, Jr., Kwan; Ivey, Jimond; Jackson, Antino; Johnson, Isaiah; Robotham, Noah","1:28"
"03/10/2017","5:35 p.m.","2nd Half","18:32","31-41","Akron","Utomi, Daniel","","Enters Game","","Cheatham, Jr., Kwan; Ivey, Jimond; Jackson, Antino; Johnson, Isaiah; Robotham, Noah; Utomi, Daniel","0:00"
"03/10/2017","5:35 p.m.","2nd Half","18:32","31-41","Akron","Cheatham, Jr., Kwan","","Leaves Game","","Ivey, Jimond; Jackson, Antino; Johnson, Isaiah; Robotham, Noah; Utomi, Daniel","0:00"
"03/10/2017","5:35 p.m.","2nd Half","18:19","31-41","Ball St.","House, Franko","","Turnover","","House, Franko; Kiapway, Francis; Persons, Tayler; Sellers, Sean; Teague, Tahjai","0:22"
"03/10/2017","5:35 p.m.","2nd Half","17:57","31-41","Akron","Jackson, Antino","missed","Layup","8","Ivey, Jimond; Jackson, Antino; Johnson, Isaiah; Robotham, Noah; Utomi, Daniel","0:35"
"03/10/2017","5:35 p.m.","2nd Half","17:57","31-41","Ball St.","House, Franko","","Defensive Rebound","","House, Franko; Kiapway, Francis; Persons, Tayler; Sellers, Sean; Teague, Tahjai","0:44"
"03/10/2017","5:35 p.m.","2nd Half","17:46","31-41","Ball St.","Persons, Tayler","missed","Layup","19","House, Franko; Kiapway, Francis; Persons, Tayler; Sellers, Sean; Teague, Tahjai","0:55"
"03/10/2017","5:35 p.m.","2nd Half","17:46","31-41","Akron","Ivey, Jimond","","Defensive Rebound","","Ivey, Jimond; Jackson, Antino; Johnson, Isaiah; Robotham, Noah; Utomi, Daniel","0:46"
"03/10/2017","5:35 p.m.","2nd Half","17:39","31-41","Akron","Robotham, Noah","","Turnover","","Ivey, Jimond; Jackson, Antino; Johnson, Isaiah; Robotham, Noah; Utomi, Daniel","0:53"
"03/10/2017","5:35 p.m.","2nd Half","17:39","31-41","Ball St.","Teague, Tahjai","","Steal","","House, Franko; Kiapway, Francis; Persons, Tayler; Sellers, Sean; Teague, Tahjai","1:02"
"03/10/2017","5:35 p.m.","2nd Half","17:21","31-41","Ball St.","Sellers, Sean","","Turnover","","House, Franko; Kiapway, Francis; Persons, Tayler; Sellers, Sean; Teague, Tahjai","1:20"
"03/10/2017","5:35 p.m.","2nd Half","17:19","31-41","Akron","Jackson, Antino","","Steal","","Ivey, Jimond; Jackson, Antino; Johnson, Isaiah; Robotham, Noah; Utomi, Daniel","1:13"
"03/10/2017","5:35 p.m.","2nd Half","17:07","31-41","Akron","Ivey, Jimond","","Turnover","","Ivey, Jimond; Jackson, Antino; Johnson, Isaiah; Robotham, Noah; Utomi, Daniel","1:25"
"03/10/2017","5:35 p.m.","2nd Half","17:06","31-41","Ball St.","House, Franko","","Steal","","House, Franko; Kiapway, Francis; Persons, Tayler; Sellers, Sean; Teague, Tahjai","1:35"
"03/10/2017","5:35 p.m.","2nd Half","17:01","31-41","Ball St.","Teague, Tahjai","missed","Layup","24","House, Franko; Kiapway, Francis; Persons, Tayler; Sellers, Sean; Teague, Tahjai","1:40"
"03/10/2017","5:35 p.m.","2nd Half","17:01","31-41","Ball St.","Sellers, Sean","","Offensive Rebound","","House, Franko; Kiapway, Francis; Persons, Tayler; Sellers, Sean; Teague, Tahjai","1:40"
"03/10/2017","5:35 p.m.","2nd Half","17:00","31-41","Akron","Ivey, Jimond","","Commits Foul","29","Ivey, Jimond; Jackson, Antino; Johnson, Isaiah; Robotham, Noah; Utomi, Daniel","1:32"
"03/10/2017","5:35 p.m.","2nd Half","17:00","32-41","Ball St.","Sellers, Sean","made","Free Throw","","House, Franko; Kiapway, Francis; Persons, Tayler; Sellers, Sean; Teague, Tahjai","1:41"
"03/10/2017","5:35 p.m.","2nd Half","17:00","33-41","Ball St.","Sellers, Sean","made","Free Throw","","House, Franko; Kiapway, Francis; Persons, Tayler; Sellers, Sean; Teague, Tahjai","1:41"
"03/10/2017","5:35 p.m.","2nd Half","17:00","33-41","Akron","Williams, Josh","","Enters Game","","Ivey, Jimond; Jackson, Antino; Johnson, Isaiah; Robotham, Noah; Utomi, Daniel; Williams, Josh","0:00"
"03/10/2017","5:35 p.m.","2nd Half","17:00","33-41","Akron","Ivey, Jimond","","Leaves Game","","Jackson, Antino; Johnson, Isaiah; Robotham, Noah; Utomi, Daniel; Williams, Josh","0:00"
"03/10/2017","5:35 p.m.","2nd Half","16:44","33-41","Ball St.","House, Franko","","Commits Foul","14","House, Franko; Kiapway, Francis; Persons, Tayler; Sellers, Sean; Teague, Tahjai","1:57"
"03/10/2017","5:35 p.m.","2nd Half","16:23","33-41","Akron","Robotham, Noah","missed","Three Point Jumper","9","Jackson, Antino; Johnson, Isaiah; Robotham, Noah; Utomi, Daniel; Williams, Josh","0:37"
"03/10/2017","5:35 p.m.","2nd Half","16:23","33-41","Akron","Williams, Josh","","Offensive Rebound","","Jackson, Antino; Johnson, Isaiah; Robotham, Noah; Utomi, Daniel; Williams, Josh","0:37"
"03/10/2017","5:35 p.m.","2nd Half","16:19","33-41","Akron","Williams, Josh","missed","Three Point Jumper","26","Jackson, Antino; Johnson, Isaiah; Robotham, Noah; Utomi, Daniel; Williams, Josh","0:41"
"03/10/2017","5:35 p.m.","2nd Half","16:19","33-41","Ball St.","Persons, Tayler","","Defensive Rebound","","House, Franko; Kiapway, Francis; Persons, Tayler; Sellers, Sean; Teague, Tahjai","2:22"
"03/10/2017","5:35 p.m.","2nd Half","16:11","33-41","Ball St.","Sellers, Sean","","Turnover","","House, Franko; Kiapway, Francis; Persons, Tayler; Sellers, Sean; Teague, Tahjai","2:30"
"03/10/2017","5:35 p.m.","2nd Half","16:11","33-41","Ball St.","Sellers, Sean","","Commits Foul","","House, Franko; Kiapway, Francis; Persons, Tayler; Sellers, Sean; Teague, Tahjai","2:30"
"03/10/2017","5:35 p.m.","2nd Half","16:11","33-41","Ball St.","Weber, Ryan","","Enters Game","","House, Franko; Kiapway, Francis; Persons, Tayler; Sellers, Sean; Teague, Tahjai; Weber, Ryan","0:00"
"03/10/2017","5:35 p.m.","2nd Half","16:11","33-41","Ball St.","Tyler, Jeremie","","Enters Game","","House, Franko; Kiapway, Francis; Persons, Tayler; Sellers, Sean; Teague, Tahjai; Tyler, Jeremie; Weber, Ryan","0:00"
"03/10/2017","5:35 p.m.","2nd Half","16:11","33-41","Ball St.","Mallers, Kyle","","Enters Game","","House, Franko; Kiapway, Francis; Mallers, Kyle; Persons, Tayler; Sellers, Sean; Teague, Tahjai; Tyler, Jeremie; Weber, Ryan","0:00"
"03/10/2017","5:35 p.m.","2nd Half","16:11","33-41","Ball St.","Kiapway, Francis","","Leaves Game","","House, Franko; Mallers, Kyle; Persons, Tayler; Sellers, Sean; Teague, Tahjai; Tyler, Jeremie; Weber, Ryan","0:00"
"03/10/2017","5:35 p.m.","2nd Half","16:11","33-41","Ball St.","House, Franko","","Leaves Game","","Mallers, Kyle; Persons, Tayler; Sellers, Sean; Teague, Tahjai; Tyler, Jeremie; Weber, Ryan","0:00"
"03/10/2017","5:35 p.m.","2nd Half","16:11","33-41","Ball St.","Sellers, Sean","","Leaves Game","","Mallers, Kyle; Persons, Tayler; Teague, Tahjai; Tyler, Jeremie; Weber, Ryan","0:00"
"03/10/2017","5:35 p.m.","2nd Half","15:47","33-41","Akron","Williams, Josh","missed","Two Point Jumper","6","Jackson, Antino; Johnson, Isaiah; Robotham, Noah; Utomi, Daniel; Williams, Josh","1:13"
"03/10/2017","5:35 p.m.","2nd Half","15:47","33-41","Ball St.","Persons, Tayler","","Defensive Rebound","","Mallers, Kyle; Persons, Tayler; Teague, Tahjai; Tyler, Jeremie; Weber, Ryan","0:24"
"03/10/2017","5:35 p.m.","2nd Half","15:42","33-41","Ball St.","Persons, Tayler","","Turnover","","Mallers, Kyle; Persons, Tayler; Teague, Tahjai; Tyler, Jeremie; Weber, Ryan","0:29"
"03/10/2017","5:35 p.m.","2nd Half","15:41","33-41","Akron","Jackson, Antino","","Steal","","Jackson, Antino; Johnson, Isaiah; Robotham, Noah; Utomi, Daniel; Williams, Josh","1:19"
"03/10/2017","5:35 p.m.","2nd Half","15:38","33-43","Akron","Jackson, Antino","made","Layup","26","Jackson, Antino; Johnson, Isaiah; Robotham, Noah; Utomi, Daniel; Williams, Josh","1:22"
"03/10/2017","5:35 p.m.","2nd Half","15:18","35-43","Ball St.","Teague, Tahjai","made","Layup","10","Mallers, Kyle; Persons, Tayler; Teague, Tahjai; Tyler, Jeremie; Weber, Ryan","0:53"
"03/10/2017","5:35 p.m.","2nd Half","15:01","35-43","Akron","Robotham, Noah","","Turnover","","Jackson, Antino; Johnson, Isaiah; Robotham, Noah; Utomi, Daniel; Williams, Josh","1:59"
"03/10/2017","5:35 p.m.","2nd Half","15:00","35-43","Ball St.","Mallers, Kyle","","Steal","","Mallers, Kyle; Persons, Tayler; Teague, Tahjai; Tyler, Jeremie; Weber, Ryan","1:11"
"03/10/2017","5:35 p.m.","2nd Half","14:58","37-43","Ball St.","Mallers, Kyle","made","Layup","27","Mallers, Kyle; Persons, Tayler; Teague, Tahjai; Tyler, Jeremie; Weber, Ryan","1:13"
"03/10/2017","5:35 p.m.","2nd Half","14:58","37-43","Ball St.","Persons, Tayler","","Assist","","Mallers, Kyle; Persons, Tayler; Teague, Tahjai; Tyler, Jeremie; Weber, Ryan","1:13"
"03/10/2017","5:35 p.m.","2nd Half","14:42","37-43","Akron","Team","","Second Timeout","","Jackson, Antino; Johnson, Isaiah; Robotham, Noah; Utomi, Daniel; Williams, Josh","2:18"
"03/10/2017","5:35 p.m.","2nd Half","14:42","37-43","Akron","Team","","Media Timeout","","Jackson, Antino; Johnson, Isaiah; Robotham, Noah; Utomi, Daniel; Williams, Josh","2:18"
"03/10/2017","5:35 p.m.","2nd Half","14:42","37-43","Ball St.","Moses, Trey","","Enters Game","","Mallers, Kyle; Moses, Trey; Persons, Tayler; Teague, Tahjai; Tyler, Jeremie; Weber, Ryan","0:00"
"03/10/2017","5:35 p.m.","2nd Half","14:42","37-43","Ball St.","Mallers, Kyle","","Leaves Game","","Moses, Trey; Persons, Tayler; Teague, Tahjai; Tyler, Jeremie; Weber, Ryan","0:00"
"03/10/2017","5:35 p.m.","2nd Half","14:42","37-43","Akron","Olojakpoke, Emmanuel","","Enters Game","","Jackson, Antino; Johnson, Isaiah; Olojakpoke, Emmanuel; Robotham, Noah; Utomi, Daniel; Williams, Josh","0:00"
"03/10/2017","5:35 p.m.","2nd Half","14:42","37-43","Akron","Dunn-Martin, Tavian","","Enters Game","","Dunn-Martin, Tavian; Jackson, Antino; Johnson, Isaiah; Olojakpoke, Emmanuel; Robotham, Noah; Utomi, Daniel; Williams, Josh","0:00"
"03/10/2017","5:35 p.m.","2nd Half","14:42","37-43","Akron","Ivey, Jimond","","Enters Game","","Dunn-Martin, Tavian; Ivey, Jimond; Jackson, Antino; Johnson, Isaiah; Olojakpoke, Emmanuel; Robotham, Noah; Utomi, Daniel; Williams, Josh","0:00"
"03/10/2017","5:35 p.m.","2nd Half","14:42","37-43","Akron","Robotham, Noah","","Leaves Game","","Dunn-Martin, Tavian; Ivey, Jimond; Jackson, Antino; Johnson, Isaiah; Olojakpoke, Emmanuel; Utomi, Daniel; Williams, Josh","0:00"
"03/10/2017","5:35 p.m.","2nd Half","14:42","37-43","Akron","Johnson, Isaiah","","Leaves Game","","Dunn-Martin, Tavian; Ivey, Jimond; Jackson, Antino; Olojakpoke, Emmanuel; Utomi, Daniel; Williams, Josh","0:00"
"03/10/2017","5:35 p.m.","2nd Half","14:42","37-43","Akron","Jackson, Antino","","Leaves Game","","Dunn-Martin, Tavian; Ivey, Jimond; Olojakpoke, Emmanuel; Utomi, Daniel; Williams, Josh","0:00"
"03/10/2017","5:35 p.m.","2nd Half","14:28","37-43","Akron","Ivey, Jimond","missed","Three Point Jumper","0","Dunn-Martin, Tavian; Ivey, Jimond; Olojakpoke, Emmanuel; Utomi, Daniel; Williams, Josh","0:14"
"03/10/2017","5:35 p.m.","2nd Half","14:28","37-43","Ball St.","Persons, Tayler","","Defensive Rebound","","Moses, Trey; Persons, Tayler; Teague, Tahjai; Tyler, Jeremie; Weber, Ryan","0:14"
"03/10/2017","5:35 p.m.","2nd Half","14:25","37-43","Akron","Olojakpoke, Emmanuel","","Commits Foul","27","Dunn-Martin, Tavian; Ivey, Jimond; Olojakpoke, Emmanuel; Utomi, Daniel; Williams, Josh","0:17"
"03/10/2017","5:35 p.m.","2nd Half","14:25","37-43","Ball St.","House, Franko","","Enters Game","","House, Franko; Moses, Trey; Persons, Tayler; Teague, Tahjai; Tyler, Jeremie; Weber, Ryan","0:00"
"03/10/2017","5:35 p.m.","2nd Half","14:25","37-43","Ball St.","Teague, Tahjai","","Leaves Game","","House, Franko; Moses, Trey; Persons, Tayler; Tyler, Jeremie; Weber, Ryan","0:00"
"03/10/2017","5:35 p.m.","2nd Half","14:09","37-43","Akron","Dunn-Martin, Tavian","","Commits Foul","14","Dunn-Martin, Tavian; Ivey, Jimond; Olojakpoke, Emmanuel; Utomi, Daniel; Williams, Josh","0:33"
"03/10/2017","5:35 p.m.","2nd Half","14:09","37-43","Ball St.","Moses, Trey","missed","Free Throw","","House, Franko; Moses, Trey; Persons, Tayler; Tyler, Jeremie; Weber, Ryan","0:16"
"03/10/2017","5:35 p.m.","2nd Half","14:09","37-43","Ball St.","Team","","Deadball Rebound","","House, Franko; Moses, Trey; Persons, Tayler; Tyler, Jeremie; Weber, Ryan","0:16"
"03/10/2017","5:35 p.m.","2nd Half","14:09","38-43","Ball St.","Moses, Trey","made","Free Throw","","House, Franko; Moses, Trey; Persons, Tayler; Tyler, Jeremie; Weber, Ryan","0:16"
"03/10/2017","5:35 p.m.","2nd Half","14:09","38-43","Akron","Johnson, Isaiah","","Enters Game","","Dunn-Martin, Tavian; Ivey, Jimond; Johnson, Isaiah; Olojakpoke, Emmanuel; Utomi, Daniel; Williams, Josh","0:00"
"03/10/2017","5:35 p.m.","2nd Half","14:09","38-43","Akron","Olojakpoke, Emmanuel","","Leaves Game","","Dunn-Martin, Tavian; Ivey, Jimond; Johnson, Isaiah; Utomi, Daniel; Williams, Josh","0:00"
"03/10/2017","5:35 p.m.","2nd Half","13:59","38-46","Akron","Utomi, Daniel","made","Three Point Jumper","20","Dunn-Martin, Tavian; Ivey, Jimond; Johnson, Isaiah; Utomi, Daniel; Williams, Josh","0:10"
"03/10/2017","5:35 p.m.","2nd Half","13:59","38-46","Akron","Ivey, Jimond","","Assist","","Dunn-Martin, Tavian; Ivey, Jimond; Johnson, Isaiah; Utomi, Daniel; Williams, Josh","0:10"
"03/10/2017","5:35 p.m.","2nd Half","13:47","38-46","Ball St.","Persons, Tayler","","Turnover","","House, Franko; Moses, Trey; Persons, Tayler; Tyler, Jeremie; Weber, Ryan","0:38"
"03/10/2017","5:35 p.m.","2nd Half","13:46","38-46","Akron","Williams, Josh","","Steal","","Dunn-Martin, Tavian; Ivey, Jimond; Johnson, Isaiah; Utomi, Daniel; Williams, Josh","0:23"
"03/10/2017","5:35 p.m.","2nd Half","13:27","38-46","Akron","Dunn-Martin, Tavian","missed","Three Point Jumper","10","Dunn-Martin, Tavian; Ivey, Jimond; Johnson, Isaiah; Utomi, Daniel; Williams, Josh","0:42"
"03/10/2017","5:35 p.m.","2nd Half","13:27","38-46","Ball St.","Tyler, Jeremie","","Defensive Rebound","","House, Franko; Moses, Trey; Persons, Tayler; Tyler, Jeremie; Weber, Ryan","0:58"
"03/10/2017","5:35 p.m.","2nd Half","13:12","38-46","Ball St.","Kiapway, Francis","","Enters Game","","House, Franko; Kiapway, Francis; Moses, Trey; Persons, Tayler; Tyler, Jeremie; Weber, Ryan","0:00"
"03/10/2017","5:35 p.m.","2nd Half","13:12","38-46","Ball St.","Persons, Tayler","","Leaves Game","","House, Franko; Kiapway, Francis; Moses, Trey; Tyler, Jeremie; Weber, Ryan","0:00"
"03/10/2017","5:35 p.m.","2nd Half","13:07","38-46","Ball St.","Moses, Trey","","Turnover","","House, Franko; Kiapway, Francis; Moses, Trey; Tyler, Jeremie; Weber, Ryan","0:05"
"03/10/2017","5:35 p.m.","2nd Half","13:07","38-46","Ball St.","Moses, Trey","","Commits Foul","","House, Franko; Kiapway, Francis; Moses, Trey; Tyler, Jeremie; Weber, Ryan","0:05"
"03/10/2017","5:35 p.m.","2nd Half","12:42","38-46","Ball St.","Moses, Trey","","Commits Foul","5","House, Franko; Kiapway, Francis; Moses, Trey; Tyler, Jeremie; Weber, Ryan","0:30"
"03/10/2017","5:35 p.m.","2nd Half","12:42","38-46","Akron","Williams, Josh","missed","Free Throw","","Dunn-Martin, Tavian; Ivey, Jimond; Johnson, Isaiah; Utomi, Daniel; Williams, Josh","1:27"
"03/10/2017","5:35 p.m.","2nd Half","12:42","38-46","Akron","Team","","Deadball Rebound","","Dunn-Martin, Tavian; Ivey, Jimond; Johnson, Isaiah; Utomi, Daniel; Williams, Josh","1:27"
"03/10/2017","5:35 p.m.","2nd Half","12:42","38-46","Akron","Williams, Josh","missed","Free Throw","","Dunn-Martin, Tavian; Ivey, Jimond; Johnson, Isaiah; Utomi, Daniel; Williams, Josh","1:27"
"03/10/2017","5:35 p.m.","2nd Half","12:42","38-46","Ball St.","Sellers, Sean","","Defensive Rebound","","House, Franko; Kiapway, Francis; Moses, Trey; Sellers, Sean; Tyler, Jeremie; Weber, Ryan","0:00"
"03/10/2017","5:35 p.m.","2nd Half","12:42","38-46","Ball St.","Sellers, Sean","","Enters Game","","House, Franko; Kiapway, Francis; Moses, Trey; Sellers, Sean; Tyler, Jeremie; Weber, Ryan","0:00"
"03/10/2017","5:35 p.m.","2nd Half","12:42","38-46","Ball St.","Teague, Tahjai","","Enters Game","","House, Franko; Kiapway, Francis; Moses, Trey; Sellers, Sean; Teague, Tahjai; Tyler, Jeremie; Weber, Ryan","0:00"
"03/10/2017","5:35 p.m.","2nd Half","12:42","38-46","Ball St.","Tyler, Jeremie","","Leaves Game","","House, Franko; Kiapway, Francis; Moses, Trey; Sellers, Sean; Teague, Tahjai; Weber, Ryan","0:00"
"03/10/2017","5:35 p.m.","2nd Half","12:42","38-46","Ball St.","Moses, Trey","","Leaves Game","","House, Franko; Kiapway, Francis; Sellers, Sean; Teague, Tahjai; Weber, Ryan","0:00"
"03/10/2017","5:35 p.m.","2nd Half","12:18","38-46","Akron","Utomi, Daniel","","Commits Foul","6","Dunn-Martin, Tavian; Ivey, Jimond; Johnson, Isaiah; Utomi, Daniel; Williams, Josh","1:51"
"03/10/2017","5:35 p.m.","2nd Half","12:18","39-46","Ball St.","Sellers, Sean","made","Free Throw","","House, Franko; Kiapway, Francis; Sellers, Sean; Teague, Tahjai; Weber, Ryan","0:24"
"03/10/2017","5:35 p.m.","2nd Half","12:18","40-46","Ball St.","Sellers, Sean","made","Free Throw","","House, Franko; Kiapway, Francis; Sellers, Sean; Teague, Tahjai; Weber, Ryan","0:24"
"03/10/2017","5:35 p.m.","2nd Half","12:18","40-46","Akron","Cheatham, Jr., Kwan","","Enters Game","","Cheatham, Jr., Kwan; Dunn-Martin, Tavian; Ivey, Jimond; Johnson, Isaiah; Utomi, Daniel; Williams, Josh","0:00"
"03/10/2017","5:35 p.m.","2nd Half","12:18","40-46","Akron","Jackson, Antino","","Enters Game","","Cheatham, Jr., Kwan; Dunn-Martin, Tavian; Ivey, Jimond; Jackson, Antino; Johnson, Isaiah; Utomi, Daniel; Williams, Josh","0:00"
"03/10/2017","5:35 p.m.","2nd Half","12:18","40-46","Akron","Utomi, Daniel","","Leaves Game","","Cheatham, Jr., Kwan; Dunn-Martin, Tavian; Ivey, Jimond; Jackson, Antino; Johnson, Isaiah; Williams, Josh","0:00"
"03/10/2017","5:35 p.m.","2nd Half","12:18","40-46","Akron","Williams, Josh","","Leaves Game","","Cheatham, Jr., Kwan; Dunn-Martin, Tavian; Ivey, Jimond; Jackson, Antino; Johnson, Isaiah","0:00"
"03/10/2017","5:35 p.m.","2nd Half","12:05","40-46","Ball St.","House, Franko","","Commits Foul","17","House, Franko; Kiapway, Francis; Sellers, Sean; Teague, Tahjai; Weber, Ryan","0:37"
"03/10/2017","5:35 p.m.","2nd Half","12:05","40-47","Akron","Ivey, Jimond","made","Free Throw","","Cheatham, Jr., Kwan; Dunn-Martin, Tavian; Ivey, Jimond; Jackson, Antino; Johnson, Isaiah","0:13"
"03/10/2017","5:35 p.m.","2nd Half","12:05","40-47","Akron","Ivey, Jimond","missed","Free Throw","","Cheatham, Jr., Kwan; Dunn-Martin, Tavian; Ivey, Jimond; Jackson, Antino; Johnson, Isaiah","0:13"
"03/10/2017","5:35 p.m.","2nd Half","12:05","40-47","Ball St.","Sellers, Sean","","Defensive Rebound","","House, Franko; Kiapway, Francis; Sellers, Sean; Teague, Tahjai; Weber, Ryan","0:37"
"03/10/2017","5:35 p.m.","2nd Half","11:45","42-47","Ball St.","House, Franko","made","Dunk","10","House, Franko; Kiapway, Francis; Sellers, Sean; Teague, Tahjai; Weber, Ryan","0:57"
"03/10/2017","5:35 p.m.","2nd Half","11:24","42-47","Akron","Johnson, Isaiah","missed","Layup","9","Cheatham, Jr., Kwan; Dunn-Martin, Tavian; Ivey, Jimond; Jackson, Antino; Johnson, Isaiah","0:54"
"03/10/2017","5:35 p.m.","2nd Half","11:24","42-47","Ball St.","Teague, Tahjai","","Defensive Rebound","","House, Franko; Kiapway, Francis; Sellers, Sean; Teague, Tahjai; Weber, Ryan","1:18"
"03/10/2017","5:35 p.m.","2nd Half","11:13","42-47","Ball St.","Weber, Ryan","missed","Three Point Jumper","19","House, Franko; Kiapway, Francis; Sellers, Sean; Teague, Tahjai; Weber, Ryan","1:29"
"03/10/2017","5:35 p.m.","2nd Half","11:13","42-47","Akron","Team","","Defensive Rebound","","Cheatham, Jr., Kwan; Dunn-Martin, Tavian; Ivey, Jimond; Jackson, Antino; Johnson, Isaiah","1:05"
"03/10/2017","5:35 p.m.","2nd Half","11:08","42-47","Akron","Team","","Media Timeout","","Cheatham, Jr., Kwan; Dunn-Martin, Tavian; Ivey, Jimond; Jackson, Antino; Johnson, Isaiah","1:10"
"03/10/2017","5:35 p.m.","2nd Half","11:08","42-47","Akron","Robotham, Noah","","Enters Game","","Cheatham, Jr., Kwan; Dunn-Martin, Tavian; Ivey, Jimond; Jackson, Antino; Johnson, Isaiah; Robotham, Noah","0:00"
"03/10/2017","5:35 p.m.","2nd Half","11:08","42-47","Akron","Dunn-Martin, Tavian","","Leaves Game","","Cheatham, Jr., Kwan; Ivey, Jimond; Jackson, Antino; Johnson, Isaiah; Robotham, Noah","1:28"
"03/10/2017","5:35 p.m.","2nd Half","10:43","42-47","Akron","Johnson, Isaiah","missed","Dunk","0","Cheatham, Jr., Kwan; Ivey, Jimond; Jackson, Antino; Johnson, Isaiah; Robotham, Noah","1:53"
"03/10/2017","5:35 p.m.","2nd Half","10:43","42-47","Ball St.","Sellers, Sean","","Blocked Shot","","House, Franko; Kiapway, Francis; Sellers, Sean; Teague, Tahjai; Weber, Ryan","1:59"
"03/10/2017","5:35 p.m.","2nd Half","10:41","42-47","Ball St.","Teague, Tahjai","","Defensive Rebound","","House, Franko; Kiapway, Francis; Sellers, Sean; Teague, Tahjai; Weber, Ryan","2:01"
"03/10/2017","5:35 p.m.","2nd Half","10:31","45-47","Ball St.","Kiapway, Francis","made","Three Point Jumper","18","House, Franko; Kiapway, Francis; Sellers, Sean; Teague, Tahjai; Weber, Ryan","2:11"
"03/10/2017","5:35 p.m.","2nd Half","10:31","45-47","Ball St.","Teague, Tahjai","","Assist","","House, Franko; Kiapway, Francis; Sellers, Sean; Teague, Tahjai; Weber, Ryan","2:11"
"03/10/2017","5:35 p.m.","2nd Half","10:11","45-47","Ball St.","House, Franko","","Commits Foul","10","House, Franko; Kiapway, Francis; Sellers, Sean; Teague, Tahjai; Weber, Ryan","2:31"
"03/10/2017","5:35 p.m.","2nd Half","10:11","45-47","Ball St.","Moses, Trey","","Enters Game","","House, Franko; Kiapway, Francis; Moses, Trey; Sellers, Sean; Teague, Tahjai; Weber, Ryan","0:00"
"03/10/2017","5:35 p.m.","2nd Half","10:11","45-47","Ball St.","House, Franko","","Leaves Game","","Kiapway, Francis; Moses, Trey; Sellers, Sean; Teague, Tahjai; Weber, Ryan","0:00"
"03/10/2017","5:35 p.m.","2nd Half","10:04","45-50","Akron","Cheatham, Jr., Kwan","made","Three Point Jumper","23","Cheatham, Jr., Kwan; Ivey, Jimond; Jackson, Antino; Johnson, Isaiah; Robotham, Noah","2:32"
"03/10/2017","5:35 p.m.","2nd Half","10:04","45-50","Akron","Johnson, Isaiah","","Assist","","Cheatham, Jr., Kwan; Ivey, Jimond; Jackson, Antino; Johnson, Isaiah; Robotham, Noah","2:32"
"03/10/2017","5:35 p.m.","2nd Half","09:44","45-50","Akron","Cheatham, Jr., Kwan","","Commits Foul","10","Cheatham, Jr., Kwan; Ivey, Jimond; Jackson, Antino; Johnson, Isaiah; Robotham, Noah","2:52"
"03/10/2017","5:35 p.m.","2nd Half","09:44","45-50","Ball St.","Moses, Trey","missed","Free Throw","","Kiapway, Francis; Moses, Trey; Sellers, Sean; Teague, Tahjai; Weber, Ryan","0:27"
"03/10/2017","5:35 p.m.","2nd Half","09:44","45-50","Ball St.","Team","","Deadball Rebound","","Kiapway, Francis; Moses, Trey; Sellers, Sean; Teague, Tahjai; Weber, Ryan","0:27"
"03/10/2017","5:35 p.m.","2nd Half","09:44","46-50","Ball St.","Moses, Trey","made","Free Throw","","Kiapway, Francis; Moses, Trey; Sellers, Sean; Teague, Tahjai; Weber, Ryan","0:27"
"03/10/2017","5:35 p.m.","2nd Half","09:44","46-50","Akron","Utomi, Daniel","","Enters Game","","Cheatham, Jr., Kwan; Ivey, Jimond; Jackson, Antino; Johnson, Isaiah; Robotham, Noah; Utomi, Daniel","0:00"
"03/10/2017","5:35 p.m.","2nd Half","09:44","46-50","Akron","Cheatham, Jr., Kwan","","Leaves Game","","Ivey, Jimond; Jackson, Antino; Johnson, Isaiah; Robotham, Noah; Utomi, Daniel","1:32"
"03/10/2017","5:35 p.m.","2nd Half","09:26","46-50","Akron","Jackson, Antino","missed","Three Point Jumper","12","Ivey, Jimond; Jackson, Antino; Johnson, Isaiah; Robotham, Noah; Utomi, Daniel","1:50"
"03/10/2017","5:35 p.m.","2nd Half","09:26","46-50","Ball St.","Kiapway, Francis","","Defensive Rebound","","Kiapway, Francis; Moses, Trey; Sellers, Sean; Teague, Tahjai; Weber, Ryan","0:45"
"03/10/2017","5:35 p.m.","2nd Half","09:02","46-50","Ball St.","Weber, Ryan","missed","Layup","6","Kiapway, Francis; Moses, Trey; Sellers, Sean; Teague, Tahjai; Weber, Ryan","1:09"
"03/10/2017","5:35 p.m.","2nd Half","09:02","46-50","Akron","Team","","Defensive Rebound","","Ivey, Jimond; Jackson, Antino; Johnson, Isaiah; Robotham, Noah; Utomi, Daniel","2:14"
"03/10/2017","5:35 p.m.","2nd Half","08:37","46-50","Akron","Ivey, Jimond","","Turnover","","Ivey, Jimond; Jackson, Antino; Johnson, Isaiah; Robotham, Noah; Utomi, Daniel","2:39"
"03/10/2017","5:35 p.m.","2nd Half","08:35","46-50","Ball St.","Sellers, Sean","","Steal","","Kiapway, Francis; Moses, Trey; Sellers, Sean; Teague, Tahjai; Weber, Ryan","1:36"
"03/10/2017","5:35 p.m.","2nd Half","08:30","46-50","Ball St.","Sellers, Sean","","Turnover","","Kiapway, Francis; Moses, Trey; Sellers, Sean; Teague, Tahjai; Weber, Ryan","1:41"
"03/10/2017","5:35 p.m.","2nd Half","08:29","46-50","Akron","Jackson, Antino","","Steal","","Ivey, Jimond; Jackson, Antino; Johnson, Isaiah; Robotham, Noah; Utomi, Daniel","2:47"
"03/10/2017","5:35 p.m.","2nd Half","08:26","46-52","Akron","Jackson, Antino","made","Layup","26","Ivey, Jimond; Jackson, Antino; Johnson, Isaiah; Robotham, Noah; Utomi, Daniel","2:50"
"03/10/2017","5:35 p.m.","2nd Half","08:23","46-52","Ball St.","Tyler, Jeremie","","Enters Game","","Kiapway, Francis; Moses, Trey; Sellers, Sean; Teague, Tahjai; Tyler, Jeremie; Weber, Ryan","0:00"
"03/10/2017","5:35 p.m.","2nd Half","08:23","46-52","Ball St.","Persons, Tayler","","Enters Game","","Kiapway, Francis; Moses, Trey; Persons, Tayler; Sellers, Sean; Teague, Tahjai; Tyler, Jeremie; Weber, Ryan","0:00"
"03/10/2017","5:35 p.m.","2nd Half","08:23","46-52","Ball St.","Kiapway, Francis","","Leaves Game","","Moses, Trey; Persons, Tayler; Sellers, Sean; Teague, Tahjai; Tyler, Jeremie; Weber, Ryan","0:00"
"03/10/2017","5:35 p.m.","2nd Half","08:23","46-52","Ball St.","Sellers, Sean","","Leaves Game","","Moses, Trey; Persons, Tayler; Teague, Tahjai; Tyler, Jeremie; Weber, Ryan","0:17"
"03/10/2017","5:35 p.m.","2nd Half","08:08","46-52","Ball St.","Weber, Ryan","","Turnover","","Moses, Trey; Persons, Tayler; Teague, Tahjai; Tyler, Jeremie; Weber, Ryan","0:32"
"03/10/2017","5:35 p.m.","2nd Half","08:07","46-52","Akron","Jackson, Antino","","Steal","","Ivey, Jimond; Jackson, Antino; Johnson, Isaiah; Robotham, Noah; Utomi, Daniel","3:09"
"03/10/2017","5:35 p.m.","2nd Half","08:03","46-54","Akron","Robotham, Noah","made","Layup","25","Ivey, Jimond; Jackson, Antino; Johnson, Isaiah; Robotham, Noah; Utomi, Daniel","3:13"
"03/10/2017","5:35 p.m.","2nd Half","08:03","46-54","Akron","Ivey, Jimond","","Assist","","Ivey, Jimond; Jackson, Antino; Johnson, Isaiah; Robotham, Noah; Utomi, Daniel","3:13"
"03/10/2017","5:35 p.m.","2nd Half","07:42","46-54","Ball St.","Tyler, Jeremie","missed","Layup","9","Moses, Trey; Persons, Tayler; Teague, Tahjai; Tyler, Jeremie; Weber, Ryan","0:58"
"03/10/2017","5:35 p.m.","2nd Half","07:42","46-54","Akron","Robotham, Noah","","Defensive Rebound","","Ivey, Jimond; Jackson, Antino; Johnson, Isaiah; Robotham, Noah; Utomi, Daniel","3:34"
"03/10/2017","5:35 p.m.","2nd Half","07:35","46-54","Akron","Jackson, Antino","missed","Layup","23","Ivey, Jimond; Jackson, Antino; Johnson, Isaiah; Robotham, Noah; Utomi, Daniel","3:41"
"03/10/2017","5:35 p.m.","2nd Half","07:35","46-54","Ball St.","Persons, Tayler","","Defensive Rebound","","Moses, Trey; Persons, Tayler; Teague, Tahjai; Tyler, Jeremie; Weber, Ryan","1:05"
"03/10/2017","5:35 p.m.","2nd Half","07:29","46-54","Akron","Robotham, Noah","","Commits Foul","24","Ivey, Jimond; Jackson, Antino; Johnson, Isaiah; Robotham, Noah; Utomi, Daniel","3:47"
"03/10/2017","5:35 p.m.","2nd Half","07:29","46-54","Ball St.","Team","","Timeout","","Moses, Trey; Persons, Tayler; Teague, Tahjai; Tyler, Jeremie; Weber, Ryan","1:11"
"03/10/2017","5:35 p.m.","2nd Half","07:29","46-54","Ball St.","Persons, Tayler","missed","Free Throw","","Moses, Trey; Persons, Tayler; Teague, Tahjai; Tyler, Jeremie; Weber, Ryan","1:11"
"03/10/2017","5:35 p.m.","2nd Half","07:29","46-54","Akron","Johnson, Isaiah","","Defensive Rebound","","Ivey, Jimond; Jackson, Antino; Johnson, Isaiah; Robotham, Noah; Utomi, Daniel","3:47"
"03/10/2017","5:35 p.m.","2nd Half","07:29","46-54","Ball St.","House, Franko","","Enters Game","","House, Franko; Moses, Trey; Persons, Tayler; Teague, Tahjai; Tyler, Jeremie; Weber, Ryan","0:00"
"03/10/2017","5:35 p.m.","2nd Half","07:29","46-54","Ball St.","Moses, Trey","","Leaves Game","","House, Franko; Persons, Tayler; Teague, Tahjai; Tyler, Jeremie; Weber, Ryan","0:00"
"03/10/2017","5:35 p.m.","2nd Half","07:29","46-54","Akron","Williams, Josh","","Enters Game","","Ivey, Jimond; Jackson, Antino; Johnson, Isaiah; Robotham, Noah; Utomi, Daniel; Williams, Josh","0:00"
"03/10/2017","5:35 p.m.","2nd Half","07:29","46-54","Akron","Jackson, Antino","","Leaves Game","","Ivey, Jimond; Johnson, Isaiah; Robotham, Noah; Utomi, Daniel; Williams, Josh","0:00"
"03/10/2017","5:35 p.m.","2nd Half","07:14","46-56","Akron","Johnson, Isaiah","made","Layup","15","Ivey, Jimond; Johnson, Isaiah; Robotham, Noah; Utomi, Daniel; Williams, Josh","0:15"
"03/10/2017","5:35 p.m.","2nd Half","07:02","48-56","Ball St.","Tyler, Jeremie","made","Two Point Jumper","18","House, Franko; Persons, Tayler; Teague, Tahjai; Tyler, Jeremie; Weber, Ryan","0:27"
"03/10/2017","5:35 p.m.","2nd Half","06:42","48-56","Akron","Ivey, Jimond","missed","Three Point Jumper","10","Ivey, Jimond; Johnson, Isaiah; Robotham, Noah; Utomi, Daniel; Williams, Josh","0:47"
"03/10/2017","5:35 p.m.","2nd Half","06:42","48-56","Ball St.","Weber, Ryan","","Defensive Rebound","","House, Franko; Persons, Tayler; Teague, Tahjai; Tyler, Jeremie; Weber, Ryan","0:47"
"03/10/2017","5:35 p.m.","2nd Half","06:30","51-56","Ball St.","Tyler, Jeremie","made","Three Point Jumper","18","House, Franko; Persons, Tayler; Teague, Tahjai; Tyler, Jeremie; Weber, Ryan","0:59"
"03/10/2017","5:35 p.m.","2nd Half","06:30","51-56","Ball St.","Teague, Tahjai","","Assist","","House, Franko; Persons, Tayler; Teague, Tahjai; Tyler, Jeremie; Weber, Ryan","0:59"
"03/10/2017","5:35 p.m.","2nd Half","05:59","51-56","Akron","Johnson, Isaiah","","Turnover","","Ivey, Jimond; Johnson, Isaiah; Robotham, Noah; Utomi, Daniel; Williams, Josh","1:30"
"03/10/2017","5:35 p.m.","2nd Half","05:58","51-56","Ball St.","Tyler, Jeremie","","Steal","","House, Franko; Persons, Tayler; Teague, Tahjai; Tyler, Jeremie; Weber, Ryan","1:31"
"03/10/2017","5:35 p.m.","2nd Half","05:52","51-56","Ball St.","Weber, Ryan","","Turnover","","House, Franko; Persons, Tayler; Teague, Tahjai; Tyler, Jeremie; Weber, Ryan","1:37"
"03/10/2017","5:35 p.m.","2nd Half","05:50","51-56","Akron","Robotham, Noah","","Steal","","Ivey, Jimond; Johnson, Isaiah; Robotham, Noah; Utomi, Daniel; Williams, Josh","1:39"
"03/10/2017","5:35 p.m.","2nd Half","05:49","51-58","Akron","Ivey, Jimond","made","Dunk","27","Ivey, Jimond; Johnson, Isaiah; Robotham, Noah; Utomi, Daniel; Williams, Josh","1:40"
"03/10/2017","5:35 p.m.","2nd Half","05:49","51-58","Akron","Robotham, Noah","","Assist","","Ivey, Jimond; Johnson, Isaiah; Robotham, Noah; Utomi, Daniel; Williams, Josh","1:40"
"03/10/2017","5:35 p.m.","2nd Half","05:30","53-58","Ball St.","House, Franko","made","Layup","11","House, Franko; Persons, Tayler; Teague, Tahjai; Tyler, Jeremie; Weber, Ryan","1:59"
"03/10/2017","5:35 p.m.","2nd Half","05:30","53-58","Ball St.","Persons, Tayler","","Assist","","House, Franko; Persons, Tayler; Teague, Tahjai; Tyler, Jeremie; Weber, Ryan","1:59"
"03/10/2017","5:35 p.m.","2nd Half","05:30","53-58","Akron","Utomi, Daniel","","Commits Foul","","Ivey, Jimond; Johnson, Isaiah; Robotham, Noah; Utomi, Daniel; Williams, Josh","1:59"
"03/10/2017","5:35 p.m.","2nd Half","05:30","54-58","Ball St.","House, Franko","made","Free Throw","","House, Franko; Persons, Tayler; Teague, Tahjai; Tyler, Jeremie; Weber, Ryan","1:59"
"03/10/2017","5:35 p.m.","2nd Half","05:30","54-58","Ball St.","Sellers, Sean","","Enters Game","","House, Franko; Persons, Tayler; Sellers, Sean; Teague, Tahjai; Tyler, Jeremie; Weber, Ryan","0:00"
"03/10/2017","5:35 p.m.","2nd Half","05:30","54-58","Ball St.","Weber, Ryan","","Leaves Game","","House, Franko; Persons, Tayler; Sellers, Sean; Teague, Tahjai; Tyler, Jeremie","0:00"
"03/10/2017","5:35 p.m.","2nd Half","05:30","54-58","Akron","Dunn-Martin, Tavian","","Enters Game","","Dunn-Martin, Tavian; Ivey, Jimond; Johnson, Isaiah; Robotham, Noah; Utomi, Daniel; Williams, Josh","0:00"
"03/10/2017","5:35 p.m.","2nd Half","05:30","54-58","Akron","Jackson, Antino","","Enters Game","","Dunn-Martin, Tavian; Ivey, Jimond; Jackson, Antino; Johnson, Isaiah; Robotham, Noah; Utomi, Daniel; Williams, Josh","0:00"
"03/10/2017","5:35 p.m.","2nd Half","05:30","54-58","Akron","Williams, Josh","","Leaves Game","","Dunn-Martin, Tavian; Ivey, Jimond; Jackson, Antino; Johnson, Isaiah; Robotham, Noah; Utomi, Daniel","0:00"
"03/10/2017","5:35 p.m.","2nd Half","05:30","54-58","Akron","Robotham, Noah","","Leaves Game","","Dunn-Martin, Tavian; Ivey, Jimond; Jackson, Antino; Johnson, Isaiah; Utomi, Daniel","0:00"
"03/10/2017","5:35 p.m.","2nd Half","05:10","54-61","Akron","Jackson, Antino","made","Three Point Jumper","10","Dunn-Martin, Tavian; Ivey, Jimond; Jackson, Antino; Johnson, Isaiah; Utomi, Daniel","0:20"
"03/10/2017","5:35 p.m.","2nd Half","04:48","57-61","Ball St.","Teague, Tahjai","made","Three Point Jumper","8","House, Franko; Persons, Tayler; Sellers, Sean; Teague, Tahjai; Tyler, Jeremie","0:42"
"03/10/2017","5:35 p.m.","2nd Half","04:48","57-61","Ball St.","House, Franko","","Assist","","House, Franko; Persons, Tayler; Sellers, Sean; Teague, Tahjai; Tyler, Jeremie","0:42"
"03/10/2017","5:35 p.m.","2nd Half","04:19","57-61","Ball St.","Kiapway, Francis","","Enters Game","","House, Franko; Kiapway, Francis; Persons, Tayler; Sellers, Sean; Teague, Tahjai; Tyler, Jeremie","0:00"
"03/10/2017","5:35 p.m.","2nd Half","04:19","57-61","Ball St.","Persons, Tayler","","Leaves Game","","House, Franko; Kiapway, Francis; Sellers, Sean; Teague, Tahjai; Tyler, Jeremie","0:00"
"03/10/2017","5:35 p.m.","2nd Half","04:19","57-61","Akron","Olojakpoke, Emmanuel","","Enters Game","","Dunn-Martin, Tavian; Ivey, Jimond; Jackson, Antino; Johnson, Isaiah; Olojakpoke, Emmanuel; Utomi, Daniel","0:00"
"03/10/2017","5:35 p.m.","2nd Half","04:19","57-61","Akron","Cheatham, Jr., Kwan","","Enters Game","","Cheatham, Jr., Kwan; Dunn-Martin, Tavian; Ivey, Jimond; Jackson, Antino; Johnson, Isaiah; Olojakpoke, Emmanuel; Utomi, Daniel","0:00"
"03/10/2017","5:35 p.m.","2nd Half","04:19","57-61","Akron","Utomi, Daniel","","Leaves Game","","Cheatham, Jr., Kwan; Dunn-Martin, Tavian; Ivey, Jimond; Jackson, Antino; Johnson, Isaiah; Olojakpoke, Emmanuel","0:00"
"03/10/2017","5:35 p.m.","2nd Half","04:19","57-61","Akron","Johnson, Isaiah","","Leaves Game","","Cheatham, Jr., Kwan; Dunn-Martin, Tavian; Ivey, Jimond; Jackson, Antino; Olojakpoke, Emmanuel","0:00"
"03/10/2017","5:35 p.m.","2nd Half","04:17","57-63","Akron","Jackson, Antino","made","Layup","0","Cheatham, Jr., Kwan; Dunn-Martin, Tavian; Ivey, Jimond; Jackson, Antino; Olojakpoke, Emmanuel","0:02"
"03/10/2017","5:35 p.m.","2nd Half","04:17","57-63","Akron","Johnson, Isaiah","","Assist","","Cheatham, Jr., Kwan; Dunn-Martin, Tavian; Ivey, Jimond; Jackson, Antino; Johnson, Isaiah; Olojakpoke, Emmanuel","0:00"
"03/10/2017","5:35 p.m.","2nd Half","04:17","57-63","Ball St.","Teague, Tahjai","","Commits Foul","","House, Franko; Kiapway, Francis; Sellers, Sean; Teague, Tahjai; Tyler, Jeremie","0:02"
"03/10/2017","5:35 p.m.","2nd Half","04:17","57-63","Akron","Jackson, Antino","missed","Free Throw","","Cheatham, Jr., Kwan; Dunn-Martin, Tavian; Ivey, Jimond; Jackson, Antino; Johnson, Isaiah; Olojakpoke, Emmanuel","0:00"
"03/10/2017","5:35 p.m.","2nd Half","04:17","57-63","Ball St.","House, Franko","","Defensive Rebound","","House, Franko; Kiapway, Francis; Sellers, Sean; Teague, Tahjai; Tyler, Jeremie","0:02"
"03/10/2017","5:35 p.m.","2nd Half","03:59","57-63","Ball St.","House, Franko","","Turnover","","House, Franko; Kiapway, Francis; Sellers, Sean; Teague, Tahjai; Tyler, Jeremie","0:20"
"03/10/2017","5:35 p.m.","2nd Half","03:58","57-63","Akron","Jackson, Antino","","Steal","","Cheatham, Jr., Kwan; Dunn-Martin, Tavian; Ivey, Jimond; Jackson, Antino; Johnson, Isaiah; Olojakpoke, Emmanuel","0:19"
"03/10/2017","5:35 p.m.","2nd Half","03:56","57-65","Akron","Jackson, Antino","made","Layup","27","Cheatham, Jr., Kwan; Dunn-Martin, Tavian; Ivey, Jimond; Jackson, Antino; Johnson, Isaiah; Olojakpoke, Emmanuel","0:21"
"03/10/2017","5:35 p.m.","2nd Half","03:49","57-65","Ball St.","Team","","Timeout","","House, Franko; Kiapway, Francis; Sellers, Sean; Teague, Tahjai; Tyler, Jeremie","0:30"
"03/10/2017","5:35 p.m.","2nd Half","03:49","57-65","Ball St.","Persons, Tayler","","Enters Game","","House, Franko; Kiapway, Francis; Persons, Tayler; Sellers, Sean; Teague, Tahjai; Tyler, Jeremie","0:00"
"03/10/2017","5:35 p.m.","2nd Half","03:49","57-65","Ball St.","Tyler, Jeremie","","Leaves Game","","House, Franko; Kiapway, Francis; Persons, Tayler; Sellers, Sean; Teague, Tahjai","2:30"
"03/10/2017","5:35 p.m.","2nd Half","03:49","57-65","Akron","Johnson, Isaiah","","Enters Game","","Cheatham, Jr., Kwan; Dunn-Martin, Tavian; Ivey, Jimond; Jackson, Antino; Johnson, Isaiah; Olojakpoke, Emmanuel","0:28"
"03/10/2017","5:35 p.m.","2nd Half","03:49","57-65","Akron","Olojakpoke, Emmanuel","","Leaves Game","","Cheatham, Jr., Kwan; Dunn-Martin, Tavian; Ivey, Jimond; Jackson, Antino; Johnson, Isaiah","1:10"
"03/10/2017","5:35 p.m.","2nd Half","03:29","59-65","Ball St.","Teague, Tahjai","made","Two Point Jumper","3","House, Franko; Kiapway, Francis; Persons, Tayler; Sellers, Sean; Teague, Tahjai","2:50"
"03/10/2017","5:35 p.m.","2nd Half","03:00","59-65","Akron","Jackson, Antino","missed","Three Point Jumper","1","Cheatham, Jr., Kwan; Dunn-Martin, Tavian; Ivey, Jimond; Jackson, Antino; Johnson, Isaiah","1:59"
"03/10/2017","5:35 p.m.","2nd Half","03:00","59-65","Akron","Ivey, Jimond","","Offensive Rebound","","Cheatham, Jr., Kwan; Dunn-Martin, Tavian; Ivey, Jimond; Jackson, Antino; Johnson, Isaiah","1:59"
"03/10/2017","5:35 p.m.","2nd Half","02:35","59-65","Akron","Dunn-Martin, Tavian","missed","Two Point Jumper","5","Cheatham, Jr., Kwan; Dunn-Martin, Tavian; Ivey, Jimond; Jackson, Antino; Johnson, Isaiah","2:24"
"03/10/2017","5:35 p.m.","2nd Half","02:35","59-65","Ball St.","Teague, Tahjai","","Defensive Rebound","","House, Franko; Kiapway, Francis; Persons, Tayler; Sellers, Sean; Teague, Tahjai","3:44"
"03/10/2017","5:35 p.m.","2nd Half","02:14","59-65","Ball St.","Teague, Tahjai","missed","Layup","9","House, Franko; Kiapway, Francis; Persons, Tayler; Sellers, Sean; Teague, Tahjai","4:05"
"03/10/2017","5:35 p.m.","2nd Half","02:14","59-65","Ball St.","House, Franko","","Offensive Rebound","","House, Franko; Kiapway, Francis; Persons, Tayler; Sellers, Sean; Teague, Tahjai","4:05"
"03/10/2017","5:35 p.m.","2nd Half","02:11","62-65","Ball St.","Kiapway, Francis","made","Three Point Jumper","27","House, Franko; Kiapway, Francis; Persons, Tayler; Sellers, Sean; Teague, Tahjai","4:08"
"03/10/2017","5:35 p.m.","2nd Half","02:11","62-65","Ball St.","Sellers, Sean","","Assist","","House, Franko; Kiapway, Francis; Persons, Tayler; Sellers, Sean; Teague, Tahjai","4:08"
"03/10/2017","5:35 p.m.","2nd Half","01:55","62-65","Akron","Team","","Second Timeout","","Cheatham, Jr., Kwan; Dunn-Martin, Tavian; Ivey, Jimond; Jackson, Antino; Johnson, Isaiah","3:04"
"03/10/2017","5:35 p.m.","2nd Half","01:55","62-65","Akron","Robotham, Noah","","Enters Game","","Cheatham, Jr., Kwan; Dunn-Martin, Tavian; Ivey, Jimond; Jackson, Antino; Johnson, Isaiah; Robotham, Noah","0:00"
"03/10/2017","5:35 p.m.","2nd Half","01:55","62-65","Akron","Dunn-Martin, Tavian","","Leaves Game","","Cheatham, Jr., Kwan; Ivey, Jimond; Jackson, Antino; Johnson, Isaiah; Robotham, Noah","2:52"
"03/10/2017","5:35 p.m.","2nd Half","01:45","62-67","Akron","Johnson, Isaiah","made","Layup","4","Cheatham, Jr., Kwan; Ivey, Jimond; Jackson, Antino; Johnson, Isaiah; Robotham, Noah","3:02"
"03/10/2017","5:35 p.m.","2nd Half","01:45","62-67","Ball St.","Teague, Tahjai","","Commits Foul","","House, Franko; Kiapway, Francis; Persons, Tayler; Sellers, Sean; Teague, Tahjai","4:34"
"03/10/2017","5:35 p.m.","2nd Half","01:45","62-68","Akron","Johnson, Isaiah","made","Free Throw","","Cheatham, Jr., Kwan; Ivey, Jimond; Jackson, Antino; Johnson, Isaiah; Robotham, Noah","3:02"
"03/10/2017","5:35 p.m.","2nd Half","01:33","62-68","Akron","Cheatham, Jr., Kwan","","Commits Foul","18","Cheatham, Jr., Kwan; Ivey, Jimond; Jackson, Antino; Johnson, Isaiah; Robotham, Noah","3:14"
"03/10/2017","5:35 p.m.","2nd Half","01:33","63-68","Ball St.","Sellers, Sean","made","Free Throw","","House, Franko; Kiapway, Francis; Persons, Tayler; Sellers, Sean; Teague, Tahjai","4:46"
"03/10/2017","5:35 p.m.","2nd Half","01:33","64-68","Ball St.","Sellers, Sean","made","Free Throw","","House, Franko; Kiapway, Francis; Persons, Tayler; Sellers, Sean; Teague, Tahjai","4:46"
"03/10/2017","5:35 p.m.","2nd Half","01:33","64-68","Akron","Utomi, Daniel","","Enters Game","","Cheatham, Jr., Kwan; Ivey, Jimond; Jackson, Antino; Johnson, Isaiah; Robotham, Noah; Utomi, Daniel","0:00"
"03/10/2017","5:35 p.m.","2nd Half","01:33","64-68","Akron","Cheatham, Jr., Kwan","","Leaves Game","","Ivey, Jimond; Jackson, Antino; Johnson, Isaiah; Robotham, Noah; Utomi, Daniel","3:47"
"03/10/2017","5:35 p.m.","2nd Half","01:09","64-70","Akron","Johnson, Isaiah","made","Layup","6","Ivey, Jimond; Jackson, Antino; Johnson, Isaiah; Robotham, Noah; Utomi, Daniel","4:11"
"03/10/2017","5:35 p.m.","2nd Half","00:58","64-70","Ball St.","Kiapway, Francis","missed","Three Point Jumper","19","House, Franko; Kiapway, Francis; Persons, Tayler; Sellers, Sean; Teague, Tahjai","5:21"
"03/10/2017","5:35 p.m.","2nd Half","00:58","64-70","Akron","Ivey, Jimond","","Defensive Rebound","","Ivey, Jimond; Jackson, Antino; Johnson, Isaiah; Robotham, Noah; Utomi, Daniel","4:22"
"03/10/2017","5:35 p.m.","2nd Half","00:54","64-70","Ball St.","Kiapway, Francis","","Commits Foul","26","House, Franko; Kiapway, Francis; Persons, Tayler; Sellers, Sean; Teague, Tahjai","5:25"
"03/10/2017","5:35 p.m.","2nd Half","00:54","64-70","Ball St.","Team","","Second Timeout","","House, Franko; Kiapway, Francis; Persons, Tayler; Sellers, Sean; Teague, Tahjai","5:25"
"03/10/2017","5:35 p.m.","2nd Half","00:54","64-70","Akron","Robotham, Noah","missed","Free Throw","","Ivey, Jimond; Jackson, Antino; Johnson, Isaiah; Robotham, Noah; Utomi, Daniel","4:26"
"03/10/2017","5:35 p.m.","2nd Half","00:54","64-70","Ball St.","House, Franko","","Defensive Rebound","","House, Franko; Kiapway, Francis; Persons, Tayler; Sellers, Sean; Teague, Tahjai","5:25"
"03/10/2017","5:35 p.m.","2nd Half","00:46","64-70","Ball St.","Teague, Tahjai","missed","Three Point Jumper","22","House, Franko; Kiapway, Francis; Persons, Tayler; Sellers, Sean; Teague, Tahjai","5:33"
"03/10/2017","5:35 p.m.","2nd Half","00:46","64-70","Akron","Ivey, Jimond","","Defensive Rebound","","Ivey, Jimond; Jackson, Antino; Johnson, Isaiah; Robotham, Noah; Utomi, Daniel","4:34"
"03/10/2017","5:35 p.m.","2nd Half","00:42","64-70","Akron","Ivey, Jimond","","Turnover","","Ivey, Jimond; Jackson, Antino; Johnson, Isaiah; Robotham, Noah; Utomi, Daniel","4:38"
"03/10/2017","5:35 p.m.","2nd Half","00:38","67-70","Ball St.","Persons, Tayler","made","Three Point Jumper","26","House, Franko; Kiapway, Francis; Persons, Tayler; Sellers, Sean; Teague, Tahjai","5:41"
"03/10/2017","5:35 p.m.","2nd Half","00:37","67-70","Ball St.","House, Franko","","Assist","","House, Franko; Kiapway, Francis; Persons, Tayler; Sellers, Sean; Teague, Tahjai","5:42"
"03/10/2017","5:35 p.m.","2nd Half","00:37","67-70","Ball St.","Team","","Team Timeout","","House, Franko; Kiapway, Francis; Persons, Tayler; Sellers, Sean; Teague, Tahjai","5:42"
"03/10/2017","5:35 p.m.","2nd Half","00:37","67-70","Ball St.","Weber, Ryan","","Enters Game","","House, Franko; Kiapway, Francis; Persons, Tayler; Sellers, Sean; Teague, Tahjai; Weber, Ryan","0:00"
"03/10/2017","5:35 p.m.","2nd Half","00:37","67-70","Ball St.","House, Franko","","Leaves Game","","Kiapway, Francis; Persons, Tayler; Sellers, Sean; Teague, Tahjai; Weber, Ryan","0:00"
"03/10/2017","5:35 p.m.","2nd Half","00:32","67-70","Akron","Team","","Team Timeout","","Ivey, Jimond; Jackson, Antino; Johnson, Isaiah; Robotham, Noah; Utomi, Daniel","4:48"
"03/10/2017","5:35 p.m.","2nd Half","00:31","67-70","Ball St.","Weber, Ryan","","Commits Foul","23","Kiapway, Francis; Persons, Tayler; Sellers, Sean; Teague, Tahjai; Weber, Ryan","0:06"
"03/10/2017","5:35 p.m.","2nd Half","00:31","67-71","Akron","Ivey, Jimond","made","Free Throw","","Ivey, Jimond; Jackson, Antino; Johnson, Isaiah; Robotham, Noah; Utomi, Daniel","4:49"
"03/10/2017","5:35 p.m.","2nd Half","00:31","67-72","Akron","Ivey, Jimond","made","Free Throw","","Ivey, Jimond; Jackson, Antino; Johnson, Isaiah; Robotham, Noah; Utomi, Daniel","4:49"
"03/10/2017","5:35 p.m.","2nd Half","00:31","67-72","Ball St.","House, Franko","","Enters Game","","House, Franko; Kiapway, Francis; Persons, Tayler; Sellers, Sean; Teague, Tahjai; Weber, Ryan","0:00"
"03/10/2017","5:35 p.m.","2nd Half","00:31","67-72","Ball St.","Weber, Ryan","","Leaves Game","","House, Franko; Kiapway, Francis; Persons, Tayler; Sellers, Sean; Teague, Tahjai","5:42"
"03/10/2017","5:35 p.m.","2nd Half","00:23","67-72","Ball St.","Persons, Tayler","missed","Three Point Jumper","22","House, Franko; Kiapway, Francis; Persons, Tayler; Sellers, Sean; Teague, Tahjai","5:50"
"03/10/2017","5:35 p.m.","2nd Half","00:23","67-72","Ball St.","Teague, Tahjai","","Offensive Rebound","","House, Franko; Kiapway, Francis; Persons, Tayler; Sellers, Sean; Teague, Tahjai","5:50"
"03/10/2017","5:35 p.m.","2nd Half","00:17","67-72","Ball St.","Kiapway, Francis","missed","Three Point Jumper","24","House, Franko; Kiapway, Francis; Persons, Tayler; Sellers, Sean; Teague, Tahjai","5:56"
"03/10/2017","5:35 p.m.","2nd Half","00:17","67-72","Ball St.","House, Franko","","Offensive Rebound","","House, Franko; Kiapway, Francis; Persons, Tayler; Sellers, Sean; Teague, Tahjai","5:56"
"03/10/2017","5:35 p.m.","2nd Half","00:14","67-72","Ball St.","Persons, Tayler","missed","Three Point Jumper","27","House, Franko; Kiapway, Francis; Persons, Tayler; Sellers, Sean; Teague, Tahjai","5:59"
"03/10/2017","5:35 p.m.","2nd Half","00:14","67-72","Akron","Utomi, Daniel","","Defensive Rebound","","Ivey, Jimond; Jackson, Antino; Johnson, Isaiah; Robotham, Noah; Utomi, Daniel","5:06"
"03/10/2017","5:35 p.m.","2nd Half","00:10","67-72","Ball St.","House, Franko","","Commits Foul","26","House, Franko; Kiapway, Francis; Persons, Tayler; Sellers, Sean; Teague, Tahjai","6:03"
"03/10/2017","5:35 p.m.","2nd Half","00:10","67-73","Akron","Utomi, Daniel","made","Free Throw","","Ivey, Jimond; Jackson, Antino; Johnson, Isaiah; Robotham, Noah; Utomi, Daniel","5:10"
"03/10/2017","5:35 p.m.","2nd Half","00:10","67-74","Akron","Utomi, Daniel","made","Free Throw","","Ivey, Jimond; Jackson, Antino; Johnson, Isaiah; Robotham, Noah; Utomi, Daniel","5:10"
"03/10/2017","5:35 p.m.","2nd Half","00:10","67-74","Ball St.","Weber, Ryan","","Enters Game","","House, Franko; Kiapway, Francis; Persons, Tayler; Sellers, Sean; Teague, Tahjai; Weber, Ryan","0:00"
"03/10/2017","5:35 p.m.","2nd Half","00:10","67-74","Ball St.","House, Franko","","Leaves Game","","Kiapway, Francis; Persons, Tayler; Sellers, Sean; Teague, Tahjai; Weber, Ryan","0:06"
"03/10/2017","5:35 p.m.","2nd Half","00:02","70-74","Ball St.","Kiapway, Francis","made","Three Point Jumper","22","Kiapway, Francis; Persons, Tayler; Sellers, Sean; Teague, Tahjai; Weber, Ryan","0:14"
"03/10/2017","5:35 p.m.","2nd Half","00:02","70-74","Ball St.","Team","","Second Timeout","","Kiapway, Francis; Persons, Tayler; Sellers, Sean; Teague, Tahjai; Weber, Ryan","0:14"
