"Time","Ball St.","Score","Akron"
"19:39","KIAPWAY,FRANCIS missed Two Point Jumper","0-0",""
"19:39","","0-0","IVEY,JIMOND Defensive Rebound"
"19:27","","0-2","CHEATHAM,JR, KWAN made Two Point Jumper"
"19:27","","0-2","ROBOTHAM,NOAH Assist"
"19:21","HOUSE,FRANKO Turnover","0-2",""
"19:15","","0-4","JOHNSON,ISAIAH made Layup"
"19:15","","0-4","IVEY,JIMOND Assist"
"18:53","MOSES,TREY missed Layup","0-4",""
"18:53","","0-4","JOHNSON,ISAIAH Defensive Rebound"
"18:47","","0-7","CHEATHAM,JR, KWAN made Three Point Jumper"
"18:47","","0-7","ROBOTHAM,NOAH Assist"
"18:45","TEAM 30 Second Timeout","0-7",""
"18:18","PERSONS,TAYLER made Three Point Jumper","3-7",""
"18:18","KIAPWAY,FRANCIS Assist","3-7",""
"17:52","","3-7","IVEY,JIMOND missed Three Point Jumper"
"17:52","","3-7","CHEATHAM,JR, KWAN Offensive Rebound"
"17:49","","3-10","CHEATHAM,JR, KWAN made Three Point Jumper"
"17:22","KIAPWAY,FRANCIS missed Three Point Jumper","3-10",""
"17:22","","3-10","JACKSON,ANTINO Defensive Rebound"
"17:08","","3-10","CHEATHAM,JR, KWAN missed Two Point Jumper"
"17:08","KIAPWAY,FRANCIS Defensive Rebound","3-10",""
"16:56","PERSONS,TAYLER missed Three Point Jumper","3-10",""
"16:56","","3-10","TEAM Defensive Rebound"
"16:41","","3-13","JACKSON,ANTINO made Three Point Jumper"
"16:41","","3-13","ROBOTHAM,NOAH Assist"
"16:29","HOUSE,FRANKO missed Layup","3-13",""
"16:29","","3-13","JOHNSON,ISAIAH Defensive Rebound"
"16:21","","3-13","ROBOTHAM,NOAH missed Two Point Jumper"
"16:21","TEAM Defensive Rebound","3-13",""
"15:55","KIAPWAY,FRANCIS made Three Point Jumper","6-13",""
"15:55","PERSONS,TAYLER Assist","6-13",""
"15:36","","6-13","CHEATHAM,JR, KWAN Turnover"
"15:36","","6-13","CHEATHAM,JR, KWAN Commits Foul"
"15:36","TEAM  Timeout","6-13",""
"15:36","TEAGUE,TAHJAI Enters Game","6-13",""
"15:36","SELLERS,SEAN Enters Game","6-13",""
"15:36","TYLER,JEREMIE Enters Game","6-13",""
"15:36","PERSONS,TAYLER Leaves Game","6-13",""
"15:36","HOUSE,FRANKO Leaves Game","6-13",""
"15:36","WEBER,RYAN Leaves Game","6-13",""
"15:36","","6-13","WILLIAMS,JOSH Enters Game"
"15:36","","6-13","UTOMI,DANIEL Enters Game"
"15:36","","6-13","CHEATHAM,JR, KWAN Leaves Game"
"15:36","","6-13","JACKSON,ANTINO Leaves Game"
"15:18","TYLER,JEREMIE Turnover","6-13",""
"15:17","","6-13","UTOMI,DANIEL Steal"
"15:14","","6-13","UTOMI,DANIEL missed Three Point Jumper"
"15:14","KIAPWAY,FRANCIS Defensive Rebound","6-13",""
"14:53","TEAGUE,TAHJAI missed Two Point Jumper","6-13",""
"14:53","","6-13","WILLIAMS,JOSH Defensive Rebound"
"14:35","MOSES,TREY Commits Foul","6-13",""
"14:35","","6-14","JOHNSON,ISAIAH made Free Throw"
"14:35","","6-15","JOHNSON,ISAIAH made Free Throw"
"14:13","MOSES,TREY missed Two Point Jumper","6-15",""
"14:13","","6-15","IVEY,JIMOND Defensive Rebound"
"14:03","","6-17","ROBOTHAM,NOAH made Two Point Jumper"
"13:45","SELLERS,SEAN made Three Point Jumper","9-17",""
"13:45","TEAGUE,TAHJAI Assist","9-17",""
"13:19","","9-17","JOHNSON,ISAIAH missed Layup"
"13:19","","9-17","JOHNSON,ISAIAH Offensive Rebound"
"13:17","","9-19","JOHNSON,ISAIAH made Layup"
"13:02","TEAGUE,TAHJAI made Layup","11-19",""
"12:32","SELLERS,SEAN Commits Foul","11-19",""
"12:32","HOUSE,FRANKO Enters Game","11-19",""
"12:32","MOSES,TREY Leaves Game","11-19",""
"12:32","","11-19","CHEATHAM,JR, KWAN Enters Game"
"12:32","","11-19","DUNN-MARTIN,TAVIAN Enters Game"
"12:32","","11-19","IVEY,JIMOND Leaves Game"
"12:32","","11-19","ROBOTHAM,NOAH Leaves Game"
"12:13","","11-21","JOHNSON,ISAIAH made Layup"
"11:57","HOUSE,FRANKO missed Layup","11-21",""
"11:57","","11-21","CHEATHAM,JR, KWAN Blocked Shot"
"11:53","HOUSE,FRANKO Offensive Rebound","11-21",""
"11:50","SELLERS,SEAN missed Three Point Jumper","11-21",""
"11:50","TEAGUE,TAHJAI Offensive Rebound","11-21",""
"11:49","TEAGUE,TAHJAI made Layup","13-21",""
"11:24","","13-21","UTOMI,DANIEL Turnover"
"11:24","TEAM  Timeout","13-21",""
"11:24","PERSONS,TAYLER Enters Game","13-21",""
"11:24","WEBER,RYAN Enters Game","13-21",""
"11:24","KIAPWAY,FRANCIS Leaves Game","13-21",""
"11:24","TYLER,JEREMIE Leaves Game","13-21",""
"11:24","","13-21","IVEY,JIMOND Enters Game"
"11:24","","13-21","UTOMI,DANIEL Leaves Game"
"11:14","HOUSE,FRANKO missed Three Point Jumper","13-21",""
"11:14","","13-21","JOHNSON,ISAIAH Defensive Rebound"
"10:55","","13-21","DUNN-MARTIN,TAVIAN missed Three Point Jumper"
"10:55","SELLERS,SEAN Defensive Rebound","13-21",""
"10:49","","13-21","JACKSON,ANTINO Enters Game"
"10:49","","13-21","WILLIAMS,JOSH Leaves Game"
"10:33","HOUSE,FRANKO missed Layup","13-21",""
"10:33","","13-21","IVEY,JIMOND Defensive Rebound"
"10:18","","13-23","DUNN-MARTIN,TAVIAN made Layup"
"09:56","HOUSE,FRANKO missed Three Point Jumper","13-23",""
"09:56","","13-23","JACKSON,ANTINO Defensive Rebound"
"09:49","","13-23","CHEATHAM,JR, KWAN missed Three Point Jumper"
"09:49","HOUSE,FRANKO Defensive Rebound","13-23",""
"09:39","TEAGUE,TAHJAI missed Two Point Jumper","13-23",""
"09:39","","13-23","JACKSON,ANTINO Defensive Rebound"
"09:23","","13-23","JACKSON,ANTINO missed Three Point Jumper"
"09:23","HOUSE,FRANKO Defensive Rebound","13-23",""
"09:16","PERSONS,TAYLER missed Layup","13-23",""
"09:15","","13-23","JACKSON,ANTINO Blocked Shot"
"09:14","PERSONS,TAYLER Offensive Rebound","13-23",""
"09:02","TEAGUE,TAHJAI made Three Point Jumper","16-23",""
"09:02","TEAGUE,TAHJAI Assist","16-23",""
"08:37","","16-26","DUNN-MARTIN,TAVIAN made Three Point Jumper"
"08:37","","16-26","JOHNSON,ISAIAH Assist"
"08:36","PERSONS,TAYLER Turnover","16-26",""
"08:36","MOSES,TREY Enters Game","16-26",""
"08:36","KIAPWAY,FRANCIS Enters Game","16-26",""
"08:36","TYLER,JEREMIE Enters Game","16-26",""
"08:36","MALLERS,KYLE Enters Game","16-26",""
"08:36","PERSONS,TAYLER Leaves Game","16-26",""
"08:36","TEAGUE,TAHJAI Leaves Game","16-26",""
"08:36","SELLERS,SEAN Leaves Game","16-26",""
"08:36","HOUSE,FRANKO Leaves Game","16-26",""
"08:36","","16-26","JACKSON,AARON Enters Game"
"08:36","","16-26","ROBOTHAM,NOAH Enters Game"
"08:36","","16-26","DUNN-MARTIN,TAVIAN Leaves Game"
"08:36","","16-26","JOHNSON,ISAIAH Leaves Game"
"08:10","","16-26","JACKSON,ANTINO missed Two Point Jumper"
"08:10","TYLER,JEREMIE Blocked Shot","16-26",""
"08:09","TYLER,JEREMIE Defensive Rebound","16-26",""
"07:55","TYLER,JEREMIE missed Three Point Jumper","16-26",""
"07:55","","16-26","JACKSON,ANTINO Defensive Rebound"
"07:52","MOSES,TREY Commits Foul","16-26",""
"07:51","","16-26","TEAM  Timeout"
"07:51","HOUSE,FRANKO Enters Game","16-26",""
"07:51","MOSES,TREY Leaves Game","16-26",""
"07:27","","16-28","JACKSON,ANTINO made Two Point Jumper"
"07:07","WEBER,RYAN missed Three Point Jumper","16-28",""
"07:07","","16-28","CHEATHAM,JR, KWAN Defensive Rebound"
"06:49","","16-28","CHEATHAM,JR, KWAN missed Two Point Jumper"
"06:49","WEBER,RYAN Defensive Rebound","16-28",""
"06:47","","16-28","IVEY,JIMOND Commits Foul"
"06:33","","16-28","JACKSON,AARON Commits Foul"
"06:33","MOSES,TREY Enters Game","16-28",""
"06:33","MALLERS,KYLE Leaves Game","16-28",""
"06:33","","16-28","JOHNSON,ISAIAH Enters Game"
"06:33","","16-28","JACKSON,AARON Leaves Game"
"06:26","TYLER,JEREMIE made Layup","18-28",""
"06:26","MOSES,TREY Assist","18-28",""
"06:26","","18-28","JACKSON,ANTINO Commits Foul"
"06:26","TYLER,JEREMIE made Free Throw","19-28",""
"06:06","","19-30","ROBOTHAM,NOAH made Two Point Jumper"
"06:06","","19-30","JOHNSON,ISAIAH Assist"
"05:45","WEBER,RYAN missed Three Point Jumper","19-30",""
"05:45","","19-30","TEAM Defensive Rebound"
"05:44","TEAGUE,TAHJAI Enters Game","19-30",""
"05:44","PERSONS,TAYLER Enters Game","19-30",""
"05:44","KIAPWAY,FRANCIS Leaves Game","19-30",""
"05:44","MOSES,TREY Leaves Game","19-30",""
"05:20","","19-33","JACKSON,ANTINO made Three Point Jumper"
"05:20","","19-33","JOHNSON,ISAIAH Assist"
"04:59","TYLER,JEREMIE Turnover","19-33",""
"04:59","SELLERS,SEAN Enters Game","19-33",""
"04:59","WEBER,RYAN Leaves Game","19-33",""
"04:59","","19-33","WILLIAMS,JOSH Enters Game"
"04:59","","19-33","IVEY,JIMOND Leaves Game"
"04:36","","19-33","JOHNSON,ISAIAH Turnover"
"04:36","","19-33","JOHNSON,ISAIAH Commits Foul"
"04:08","TEAGUE,TAHJAI missed Three Point Jumper","19-33",""
"04:08","","19-33","JACKSON,ANTINO Defensive Rebound"
"03:38","","19-33","ROBOTHAM,NOAH Turnover"
"03:38","","19-33","ROBOTHAM,NOAH Commits Foul"
"03:38","TEAM Media Timeout","19-33",""
"03:21","TEAGUE,TAHJAI missed Layup","19-33",""
"03:21","TEAGUE,TAHJAI Offensive Rebound","19-33",""
"03:19","TEAGUE,TAHJAI made Tip In","21-33",""
"02:57","","21-33","WILLIAMS,JOSH missed Three Point Jumper"
"02:57","HOUSE,FRANKO Defensive Rebound","21-33",""
"02:41","HOUSE,FRANKO made Three Point Jumper","24-33",""
"02:41","PERSONS,TAYLER Assist","24-33",""
"02:20","","24-33","JACKSON,ANTINO Turnover"
"02:19","TEAGUE,TAHJAI Steal","24-33",""
"02:08","TEAGUE,TAHJAI made Three Point Jumper","27-33",""
"01:40","SELLERS,SEAN Commits Foul","27-33",""
"01:40","","27-34","JOHNSON,ISAIAH made Free Throw"
"01:40","","27-35","JOHNSON,ISAIAH made Free Throw"
"01:40","WEBER,RYAN Enters Game","27-35",""
"01:40","SELLERS,SEAN Leaves Game","27-35",""
"01:40","","27-35","IVEY,JIMOND Enters Game"
"01:40","","27-35","JACKSON,ANTINO Leaves Game"
"01:32","HOUSE,FRANKO Turnover","27-35",""
"01:32","HOUSE,FRANKO Commits Foul","27-35",""
"01:19","","27-35","WILLIAMS,JOSH Turnover"
"01:18","HOUSE,FRANKO Steal","27-35",""
"01:08","TEAGUE,TAHJAI missed Layup","27-35",""
"01:08","","27-35","CHEATHAM,JR, KWAN Defensive Rebound"
"00:58","","27-35","ROBOTHAM,NOAH missed Two Point Jumper"
"00:58","","27-35","JOHNSON,ISAIAH Offensive Rebound"
"00:54","","27-37","JOHNSON,ISAIAH made Tip In"
"00:53","PERSONS,TAYLER Turnover","27-37",""
"00:53","PERSONS,TAYLER Commits Foul","27-37",""
"00:39","","27-37","JOHNSON,ISAIAH Turnover"
"00:38","HOUSE,FRANKO Steal","27-37",""
"00:34","TYLER,JEREMIE made Three Point Jumper","30-37",""
"00:34","WEBER,RYAN Assist","30-37",""
"00:01","","30-39","IVEY,JIMOND made Layup"
"00:01","","30-39","ROBOTHAM,NOAH Assist"
"End of 1st Half"
