"Time","Ball St.","Score","Akron"
"19:44","","30-39","CHEATHAM,JR, KWAN Turnover"
"19:44","","30-39","CHEATHAM,JR, KWAN Commits Foul"
"19:27","HOUSE,FRANKO missed Layup","30-39",""
"19:27","","30-39","JOHNSON,ISAIAH Blocked Shot"
"19:26","","30-39","JACKSON,ANTINO Defensive Rebound"
"19:20","","30-39","JACKSON,ANTINO missed Two Point Jumper"
"19:20","HOUSE,FRANKO Defensive Rebound","30-39",""
"19:10","WEBER,RYAN missed Three Point Jumper","30-39",""
"19:10","WEBER,RYAN Offensive Rebound","30-39",""
"19:08","WEBER,RYAN Turnover","30-39",""
"18:57","","30-41","ROBOTHAM,NOAH made Layup"
"18:42","","30-41","CHEATHAM,JR, KWAN Commits Foul"
"18:41","HOUSE,FRANKO made Free Throw","31-41",""
"18:41","HOUSE,FRANKO missed Free Throw","31-41",""
"18:41","","31-41","IVEY,JIMOND Defensive Rebound"
"18:41","TEAGUE,TAHJAI Enters Game","31-41",""
"18:41","SELLERS,SEAN Enters Game","31-41",""
"18:41","WEBER,RYAN Leaves Game","31-41",""
"18:41","MOSES,TREY Leaves Game","31-41",""
"18:32","","31-41","JOHNSON,ISAIAH Turnover"
"18:32","","31-41","JOHNSON,ISAIAH Commits Foul"
"18:32","","31-41","UTOMI,DANIEL Enters Game"
"18:32","","31-41","CHEATHAM,JR, KWAN Leaves Game"
"18:19","HOUSE,FRANKO Turnover","31-41",""
"17:57","","31-41","JACKSON,ANTINO missed Layup"
"17:57","HOUSE,FRANKO Defensive Rebound","31-41",""
"17:46","PERSONS,TAYLER missed Layup","31-41",""
"17:46","","31-41","IVEY,JIMOND Defensive Rebound"
"17:39","","31-41","ROBOTHAM,NOAH Turnover"
"17:39","TEAGUE,TAHJAI Steal","31-41",""
"17:21","SELLERS,SEAN Turnover","31-41",""
"17:19","","31-41","JACKSON,ANTINO Steal"
"17:07","","31-41","IVEY,JIMOND Turnover"
"17:06","HOUSE,FRANKO Steal","31-41",""
"17:01","TEAGUE,TAHJAI missed Layup","31-41",""
"17:01","SELLERS,SEAN Offensive Rebound","31-41",""
"17:00","","31-41","IVEY,JIMOND Commits Foul"
"17:00","SELLERS,SEAN made Free Throw","32-41",""
"17:00","SELLERS,SEAN made Free Throw","33-41",""
"17:00","","33-41","WILLIAMS,JOSH Enters Game"
"17:00","","33-41","IVEY,JIMOND Leaves Game"
"16:44","HOUSE,FRANKO Commits Foul","33-41",""
"16:23","","33-41","ROBOTHAM,NOAH missed Three Point Jumper"
"16:23","","33-41","WILLIAMS,JOSH Offensive Rebound"
"16:19","","33-41","WILLIAMS,JOSH missed Three Point Jumper"
"16:19","PERSONS,TAYLER Defensive Rebound","33-41",""
"16:11","SELLERS,SEAN Turnover","33-41",""
"16:11","SELLERS,SEAN Commits Foul","33-41",""
"16:11","WEBER,RYAN Enters Game","33-41",""
"16:11","TYLER,JEREMIE Enters Game","33-41",""
"16:11","MALLERS,KYLE Enters Game","33-41",""
"16:11","KIAPWAY,FRANCIS Leaves Game","33-41",""
"16:11","HOUSE,FRANKO Leaves Game","33-41",""
"16:11","SELLERS,SEAN Leaves Game","33-41",""
"15:47","","33-41","WILLIAMS,JOSH missed Two Point Jumper"
"15:47","PERSONS,TAYLER Defensive Rebound","33-41",""
"15:42","PERSONS,TAYLER Turnover","33-41",""
"15:41","","33-41","JACKSON,ANTINO Steal"
"15:38","","33-43","JACKSON,ANTINO made Layup"
"15:18","TEAGUE,TAHJAI made Layup","35-43",""
"15:01","","35-43","ROBOTHAM,NOAH Turnover"
"15:00","MALLERS,KYLE Steal","35-43",""
"14:58","MALLERS,KYLE made Layup","37-43",""
"14:58","PERSONS,TAYLER Assist","37-43",""
"14:42","","37-43","TEAM 30 Second Timeout"
"14:42","","37-43","TEAM Media Timeout"
"14:42","MOSES,TREY Enters Game","37-43",""
"14:42","MALLERS,KYLE Leaves Game","37-43",""
"14:42","","37-43","OLOJAKPOKE,EMMANUEL Enters Game"
"14:42","","37-43","DUNN-MARTIN,TAVIAN Enters Game"
"14:42","","37-43","IVEY,JIMOND Enters Game"
"14:42","","37-43","ROBOTHAM,NOAH Leaves Game"
"14:42","","37-43","JOHNSON,ISAIAH Leaves Game"
"14:42","","37-43","JACKSON,ANTINO Leaves Game"
"14:28","","37-43","IVEY,JIMOND missed Three Point Jumper"
"14:28","PERSONS,TAYLER Defensive Rebound","37-43",""
"14:25","","37-43","OLOJAKPOKE,EMMANUEL Commits Foul"
"14:25","HOUSE,FRANKO Enters Game","37-43",""
"14:25","TEAGUE,TAHJAI Leaves Game","37-43",""
"14:09","","37-43","DUNN-MARTIN,TAVIAN Commits Foul"
"14:09","MOSES,TREY missed Free Throw","37-43",""
"14:09","TEAM Deadball Rebound","37-43",""
"14:09","MOSES,TREY made Free Throw","38-43",""
"14:09","","38-43","JOHNSON,ISAIAH Enters Game"
"14:09","","38-43","OLOJAKPOKE,EMMANUEL Leaves Game"
"13:59","","38-46","UTOMI,DANIEL made Three Point Jumper"
"13:59","","38-46","IVEY,JIMOND Assist"
"13:47","PERSONS,TAYLER Turnover","38-46",""
"13:46","","38-46","WILLIAMS,JOSH Steal"
"13:27","","38-46","DUNN-MARTIN,TAVIAN missed Three Point Jumper"
"13:27","TYLER,JEREMIE Defensive Rebound","38-46",""
"13:12","KIAPWAY,FRANCIS Enters Game","38-46",""
"13:12","PERSONS,TAYLER Leaves Game","38-46",""
"13:07","MOSES,TREY Turnover","38-46",""
"13:07","MOSES,TREY Commits Foul","38-46",""
"12:42","MOSES,TREY Commits Foul","38-46",""
"12:42","","38-46","WILLIAMS,JOSH missed Free Throw"
"12:42","","38-46","TEAM Deadball Rebound"
"12:42","","38-46","WILLIAMS,JOSH missed Free Throw"
"12:42","SELLERS,SEAN Defensive Rebound","38-46",""
"12:42","SELLERS,SEAN Enters Game","38-46",""
"12:42","TEAGUE,TAHJAI Enters Game","38-46",""
"12:42","TYLER,JEREMIE Leaves Game","38-46",""
"12:42","MOSES,TREY Leaves Game","38-46",""
"12:18","","38-46","UTOMI,DANIEL Commits Foul"
"12:18","SELLERS,SEAN made Free Throw","39-46",""
"12:18","SELLERS,SEAN made Free Throw","40-46",""
"12:18","","40-46","CHEATHAM,JR, KWAN Enters Game"
"12:18","","40-46","JACKSON,ANTINO Enters Game"
"12:18","","40-46","UTOMI,DANIEL Leaves Game"
"12:18","","40-46","WILLIAMS,JOSH Leaves Game"
"12:05","HOUSE,FRANKO Commits Foul","40-46",""
"12:05","","40-47","IVEY,JIMOND made Free Throw"
"12:05","","40-47","IVEY,JIMOND missed Free Throw"
"12:05","SELLERS,SEAN Defensive Rebound","40-47",""
"11:45","HOUSE,FRANKO made Dunk","42-47",""
"11:24","","42-47","JOHNSON,ISAIAH missed Layup"
"11:24","TEAGUE,TAHJAI Defensive Rebound","42-47",""
"11:13","WEBER,RYAN missed Three Point Jumper","42-47",""
"11:13","","42-47","TEAM Defensive Rebound"
"11:08","","42-47","TEAM Media Timeout"
"11:08","","42-47","ROBOTHAM,NOAH Enters Game"
"11:08","","42-47","DUNN-MARTIN,TAVIAN Leaves Game"
"10:43","","42-47","JOHNSON,ISAIAH missed Dunk"
"10:43","SELLERS,SEAN Blocked Shot","42-47",""
"10:41","TEAGUE,TAHJAI Defensive Rebound","42-47",""
"10:31","KIAPWAY,FRANCIS made Three Point Jumper","45-47",""
"10:31","TEAGUE,TAHJAI Assist","45-47",""
"10:11","HOUSE,FRANKO Commits Foul","45-47",""
"10:11","MOSES,TREY Enters Game","45-47",""
"10:11","HOUSE,FRANKO Leaves Game","45-47",""
"10:04","","45-50","CHEATHAM,JR, KWAN made Three Point Jumper"
"10:04","","45-50","JOHNSON,ISAIAH Assist"
"09:44","","45-50","CHEATHAM,JR, KWAN Commits Foul"
"09:44","MOSES,TREY missed Free Throw","45-50",""
"09:44","TEAM Deadball Rebound","45-50",""
"09:44","MOSES,TREY made Free Throw","46-50",""
"09:44","","46-50","UTOMI,DANIEL Enters Game"
"09:44","","46-50","CHEATHAM,JR, KWAN Leaves Game"
"09:26","","46-50","JACKSON,ANTINO missed Three Point Jumper"
"09:26","KIAPWAY,FRANCIS Defensive Rebound","46-50",""
"09:02","WEBER,RYAN missed Layup","46-50",""
"09:02","","46-50","TEAM Defensive Rebound"
"08:37","","46-50","IVEY,JIMOND Turnover"
"08:35","SELLERS,SEAN Steal","46-50",""
"08:30","SELLERS,SEAN Turnover","46-50",""
"08:29","","46-50","JACKSON,ANTINO Steal"
"08:26","","46-52","JACKSON,ANTINO made Layup"
"08:23","TYLER,JEREMIE Enters Game","46-52",""
"08:23","PERSONS,TAYLER Enters Game","46-52",""
"08:23","KIAPWAY,FRANCIS Leaves Game","46-52",""
"08:23","SELLERS,SEAN Leaves Game","46-52",""
"08:08","WEBER,RYAN Turnover","46-52",""
"08:07","","46-52","JACKSON,ANTINO Steal"
"08:03","","46-54","ROBOTHAM,NOAH made Layup"
"08:03","","46-54","IVEY,JIMOND Assist"
"07:42","TYLER,JEREMIE missed Layup","46-54",""
"07:42","","46-54","ROBOTHAM,NOAH Defensive Rebound"
"07:35","","46-54","JACKSON,ANTINO missed Layup"
"07:35","PERSONS,TAYLER Defensive Rebound","46-54",""
"07:29","","46-54","ROBOTHAM,NOAH Commits Foul"
"07:29","TEAM  Timeout","46-54",""
"07:29","PERSONS,TAYLER missed Free Throw","46-54",""
"07:29","","46-54","JOHNSON,ISAIAH Defensive Rebound"
"07:29","HOUSE,FRANKO Enters Game","46-54",""
"07:29","MOSES,TREY Leaves Game","46-54",""
"07:29","","46-54","WILLIAMS,JOSH Enters Game"
"07:29","","46-54","JACKSON,ANTINO Leaves Game"
"07:14","","46-56","JOHNSON,ISAIAH made Layup"
"07:02","TYLER,JEREMIE made Two Point Jumper","48-56",""
"06:42","","48-56","IVEY,JIMOND missed Three Point Jumper"
"06:42","WEBER,RYAN Defensive Rebound","48-56",""
"06:30","TYLER,JEREMIE made Three Point Jumper","51-56",""
"06:30","TEAGUE,TAHJAI Assist","51-56",""
"05:59","","51-56","JOHNSON,ISAIAH Turnover"
"05:58","TYLER,JEREMIE Steal","51-56",""
"05:52","WEBER,RYAN Turnover","51-56",""
"05:50","","51-56","ROBOTHAM,NOAH Steal"
"05:49","","51-58","IVEY,JIMOND made Dunk"
"05:49","","51-58","ROBOTHAM,NOAH Assist"
"05:30","HOUSE,FRANKO made Layup","53-58",""
"05:30","PERSONS,TAYLER Assist","53-58",""
"05:30","","53-58","UTOMI,DANIEL Commits Foul"
"05:30","HOUSE,FRANKO made Free Throw","54-58",""
"05:30","SELLERS,SEAN Enters Game","54-58",""
"05:30","WEBER,RYAN Leaves Game","54-58",""
"05:30","","54-58","DUNN-MARTIN,TAVIAN Enters Game"
"05:30","","54-58","JACKSON,ANTINO Enters Game"
"05:30","","54-58","WILLIAMS,JOSH Leaves Game"
"05:30","","54-58","ROBOTHAM,NOAH Leaves Game"
"05:10","","54-61","JACKSON,ANTINO made Three Point Jumper"
"04:48","TEAGUE,TAHJAI made Three Point Jumper","57-61",""
"04:48","HOUSE,FRANKO Assist","57-61",""
"04:19","KIAPWAY,FRANCIS Enters Game","57-61",""
"04:19","PERSONS,TAYLER Leaves Game","57-61",""
"04:19","","57-61","OLOJAKPOKE,EMMANUEL Enters Game"
"04:19","","57-61","CHEATHAM,JR, KWAN Enters Game"
"04:19","","57-61","UTOMI,DANIEL Leaves Game"
"04:19","","57-61","JOHNSON,ISAIAH Leaves Game"
"04:17","","57-63","JACKSON,ANTINO made Layup"
"04:17","","57-63","JOHNSON,ISAIAH Assist"
"04:17","TEAGUE,TAHJAI Commits Foul","57-63",""
"04:17","","57-63","JACKSON,ANTINO missed Free Throw"
"04:17","HOUSE,FRANKO Defensive Rebound","57-63",""
"03:59","HOUSE,FRANKO Turnover","57-63",""
"03:58","","57-63","JACKSON,ANTINO Steal"
"03:56","","57-65","JACKSON,ANTINO made Layup"
"03:49","TEAM  Timeout","57-65",""
"03:49","PERSONS,TAYLER Enters Game","57-65",""
"03:49","TYLER,JEREMIE Leaves Game","57-65",""
"03:49","","57-65","JOHNSON,ISAIAH Enters Game"
"03:49","","57-65","OLOJAKPOKE,EMMANUEL Leaves Game"
"03:29","TEAGUE,TAHJAI made Two Point Jumper","59-65",""
"03:00","","59-65","JACKSON,ANTINO missed Three Point Jumper"
"03:00","","59-65","IVEY,JIMOND Offensive Rebound"
"02:35","","59-65","DUNN-MARTIN,TAVIAN missed Two Point Jumper"
"02:35","TEAGUE,TAHJAI Defensive Rebound","59-65",""
"02:14","TEAGUE,TAHJAI missed Layup","59-65",""
"02:14","HOUSE,FRANKO Offensive Rebound","59-65",""
"02:11","KIAPWAY,FRANCIS made Three Point Jumper","62-65",""
"02:11","SELLERS,SEAN Assist","62-65",""
"01:55","","62-65","TEAM 30 Second Timeout"
"01:55","","62-65","ROBOTHAM,NOAH Enters Game"
"01:55","","62-65","DUNN-MARTIN,TAVIAN Leaves Game"
"01:45","","62-67","JOHNSON,ISAIAH made Layup"
"01:45","TEAGUE,TAHJAI Commits Foul","62-67",""
"01:45","","62-68","JOHNSON,ISAIAH made Free Throw"
"01:33","","62-68","CHEATHAM,JR, KWAN Commits Foul"
"01:33","SELLERS,SEAN made Free Throw","63-68",""
"01:33","SELLERS,SEAN made Free Throw","64-68",""
"01:33","","64-68","UTOMI,DANIEL Enters Game"
"01:33","","64-68","CHEATHAM,JR, KWAN Leaves Game"
"01:09","","64-70","JOHNSON,ISAIAH made Layup"
"00:58","KIAPWAY,FRANCIS missed Three Point Jumper","64-70",""
"00:58","","64-70","IVEY,JIMOND Defensive Rebound"
"00:54","KIAPWAY,FRANCIS Commits Foul","64-70",""
"00:54","TEAM 30 Second Timeout","64-70",""
"00:54","","64-70","ROBOTHAM,NOAH missed Free Throw"
"00:54","HOUSE,FRANKO Defensive Rebound","64-70",""
"00:46","TEAGUE,TAHJAI missed Three Point Jumper","64-70",""
"00:46","","64-70","IVEY,JIMOND Defensive Rebound"
"00:42","","64-70","IVEY,JIMOND Turnover"
"00:38","PERSONS,TAYLER made Three Point Jumper","67-70",""
"00:37","HOUSE,FRANKO Assist","67-70",""
"00:37","TEAM Team Timeout","67-70",""
"00:37","WEBER,RYAN Enters Game","67-70",""
"00:37","HOUSE,FRANKO Leaves Game","67-70",""
"00:32","","67-70","TEAM Team Timeout"
"00:31","WEBER,RYAN Commits Foul","67-70",""
"00:31","","67-71","IVEY,JIMOND made Free Throw"
"00:31","","67-72","IVEY,JIMOND made Free Throw"
"00:31","HOUSE,FRANKO Enters Game","67-72",""
"00:31","WEBER,RYAN Leaves Game","67-72",""
"00:23","PERSONS,TAYLER missed Three Point Jumper","67-72",""
"00:23","TEAGUE,TAHJAI Offensive Rebound","67-72",""
"00:17","KIAPWAY,FRANCIS missed Three Point Jumper","67-72",""
"00:17","HOUSE,FRANKO Offensive Rebound","67-72",""
"00:14","PERSONS,TAYLER missed Three Point Jumper","67-72",""
"00:14","","67-72","UTOMI,DANIEL Defensive Rebound"
"00:10","HOUSE,FRANKO Commits Foul","67-72",""
"00:10","","67-73","UTOMI,DANIEL made Free Throw"
"00:10","","67-74","UTOMI,DANIEL made Free Throw"
"00:10","WEBER,RYAN Enters Game","67-74",""
"00:10","HOUSE,FRANKO Leaves Game","67-74",""
"00:02","KIAPWAY,FRANCIS made Three Point Jumper","70-74",""
"00:02","TEAM 30 Second Timeout","70-74",""
"End of 2nd Half"
