"Time","Arcadia","Score","Messiah"
"19:41","SLONE,EVAN made Layup","2-0",""
"19:41","PIERFY,PHIL Assist","2-0",""
"19:24","","2-2","CLIPPINGER,JOSH made Layup"
"18:53","KELLEY,RYAN missed Three Point Jumper","2-2",""
"18:53","","2-2","TEAM Defensive Rebound"
"18:51","DERR,WILL Enters Game","2-2",""
"18:51","SLONE,EVAN Leaves Game","2-2",""
"18:41","","2-2","LONG,LOGAN Turnover"
"18:05","","2-2","CABLE,LUKE Commits Foul"
"18:01","REILLY,KYLE missed Three Point Jumper","2-2",""
"18:01","","2-2","LONG,LOGAN Defensive Rebound"
"17:51","","2-5","CABLE,LUKE made Three Point Jumper"
"17:51","","2-5","HESS,MATT Assist"
"17:30","SCOTT,JOSH missed Three Point Jumper","2-5",""
"17:19","DERR,WILL Offensive Rebound","2-5",""
"17:18","DERR,WILL Turnover","2-5",""
"17:17","","2-5","MCWILLIAMS,ROB Steal"
"17:16","","2-5","MCWILLIAMS,ROB missed Two Point Jumper"
"17:16","","2-5","CLIPPINGER,JOSH Offensive Rebound"
"17:07","","2-7","CLIPPINGER,JOSH made Tip In"
"17:02","KELLEY,RYAN missed Three Point Jumper","2-7",""
"17:02","","2-7","TEAM Defensive Rebound"
"16:45","","2-9","LONG,LOGAN made Two Point Jumper"
"16:22","PIERFY,PHIL missed Layup","2-9",""
"16:22","","2-9","CLIPPINGER,JOSH Defensive Rebound"
"16:05","","2-9","LONG,LOGAN missed Three Point Jumper"
"16:05","PIERFY,PHIL Defensive Rebound","2-9",""
"15:55","PIERFY,PHIL missed Three Point Jumper","2-9",""
"15:55","","2-9","CABLE,LUKE Defensive Rebound"
"15:45","","2-9","MCWILLIAMS,ROB missed Layup"
"15:45","","2-9","LONG,LOGAN Offensive Rebound"
"15:38","","2-11","CLIPPINGER,JOSH made Two Point Jumper"
"15:38","","2-11","MCWILLIAMS,ROB Assist"
"15:13","REILLY,KYLE made Layup","4-11",""
"14:58","DERR,WILL Commits Foul","4-11",""
"14:58","PATEL,KISHAN Enters Game","4-11",""
"14:58","REILLY,KYLE Leaves Game","4-11",""
"14:45","","4-11","HESS,MATT missed Two Point Jumper"
"14:45","PIERFY,PHIL Defensive Rebound","4-11",""
"14:31","DERR,WILL made Layup","6-11",""
"14:31","PIERFY,PHIL Assist","6-11",""
"14:11","","6-13","CLIPPINGER,JOSH made Layup"
"13:56","SCOTT,JOSH made Two Point Jumper","8-13",""
"13:39","","8-15","CLIPPINGER,JOSH made Layup"
"13:22","PIERFY,PHIL made Layup","10-15",""
"13:22","","10-15","LONG,LOGAN Commits Foul"
"13:22","PIERFY,PHIL made Free Throw","11-15",""
"13:22","SLONE,EVAN Enters Game","11-15",""
"13:22","ANDERSON-MARROW,E Enters Game","11-15",""
"13:22","DERR,WILL Leaves Game","11-15",""
"13:22","PIERFY,PHIL Leaves Game","11-15",""
"13:22","","11-15","SAREYKA,COLIN Enters Game"
"13:22","","11-15","MURREN,NEIL Enters Game"
"13:22","","11-15","EBERLE,NATE Enters Game"
"13:22","","11-15","HESS,MATT Leaves Game"
"13:22","","11-15","CLIPPINGER,JOSH Leaves Game"
"13:22","","11-15","CABLE,LUKE Leaves Game"
"13:07","","11-15","SAREYKA,COLIN missed Three Point Jumper"
"13:07","SLONE,EVAN Defensive Rebound","11-15",""
"12:35","","11-15","CABLE,LUKE Enters Game"
"12:35","","11-15","MCWILLIAMS,ROB Leaves Game"
"12:34","","11-18","CABLE,LUKE made Three Point Jumper"
"12:34","","11-18","EBERLE,NATE Assist"
"12:30","SLONE,EVAN made Layup","13-18",""
"12:30","PATEL,KISHAN Assist","13-18",""
"12:17","","13-18","CABLE,LUKE Turnover"
"12:15","SELLERS,TYSON Enters Game","13-18",""
"12:15","SCOTT,JOSH Leaves Game","13-18",""
"11:48","SELLERS,TYSON Turnover","13-18",""
"11:44","","13-18","CLIPPINGER,JOSH Enters Game"
"11:44","","13-18","MCWILLIAMS,ROB Enters Game"
"11:44","","13-18","LONG,LOGAN Leaves Game"
"11:44","","13-18","CABLE,LUKE Leaves Game"
"11:43","","13-18","MCWILLIAMS,ROB missed Three Point Jumper"
"11:43","SELLERS,TYSON Defensive Rebound","13-18",""
"11:29","ANDERSON-MARROW,E missed Two Point Jumper","13-18",""
"11:29","","13-18","CLIPPINGER,JOSH Defensive Rebound"
"11:15","","13-18","EBERLE,NATE missed Three Point Jumper"
"11:15","","13-18","SAREYKA,COLIN Offensive Rebound"
"11:14","ANDERSON-MARROW,E Commits Foul","13-18",""
"11:13","","13-18","SAREYKA,COLIN missed Free Throw"
"11:12","","13-18","TEAM Deadball Rebound"
"11:11","","13-19","SAREYKA,COLIN made Free Throw"
"10:58","PATEL,KISHAN Turnover","13-19",""
"10:57","","13-19","MCWILLIAMS,ROB Steal"
"10:56","","13-21","MCWILLIAMS,ROB made Layup"
"10:13","","13-21","MURREN,NEIL Commits Foul"
"10:11","PATEL,KISHAN missed Two Point Jumper","13-21",""
"10:11","","13-21","MURREN,NEIL Defensive Rebound"
"10:11","","13-21","CLIPPINGER,JOSH missed Layup"
"10:11","REILLY,KYLE Blocked Shot","13-21",""
"10:11","","13-21","SAREYKA,COLIN Offensive Rebound"
"10:11","REILLY,KYLE Enters Game","13-21",""
"10:11","SCOTT,JOSH Enters Game","13-21",""
"10:11","KELLEY,RYAN Leaves Game","13-21",""
"10:11","ANDERSON-MARROW,E Leaves Game","13-21",""
"10:04","","13-23","MCWILLIAMS,ROB made Layup"
"09:44","SCOTT,JOSH missed Layup","13-23",""
"09:37","SLONE,EVAN Offensive Rebound","13-23",""
"09:36","SLONE,EVAN made Layup","15-23",""
"09:25","","15-23","MCWILLIAMS,ROB Turnover"
"08:57","SLONE,EVAN made Layup","17-23",""
"08:57","REILLY,KYLE Assist","17-23",""
"08:28","","17-23","MURREN,NEIL Turnover"
"08:24","KELLEY,RYAN Enters Game","17-23",""
"08:24","GRAY,KELSEY Enters Game","17-23",""
"08:24","SELLERS,TYSON Leaves Game","17-23",""
"08:24","PATEL,KISHAN Leaves Game","17-23",""
"08:23","SCOTT,JOSH Commits Foul","17-23",""
"08:23","SCOTT,JOSH Turnover","17-23",""
"08:11","","17-23","EBERLE,NATE missed Three Point Jumper"
"08:11","","17-23","MCWILLIAMS,ROB Offensive Rebound"
"07:54","","17-25","MCWILLIAMS,ROB made Two Point Jumper"
"07:54","","17-25","MURREN,NEIL Assist"
"07:33","SLONE,EVAN made Layup","19-25",""
"07:23","","19-25","SAREYKA,COLIN missed Two Point Jumper"
"07:23","SCOTT,JOSH Defensive Rebound","19-25",""
"07:12","REILLY,KYLE made Three Point Jumper","22-25",""
"07:12","GRAY,KELSEY Assist","22-25",""
"07:03","","22-25","TEAM Team Timeout"
"06:44","","22-25","CABLE,LUKE Turnover"
"06:43","KELLEY,RYAN Steal","22-25",""
"06:39","PIERFY,PHIL made Layup","24-25",""
"06:39","KELLEY,RYAN Assist","24-25",""
"06:22","","24-27","CLIPPINGER,JOSH made Dunk"
"06:22","","24-27","LONG,LOGAN Assist"
"06:03","SCOTT,JOSH made Two Point Jumper","26-27",""
"05:32","","26-30","MCWILLIAMS,ROB made Three Point Jumper"
"05:32","","26-30","CABLE,LUKE Assist"
"05:14","REILLY,KYLE made Three Point Jumper","29-30",""
"05:14","GRAY,KELSEY Assist","29-30",""
"04:55","","29-30","CLIPPINGER,JOSH missed Three Point Jumper"
"04:55","","29-30","HESS,MATT Offensive Rebound"
"04:52","GRAY,KELSEY Commits Foul","29-30",""
"04:52","SELLERS,TYSON Enters Game","29-30",""
"04:52","REILLY,KYLE Leaves Game","29-30",""
"04:52","SLONE,EVAN Leaves Game","29-30",""
"04:52","GRAY,KELSEY Leaves Game","29-30",""
"04:52","","29-30","CABLE,LUKE Enters Game"
"04:52","","29-30","LONG,LOGAN Enters Game"
"04:52","","29-30","CLIPPINGER,JOSH Leaves Game"
"04:52","","29-30","EBERLE,NATE Leaves Game"
"04:42","","29-30","EBERLE,NATE Enters Game"
"04:42","","29-30","SAREYKA,COLIN Leaves Game"
"04:39","","29-30","CABLE,LUKE missed Three Point Jumper"
"04:39","TEAM Deadball Rebound","29-30",""
"04:31","PIERFY,PHIL Enters Game","29-30",""
"04:31","SLONE,EVAN Enters Game","29-30",""
"04:21","PIERFY,PHIL missed Layup","29-30",""
"04:21","","29-30","LONG,LOGAN Defensive Rebound"
"04:05","","29-30","LONG,LOGAN missed Three Point Jumper"
"04:05","SELLERS,TYSON Defensive Rebound","29-30",""
"03:54","SLONE,EVAN made Layup","31-30",""
"03:54","SCOTT,JOSH Assist","31-30",""
"03:34","","31-33","MCWILLIAMS,ROB made Three Point Jumper"
"03:34","","31-33","LONG,LOGAN Assist"
"03:15","SELLERS,TYSON missed Three Point Jumper","31-33",""
"03:15","","31-33","HESS,MATT Defensive Rebound"
"03:06","","31-33","LONG,LOGAN missed Layup"
"03:06","","31-33","LONG,LOGAN Offensive Rebound"
"03:02","SELLERS,TYSON Commits Foul","31-33",""
"03:02","TEAM 30 Second Timeout","31-33",""
"02:58","","31-33","LONG,LOGAN missed Free Throw"
"02:58","","31-33","TEAM Deadball Rebound"
"02:58","","31-34","LONG,LOGAN made Free Throw"
"02:33","SLONE,EVAN missed Layup","31-34",""
"02:33","SLONE,EVAN Offensive Rebound","31-34",""
"02:32","SLONE,EVAN missed Layup","31-34",""
"02:32","","31-34","MCWILLIAMS,ROB Defensive Rebound"
"02:25","","31-34","CLIPPINGER,JOSH Enters Game"
"02:25","","31-34","CABLE,LUKE Leaves Game"
"02:25","","31-34","EBERLE,NATE Leaves Game"
"02:24","","31-36","MCWILLIAMS,ROB made Two Point Jumper"
"02:20","","31-36","SAREYKA,COLIN Enters Game"
"02:05","SELLERS,TYSON made Three Point Jumper","34-36",""
"02:05","SCOTT,JOSH Assist","34-36",""
"01:51","","34-36","SAREYKA,COLIN Turnover"
"01:50","KELLEY,RYAN Steal","34-36",""
"01:48","KELLEY,RYAN missed Two Point Jumper","34-36",""
"01:48","","34-36","MURREN,NEIL Defensive Rebound"
"01:28","SELLERS,TYSON Commits Foul","34-36",""
"01:28","","34-37","MURREN,NEIL made Free Throw"
"01:28","","34-38","MURREN,NEIL made Free Throw"
"01:02","KELLEY,RYAN missed Three Point Jumper","34-38",""
"01:02","","34-38","SAREYKA,COLIN Defensive Rebound"
"00:48","","34-38","CLIPPINGER,JOSH missed Two Point Jumper"
"00:48","","34-38","MURREN,NEIL Offensive Rebound"
"00:39","","34-40","LONG,LOGAN made Layup"
"00:36","PIERFY,PHIL Commits Foul","34-40",""
"00:36","","34-41","LONG,LOGAN made Free Throw"
"00:36","REILLY,KYLE Enters Game","34-41",""
"00:36","SELLERS,TYSON Leaves Game","34-41",""
"00:11","PIERFY,PHIL made Layup","36-41",""
"00:02","","36-41","SAREYKA,COLIN missed Two Point Jumper"
"00:02","","36-41","TEAM Deadball Rebound"
"End of 1st Half"
