"Date","Time","Period","Time Left","Score","Team","Player","Status","Action","Shot Clock","Lineup","Lineup Time"
"01/28/2017","5:00 PM","1st Half","19:41","2-0","Arcadia","Slone, Evan","made","Layup","11","Slone, Evan","0:19"
"01/28/2017","5:00 PM","1st Half","19:41","2-0","Arcadia","Pierfy, Phil","","Assist","","Pierfy, Phil; Slone, Evan","0:00"
"01/28/2017","5:00 PM","1st Half","19:24","2-2","Messiah","Clippinger, Josh","made","Layup","13","Clippinger, Josh","0:36"
"01/28/2017","5:00 PM","1st Half","18:53","2-2","Arcadia","Kelley, Ryan","missed","Three Point Jumper","0","Kelley, Ryan; Pierfy, Phil; Slone, Evan","0:00"
"01/28/2017","5:00 PM","1st Half","18:53","2-2","Messiah","Team","","Defensive Rebound","","Clippinger, Josh","1:07"
"01/28/2017","5:00 PM","1st Half","18:51","2-2","Arcadia","Derr, Will","","Enters Game","","Derr, Will; Kelley, Ryan; Pierfy, Phil; Slone, Evan","0:00"
"01/28/2017","5:00 PM","1st Half","18:51","2-2","Arcadia","Slone, Evan","","Leaves Game","","Derr, Will; Kelley, Ryan; Pierfy, Phil","0:00"
"01/28/2017","5:00 PM","1st Half","18:41","2-2","Messiah","Long, Logan","","Turnover","","Clippinger, Josh; Long, Logan","0:00"
"01/28/2017","5:00 PM","1st Half","18:05","2-2","Messiah","Cable, Luke","","Commits Foul","0","Cable, Luke; Clippinger, Josh; Long, Logan","0:00"
"01/28/2017","5:00 PM","1st Half","18:01","2-2","Arcadia","Reilly, Kyle","missed","Three Point Jumper","26","Derr, Will; Kelley, Ryan; Pierfy, Phil; Reilly, Kyle","0:00"
"01/28/2017","5:00 PM","1st Half","18:01","2-2","Messiah","Long, Logan","","Defensive Rebound","","Cable, Luke; Clippinger, Josh; Long, Logan","0:04"
"01/28/2017","5:00 PM","1st Half","17:51","2-5","Messiah","Cable, Luke","made","Three Point Jumper","20","Cable, Luke; Clippinger, Josh; Long, Logan","0:14"
"01/28/2017","5:00 PM","1st Half","17:51","2-5","Messiah","Hess, Matt","","Assist","","Cable, Luke; Clippinger, Josh; Hess, Matt; Long, Logan","0:00"
"01/28/2017","5:00 PM","1st Half","17:30","2-5","Arcadia","Scott, Josh","missed","Three Point Jumper","9","Derr, Will; Kelley, Ryan; Pierfy, Phil; Reilly, Kyle; Scott, Josh","0:00"
"01/28/2017","5:00 PM","1st Half","17:19","2-5","Arcadia","Derr, Will","","Offensive Rebound","","Derr, Will; Kelley, Ryan; Pierfy, Phil; Reilly, Kyle; Scott, Josh","0:11"
"01/28/2017","5:00 PM","1st Half","17:18","2-5","Arcadia","Derr, Will","","Turnover","","Derr, Will; Kelley, Ryan; Pierfy, Phil; Reilly, Kyle; Scott, Josh","0:12"
"01/28/2017","5:00 PM","1st Half","17:17","2-5","Messiah","McWilliams, Rob","","Steal","","Cable, Luke; Clippinger, Josh; Hess, Matt; Long, Logan; McWilliams, Rob","0:00"
"01/28/2017","5:00 PM","1st Half","17:16","2-5","Messiah","McWilliams, Rob","missed","Two Point Jumper","28","Cable, Luke; Clippinger, Josh; Hess, Matt; Long, Logan; McWilliams, Rob","0:01"
"01/28/2017","5:00 PM","1st Half","17:16","2-5","Messiah","Clippinger, Josh","","Offensive Rebound","","Cable, Luke; Clippinger, Josh; Hess, Matt; Long, Logan; McWilliams, Rob","0:01"
"01/28/2017","5:00 PM","1st Half","17:07","2-7","Messiah","Clippinger, Josh","made","Tip In","21","Cable, Luke; Clippinger, Josh; Hess, Matt; Long, Logan; McWilliams, Rob","0:10"
"01/28/2017","5:00 PM","1st Half","17:02","2-7","Arcadia","Kelley, Ryan","missed","Three Point Jumper","25","Derr, Will; Kelley, Ryan; Pierfy, Phil; Reilly, Kyle; Scott, Josh","0:28"
"01/28/2017","5:00 PM","1st Half","17:02","2-7","Messiah","Team","","Defensive Rebound","","Cable, Luke; Clippinger, Josh; Hess, Matt; Long, Logan; McWilliams, Rob","0:15"
"01/28/2017","5:00 PM","1st Half","16:45","2-9","Messiah","Long, Logan","made","Two Point Jumper","13","Cable, Luke; Clippinger, Josh; Hess, Matt; Long, Logan; McWilliams, Rob","0:32"
"01/28/2017","5:00 PM","1st Half","16:22","2-9","Arcadia","Pierfy, Phil","missed","Layup","7","Derr, Will; Kelley, Ryan; Pierfy, Phil; Reilly, Kyle; Scott, Josh","1:08"
"01/28/2017","5:00 PM","1st Half","16:22","2-9","Messiah","Clippinger, Josh","","Defensive Rebound","","Cable, Luke; Clippinger, Josh; Hess, Matt; Long, Logan; McWilliams, Rob","0:55"
"01/28/2017","5:00 PM","1st Half","16:05","2-9","Messiah","Long, Logan","missed","Three Point Jumper","13","Cable, Luke; Clippinger, Josh; Hess, Matt; Long, Logan; McWilliams, Rob","1:12"
"01/28/2017","5:00 PM","1st Half","16:05","2-9","Arcadia","Pierfy, Phil","","Defensive Rebound","","Derr, Will; Kelley, Ryan; Pierfy, Phil; Reilly, Kyle; Scott, Josh","1:25"
"01/28/2017","5:00 PM","1st Half","15:55","2-9","Arcadia","Pierfy, Phil","missed","Three Point Jumper","20","Derr, Will; Kelley, Ryan; Pierfy, Phil; Reilly, Kyle; Scott, Josh","1:35"
"01/28/2017","5:00 PM","1st Half","15:55","2-9","Messiah","Cable, Luke","","Defensive Rebound","","Cable, Luke; Clippinger, Josh; Hess, Matt; Long, Logan; McWilliams, Rob","1:22"
"01/28/2017","5:00 PM","1st Half","15:45","2-9","Messiah","McWilliams, Rob","missed","Layup","20","Cable, Luke; Clippinger, Josh; Hess, Matt; Long, Logan; McWilliams, Rob","1:32"
"01/28/2017","5:00 PM","1st Half","15:45","2-9","Messiah","Long, Logan","","Offensive Rebound","","Cable, Luke; Clippinger, Josh; Hess, Matt; Long, Logan; McWilliams, Rob","1:32"
"01/28/2017","5:00 PM","1st Half","15:38","2-11","Messiah","Clippinger, Josh","made","Two Point Jumper","23","Cable, Luke; Clippinger, Josh; Hess, Matt; Long, Logan; McWilliams, Rob","1:39"
"01/28/2017","5:00 PM","1st Half","15:38","2-11","Messiah","McWilliams, Rob","","Assist","","Cable, Luke; Clippinger, Josh; Hess, Matt; Long, Logan; McWilliams, Rob","1:39"
"01/28/2017","5:00 PM","1st Half","15:13","4-11","Arcadia","Reilly, Kyle","made","Layup","5","Derr, Will; Kelley, Ryan; Pierfy, Phil; Reilly, Kyle; Scott, Josh","2:17"
"01/28/2017","5:00 PM","1st Half","14:58","4-11","Arcadia","Derr, Will","","Commits Foul","15","Derr, Will; Kelley, Ryan; Pierfy, Phil; Reilly, Kyle; Scott, Josh","2:32"
"01/28/2017","5:00 PM","1st Half","14:58","4-11","Arcadia","Patel, Kishan","","Enters Game","","Derr, Will; Kelley, Ryan; Patel, Kishan; Pierfy, Phil; Reilly, Kyle; Scott, Josh","0:00"
"01/28/2017","5:00 PM","1st Half","14:58","4-11","Arcadia","Reilly, Kyle","","Leaves Game","","Derr, Will; Kelley, Ryan; Patel, Kishan; Pierfy, Phil; Scott, Josh","0:00"
"01/28/2017","5:00 PM","1st Half","14:45","4-11","Messiah","Hess, Matt","missed","Two Point Jumper","17","Cable, Luke; Clippinger, Josh; Hess, Matt; Long, Logan; McWilliams, Rob","2:32"
"01/28/2017","5:00 PM","1st Half","14:45","4-11","Arcadia","Pierfy, Phil","","Defensive Rebound","","Derr, Will; Kelley, Ryan; Patel, Kishan; Pierfy, Phil; Scott, Josh","0:13"
"01/28/2017","5:00 PM","1st Half","14:31","6-11","Arcadia","Derr, Will","made","Layup","16","Derr, Will; Kelley, Ryan; Patel, Kishan; Pierfy, Phil; Scott, Josh","0:27"
"01/28/2017","5:00 PM","1st Half","14:31","6-11","Arcadia","Pierfy, Phil","","Assist","","Derr, Will; Kelley, Ryan; Patel, Kishan; Pierfy, Phil; Scott, Josh","0:27"
"01/28/2017","5:00 PM","1st Half","14:11","6-13","Messiah","Clippinger, Josh","made","Layup","10","Cable, Luke; Clippinger, Josh; Hess, Matt; Long, Logan; McWilliams, Rob","3:06"
"01/28/2017","5:00 PM","1st Half","13:56","8-13","Arcadia","Scott, Josh","made","Two Point Jumper","15","Derr, Will; Kelley, Ryan; Patel, Kishan; Pierfy, Phil; Scott, Josh","1:02"
"01/28/2017","5:00 PM","1st Half","13:39","8-15","Messiah","Clippinger, Josh","made","Layup","13","Cable, Luke; Clippinger, Josh; Hess, Matt; Long, Logan; McWilliams, Rob","3:38"
"01/28/2017","5:00 PM","1st Half","13:22","10-15","Arcadia","Pierfy, Phil","made","Layup","13","Derr, Will; Kelley, Ryan; Patel, Kishan; Pierfy, Phil; Scott, Josh","1:36"
"01/28/2017","5:00 PM","1st Half","13:22","10-15","Messiah","Long, Logan","","Commits Foul","","Cable, Luke; Clippinger, Josh; Hess, Matt; Long, Logan; McWilliams, Rob","3:55"
"01/28/2017","5:00 PM","1st Half","13:22","11-15","Arcadia","Pierfy, Phil","made","Free Throw","","Derr, Will; Kelley, Ryan; Patel, Kishan; Pierfy, Phil; Scott, Josh","1:36"
"01/28/2017","5:00 PM","1st Half","13:22","11-15","Arcadia","Slone, Evan","","Enters Game","","Derr, Will; Kelley, Ryan; Patel, Kishan; Pierfy, Phil; Scott, Josh; Slone, Evan","0:00"
"01/28/2017","5:00 PM","1st Half","13:22","11-15","Arcadia","Anderson-Marrow, Emmanuel","","Enters Game","","Anderson-Marrow, Emmanuel; Derr, Will; Kelley, Ryan; Patel, Kishan; Pierfy, Phil; Scott, Josh; Slone, Evan","0:00"
"01/28/2017","5:00 PM","1st Half","13:22","11-15","Arcadia","Derr, Will","","Leaves Game","","Anderson-Marrow, Emmanuel; Kelley, Ryan; Patel, Kishan; Pierfy, Phil; Scott, Josh; Slone, Evan","0:00"
"01/28/2017","5:00 PM","1st Half","13:22","11-15","Arcadia","Pierfy, Phil","","Leaves Game","","Anderson-Marrow, Emmanuel; Kelley, Ryan; Patel, Kishan; Scott, Josh; Slone, Evan","0:00"
"01/28/2017","5:00 PM","1st Half","13:22","11-15","Messiah","Sareyka, Colin","","Enters Game","","Cable, Luke; Clippinger, Josh; Hess, Matt; Long, Logan; McWilliams, Rob; Sareyka, Colin","0:00"
"01/28/2017","5:00 PM","1st Half","13:22","11-15","Messiah","Murren, Neil","","Enters Game","","Cable, Luke; Clippinger, Josh; Hess, Matt; Long, Logan; McWilliams, Rob; Murren, Neil; Sareyka, Colin","0:00"
"01/28/2017","5:00 PM","1st Half","13:22","11-15","Messiah","Eberle, Nate","","Enters Game","","Cable, Luke; Clippinger, Josh; Eberle, Nate; Hess, Matt; Long, Logan; McWilliams, Rob; Murren, Neil; Sareyka, Colin","0:00"
"01/28/2017","5:00 PM","1st Half","13:22","11-15","Messiah","Hess, Matt","","Leaves Game","","Cable, Luke; Clippinger, Josh; Eberle, Nate; Long, Logan; McWilliams, Rob; Murren, Neil; Sareyka, Colin","0:00"
"01/28/2017","5:00 PM","1st Half","13:22","11-15","Messiah","Clippinger, Josh","","Leaves Game","","Cable, Luke; Eberle, Nate; Long, Logan; McWilliams, Rob; Murren, Neil; Sareyka, Colin","0:00"
"01/28/2017","5:00 PM","1st Half","13:22","11-15","Messiah","Cable, Luke","","Leaves Game","","Eberle, Nate; Long, Logan; McWilliams, Rob; Murren, Neil; Sareyka, Colin","0:00"
"01/28/2017","5:00 PM","1st Half","13:07","11-15","Messiah","Sareyka, Colin","missed","Three Point Jumper","15","Eberle, Nate; Long, Logan; McWilliams, Rob; Murren, Neil; Sareyka, Colin","0:15"
"01/28/2017","5:00 PM","1st Half","13:07","11-15","Arcadia","Slone, Evan","","Defensive Rebound","","Anderson-Marrow, Emmanuel; Kelley, Ryan; Patel, Kishan; Scott, Josh; Slone, Evan","0:15"
"01/28/2017","5:00 PM","1st Half","12:35","11-15","Messiah","Cable, Luke","","Enters Game","","Cable, Luke; Eberle, Nate; Long, Logan; McWilliams, Rob; Murren, Neil; Sareyka, Colin","0:00"
"01/28/2017","5:00 PM","1st Half","12:35","11-15","Messiah","McWilliams, Rob","","Leaves Game","","Cable, Luke; Eberle, Nate; Long, Logan; Murren, Neil; Sareyka, Colin","0:00"
"01/28/2017","5:00 PM","1st Half","12:34","11-18","Messiah","Cable, Luke","made","Three Point Jumper","0","Cable, Luke; Eberle, Nate; Long, Logan; Murren, Neil; Sareyka, Colin","0:01"
"01/28/2017","5:00 PM","1st Half","12:34","11-18","Messiah","Eberle, Nate","","Assist","","Cable, Luke; Eberle, Nate; Long, Logan; Murren, Neil; Sareyka, Colin","0:01"
"01/28/2017","5:00 PM","1st Half","12:30","13-18","Arcadia","Slone, Evan","made","Layup","26","Anderson-Marrow, Emmanuel; Kelley, Ryan; Patel, Kishan; Scott, Josh; Slone, Evan","0:52"
"01/28/2017","5:00 PM","1st Half","12:30","13-18","Arcadia","Patel, Kishan","","Assist","","Anderson-Marrow, Emmanuel; Kelley, Ryan; Patel, Kishan; Scott, Josh; Slone, Evan","0:52"
"01/28/2017","5:00 PM","1st Half","12:17","13-18","Messiah","Cable, Luke","","Turnover","","Cable, Luke; Eberle, Nate; Long, Logan; Murren, Neil; Sareyka, Colin","0:18"
"01/28/2017","5:00 PM","1st Half","12:15","13-18","Arcadia","Sellers, Tyson","","Enters Game","","Anderson-Marrow, Emmanuel; Kelley, Ryan; Patel, Kishan; Scott, Josh; Sellers, Tyson; Slone, Evan","0:00"
"01/28/2017","5:00 PM","1st Half","12:15","13-18","Arcadia","Scott, Josh","","Leaves Game","","Anderson-Marrow, Emmanuel; Kelley, Ryan; Patel, Kishan; Sellers, Tyson; Slone, Evan","0:00"
"01/28/2017","5:00 PM","1st Half","11:48","13-18","Arcadia","Sellers, Tyson","","Turnover","","Anderson-Marrow, Emmanuel; Kelley, Ryan; Patel, Kishan; Sellers, Tyson; Slone, Evan","0:27"
"01/28/2017","5:00 PM","1st Half","11:44","13-18","Messiah","Clippinger, Josh","","Enters Game","","Cable, Luke; Clippinger, Josh; Eberle, Nate; Long, Logan; Murren, Neil; Sareyka, Colin","0:00"
"01/28/2017","5:00 PM","1st Half","11:44","13-18","Messiah","McWilliams, Rob","","Enters Game","","Cable, Luke; Clippinger, Josh; Eberle, Nate; Long, Logan; McWilliams, Rob; Murren, Neil; Sareyka, Colin","0:00"
"01/28/2017","5:00 PM","1st Half","11:44","13-18","Messiah","Long, Logan","","Leaves Game","","Cable, Luke; Clippinger, Josh; Eberle, Nate; McWilliams, Rob; Murren, Neil; Sareyka, Colin","0:00"
"01/28/2017","5:00 PM","1st Half","11:44","13-18","Messiah","Cable, Luke","","Leaves Game","","Clippinger, Josh; Eberle, Nate; McWilliams, Rob; Murren, Neil; Sareyka, Colin","0:00"
"01/28/2017","5:00 PM","1st Half","11:43","13-18","Messiah","McWilliams, Rob","missed","Three Point Jumper","25","Clippinger, Josh; Eberle, Nate; McWilliams, Rob; Murren, Neil; Sareyka, Colin","0:01"
"01/28/2017","5:00 PM","1st Half","11:43","13-18","Arcadia","Sellers, Tyson","","Defensive Rebound","","Anderson-Marrow, Emmanuel; Kelley, Ryan; Patel, Kishan; Sellers, Tyson; Slone, Evan","0:32"
"01/28/2017","5:00 PM","1st Half","11:29","13-18","Arcadia","Anderson-Marrow, Emmanuel","missed","Two Point Jumper","16","Anderson-Marrow, Emmanuel; Kelley, Ryan; Patel, Kishan; Sellers, Tyson; Slone, Evan","0:46"
"01/28/2017","5:00 PM","1st Half","11:29","13-18","Messiah","Clippinger, Josh","","Defensive Rebound","","Clippinger, Josh; Eberle, Nate; McWilliams, Rob; Murren, Neil; Sareyka, Colin","0:15"
"01/28/2017","5:00 PM","1st Half","11:15","13-18","Messiah","Eberle, Nate","missed","Three Point Jumper","16","Clippinger, Josh; Eberle, Nate; McWilliams, Rob; Murren, Neil; Sareyka, Colin","0:29"
"01/28/2017","5:00 PM","1st Half","11:15","13-18","Messiah","Sareyka, Colin","","Offensive Rebound","","Clippinger, Josh; Eberle, Nate; McWilliams, Rob; Murren, Neil; Sareyka, Colin","0:29"
"01/28/2017","5:00 PM","1st Half","11:14","13-18","Arcadia","Anderson-Marrow, Emmanuel","","Commits Foul","29","Anderson-Marrow, Emmanuel; Kelley, Ryan; Patel, Kishan; Sellers, Tyson; Slone, Evan","1:01"
"01/28/2017","5:00 PM","1st Half","11:13","13-18","Messiah","Sareyka, Colin","missed","Free Throw","","Clippinger, Josh; Eberle, Nate; McWilliams, Rob; Murren, Neil; Sareyka, Colin","0:31"
"01/28/2017","5:00 PM","1st Half","11:12","13-18","Messiah","Team","","Deadball Rebound","","Clippinger, Josh; Eberle, Nate; McWilliams, Rob; Murren, Neil; Sareyka, Colin","0:32"
"01/28/2017","5:00 PM","1st Half","11:11","13-19","Messiah","Sareyka, Colin","made","Free Throw","","Clippinger, Josh; Eberle, Nate; McWilliams, Rob; Murren, Neil; Sareyka, Colin","0:33"
"01/28/2017","5:00 PM","1st Half","10:58","13-19","Arcadia","Patel, Kishan","","Turnover","","Anderson-Marrow, Emmanuel; Kelley, Ryan; Patel, Kishan; Sellers, Tyson; Slone, Evan","1:17"
"01/28/2017","5:00 PM","1st Half","10:57","13-19","Messiah","McWilliams, Rob","","Steal","","Clippinger, Josh; Eberle, Nate; McWilliams, Rob; Murren, Neil; Sareyka, Colin","0:47"
"01/28/2017","5:00 PM","1st Half","10:56","13-21","Messiah","McWilliams, Rob","made","Layup","28","Clippinger, Josh; Eberle, Nate; McWilliams, Rob; Murren, Neil; Sareyka, Colin","0:48"
"01/28/2017","5:00 PM","1st Half","10:13","13-21","Messiah","Murren, Neil","","Commits Foul","0","Clippinger, Josh; Eberle, Nate; McWilliams, Rob; Murren, Neil; Sareyka, Colin","1:31"
"01/28/2017","5:00 PM","1st Half","10:11","13-21","Arcadia","Patel, Kishan","missed","Two Point Jumper","28","Anderson-Marrow, Emmanuel; Kelley, Ryan; Patel, Kishan; Sellers, Tyson; Slone, Evan","2:04"
"01/28/2017","5:00 PM","1st Half","10:11","13-21","Messiah","Murren, Neil","","Defensive Rebound","","Clippinger, Josh; Eberle, Nate; McWilliams, Rob; Murren, Neil; Sareyka, Colin","1:33"
"01/28/2017","5:00 PM","1st Half","10:11","13-21","Messiah","Clippinger, Josh","missed","Layup","","Clippinger, Josh; Eberle, Nate; McWilliams, Rob; Murren, Neil; Sareyka, Colin","1:33"
"01/28/2017","5:00 PM","1st Half","10:11","13-21","Arcadia","Reilly, Kyle","","Blocked Shot","","Anderson-Marrow, Emmanuel; Kelley, Ryan; Patel, Kishan; Reilly, Kyle; Sellers, Tyson; Slone, Evan","0:00"
"01/28/2017","5:00 PM","1st Half","10:11","13-21","Messiah","Sareyka, Colin","","Offensive Rebound","","Clippinger, Josh; Eberle, Nate; McWilliams, Rob; Murren, Neil; Sareyka, Colin","1:33"
"01/28/2017","5:00 PM","1st Half","10:11","13-21","Arcadia","Reilly, Kyle","","Enters Game","","Anderson-Marrow, Emmanuel; Kelley, Ryan; Patel, Kishan; Reilly, Kyle; Sellers, Tyson; Slone, Evan","0:00"
"01/28/2017","5:00 PM","1st Half","10:11","13-21","Arcadia","Scott, Josh","","Enters Game","","Anderson-Marrow, Emmanuel; Kelley, Ryan; Patel, Kishan; Reilly, Kyle; Scott, Josh; Sellers, Tyson; Slone, Evan","0:00"
"01/28/2017","5:00 PM","1st Half","10:11","13-21","Arcadia","Kelley, Ryan","","Leaves Game","","Anderson-Marrow, Emmanuel; Patel, Kishan; Reilly, Kyle; Scott, Josh; Sellers, Tyson; Slone, Evan","0:00"
"01/28/2017","5:00 PM","1st Half","10:11","13-21","Arcadia","Anderson-Marrow, Emmanuel","","Leaves Game","","Patel, Kishan; Reilly, Kyle; Scott, Josh; Sellers, Tyson; Slone, Evan","0:00"
"01/28/2017","5:00 PM","1st Half","10:04","13-23","Messiah","McWilliams, Rob","made","Layup","23","Clippinger, Josh; Eberle, Nate; McWilliams, Rob; Murren, Neil; Sareyka, Colin","1:40"
"01/28/2017","5:00 PM","1st Half","09:44","13-23","Arcadia","Scott, Josh","missed","Layup","10","Patel, Kishan; Reilly, Kyle; Scott, Josh; Sellers, Tyson; Slone, Evan","0:27"
"01/28/2017","5:00 PM","1st Half","09:37","13-23","Arcadia","Slone, Evan","","Offensive Rebound","","Patel, Kishan; Reilly, Kyle; Scott, Josh; Sellers, Tyson; Slone, Evan","0:34"
"01/28/2017","5:00 PM","1st Half","09:36","15-23","Arcadia","Slone, Evan","made","Layup","22","Patel, Kishan; Reilly, Kyle; Scott, Josh; Sellers, Tyson; Slone, Evan","0:35"
"01/28/2017","5:00 PM","1st Half","09:25","15-23","Messiah","McWilliams, Rob","","Turnover","","Clippinger, Josh; Eberle, Nate; McWilliams, Rob; Murren, Neil; Sareyka, Colin","2:19"
"01/28/2017","5:00 PM","1st Half","08:57","17-23","Arcadia","Slone, Evan","made","Layup","2","Patel, Kishan; Reilly, Kyle; Scott, Josh; Sellers, Tyson; Slone, Evan","1:14"
"01/28/2017","5:00 PM","1st Half","08:57","17-23","Arcadia","Reilly, Kyle","","Assist","","Patel, Kishan; Reilly, Kyle; Scott, Josh; Sellers, Tyson; Slone, Evan","1:14"
"01/28/2017","5:00 PM","1st Half","08:28","17-23","Messiah","Murren, Neil","","Turnover","","Clippinger, Josh; Eberle, Nate; McWilliams, Rob; Murren, Neil; Sareyka, Colin","3:16"
"01/28/2017","5:00 PM","1st Half","08:24","17-23","Arcadia","Kelley, Ryan","","Enters Game","","Kelley, Ryan; Patel, Kishan; Reilly, Kyle; Scott, Josh; Sellers, Tyson; Slone, Evan","0:00"
"01/28/2017","5:00 PM","1st Half","08:24","17-23","Arcadia","Gray, Kelsey","","Enters Game","","Gray, Kelsey; Kelley, Ryan; Patel, Kishan; Reilly, Kyle; Scott, Josh; Sellers, Tyson; Slone, Evan","0:00"
"01/28/2017","5:00 PM","1st Half","08:24","17-23","Arcadia","Sellers, Tyson","","Leaves Game","","Gray, Kelsey; Kelley, Ryan; Patel, Kishan; Reilly, Kyle; Scott, Josh; Slone, Evan","0:00"
"01/28/2017","5:00 PM","1st Half","08:24","17-23","Arcadia","Patel, Kishan","","Leaves Game","","Gray, Kelsey; Kelley, Ryan; Reilly, Kyle; Scott, Josh; Slone, Evan","0:00"
"01/28/2017","5:00 PM","1st Half","08:23","17-23","Arcadia","Scott, Josh","","Commits Foul","25","Gray, Kelsey; Kelley, Ryan; Reilly, Kyle; Scott, Josh; Slone, Evan","0:01"
"01/28/2017","5:00 PM","1st Half","08:23","17-23","Arcadia","Scott, Josh","","Turnover","","Gray, Kelsey; Kelley, Ryan; Reilly, Kyle; Scott, Josh; Slone, Evan","0:01"
"01/28/2017","5:00 PM","1st Half","08:11","17-23","Messiah","Eberle, Nate","missed","Three Point Jumper","18","Clippinger, Josh; Eberle, Nate; McWilliams, Rob; Murren, Neil; Sareyka, Colin","3:33"
"01/28/2017","5:00 PM","1st Half","08:11","17-23","Messiah","McWilliams, Rob","","Offensive Rebound","","Clippinger, Josh; Eberle, Nate; McWilliams, Rob; Murren, Neil; Sareyka, Colin","3:33"
"01/28/2017","5:00 PM","1st Half","07:54","17-25","Messiah","McWilliams, Rob","made","Two Point Jumper","13","Clippinger, Josh; Eberle, Nate; McWilliams, Rob; Murren, Neil; Sareyka, Colin","3:50"
"01/28/2017","5:00 PM","1st Half","07:54","17-25","Messiah","Murren, Neil","","Assist","","Clippinger, Josh; Eberle, Nate; McWilliams, Rob; Murren, Neil; Sareyka, Colin","3:50"
"01/28/2017","5:00 PM","1st Half","07:33","19-25","Arcadia","Slone, Evan","made","Layup","9","Gray, Kelsey; Kelley, Ryan; Reilly, Kyle; Scott, Josh; Slone, Evan","0:51"
"01/28/2017","5:00 PM","1st Half","07:23","19-25","Messiah","Sareyka, Colin","missed","Two Point Jumper","20","Clippinger, Josh; Eberle, Nate; McWilliams, Rob; Murren, Neil; Sareyka, Colin","4:21"
"01/28/2017","5:00 PM","1st Half","07:23","19-25","Arcadia","Scott, Josh","","Defensive Rebound","","Gray, Kelsey; Kelley, Ryan; Reilly, Kyle; Scott, Josh; Slone, Evan","1:01"
"01/28/2017","5:00 PM","1st Half","07:12","22-25","Arcadia","Reilly, Kyle","made","Three Point Jumper","19","Gray, Kelsey; Kelley, Ryan; Reilly, Kyle; Scott, Josh; Slone, Evan","1:12"
"01/28/2017","5:00 PM","1st Half","07:12","22-25","Arcadia","Gray, Kelsey","","Assist","","Gray, Kelsey; Kelley, Ryan; Reilly, Kyle; Scott, Josh; Slone, Evan","1:12"
"01/28/2017","5:00 PM","1st Half","07:03","22-25","Messiah","Team","","Team Timeout","","Clippinger, Josh; Eberle, Nate; McWilliams, Rob; Murren, Neil; Sareyka, Colin","4:41"
"01/28/2017","5:00 PM","1st Half","06:44","22-25","Messiah","Cable, Luke","","Turnover","","Cable, Luke; Clippinger, Josh; Eberle, Nate; McWilliams, Rob; Murren, Neil; Sareyka, Colin","0:00"
"01/28/2017","5:00 PM","1st Half","06:43","22-25","Arcadia","Kelley, Ryan","","Steal","","Gray, Kelsey; Kelley, Ryan; Reilly, Kyle; Scott, Josh; Slone, Evan","1:41"
"01/28/2017","5:00 PM","1st Half","06:39","24-25","Arcadia","Pierfy, Phil","made","Layup","25","Gray, Kelsey; Kelley, Ryan; Pierfy, Phil; Reilly, Kyle; Scott, Josh; Slone, Evan","0:00"
"01/28/2017","5:00 PM","1st Half","06:39","24-25","Arcadia","Kelley, Ryan","","Assist","","Gray, Kelsey; Kelley, Ryan; Pierfy, Phil; Reilly, Kyle; Scott, Josh; Slone, Evan","0:00"
"01/28/2017","5:00 PM","1st Half","06:22","24-27","Messiah","Clippinger, Josh","made","Dunk","13","Cable, Luke; Clippinger, Josh; Eberle, Nate; McWilliams, Rob; Murren, Neil; Sareyka, Colin","0:22"
"01/28/2017","5:00 PM","1st Half","06:22","24-27","Messiah","Long, Logan","","Assist","","Cable, Luke; Clippinger, Josh; Eberle, Nate; Long, Logan; McWilliams, Rob; Murren, Neil; Sareyka, Colin","0:00"
"01/28/2017","5:00 PM","1st Half","06:03","26-27","Arcadia","Scott, Josh","made","Two Point Jumper","11","Gray, Kelsey; Kelley, Ryan; Pierfy, Phil; Reilly, Kyle; Scott, Josh; Slone, Evan","0:36"
"01/28/2017","5:00 PM","1st Half","05:32","26-30","Messiah","McWilliams, Rob","made","Three Point Jumper","0","Cable, Luke; Clippinger, Josh; Eberle, Nate; Long, Logan; McWilliams, Rob; Murren, Neil; Sareyka, Colin","0:50"
"01/28/2017","5:00 PM","1st Half","05:32","26-30","Messiah","Cable, Luke","","Assist","","Cable, Luke; Clippinger, Josh; Eberle, Nate; Long, Logan; McWilliams, Rob; Murren, Neil; Sareyka, Colin","0:50"
"01/28/2017","5:00 PM","1st Half","05:14","29-30","Arcadia","Reilly, Kyle","made","Three Point Jumper","12","Gray, Kelsey; Kelley, Ryan; Pierfy, Phil; Reilly, Kyle; Scott, Josh; Slone, Evan","1:25"
"01/28/2017","5:00 PM","1st Half","05:14","29-30","Arcadia","Gray, Kelsey","","Assist","","Gray, Kelsey; Kelley, Ryan; Pierfy, Phil; Reilly, Kyle; Scott, Josh; Slone, Evan","1:25"
"01/28/2017","5:00 PM","1st Half","04:55","29-30","Messiah","Clippinger, Josh","missed","Three Point Jumper","11","Cable, Luke; Clippinger, Josh; Eberle, Nate; Long, Logan; McWilliams, Rob; Murren, Neil; Sareyka, Colin","1:27"
"01/28/2017","5:00 PM","1st Half","04:55","29-30","Messiah","Hess, Matt","","Offensive Rebound","","Cable, Luke; Clippinger, Josh; Eberle, Nate; Hess, Matt; Long, Logan; McWilliams, Rob; Murren, Neil; Sareyka, Colin","0:00"
"01/28/2017","5:00 PM","1st Half","04:52","29-30","Arcadia","Gray, Kelsey","","Commits Foul","27","Gray, Kelsey; Kelley, Ryan; Pierfy, Phil; Reilly, Kyle; Scott, Josh; Slone, Evan","1:47"
"01/28/2017","5:00 PM","1st Half","04:52","29-30","Arcadia","Sellers, Tyson","","Enters Game","","Gray, Kelsey; Kelley, Ryan; Pierfy, Phil; Reilly, Kyle; Scott, Josh; Sellers, Tyson; Slone, Evan","0:00"
"01/28/2017","5:00 PM","1st Half","04:52","29-30","Arcadia","Reilly, Kyle","","Leaves Game","","Gray, Kelsey; Kelley, Ryan; Pierfy, Phil; Scott, Josh; Sellers, Tyson; Slone, Evan","0:00"
"01/28/2017","5:00 PM","1st Half","04:52","29-30","Arcadia","Slone, Evan","","Leaves Game","","Gray, Kelsey; Kelley, Ryan; Pierfy, Phil; Scott, Josh; Sellers, Tyson","0:00"
"01/28/2017","5:00 PM","1st Half","04:52","29-30","Arcadia","Gray, Kelsey","","Leaves Game","","Kelley, Ryan; Pierfy, Phil; Scott, Josh; Sellers, Tyson","0:00"
"01/28/2017","5:00 PM","1st Half","04:52","29-30","Messiah","Cable, Luke","","Enters Game","","Cable, Luke; Clippinger, Josh; Eberle, Nate; Hess, Matt; Long, Logan; McWilliams, Rob; Murren, Neil; Sareyka, Colin","0:03"
"01/28/2017","5:00 PM","1st Half","04:52","29-30","Messiah","Long, Logan","","Enters Game","","Cable, Luke; Clippinger, Josh; Eberle, Nate; Hess, Matt; Long, Logan; McWilliams, Rob; Murren, Neil; Sareyka, Colin","0:03"
"01/28/2017","5:00 PM","1st Half","04:52","29-30","Messiah","Clippinger, Josh","","Leaves Game","","Cable, Luke; Eberle, Nate; Hess, Matt; Long, Logan; McWilliams, Rob; Murren, Neil; Sareyka, Colin","0:00"
"01/28/2017","5:00 PM","1st Half","04:52","29-30","Messiah","Eberle, Nate","","Leaves Game","","Cable, Luke; Hess, Matt; Long, Logan; McWilliams, Rob; Murren, Neil; Sareyka, Colin","0:00"
"01/28/2017","5:00 PM","1st Half","04:42","29-30","Messiah","Eberle, Nate","","Enters Game","","Cable, Luke; Eberle, Nate; Hess, Matt; Long, Logan; McWilliams, Rob; Murren, Neil; Sareyka, Colin","0:00"
"01/28/2017","5:00 PM","1st Half","04:42","29-30","Messiah","Sareyka, Colin","","Leaves Game","","Cable, Luke; Eberle, Nate; Hess, Matt; Long, Logan; McWilliams, Rob; Murren, Neil","0:00"
"01/28/2017","5:00 PM","1st Half","04:39","29-30","Messiah","Cable, Luke","missed","Three Point Jumper","17","Cable, Luke; Eberle, Nate; Hess, Matt; Long, Logan; McWilliams, Rob; Murren, Neil","0:03"
"01/28/2017","5:00 PM","1st Half","04:39","29-30","Arcadia","Team","","Deadball Rebound","","Kelley, Ryan; Pierfy, Phil; Scott, Josh; Sellers, Tyson","0:13"
"01/28/2017","5:00 PM","1st Half","04:31","29-30","Arcadia","Pierfy, Phil","","Enters Game","","Kelley, Ryan; Pierfy, Phil; Scott, Josh; Sellers, Tyson","0:21"
"01/28/2017","5:00 PM","1st Half","04:31","29-30","Arcadia","Slone, Evan","","Enters Game","","Kelley, Ryan; Pierfy, Phil; Scott, Josh; Sellers, Tyson; Slone, Evan","0:00"
"01/28/2017","5:00 PM","1st Half","04:21","29-30","Arcadia","Pierfy, Phil","missed","Layup","12","Kelley, Ryan; Pierfy, Phil; Scott, Josh; Sellers, Tyson; Slone, Evan","0:10"
"01/28/2017","5:00 PM","1st Half","04:21","29-30","Messiah","Long, Logan","","Defensive Rebound","","Cable, Luke; Eberle, Nate; Hess, Matt; Long, Logan; McWilliams, Rob; Murren, Neil","0:21"
"01/28/2017","5:00 PM","1st Half","04:05","29-30","Messiah","Long, Logan","missed","Three Point Jumper","14","Cable, Luke; Eberle, Nate; Hess, Matt; Long, Logan; McWilliams, Rob; Murren, Neil","0:37"
"01/28/2017","5:00 PM","1st Half","04:05","29-30","Arcadia","Sellers, Tyson","","Defensive Rebound","","Kelley, Ryan; Pierfy, Phil; Scott, Josh; Sellers, Tyson; Slone, Evan","0:26"
"01/28/2017","5:00 PM","1st Half","03:54","31-30","Arcadia","Slone, Evan","made","Layup","19","Kelley, Ryan; Pierfy, Phil; Scott, Josh; Sellers, Tyson; Slone, Evan","0:37"
"01/28/2017","5:00 PM","1st Half","03:54","31-30","Arcadia","Scott, Josh","","Assist","","Kelley, Ryan; Pierfy, Phil; Scott, Josh; Sellers, Tyson; Slone, Evan","0:37"
"01/28/2017","5:00 PM","1st Half","03:34","31-33","Messiah","McWilliams, Rob","made","Three Point Jumper","10","Cable, Luke; Eberle, Nate; Hess, Matt; Long, Logan; McWilliams, Rob; Murren, Neil","1:08"
"01/28/2017","5:00 PM","1st Half","03:34","31-33","Messiah","Long, Logan","","Assist","","Cable, Luke; Eberle, Nate; Hess, Matt; Long, Logan; McWilliams, Rob; Murren, Neil","1:08"
"01/28/2017","5:00 PM","1st Half","03:15","31-33","Arcadia","Sellers, Tyson","missed","Three Point Jumper","11","Kelley, Ryan; Pierfy, Phil; Scott, Josh; Sellers, Tyson; Slone, Evan","1:16"
"01/28/2017","5:00 PM","1st Half","03:15","31-33","Messiah","Hess, Matt","","Defensive Rebound","","Cable, Luke; Eberle, Nate; Hess, Matt; Long, Logan; McWilliams, Rob; Murren, Neil","1:27"
"01/28/2017","5:00 PM","1st Half","03:06","31-33","Messiah","Long, Logan","missed","Layup","21","Cable, Luke; Eberle, Nate; Hess, Matt; Long, Logan; McWilliams, Rob; Murren, Neil","1:36"
"01/28/2017","5:00 PM","1st Half","03:06","31-33","Messiah","Long, Logan","","Offensive Rebound","","Cable, Luke; Eberle, Nate; Hess, Matt; Long, Logan; McWilliams, Rob; Murren, Neil","1:36"
"01/28/2017","5:00 PM","1st Half","03:02","31-33","Arcadia","Sellers, Tyson","","Commits Foul","26","Kelley, Ryan; Pierfy, Phil; Scott, Josh; Sellers, Tyson; Slone, Evan","1:29"
"01/28/2017","5:00 PM","1st Half","03:02","31-33","Arcadia","Team","","Second Timeout","","Kelley, Ryan; Pierfy, Phil; Scott, Josh; Sellers, Tyson; Slone, Evan","1:29"
"01/28/2017","5:00 PM","1st Half","02:58","31-33","Messiah","Long, Logan","missed","Free Throw","","Cable, Luke; Eberle, Nate; Hess, Matt; Long, Logan; McWilliams, Rob; Murren, Neil","1:44"
"01/28/2017","5:00 PM","1st Half","02:58","31-33","Messiah","Team","","Deadball Rebound","","Cable, Luke; Eberle, Nate; Hess, Matt; Long, Logan; McWilliams, Rob; Murren, Neil","1:44"
"01/28/2017","5:00 PM","1st Half","02:58","31-34","Messiah","Long, Logan","made","Free Throw","","Cable, Luke; Eberle, Nate; Hess, Matt; Long, Logan; McWilliams, Rob; Murren, Neil","1:44"
"01/28/2017","5:00 PM","1st Half","02:33","31-34","Arcadia","Slone, Evan","missed","Layup","1","Kelley, Ryan; Pierfy, Phil; Scott, Josh; Sellers, Tyson; Slone, Evan","1:58"
"01/28/2017","5:00 PM","1st Half","02:33","31-34","Arcadia","Slone, Evan","","Offensive Rebound","","Kelley, Ryan; Pierfy, Phil; Scott, Josh; Sellers, Tyson; Slone, Evan","1:58"
"01/28/2017","5:00 PM","1st Half","02:32","31-34","Arcadia","Slone, Evan","missed","Layup","29","Kelley, Ryan; Pierfy, Phil; Scott, Josh; Sellers, Tyson; Slone, Evan","1:59"
"01/28/2017","5:00 PM","1st Half","02:32","31-34","Messiah","McWilliams, Rob","","Defensive Rebound","","Cable, Luke; Eberle, Nate; Hess, Matt; Long, Logan; McWilliams, Rob; Murren, Neil","2:10"
"01/28/2017","5:00 PM","1st Half","02:25","31-34","Messiah","Clippinger, Josh","","Enters Game","","Cable, Luke; Clippinger, Josh; Eberle, Nate; Hess, Matt; Long, Logan; McWilliams, Rob; Murren, Neil","0:00"
"01/28/2017","5:00 PM","1st Half","02:25","31-34","Messiah","Cable, Luke","","Leaves Game","","Clippinger, Josh; Eberle, Nate; Hess, Matt; Long, Logan; McWilliams, Rob; Murren, Neil","0:00"
"01/28/2017","5:00 PM","1st Half","02:25","31-34","Messiah","Eberle, Nate","","Leaves Game","","Clippinger, Josh; Hess, Matt; Long, Logan; McWilliams, Rob; Murren, Neil","0:00"
"01/28/2017","5:00 PM","1st Half","02:24","31-36","Messiah","McWilliams, Rob","made","Two Point Jumper","22","Clippinger, Josh; Hess, Matt; Long, Logan; McWilliams, Rob; Murren, Neil","0:01"
"01/28/2017","5:00 PM","1st Half","02:20","31-36","Messiah","Sareyka, Colin","","Enters Game","","Clippinger, Josh; Hess, Matt; Long, Logan; McWilliams, Rob; Murren, Neil; Sareyka, Colin","0:00"
"01/28/2017","5:00 PM","1st Half","02:05","34-36","Arcadia","Sellers, Tyson","made","Three Point Jumper","11","Kelley, Ryan; Pierfy, Phil; Scott, Josh; Sellers, Tyson; Slone, Evan","2:26"
"01/28/2017","5:00 PM","1st Half","02:05","34-36","Arcadia","Scott, Josh","","Assist","","Kelley, Ryan; Pierfy, Phil; Scott, Josh; Sellers, Tyson; Slone, Evan","2:26"
"01/28/2017","5:00 PM","1st Half","01:51","34-36","Messiah","Sareyka, Colin","","Turnover","","Clippinger, Josh; Hess, Matt; Long, Logan; McWilliams, Rob; Murren, Neil; Sareyka, Colin","0:29"
"01/28/2017","5:00 PM","1st Half","01:50","34-36","Arcadia","Kelley, Ryan","","Steal","","Kelley, Ryan; Pierfy, Phil; Scott, Josh; Sellers, Tyson; Slone, Evan","2:41"
"01/28/2017","5:00 PM","1st Half","01:48","34-36","Arcadia","Kelley, Ryan","missed","Two Point Jumper","27","Kelley, Ryan; Pierfy, Phil; Scott, Josh; Sellers, Tyson; Slone, Evan","2:43"
"01/28/2017","5:00 PM","1st Half","01:48","34-36","Messiah","Murren, Neil","","Defensive Rebound","","Clippinger, Josh; Hess, Matt; Long, Logan; McWilliams, Rob; Murren, Neil; Sareyka, Colin","0:32"
"01/28/2017","5:00 PM","1st Half","01:28","34-36","Arcadia","Sellers, Tyson","","Commits Foul","10","Kelley, Ryan; Pierfy, Phil; Scott, Josh; Sellers, Tyson; Slone, Evan","3:03"
"01/28/2017","5:00 PM","1st Half","01:28","34-37","Messiah","Murren, Neil","made","Free Throw","","Clippinger, Josh; Hess, Matt; Long, Logan; McWilliams, Rob; Murren, Neil; Sareyka, Colin","0:52"
"01/28/2017","5:00 PM","1st Half","01:28","34-38","Messiah","Murren, Neil","made","Free Throw","","Clippinger, Josh; Hess, Matt; Long, Logan; McWilliams, Rob; Murren, Neil; Sareyka, Colin","0:52"
"01/28/2017","5:00 PM","1st Half","01:02","34-38","Arcadia","Kelley, Ryan","missed","Three Point Jumper","4","Kelley, Ryan; Pierfy, Phil; Scott, Josh; Sellers, Tyson; Slone, Evan","3:29"
"01/28/2017","5:00 PM","1st Half","01:02","34-38","Messiah","Sareyka, Colin","","Defensive Rebound","","Clippinger, Josh; Hess, Matt; Long, Logan; McWilliams, Rob; Murren, Neil; Sareyka, Colin","1:18"
"01/28/2017","5:00 PM","1st Half","00:48","34-38","Messiah","Clippinger, Josh","missed","Two Point Jumper","16","Clippinger, Josh; Hess, Matt; Long, Logan; McWilliams, Rob; Murren, Neil; Sareyka, Colin","1:32"
"01/28/2017","5:00 PM","1st Half","00:48","34-38","Messiah","Murren, Neil","","Offensive Rebound","","Clippinger, Josh; Hess, Matt; Long, Logan; McWilliams, Rob; Murren, Neil; Sareyka, Colin","1:32"
"01/28/2017","5:00 PM","1st Half","00:39","34-40","Messiah","Long, Logan","made","Layup","21","Clippinger, Josh; Hess, Matt; Long, Logan; McWilliams, Rob; Murren, Neil; Sareyka, Colin","1:41"
"01/28/2017","5:00 PM","1st Half","00:36","34-40","Arcadia","Pierfy, Phil","","Commits Foul","27","Kelley, Ryan; Pierfy, Phil; Scott, Josh; Sellers, Tyson; Slone, Evan","3:55"
"01/28/2017","5:00 PM","1st Half","00:36","34-41","Messiah","Long, Logan","made","Free Throw","","Clippinger, Josh; Hess, Matt; Long, Logan; McWilliams, Rob; Murren, Neil; Sareyka, Colin","1:44"
"01/28/2017","5:00 PM","1st Half","00:36","34-41","Arcadia","Reilly, Kyle","","Enters Game","","Kelley, Ryan; Pierfy, Phil; Reilly, Kyle; Scott, Josh; Sellers, Tyson; Slone, Evan","0:00"
"01/28/2017","5:00 PM","1st Half","00:36","34-41","Arcadia","Sellers, Tyson","","Leaves Game","","Kelley, Ryan; Pierfy, Phil; Reilly, Kyle; Scott, Josh; Slone, Evan","0:00"
"01/28/2017","5:00 PM","1st Half","00:11","36-41","Arcadia","Pierfy, Phil","made","Layup","5","Kelley, Ryan; Pierfy, Phil; Reilly, Kyle; Scott, Josh; Slone, Evan","0:25"
"01/28/2017","5:00 PM","1st Half","00:02","36-41","Messiah","Sareyka, Colin","missed","Two Point Jumper","21","Clippinger, Josh; Hess, Matt; Long, Logan; McWilliams, Rob; Murren, Neil; Sareyka, Colin","2:18"
"01/28/2017","5:00 PM","1st Half","00:02","36-41","Messiah","Team","","Deadball Rebound","","Clippinger, Josh; Hess, Matt; Long, Logan; McWilliams, Rob; Murren, Neil; Sareyka, Colin","2:18"
"01/28/2017","5:00 PM","2nd Half","19:49","36-41","Arcadia","Kelley, Ryan","missed","Three Point Jumper","19","Kelley, Ryan","0:11"
"01/28/2017","5:00 PM","2nd Half","19:49","36-41","Arcadia","Pierfy, Phil","","Offensive Rebound","","Kelley, Ryan; Pierfy, Phil","0:00"
"01/28/2017","5:00 PM","2nd Half","19:45","38-41","Arcadia","Pierfy, Phil","made","Layup","26","Kelley, Ryan; Pierfy, Phil","0:04"
"01/28/2017","5:00 PM","2nd Half","19:24","38-41","Messiah","Clippinger, Josh","missed","Two Point Jumper","9","Clippinger, Josh","0:36"
"01/28/2017","5:00 PM","2nd Half","19:24","38-41","Arcadia","Kelley, Ryan","","Defensive Rebound","","Kelley, Ryan; Pierfy, Phil","0:25"
"01/28/2017","5:00 PM","2nd Half","19:17","38-41","Arcadia","Kelley, Ryan","missed","Three Point Jumper","23","Kelley, Ryan; Pierfy, Phil","0:32"
"01/28/2017","5:00 PM","2nd Half","19:17","38-41","Messiah","Team","","Defensive Rebound","","Clippinger, Josh","0:43"
"01/28/2017","5:00 PM","2nd Half","18:52","38-43","Messiah","Cable, Luke","made","Layup","5","Cable, Luke; Clippinger, Josh","0:00"
"01/28/2017","5:00 PM","2nd Half","18:50","38-43","Arcadia","Kelley, Ryan","","Commits Foul","28","Kelley, Ryan; Pierfy, Phil","0:59"
"01/28/2017","5:00 PM","2nd Half","18:50","38-43","Messiah","Cable, Luke","missed","Free Throw","","Cable, Luke; Clippinger, Josh","0:02"
"01/28/2017","5:00 PM","2nd Half","18:50","38-43","Arcadia","Pierfy, Phil","","Defensive Rebound","","Kelley, Ryan; Pierfy, Phil","0:59"
"01/28/2017","5:00 PM","2nd Half","18:32","38-43","Arcadia","Team","","Second Timeout","","Kelley, Ryan; Pierfy, Phil","1:17"
"01/28/2017","5:00 PM","2nd Half","18:30","40-43","Arcadia","Scott, Josh","made","Layup","10","Kelley, Ryan; Pierfy, Phil; Scott, Josh","0:00"
"01/28/2017","5:00 PM","2nd Half","18:27","40-43","Messiah","McWilliams, Rob","","Commits Foul","27","Cable, Luke; Clippinger, Josh; McWilliams, Rob","0:00"
"01/28/2017","5:00 PM","2nd Half","18:25","41-43","Arcadia","Scott, Josh","made","Free Throw","","Kelley, Ryan; Pierfy, Phil; Scott, Josh","0:05"
"01/28/2017","5:00 PM","2nd Half","18:24","41-43","Arcadia","Pierfy, Phil","","Commits Foul","27","Kelley, Ryan; Pierfy, Phil; Scott, Josh","0:06"
"01/28/2017","5:00 PM","2nd Half","18:10","41-43","Messiah","Cable, Luke","missed","Layup","16","Cable, Luke; Clippinger, Josh; McWilliams, Rob","0:17"
"01/28/2017","5:00 PM","2nd Half","18:10","41-43","Messiah","Clippinger, Josh","","Offensive Rebound","","Cable, Luke; Clippinger, Josh; McWilliams, Rob","0:17"
"01/28/2017","5:00 PM","2nd Half","18:08","41-43","Arcadia","Pierfy, Phil","","Commits Foul","28","Kelley, Ryan; Pierfy, Phil; Scott, Josh","0:22"
"01/28/2017","5:00 PM","2nd Half","18:07","41-43","Arcadia","Anderson-Marrow, Emmanuel","","Enters Game","","Anderson-Marrow, Emmanuel; Kelley, Ryan; Pierfy, Phil; Scott, Josh","0:00"
"01/28/2017","5:00 PM","2nd Half","18:07","41-43","Arcadia","Pierfy, Phil","","Leaves Game","","Anderson-Marrow, Emmanuel; Kelley, Ryan; Scott, Josh","0:00"
"01/28/2017","5:00 PM","2nd Half","18:06","41-46","Messiah","Long, Logan","made","Three Point Jumper","28","Cable, Luke; Clippinger, Josh; Long, Logan; McWilliams, Rob","0:00"
"01/28/2017","5:00 PM","2nd Half","18:06","41-46","Messiah","Hess, Matt","","Assist","","Cable, Luke; Clippinger, Josh; Hess, Matt; Long, Logan; McWilliams, Rob","0:00"
"01/28/2017","5:00 PM","2nd Half","17:41","41-46","Arcadia","Anderson-Marrow, Emmanuel","missed","Three Point Jumper","5","Anderson-Marrow, Emmanuel; Kelley, Ryan; Scott, Josh","0:26"
"01/28/2017","5:00 PM","2nd Half","17:41","41-46","Messiah","Team","","Defensive Rebound","","Cable, Luke; Clippinger, Josh; Hess, Matt; Long, Logan; McWilliams, Rob","0:25"
"01/28/2017","5:00 PM","2nd Half","17:23","41-46","Messiah","Clippinger, Josh","","Turnover","","Cable, Luke; Clippinger, Josh; Hess, Matt; Long, Logan; McWilliams, Rob","0:43"
"01/28/2017","5:00 PM","2nd Half","17:22","41-46","Arcadia","Kelley, Ryan","","Steal","","Anderson-Marrow, Emmanuel; Kelley, Ryan; Scott, Josh","0:45"
"01/28/2017","5:00 PM","2nd Half","17:18","41-46","Arcadia","Kelley, Ryan","missed","Layup","25","Anderson-Marrow, Emmanuel; Kelley, Ryan; Scott, Josh","0:49"
"01/28/2017","5:00 PM","2nd Half","17:18","41-46","Messiah","Hess, Matt","","Defensive Rebound","","Cable, Luke; Clippinger, Josh; Hess, Matt; Long, Logan; McWilliams, Rob","0:48"
"01/28/2017","5:00 PM","2nd Half","16:57","41-46","Messiah","Clippinger, Josh","missed","Layup","9","Cable, Luke; Clippinger, Josh; Hess, Matt; Long, Logan; McWilliams, Rob","1:09"
"01/28/2017","5:00 PM","2nd Half","16:57","41-46","Messiah","Clippinger, Josh","","Offensive Rebound","","Cable, Luke; Clippinger, Josh; Hess, Matt; Long, Logan; McWilliams, Rob","1:09"
"01/28/2017","5:00 PM","2nd Half","16:54","41-46","Messiah","Clippinger, Josh","missed","Layup","27","Cable, Luke; Clippinger, Josh; Hess, Matt; Long, Logan; McWilliams, Rob","1:12"
"01/28/2017","5:00 PM","2nd Half","16:54","41-46","Arcadia","Slone, Evan","","Defensive Rebound","","Anderson-Marrow, Emmanuel; Kelley, Ryan; Scott, Josh; Slone, Evan","0:00"
"01/28/2017","5:00 PM","2nd Half","16:46","44-46","Arcadia","Reilly, Kyle","made","Three Point Jumper","22","Anderson-Marrow, Emmanuel; Kelley, Ryan; Reilly, Kyle; Scott, Josh; Slone, Evan","0:00"
"01/28/2017","5:00 PM","2nd Half","16:46","44-46","Arcadia","Kelley, Ryan","","Assist","","Anderson-Marrow, Emmanuel; Kelley, Ryan; Reilly, Kyle; Scott, Josh; Slone, Evan","0:00"
"01/28/2017","5:00 PM","2nd Half","16:31","44-46","Messiah","Cable, Luke","","Turnover","","Cable, Luke; Clippinger, Josh; Hess, Matt; Long, Logan; McWilliams, Rob","1:35"
"01/28/2017","5:00 PM","2nd Half","16:15","44-46","Arcadia","Slone, Evan","missed","Layup","14","Anderson-Marrow, Emmanuel; Kelley, Ryan; Reilly, Kyle; Scott, Josh; Slone, Evan","0:31"
"01/28/2017","5:00 PM","2nd Half","16:15","44-46","Messiah","Long, Logan","","Defensive Rebound","","Cable, Luke; Clippinger, Josh; Hess, Matt; Long, Logan; McWilliams, Rob","1:51"
"01/28/2017","5:00 PM","2nd Half","16:06","44-46","Messiah","Cable, Luke","missed","Three Point Jumper","21","Cable, Luke; Clippinger, Josh; Hess, Matt; Long, Logan; McWilliams, Rob","2:00"
"01/28/2017","5:00 PM","2nd Half","16:06","44-46","Arcadia","Scott, Josh","","Defensive Rebound","","Anderson-Marrow, Emmanuel; Kelley, Ryan; Reilly, Kyle; Scott, Josh; Slone, Evan","0:40"
"01/28/2017","5:00 PM","2nd Half","15:59","44-46","Messiah","Hess, Matt","","Commits Foul","23","Cable, Luke; Clippinger, Josh; Hess, Matt; Long, Logan; McWilliams, Rob","2:07"
"01/28/2017","5:00 PM","2nd Half","15:59","44-46","Messiah","Murren, Neil","","Enters Game","","Cable, Luke; Clippinger, Josh; Hess, Matt; Long, Logan; McWilliams, Rob; Murren, Neil","0:00"
"01/28/2017","5:00 PM","2nd Half","15:59","44-46","Messiah","Sareyka, Colin","","Enters Game","","Cable, Luke; Clippinger, Josh; Hess, Matt; Long, Logan; McWilliams, Rob; Murren, Neil; Sareyka, Colin","0:00"
"01/28/2017","5:00 PM","2nd Half","15:59","44-46","Messiah","Hess, Matt","","Leaves Game","","Cable, Luke; Clippinger, Josh; Long, Logan; McWilliams, Rob; Murren, Neil; Sareyka, Colin","0:00"
"01/28/2017","5:00 PM","2nd Half","15:59","44-46","Messiah","Cable, Luke","","Leaves Game","","Clippinger, Josh; Long, Logan; McWilliams, Rob; Murren, Neil; Sareyka, Colin","0:00"
"01/28/2017","5:00 PM","2nd Half","15:46","46-46","Arcadia","Scott, Josh","made","Layup","17","Anderson-Marrow, Emmanuel; Kelley, Ryan; Reilly, Kyle; Scott, Josh; Slone, Evan","1:00"
"01/28/2017","5:00 PM","2nd Half","15:30","46-46","Arcadia","Slone, Evan","","Commits Foul","14","Anderson-Marrow, Emmanuel; Kelley, Ryan; Reilly, Kyle; Scott, Josh; Slone, Evan","1:16"
"01/28/2017","5:00 PM","2nd Half","15:30","46-46","Arcadia","Derr, Will","","Enters Game","","Anderson-Marrow, Emmanuel; Derr, Will; Kelley, Ryan; Reilly, Kyle; Scott, Josh; Slone, Evan","0:00"
"01/28/2017","5:00 PM","2nd Half","15:30","46-46","Arcadia","Sellers, Tyson","","Enters Game","","Anderson-Marrow, Emmanuel; Derr, Will; Kelley, Ryan; Reilly, Kyle; Scott, Josh; Sellers, Tyson; Slone, Evan","0:00"
"01/28/2017","5:00 PM","2nd Half","15:30","46-46","Arcadia","Slone, Evan","","Leaves Game","","Anderson-Marrow, Emmanuel; Derr, Will; Kelley, Ryan; Reilly, Kyle; Scott, Josh; Sellers, Tyson","0:00"
"01/28/2017","5:00 PM","2nd Half","15:30","46-46","Arcadia","Reilly, Kyle","","Leaves Game","","Anderson-Marrow, Emmanuel; Derr, Will; Kelley, Ryan; Scott, Josh; Sellers, Tyson","0:00"
"01/28/2017","5:00 PM","2nd Half","15:23","46-46","Arcadia","Sellers, Tyson","","Commits Foul","23","Anderson-Marrow, Emmanuel; Derr, Will; Kelley, Ryan; Scott, Josh; Sellers, Tyson","0:07"
"01/28/2017","5:00 PM","2nd Half","15:21","46-46","Messiah","McWilliams, Rob","missed","Two Point Jumper","28","Clippinger, Josh; Long, Logan; McWilliams, Rob; Murren, Neil; Sareyka, Colin","0:38"
"01/28/2017","5:00 PM","2nd Half","15:21","46-46","Messiah","Murren, Neil","","Offensive Rebound","","Clippinger, Josh; Long, Logan; McWilliams, Rob; Murren, Neil; Sareyka, Colin","0:38"
"01/28/2017","5:00 PM","2nd Half","15:15","46-46","Messiah","Clippinger, Josh","missed","Two Point Jumper","24","Clippinger, Josh; Long, Logan; McWilliams, Rob; Murren, Neil; Sareyka, Colin","0:44"
"01/28/2017","5:00 PM","2nd Half","15:15","46-46","Arcadia","Derr, Will","","Defensive Rebound","","Anderson-Marrow, Emmanuel; Derr, Will; Kelley, Ryan; Scott, Josh; Sellers, Tyson","0:15"
"01/28/2017","5:00 PM","2nd Half","14:59","48-46","Arcadia","Derr, Will","made","Layup","14","Anderson-Marrow, Emmanuel; Derr, Will; Kelley, Ryan; Scott, Josh; Sellers, Tyson","0:31"
"01/28/2017","5:00 PM","2nd Half","14:59","48-46","Arcadia","Kelley, Ryan","","Assist","","Anderson-Marrow, Emmanuel; Derr, Will; Kelley, Ryan; Scott, Josh; Sellers, Tyson","0:31"
"01/28/2017","5:00 PM","2nd Half","14:39","48-46","Messiah","Long, Logan","missed","Three Point Jumper","10","Clippinger, Josh; Long, Logan; McWilliams, Rob; Murren, Neil; Sareyka, Colin","1:20"
"01/28/2017","5:00 PM","2nd Half","14:39","48-46","Messiah","Murren, Neil","","Offensive Rebound","","Clippinger, Josh; Long, Logan; McWilliams, Rob; Murren, Neil; Sareyka, Colin","1:20"
"01/28/2017","5:00 PM","2nd Half","14:28","48-48","Messiah","McWilliams, Rob","made","Layup","19","Clippinger, Josh; Long, Logan; McWilliams, Rob; Murren, Neil; Sareyka, Colin","1:31"
"01/28/2017","5:00 PM","2nd Half","14:02","48-48","Arcadia","Sellers, Tyson","","Turnover","","Anderson-Marrow, Emmanuel; Derr, Will; Kelley, Ryan; Scott, Josh; Sellers, Tyson","1:28"
"01/28/2017","5:00 PM","2nd Half","14:01","48-48","Messiah","Murren, Neil","","Steal","","Clippinger, Josh; Long, Logan; McWilliams, Rob; Murren, Neil; Sareyka, Colin","1:58"
"01/28/2017","5:00 PM","2nd Half","13:57","48-48","Messiah","Long, Logan","missed","Layup","25","Clippinger, Josh; Long, Logan; McWilliams, Rob; Murren, Neil; Sareyka, Colin","2:02"
"01/28/2017","5:00 PM","2nd Half","13:57","48-48","Arcadia","Kelley, Ryan","","Blocked Shot","","Anderson-Marrow, Emmanuel; Derr, Will; Kelley, Ryan; Scott, Josh; Sellers, Tyson","1:33"
"01/28/2017","5:00 PM","2nd Half","13:57","48-48","Messiah","Team","","Offensive Rebound","","Clippinger, Josh; Long, Logan; McWilliams, Rob; Murren, Neil; Sareyka, Colin","2:02"
"01/28/2017","5:00 PM","2nd Half","13:57","48-48","Messiah","Darville, Josh","","Enters Game","","Clippinger, Josh; Darville, Josh; Long, Logan; McWilliams, Rob; Murren, Neil; Sareyka, Colin","0:00"
"01/28/2017","5:00 PM","2nd Half","13:57","48-48","Messiah","Clippinger, Josh","","Leaves Game","","Darville, Josh; Long, Logan; McWilliams, Rob; Murren, Neil; Sareyka, Colin","0:00"
"01/28/2017","5:00 PM","2nd Half","13:40","48-50","Messiah","Murren, Neil","made","Layup","13","Darville, Josh; Long, Logan; McWilliams, Rob; Murren, Neil; Sareyka, Colin","0:17"
"01/28/2017","5:00 PM","2nd Half","13:38","48-50","Arcadia","Kelley, Ryan","","Commits Foul","28","Anderson-Marrow, Emmanuel; Derr, Will; Kelley, Ryan; Scott, Josh; Sellers, Tyson","1:52"
"01/28/2017","5:00 PM","2nd Half","13:38","48-51","Messiah","Murren, Neil","made","Free Throw","","Darville, Josh; Long, Logan; McWilliams, Rob; Murren, Neil; Sareyka, Colin","0:19"
"01/28/2017","5:00 PM","2nd Half","13:38","48-51","Arcadia","Slone, Evan","","Enters Game","","Anderson-Marrow, Emmanuel; Derr, Will; Kelley, Ryan; Scott, Josh; Sellers, Tyson; Slone, Evan","0:00"
"01/28/2017","5:00 PM","2nd Half","13:38","48-51","Arcadia","Anderson-Marrow, Emmanuel","","Leaves Game","","Derr, Will; Kelley, Ryan; Scott, Josh; Sellers, Tyson; Slone, Evan","0:00"
"01/28/2017","5:00 PM","2nd Half","13:25","48-51","Arcadia","Derr, Will","","Turnover","","Derr, Will; Kelley, Ryan; Scott, Josh; Sellers, Tyson; Slone, Evan","0:13"
"01/28/2017","5:00 PM","2nd Half","13:24","48-51","Messiah","McWilliams, Rob","","Steal","","Darville, Josh; Long, Logan; McWilliams, Rob; Murren, Neil; Sareyka, Colin","0:33"
"01/28/2017","5:00 PM","2nd Half","13:21","48-51","Messiah","McWilliams, Rob","missed","Layup","26","Darville, Josh; Long, Logan; McWilliams, Rob; Murren, Neil; Sareyka, Colin","0:36"
"01/28/2017","5:00 PM","2nd Half","13:21","48-51","Arcadia","Derr, Will","","Defensive Rebound","","Derr, Will; Kelley, Ryan; Scott, Josh; Sellers, Tyson; Slone, Evan","0:17"
"01/28/2017","5:00 PM","2nd Half","13:15","48-51","Messiah","Long, Logan","","Commits Foul","24","Darville, Josh; Long, Logan; McWilliams, Rob; Murren, Neil; Sareyka, Colin","0:42"
"01/28/2017","5:00 PM","2nd Half","13:15","49-51","Arcadia","Scott, Josh","made","Free Throw","","Derr, Will; Kelley, Ryan; Scott, Josh; Sellers, Tyson; Slone, Evan","0:23"
"01/28/2017","5:00 PM","2nd Half","13:15","50-51","Arcadia","Scott, Josh","made","Free Throw","","Derr, Will; Kelley, Ryan; Scott, Josh; Sellers, Tyson; Slone, Evan","0:23"
"01/28/2017","5:00 PM","2nd Half","13:15","50-51","Messiah","Eberle, Nate","","Enters Game","","Darville, Josh; Eberle, Nate; Long, Logan; McWilliams, Rob; Murren, Neil; Sareyka, Colin","0:00"
"01/28/2017","5:00 PM","2nd Half","13:15","50-51","Messiah","Hess, Matt","","Enters Game","","Darville, Josh; Eberle, Nate; Hess, Matt; Long, Logan; McWilliams, Rob; Murren, Neil; Sareyka, Colin","0:00"
"01/28/2017","5:00 PM","2nd Half","13:15","50-51","Messiah","Long, Logan","","Leaves Game","","Darville, Josh; Eberle, Nate; Hess, Matt; McWilliams, Rob; Murren, Neil; Sareyka, Colin","0:00"
"01/28/2017","5:00 PM","2nd Half","13:15","50-51","Messiah","McWilliams, Rob","","Leaves Game","","Darville, Josh; Eberle, Nate; Hess, Matt; Murren, Neil; Sareyka, Colin","0:00"
"01/28/2017","5:00 PM","2nd Half","12:56","50-53","Messiah","Hess, Matt","made","Two Point Jumper","11","Darville, Josh; Eberle, Nate; Hess, Matt; Murren, Neil; Sareyka, Colin","0:19"
"01/28/2017","5:00 PM","2nd Half","12:33","50-53","Arcadia","Kelley, Ryan","missed","Three Point Jumper","7","Derr, Will; Kelley, Ryan; Scott, Josh; Sellers, Tyson; Slone, Evan","1:05"
"01/28/2017","5:00 PM","2nd Half","12:33","50-53","Messiah","Eberle, Nate","","Defensive Rebound","","Darville, Josh; Eberle, Nate; Hess, Matt; Murren, Neil; Sareyka, Colin","0:42"
"01/28/2017","5:00 PM","2nd Half","12:11","50-53","Messiah","Hess, Matt","missed","Three Point Jumper","8","Darville, Josh; Eberle, Nate; Hess, Matt; Murren, Neil; Sareyka, Colin","1:04"
"01/28/2017","5:00 PM","2nd Half","12:11","50-53","Arcadia","Kelley, Ryan","","Defensive Rebound","","Derr, Will; Kelley, Ryan; Scott, Josh; Sellers, Tyson; Slone, Evan","1:27"
"01/28/2017","5:00 PM","2nd Half","12:00","50-53","Arcadia","Kelley, Ryan","missed","Two Point Jumper","19","Derr, Will; Kelley, Ryan; Scott, Josh; Sellers, Tyson; Slone, Evan","1:38"
"01/28/2017","5:00 PM","2nd Half","12:00","50-53","Messiah","Team","","Defensive Rebound","","Darville, Josh; Eberle, Nate; Hess, Matt; Murren, Neil; Sareyka, Colin","1:15"
"01/28/2017","5:00 PM","2nd Half","11:55","50-53","Arcadia","Patel, Kishan","","Enters Game","","Derr, Will; Kelley, Ryan; Patel, Kishan; Scott, Josh; Sellers, Tyson; Slone, Evan","0:00"
"01/28/2017","5:00 PM","2nd Half","11:55","50-53","Arcadia","Kelley, Ryan","","Leaves Game","","Derr, Will; Patel, Kishan; Scott, Josh; Sellers, Tyson; Slone, Evan","0:00"
"01/28/2017","5:00 PM","2nd Half","11:34","50-56","Messiah","Eberle, Nate","made","Three Point Jumper","4","Darville, Josh; Eberle, Nate; Hess, Matt; Murren, Neil; Sareyka, Colin","1:41"
"01/28/2017","5:00 PM","2nd Half","11:34","50-56","Messiah","Sareyka, Colin","","Assist","","Darville, Josh; Eberle, Nate; Hess, Matt; Murren, Neil; Sareyka, Colin","1:41"
"01/28/2017","5:00 PM","2nd Half","11:02","50-56","Arcadia","Derr, Will","missed","Two Point Jumper","0","Derr, Will; Patel, Kishan; Scott, Josh; Sellers, Tyson; Slone, Evan","0:53"
"01/28/2017","5:00 PM","2nd Half","11:02","50-56","Messiah","Hess, Matt","","Defensive Rebound","","Darville, Josh; Eberle, Nate; Hess, Matt; Murren, Neil; Sareyka, Colin","2:13"
"01/28/2017","5:00 PM","2nd Half","10:55","50-56","Messiah","Sareyka, Colin","","Turnover","","Darville, Josh; Eberle, Nate; Hess, Matt; Murren, Neil; Sareyka, Colin","2:20"
"01/28/2017","5:00 PM","2nd Half","10:51","50-56","Arcadia","Sellers, Tyson","","Steal","","Derr, Will; Patel, Kishan; Scott, Josh; Sellers, Tyson; Slone, Evan","1:04"
"01/28/2017","5:00 PM","2nd Half","10:42","50-56","Arcadia","Patel, Kishan","missed","Two Point Jumper","17","Derr, Will; Patel, Kishan; Scott, Josh; Sellers, Tyson; Slone, Evan","1:13"
"01/28/2017","5:00 PM","2nd Half","10:42","50-56","Messiah","Darville, Josh","","Defensive Rebound","","Darville, Josh; Eberle, Nate; Hess, Matt; Murren, Neil; Sareyka, Colin","2:33"
"01/28/2017","5:00 PM","2nd Half","10:36","50-56","Arcadia","Sellers, Tyson","","Commits Foul","24","Derr, Will; Patel, Kishan; Scott, Josh; Sellers, Tyson; Slone, Evan","1:19"
"01/28/2017","5:00 PM","2nd Half","10:36","50-57","Messiah","Sareyka, Colin","made","Free Throw","","Darville, Josh; Eberle, Nate; Hess, Matt; Murren, Neil; Sareyka, Colin","2:39"
"01/28/2017","5:00 PM","2nd Half","10:36","50-57","Arcadia","Reilly, Kyle","","Enters Game","","Derr, Will; Patel, Kishan; Reilly, Kyle; Scott, Josh; Sellers, Tyson; Slone, Evan","0:00"
"01/28/2017","5:00 PM","2nd Half","10:36","50-57","Arcadia","Gray, Kelsey","","Enters Game","","Derr, Will; Gray, Kelsey; Patel, Kishan; Reilly, Kyle; Scott, Josh; Sellers, Tyson; Slone, Evan","0:00"
"01/28/2017","5:00 PM","2nd Half","10:36","50-57","Arcadia","Pierfy, Phil","","Enters Game","","Derr, Will; Gray, Kelsey; Patel, Kishan; Pierfy, Phil; Reilly, Kyle; Scott, Josh; Sellers, Tyson; Slone, Evan","0:00"
"01/28/2017","5:00 PM","2nd Half","10:36","50-57","Arcadia","Scott, Josh","","Leaves Game","","Derr, Will; Gray, Kelsey; Patel, Kishan; Pierfy, Phil; Reilly, Kyle; Sellers, Tyson; Slone, Evan","0:00"
"01/28/2017","5:00 PM","2nd Half","10:36","50-57","Arcadia","Derr, Will","","Leaves Game","","Gray, Kelsey; Patel, Kishan; Pierfy, Phil; Reilly, Kyle; Sellers, Tyson; Slone, Evan","0:00"
"01/28/2017","5:00 PM","2nd Half","10:36","50-57","Arcadia","Sellers, Tyson","","Leaves Game","","Gray, Kelsey; Patel, Kishan; Pierfy, Phil; Reilly, Kyle; Slone, Evan","0:00"
"01/28/2017","5:00 PM","2nd Half","10:36","50-57","Messiah","Clippinger, Josh","","Enters Game","","Clippinger, Josh; Darville, Josh; Eberle, Nate; Hess, Matt; Murren, Neil; Sareyka, Colin","0:00"
"01/28/2017","5:00 PM","2nd Half","10:36","50-57","Messiah","Darville, Josh","","Leaves Game","","Clippinger, Josh; Eberle, Nate; Hess, Matt; Murren, Neil; Sareyka, Colin","0:00"
"01/28/2017","5:00 PM","2nd Half","10:35","50-57","Messiah","Sareyka, Colin","missed","Free Throw","","Clippinger, Josh; Eberle, Nate; Hess, Matt; Murren, Neil; Sareyka, Colin","0:01"
"01/28/2017","5:00 PM","2nd Half","10:34","50-57","Arcadia","Pierfy, Phil","","Defensive Rebound","","Gray, Kelsey; Patel, Kishan; Pierfy, Phil; Reilly, Kyle; Slone, Evan","0:02"
"01/28/2017","5:00 PM","2nd Half","10:22","50-57","Arcadia","Gray, Kelsey","missed","Two Point Jumper","16","Gray, Kelsey; Patel, Kishan; Pierfy, Phil; Reilly, Kyle; Slone, Evan","0:14"
"01/28/2017","5:00 PM","2nd Half","10:22","50-57","Messiah","Sareyka, Colin","","Defensive Rebound","","Clippinger, Josh; Eberle, Nate; Hess, Matt; Murren, Neil; Sareyka, Colin","0:14"
"01/28/2017","5:00 PM","2nd Half","10:09","50-57","Messiah","Sareyka, Colin","missed","Three Point Jumper","17","Clippinger, Josh; Eberle, Nate; Hess, Matt; Murren, Neil; Sareyka, Colin","0:27"
"01/28/2017","5:00 PM","2nd Half","10:09","50-57","Arcadia","Pierfy, Phil","","Defensive Rebound","","Gray, Kelsey; Patel, Kishan; Pierfy, Phil; Reilly, Kyle; Slone, Evan","0:27"
"01/28/2017","5:00 PM","2nd Half","09:53","52-57","Arcadia","Reilly, Kyle","made","Two Point Jumper","14","Gray, Kelsey; Patel, Kishan; Pierfy, Phil; Reilly, Kyle; Slone, Evan","0:43"
"01/28/2017","5:00 PM","2nd Half","09:36","52-57","Messiah","Sareyka, Colin","","Turnover","","Clippinger, Josh; Eberle, Nate; Hess, Matt; Murren, Neil; Sareyka, Colin","1:00"
"01/28/2017","5:00 PM","2nd Half","09:35","52-57","Arcadia","Pierfy, Phil","","Steal","","Gray, Kelsey; Patel, Kishan; Pierfy, Phil; Reilly, Kyle; Slone, Evan","1:01"
"01/28/2017","5:00 PM","2nd Half","09:31","52-57","Arcadia","Reilly, Kyle","missed","Two Point Jumper","25","Gray, Kelsey; Patel, Kishan; Pierfy, Phil; Reilly, Kyle; Slone, Evan","1:05"
"01/28/2017","5:00 PM","2nd Half","09:31","52-57","Messiah","Sareyka, Colin","","Defensive Rebound","","Clippinger, Josh; Eberle, Nate; Hess, Matt; Murren, Neil; Sareyka, Colin","1:05"
"01/28/2017","5:00 PM","2nd Half","09:14","52-57","Arcadia","Sanders, Jordan","","Enters Game","","Gray, Kelsey; Patel, Kishan; Pierfy, Phil; Reilly, Kyle; Sanders, Jordan; Slone, Evan","0:00"
"01/28/2017","5:00 PM","2nd Half","09:14","52-57","Arcadia","Patel, Kishan","","Leaves Game","","Gray, Kelsey; Pierfy, Phil; Reilly, Kyle; Sanders, Jordan; Slone, Evan","0:00"
"01/28/2017","5:00 PM","2nd Half","09:14","52-57","Messiah","Cable, Luke","","Enters Game","","Cable, Luke; Clippinger, Josh; Eberle, Nate; Hess, Matt; Murren, Neil; Sareyka, Colin","0:00"
"01/28/2017","5:00 PM","2nd Half","09:14","52-57","Messiah","Sareyka, Colin","","Leaves Game","","Cable, Luke; Clippinger, Josh; Eberle, Nate; Hess, Matt; Murren, Neil","0:00"
"01/28/2017","5:00 PM","2nd Half","09:12","52-57","Messiah","Eberle, Nate","missed","Three Point Jumper","11","Cable, Luke; Clippinger, Josh; Eberle, Nate; Hess, Matt; Murren, Neil","0:02"
"01/28/2017","5:00 PM","2nd Half","09:12","52-57","Arcadia","Reilly, Kyle","","Defensive Rebound","","Gray, Kelsey; Pierfy, Phil; Reilly, Kyle; Sanders, Jordan; Slone, Evan","0:02"
"01/28/2017","5:00 PM","2nd Half","08:33","52-57","Arcadia","Team","","Turnover","","Gray, Kelsey; Pierfy, Phil; Reilly, Kyle; Sanders, Jordan; Slone, Evan","0:41"
"01/28/2017","5:00 PM","2nd Half","08:10","52-60","Messiah","Eberle, Nate","made","Three Point Jumper","7","Cable, Luke; Clippinger, Josh; Eberle, Nate; Hess, Matt; Murren, Neil","1:04"
"01/28/2017","5:00 PM","2nd Half","08:10","52-60","Messiah","Cable, Luke","","Assist","","Cable, Luke; Clippinger, Josh; Eberle, Nate; Hess, Matt; Murren, Neil","1:04"
"01/28/2017","5:00 PM","2nd Half","08:01","52-60","Arcadia","Reilly, Kyle","","Turnover","","Gray, Kelsey; Pierfy, Phil; Reilly, Kyle; Sanders, Jordan; Slone, Evan","1:13"
"01/28/2017","5:00 PM","2nd Half","07:44","52-60","Messiah","Murren, Neil","","Turnover","","Cable, Luke; Clippinger, Josh; Eberle, Nate; Hess, Matt; Murren, Neil","1:30"
"01/28/2017","5:00 PM","2nd Half","07:43","52-60","Arcadia","Gray, Kelsey","","Steal","","Gray, Kelsey; Pierfy, Phil; Reilly, Kyle; Sanders, Jordan; Slone, Evan","1:31"
"01/28/2017","5:00 PM","2nd Half","07:40","52-60","Arcadia","Sanders, Jordan","","Turnover","","Gray, Kelsey; Pierfy, Phil; Reilly, Kyle; Sanders, Jordan; Slone, Evan","1:34"
"01/28/2017","5:00 PM","2nd Half","07:39","52-60","Messiah","Cable, Luke","","Steal","","Cable, Luke; Clippinger, Josh; Eberle, Nate; Hess, Matt; Murren, Neil","1:35"
"01/28/2017","5:00 PM","2nd Half","07:38","52-60","Arcadia","Sanders, Jordan","","Commits Foul","28","Gray, Kelsey; Pierfy, Phil; Reilly, Kyle; Sanders, Jordan; Slone, Evan","1:36"
"01/28/2017","5:00 PM","2nd Half","07:38","52-61","Messiah","Cable, Luke","made","Free Throw","","Cable, Luke; Clippinger, Josh; Eberle, Nate; Hess, Matt; Murren, Neil","1:36"
"01/28/2017","5:00 PM","2nd Half","07:38","52-61","Messiah","Cable, Luke","missed","Free Throw","","Cable, Luke; Clippinger, Josh; Eberle, Nate; Hess, Matt; Murren, Neil","1:36"
"01/28/2017","5:00 PM","2nd Half","07:38","52-61","Arcadia","Slone, Evan","","Defensive Rebound","","Gray, Kelsey; Pierfy, Phil; Reilly, Kyle; Sanders, Jordan; Slone, Evan","1:36"
"01/28/2017","5:00 PM","2nd Half","07:38","52-61","Arcadia","Kelley, Ryan","","Enters Game","","Gray, Kelsey; Kelley, Ryan; Pierfy, Phil; Reilly, Kyle; Sanders, Jordan; Slone, Evan","0:00"
"01/28/2017","5:00 PM","2nd Half","07:38","52-61","Arcadia","Sanders, Jordan","","Leaves Game","","Gray, Kelsey; Kelley, Ryan; Pierfy, Phil; Reilly, Kyle; Slone, Evan","0:00"
"01/28/2017","5:00 PM","2nd Half","07:25","52-61","Arcadia","Gray, Kelsey","","Turnover","","Gray, Kelsey; Kelley, Ryan; Pierfy, Phil; Reilly, Kyle; Slone, Evan","0:13"
"01/28/2017","5:00 PM","2nd Half","07:22","52-61","Messiah","Clippinger, Josh","","Steal","","Cable, Luke; Clippinger, Josh; Eberle, Nate; Hess, Matt; Murren, Neil","1:52"
"01/28/2017","5:00 PM","2nd Half","07:19","52-61","Messiah","Murren, Neil","missed","Layup","24","Cable, Luke; Clippinger, Josh; Eberle, Nate; Hess, Matt; Murren, Neil","1:55"
"01/28/2017","5:00 PM","2nd Half","07:19","52-61","Arcadia","Reilly, Kyle","","Blocked Shot","","Gray, Kelsey; Kelley, Ryan; Pierfy, Phil; Reilly, Kyle; Slone, Evan","0:19"
"01/28/2017","5:00 PM","2nd Half","07:16","52-61","Arcadia","Pierfy, Phil","","Defensive Rebound","","Gray, Kelsey; Kelley, Ryan; Pierfy, Phil; Reilly, Kyle; Slone, Evan","0:22"
"01/28/2017","5:00 PM","2nd Half","06:58","52-61","Messiah","Cable, Luke","","Commits Foul","9","Cable, Luke; Clippinger, Josh; Eberle, Nate; Hess, Matt; Murren, Neil","2:16"
"01/28/2017","5:00 PM","2nd Half","06:58","53-61","Arcadia","Slone, Evan","made","Free Throw","","Gray, Kelsey; Kelley, Ryan; Pierfy, Phil; Reilly, Kyle; Slone, Evan","0:40"
"01/28/2017","5:00 PM","2nd Half","06:58","54-61","Arcadia","Slone, Evan","made","Free Throw","","Gray, Kelsey; Kelley, Ryan; Pierfy, Phil; Reilly, Kyle; Slone, Evan","0:40"
"01/28/2017","5:00 PM","2nd Half","06:58","54-61","Arcadia","Scott, Josh","","Enters Game","","Gray, Kelsey; Kelley, Ryan; Pierfy, Phil; Reilly, Kyle; Scott, Josh; Slone, Evan","0:00"
"01/28/2017","5:00 PM","2nd Half","06:58","54-61","Arcadia","Pierfy, Phil","","Leaves Game","","Gray, Kelsey; Kelley, Ryan; Reilly, Kyle; Scott, Josh; Slone, Evan","0:00"
"01/28/2017","5:00 PM","2nd Half","06:35","54-61","Messiah","Murren, Neil","missed","Three Point Jumper","7","Cable, Luke; Clippinger, Josh; Eberle, Nate; Hess, Matt; Murren, Neil","2:39"
"01/28/2017","5:00 PM","2nd Half","06:26","54-61","Messiah","Kerkeslager, Ben","","Defensive Rebound","","Cable, Luke; Clippinger, Josh; Eberle, Nate; Hess, Matt; Kerkeslager, Ben; Murren, Neil","0:00"
"01/28/2017","5:00 PM","2nd Half","06:21","54-61","Arcadia","Kelley, Ryan","missed","Three Point Jumper","16","Gray, Kelsey; Kelley, Ryan; Reilly, Kyle; Scott, Josh; Slone, Evan","0:37"
"01/28/2017","5:00 PM","2nd Half","06:21","54-61","Messiah","Murren, Neil","","Defensive Rebound","","Cable, Luke; Clippinger, Josh; Eberle, Nate; Hess, Matt; Kerkeslager, Ben; Murren, Neil","0:05"
"01/28/2017","5:00 PM","2nd Half","06:02","54-61","Messiah","Clippinger, Josh","missed","Layup","11","Cable, Luke; Clippinger, Josh; Eberle, Nate; Hess, Matt; Kerkeslager, Ben; Murren, Neil","0:24"
"01/28/2017","5:00 PM","2nd Half","06:02","54-61","Arcadia","Slone, Evan","","Defensive Rebound","","Gray, Kelsey; Kelley, Ryan; Reilly, Kyle; Scott, Josh; Slone, Evan","0:56"
"01/28/2017","5:00 PM","2nd Half","05:53","54-61","Messiah","Eberle, Nate","","Commits Foul","21","Cable, Luke; Clippinger, Josh; Eberle, Nate; Hess, Matt; Kerkeslager, Ben; Murren, Neil","0:33"
"01/28/2017","5:00 PM","2nd Half","05:53","54-61","Messiah","McWilliams, Rob","","Enters Game","","Cable, Luke; Clippinger, Josh; Eberle, Nate; Hess, Matt; Kerkeslager, Ben; McWilliams, Rob; Murren, Neil","0:00"
"01/28/2017","5:00 PM","2nd Half","05:53","54-61","Messiah","Long, Logan","","Enters Game","","Cable, Luke; Clippinger, Josh; Eberle, Nate; Hess, Matt; Kerkeslager, Ben; Long, Logan; McWilliams, Rob; Murren, Neil","0:00"
"01/28/2017","5:00 PM","2nd Half","05:53","54-61","Messiah","Eberle, Nate","","Leaves Game","","Cable, Luke; Clippinger, Josh; Hess, Matt; Kerkeslager, Ben; Long, Logan; McWilliams, Rob; Murren, Neil","0:00"
"01/28/2017","5:00 PM","2nd Half","05:53","54-61","Messiah","Cable, Luke","","Leaves Game","","Clippinger, Josh; Hess, Matt; Kerkeslager, Ben; Long, Logan; McWilliams, Rob; Murren, Neil","0:00"
"01/28/2017","5:00 PM","2nd Half","05:40","54-61","Arcadia","Scott, Josh","missed","Two Point Jumper","17","Gray, Kelsey; Kelley, Ryan; Reilly, Kyle; Scott, Josh; Slone, Evan","1:18"
"01/28/2017","5:00 PM","2nd Half","05:40","54-61","Messiah","McWilliams, Rob","","Defensive Rebound","","Clippinger, Josh; Hess, Matt; Kerkeslager, Ben; Long, Logan; McWilliams, Rob; Murren, Neil","0:13"
"01/28/2017","5:00 PM","2nd Half","05:19","54-61","Arcadia","Slone, Evan","","Commits Foul","9","Gray, Kelsey; Kelley, Ryan; Reilly, Kyle; Scott, Josh; Slone, Evan","1:39"
"01/28/2017","5:00 PM","2nd Half","05:19","54-62","Messiah","Clippinger, Josh","made","Free Throw","","Clippinger, Josh; Hess, Matt; Kerkeslager, Ben; Long, Logan; McWilliams, Rob; Murren, Neil","0:34"
"01/28/2017","5:00 PM","2nd Half","05:19","54-63","Messiah","Clippinger, Josh","made","Free Throw","","Clippinger, Josh; Hess, Matt; Kerkeslager, Ben; Long, Logan; McWilliams, Rob; Murren, Neil","0:34"
"01/28/2017","5:00 PM","2nd Half","05:19","54-63","Arcadia","Pierfy, Phil","","Enters Game","","Gray, Kelsey; Kelley, Ryan; Pierfy, Phil; Reilly, Kyle; Scott, Josh; Slone, Evan","0:00"
"01/28/2017","5:00 PM","2nd Half","05:19","54-63","Arcadia","Gray, Kelsey","","Leaves Game","","Kelley, Ryan; Pierfy, Phil; Reilly, Kyle; Scott, Josh; Slone, Evan","0:00"
"01/28/2017","5:00 PM","2nd Half","05:19","54-63","Messiah","Darville, Josh","","Enters Game","","Clippinger, Josh; Darville, Josh; Hess, Matt; Kerkeslager, Ben; Long, Logan; McWilliams, Rob; Murren, Neil","0:00"
"01/28/2017","5:00 PM","2nd Half","05:19","54-63","Messiah","Clippinger, Josh","","Leaves Game","","Darville, Josh; Hess, Matt; Kerkeslager, Ben; Long, Logan; McWilliams, Rob; Murren, Neil","0:00"
"01/28/2017","5:00 PM","2nd Half","05:01","54-63","Arcadia","Slone, Evan","missed","Layup","12","Kelley, Ryan; Pierfy, Phil; Reilly, Kyle; Scott, Josh; Slone, Evan","0:18"
"01/28/2017","5:00 PM","2nd Half","05:01","54-63","Arcadia","Pierfy, Phil","","Offensive Rebound","","Kelley, Ryan; Pierfy, Phil; Reilly, Kyle; Scott, Josh; Slone, Evan","0:18"
"01/28/2017","5:00 PM","2nd Half","04:58","56-63","Arcadia","Pierfy, Phil","made","Layup","27","Kelley, Ryan; Pierfy, Phil; Reilly, Kyle; Scott, Josh; Slone, Evan","0:21"
"01/28/2017","5:00 PM","2nd Half","04:44","56-63","Messiah","McWilliams, Rob","","Turnover","","Darville, Josh; Hess, Matt; Kerkeslager, Ben; Long, Logan; McWilliams, Rob; Murren, Neil","0:35"
"01/28/2017","5:00 PM","2nd Half","04:33","56-63","Arcadia","Scott, Josh","","Commits Foul","19","Kelley, Ryan; Pierfy, Phil; Reilly, Kyle; Scott, Josh; Slone, Evan","0:46"
"01/28/2017","5:00 PM","2nd Half","04:33","56-63","Arcadia","Scott, Josh","","Turnover","","Kelley, Ryan; Pierfy, Phil; Reilly, Kyle; Scott, Josh; Slone, Evan","0:46"
"01/28/2017","5:00 PM","2nd Half","04:27","56-63","Arcadia","Scott, Josh","","Commits Foul","24","Kelley, Ryan; Pierfy, Phil; Reilly, Kyle; Scott, Josh; Slone, Evan","0:52"
"01/28/2017","5:00 PM","2nd Half","04:25","56-63","Arcadia","Team","","Team Timeout","","Kelley, Ryan; Pierfy, Phil; Reilly, Kyle; Scott, Josh; Slone, Evan","0:54"
"01/28/2017","5:00 PM","2nd Half","04:25","56-64","Messiah","Murren, Neil","made","Free Throw","","Darville, Josh; Hess, Matt; Kerkeslager, Ben; Long, Logan; McWilliams, Rob; Murren, Neil","0:54"
"01/28/2017","5:00 PM","2nd Half","04:25","56-65","Messiah","Murren, Neil","made","Free Throw","","Darville, Josh; Hess, Matt; Kerkeslager, Ben; Long, Logan; McWilliams, Rob; Murren, Neil","0:54"
"01/28/2017","5:00 PM","2nd Half","04:13","56-65","Messiah","Darville, Josh","","Commits Foul","16","Darville, Josh; Hess, Matt; Kerkeslager, Ben; Long, Logan; McWilliams, Rob; Murren, Neil","1:06"
"01/28/2017","5:00 PM","2nd Half","04:13","56-65","Messiah","Murren, Neil","","Commits Foul","","Darville, Josh; Hess, Matt; Kerkeslager, Ben; Long, Logan; McWilliams, Rob; Murren, Neil","1:06"
"01/28/2017","5:00 PM","2nd Half","04:13","57-65","Arcadia","Reilly, Kyle","made","Free Throw","","Kelley, Ryan; Pierfy, Phil; Reilly, Kyle; Scott, Josh; Slone, Evan","1:06"
"01/28/2017","5:00 PM","2nd Half","04:13","58-65","Arcadia","Reilly, Kyle","made","Free Throw","","Kelley, Ryan; Pierfy, Phil; Reilly, Kyle; Scott, Josh; Slone, Evan","1:06"
"01/28/2017","5:00 PM","2nd Half","03:53","58-65","Messiah","McWilliams, Rob","missed","Three Point Jumper","10","Darville, Josh; Hess, Matt; Kerkeslager, Ben; Long, Logan; McWilliams, Rob; Murren, Neil","1:26"
"01/28/2017","5:00 PM","2nd Half","03:53","58-65","Arcadia","Slone, Evan","","Defensive Rebound","","Kelley, Ryan; Pierfy, Phil; Reilly, Kyle; Scott, Josh; Slone, Evan","1:26"
"01/28/2017","5:00 PM","2nd Half","03:48","58-65","Messiah","McWilliams, Rob","","Commits Foul","25","Darville, Josh; Hess, Matt; Kerkeslager, Ben; Long, Logan; McWilliams, Rob; Murren, Neil","1:31"
"01/28/2017","5:00 PM","2nd Half","03:48","59-65","Arcadia","Kelley, Ryan","made","Free Throw","","Kelley, Ryan; Pierfy, Phil; Reilly, Kyle; Scott, Josh; Slone, Evan","1:31"
"01/28/2017","5:00 PM","2nd Half","03:48","60-65","Arcadia","Kelley, Ryan","made","Free Throw","","Kelley, Ryan; Pierfy, Phil; Reilly, Kyle; Scott, Josh; Slone, Evan","1:31"
"01/28/2017","5:00 PM","2nd Half","03:48","60-65","Messiah","Sareyka, Colin","","Enters Game","","Darville, Josh; Hess, Matt; Kerkeslager, Ben; Long, Logan; McWilliams, Rob; Murren, Neil; Sareyka, Colin","0:00"
"01/28/2017","5:00 PM","2nd Half","03:48","60-65","Messiah","Clippinger, Josh","","Enters Game","","Clippinger, Josh; Darville, Josh; Hess, Matt; Kerkeslager, Ben; Long, Logan; McWilliams, Rob; Murren, Neil; Sareyka, Colin","0:00"
"01/28/2017","5:00 PM","2nd Half","03:48","60-65","Messiah","Hess, Matt","","Leaves Game","","Clippinger, Josh; Darville, Josh; Kerkeslager, Ben; Long, Logan; McWilliams, Rob; Murren, Neil; Sareyka, Colin","0:00"
"01/28/2017","5:00 PM","2nd Half","03:48","60-65","Messiah","Darville, Josh","","Leaves Game","","Clippinger, Josh; Kerkeslager, Ben; Long, Logan; McWilliams, Rob; Murren, Neil; Sareyka, Colin","0:00"
"01/28/2017","5:00 PM","2nd Half","03:38","60-65","Messiah","McWilliams, Rob","","Turnover","","Clippinger, Josh; Kerkeslager, Ben; Long, Logan; McWilliams, Rob; Murren, Neil; Sareyka, Colin","0:10"
"01/28/2017","5:00 PM","2nd Half","03:37","60-65","Arcadia","Kelley, Ryan","","Steal","","Kelley, Ryan; Pierfy, Phil; Reilly, Kyle; Scott, Josh; Slone, Evan","1:42"
"01/28/2017","5:00 PM","2nd Half","03:33","60-65","Arcadia","Kelley, Ryan","missed","Layup","25","Kelley, Ryan; Pierfy, Phil; Reilly, Kyle; Scott, Josh; Slone, Evan","1:46"
"01/28/2017","5:00 PM","2nd Half","03:33","60-65","Messiah","Murren, Neil","","Defensive Rebound","","Clippinger, Josh; Kerkeslager, Ben; Long, Logan; McWilliams, Rob; Murren, Neil; Sareyka, Colin","0:15"
"01/28/2017","5:00 PM","2nd Half","03:28","60-65","Messiah","Murren, Neil","","Turnover","","Clippinger, Josh; Kerkeslager, Ben; Long, Logan; McWilliams, Rob; Murren, Neil; Sareyka, Colin","0:20"
"01/28/2017","5:00 PM","2nd Half","03:28","60-65","Arcadia","Slone, Evan","","Steal","","Kelley, Ryan; Pierfy, Phil; Reilly, Kyle; Scott, Josh; Slone, Evan","1:51"
"01/28/2017","5:00 PM","2nd Half","03:26","60-65","Arcadia","Slone, Evan","missed","Layup","28","Kelley, Ryan; Pierfy, Phil; Reilly, Kyle; Scott, Josh; Slone, Evan","1:53"
"01/28/2017","5:00 PM","2nd Half","03:26","60-65","Messiah","Long, Logan","","Defensive Rebound","","Clippinger, Josh; Kerkeslager, Ben; Long, Logan; McWilliams, Rob; Murren, Neil; Sareyka, Colin","0:22"
"01/28/2017","5:00 PM","2nd Half","03:01","60-65","Messiah","Long, Logan","missed","Three Point Jumper","5","Clippinger, Josh; Kerkeslager, Ben; Long, Logan; McWilliams, Rob; Murren, Neil; Sareyka, Colin","0:47"
"01/28/2017","5:00 PM","2nd Half","03:01","60-65","Arcadia","Team","","Defensive Rebound","","Kelley, Ryan; Pierfy, Phil; Reilly, Kyle; Scott, Josh; Slone, Evan","2:18"
"01/28/2017","5:00 PM","2nd Half","02:43","62-65","Arcadia","Slone, Evan","made","Layup","12","Kelley, Ryan; Pierfy, Phil; Reilly, Kyle; Scott, Josh; Slone, Evan","2:36"
"01/28/2017","5:00 PM","2nd Half","02:43","62-65","Arcadia","Scott, Josh","","Assist","","Kelley, Ryan; Pierfy, Phil; Reilly, Kyle; Scott, Josh; Slone, Evan","2:36"
"01/28/2017","5:00 PM","2nd Half","02:43","62-65","Messiah","Long, Logan","","Commits Foul","","Clippinger, Josh; Kerkeslager, Ben; Long, Logan; McWilliams, Rob; Murren, Neil; Sareyka, Colin","1:05"
"01/28/2017","5:00 PM","2nd Half","02:43","62-65","Arcadia","Slone, Evan","missed","Free Throw","","Kelley, Ryan; Pierfy, Phil; Reilly, Kyle; Scott, Josh; Slone, Evan","2:36"
"01/28/2017","5:00 PM","2nd Half","02:43","62-65","Messiah","Long, Logan","","Defensive Rebound","","Clippinger, Josh; Kerkeslager, Ben; Long, Logan; McWilliams, Rob; Murren, Neil; Sareyka, Colin","1:05"
"01/28/2017","5:00 PM","2nd Half","02:28","62-65","Messiah","McWilliams, Rob","missed","Two Point Jumper","15","Clippinger, Josh; Kerkeslager, Ben; Long, Logan; McWilliams, Rob; Murren, Neil; Sareyka, Colin","1:20"
"01/28/2017","5:00 PM","2nd Half","02:28","62-65","Arcadia","Slone, Evan","","Defensive Rebound","","Kelley, Ryan; Pierfy, Phil; Reilly, Kyle; Scott, Josh; Slone, Evan","2:51"
"01/28/2017","5:00 PM","2nd Half","02:20","62-65","Arcadia","Reilly, Kyle","missed","Three Point Jumper","22","Kelley, Ryan; Pierfy, Phil; Reilly, Kyle; Scott, Josh; Slone, Evan","2:59"
"01/28/2017","5:00 PM","2nd Half","02:20","62-65","Messiah","McWilliams, Rob","","Defensive Rebound","","Clippinger, Josh; Kerkeslager, Ben; Long, Logan; McWilliams, Rob; Murren, Neil; Sareyka, Colin","1:28"
"01/28/2017","5:00 PM","2nd Half","02:16","62-65","Arcadia","Pierfy, Phil","","Commits Foul","26","Kelley, Ryan; Pierfy, Phil; Reilly, Kyle; Scott, Josh; Slone, Evan","3:03"
"01/28/2017","5:00 PM","2nd Half","02:16","62-66","Messiah","McWilliams, Rob","made","Free Throw","","Clippinger, Josh; Kerkeslager, Ben; Long, Logan; McWilliams, Rob; Murren, Neil; Sareyka, Colin","1:32"
"01/28/2017","5:00 PM","2nd Half","02:16","62-67","Messiah","McWilliams, Rob","made","Free Throw","","Clippinger, Josh; Kerkeslager, Ben; Long, Logan; McWilliams, Rob; Murren, Neil; Sareyka, Colin","1:32"
"01/28/2017","5:00 PM","2nd Half","02:16","62-67","Messiah","Hess, Matt","","Enters Game","","Clippinger, Josh; Hess, Matt; Kerkeslager, Ben; Long, Logan; McWilliams, Rob; Murren, Neil; Sareyka, Colin","0:00"
"01/28/2017","5:00 PM","2nd Half","02:16","62-67","Messiah","Sareyka, Colin","","Leaves Game","","Clippinger, Josh; Hess, Matt; Kerkeslager, Ben; Long, Logan; McWilliams, Rob; Murren, Neil","0:34"
"01/28/2017","5:00 PM","2nd Half","02:01","64-67","Arcadia","Reilly, Kyle","made","Two Point Jumper","15","Kelley, Ryan; Pierfy, Phil; Reilly, Kyle; Scott, Josh; Slone, Evan","3:18"
"01/28/2017","5:00 PM","2nd Half","02:01","64-67","Arcadia","Scott, Josh","","Assist","","Kelley, Ryan; Pierfy, Phil; Reilly, Kyle; Scott, Josh; Slone, Evan","3:18"
"01/28/2017","5:00 PM","2nd Half","01:31","64-67","Messiah","Murren, Neil","missed","Three Point Jumper","0","Clippinger, Josh; Hess, Matt; Kerkeslager, Ben; Long, Logan; McWilliams, Rob; Murren, Neil","1:19"
"01/28/2017","5:00 PM","2nd Half","01:31","64-67","Messiah","Team","","Offensive Rebound","","Clippinger, Josh; Hess, Matt; Kerkeslager, Ben; Long, Logan; McWilliams, Rob; Murren, Neil","1:19"
"01/28/2017","5:00 PM","2nd Half","01:24","64-67","Arcadia","Anderson-Marrow, Emmanuel","","Enters Game","","Anderson-Marrow, Emmanuel; Kelley, Ryan; Pierfy, Phil; Reilly, Kyle; Scott, Josh; Slone, Evan","0:00"
"01/28/2017","5:00 PM","2nd Half","01:24","64-67","Arcadia","Pierfy, Phil","","Leaves Game","","Anderson-Marrow, Emmanuel; Kelley, Ryan; Reilly, Kyle; Scott, Josh; Slone, Evan","1:16"
"01/28/2017","5:00 PM","2nd Half","01:12","64-67","Arcadia","Reilly, Kyle","","Commits Foul","11","Anderson-Marrow, Emmanuel; Kelley, Ryan; Reilly, Kyle; Scott, Josh; Slone, Evan","1:28"
"01/28/2017","5:00 PM","2nd Half","01:12","64-67","Messiah","McWilliams, Rob","missed","Free Throw","","Clippinger, Josh; Hess, Matt; Kerkeslager, Ben; Long, Logan; McWilliams, Rob; Murren, Neil","1:38"
"01/28/2017","5:00 PM","2nd Half","01:12","64-67","Messiah","Team","","Deadball Rebound","","Clippinger, Josh; Hess, Matt; Kerkeslager, Ben; Long, Logan; McWilliams, Rob; Murren, Neil","1:38"
"01/28/2017","5:00 PM","2nd Half","01:12","64-67","Arcadia","Team","","Team Timeout","","Anderson-Marrow, Emmanuel; Kelley, Ryan; Reilly, Kyle; Scott, Josh; Slone, Evan","1:28"
"01/28/2017","5:00 PM","2nd Half","01:12","64-68","Messiah","McWilliams, Rob","made","Free Throw","","Clippinger, Josh; Hess, Matt; Kerkeslager, Ben; Long, Logan; McWilliams, Rob; Murren, Neil","1:38"
"01/28/2017","5:00 PM","2nd Half","01:12","64-68","Arcadia","Pierfy, Phil","","Enters Game","","Anderson-Marrow, Emmanuel; Kelley, Ryan; Pierfy, Phil; Reilly, Kyle; Scott, Josh; Slone, Evan","0:00"
"01/28/2017","5:00 PM","2nd Half","01:12","64-68","Arcadia","Anderson-Marrow, Emmanuel","","Leaves Game","","Kelley, Ryan; Pierfy, Phil; Reilly, Kyle; Scott, Josh; Slone, Evan","3:55"
"01/28/2017","5:00 PM","2nd Half","00:54","64-68","Arcadia","Reilly, Kyle","missed","Three Point Jumper","12","Kelley, Ryan; Pierfy, Phil; Reilly, Kyle; Scott, Josh; Slone, Evan","4:13"
"01/28/2017","5:00 PM","2nd Half","00:54","64-68","Messiah","Murren, Neil","","Defensive Rebound","","Clippinger, Josh; Hess, Matt; Kerkeslager, Ben; Long, Logan; McWilliams, Rob; Murren, Neil","1:56"
"01/28/2017","5:00 PM","2nd Half","00:33","64-68","Messiah","Team","","Team Timeout","","Clippinger, Josh; Hess, Matt; Kerkeslager, Ben; Long, Logan; McWilliams, Rob; Murren, Neil","2:17"
"01/28/2017","5:00 PM","2nd Half","00:29","64-68","Arcadia","Scott, Josh","","Commits Foul","5","Kelley, Ryan; Pierfy, Phil; Reilly, Kyle; Scott, Josh; Slone, Evan","4:38"
"01/28/2017","5:00 PM","2nd Half","00:29","64-69","Messiah","Clippinger, Josh","made","Free Throw","","Clippinger, Josh; Hess, Matt; Kerkeslager, Ben; Long, Logan; McWilliams, Rob; Murren, Neil","2:21"
"01/28/2017","5:00 PM","2nd Half","00:29","64-70","Messiah","Clippinger, Josh","made","Free Throw","","Clippinger, Josh; Hess, Matt; Kerkeslager, Ben; Long, Logan; McWilliams, Rob; Murren, Neil","2:21"
"01/28/2017","5:00 PM","2nd Half","00:24","64-70","Arcadia","Scott, Josh","missed","Layup","25","Kelley, Ryan; Pierfy, Phil; Reilly, Kyle; Scott, Josh; Slone, Evan","4:43"
"01/28/2017","5:00 PM","2nd Half","00:24","64-70","Messiah","Clippinger, Josh","","Defensive Rebound","","Clippinger, Josh; Hess, Matt; Kerkeslager, Ben; Long, Logan; McWilliams, Rob; Murren, Neil","2:26"
"01/28/2017","5:00 PM","2nd Half","00:22","64-70","Arcadia","Scott, Josh","","Commits Foul","28","Kelley, Ryan; Pierfy, Phil; Reilly, Kyle; Scott, Josh; Slone, Evan","4:45"
"01/28/2017","5:00 PM","2nd Half","00:22","64-71","Messiah","Clippinger, Josh","made","Free Throw","","Clippinger, Josh; Hess, Matt; Kerkeslager, Ben; Long, Logan; McWilliams, Rob; Murren, Neil","2:28"
"01/28/2017","5:00 PM","2nd Half","00:22","64-71","Arcadia","Team","","Team Timeout","","Kelley, Ryan; Pierfy, Phil; Reilly, Kyle; Scott, Josh; Slone, Evan","4:45"
"01/28/2017","5:00 PM","2nd Half","00:22","64-71","Messiah","Clippinger, Josh","missed","Free Throw","","Clippinger, Josh; Hess, Matt; Kerkeslager, Ben; Long, Logan; McWilliams, Rob; Murren, Neil","2:28"
"01/28/2017","5:00 PM","2nd Half","00:22","64-71","Arcadia","Reilly, Kyle","","Defensive Rebound","","Kelley, Ryan; Pierfy, Phil; Reilly, Kyle; Scott, Josh; Slone, Evan","4:45"
"01/28/2017","5:00 PM","2nd Half","00:22","64-71","Arcadia","Sellers, Tyson","","Enters Game","","Kelley, Ryan; Pierfy, Phil; Reilly, Kyle; Scott, Josh; Sellers, Tyson; Slone, Evan","0:00"
"01/28/2017","5:00 PM","2nd Half","00:22","64-71","Arcadia","Scott, Josh","","Leaves Game","","Kelley, Ryan; Pierfy, Phil; Reilly, Kyle; Sellers, Tyson; Slone, Evan","0:00"
"01/28/2017","5:00 PM","2nd Half","00:16","66-71","Arcadia","Kelley, Ryan","made","Two Point Jumper","24","Kelley, Ryan; Pierfy, Phil; Reilly, Kyle; Sellers, Tyson; Slone, Evan","0:06"
"01/28/2017","5:00 PM","2nd Half","00:10","66-71","Arcadia","Team","","Team Timeout","","Kelley, Ryan; Pierfy, Phil; Reilly, Kyle; Sellers, Tyson; Slone, Evan","0:12"
"01/28/2017","5:00 PM","2nd Half","00:08","66-71","Arcadia","Kelley, Ryan","","Commits Foul","22","Kelley, Ryan; Pierfy, Phil; Reilly, Kyle; Sellers, Tyson; Slone, Evan","0:14"
"01/28/2017","5:00 PM","2nd Half","00:08","66-72","Messiah","Murren, Neil","made","Free Throw","","Clippinger, Josh; Hess, Matt; Kerkeslager, Ben; Long, Logan; McWilliams, Rob; Murren, Neil","2:42"
"01/28/2017","5:00 PM","2nd Half","00:08","66-73","Messiah","Murren, Neil","made","Free Throw","","Clippinger, Josh; Hess, Matt; Kerkeslager, Ben; Long, Logan; McWilliams, Rob; Murren, Neil","2:42"
"01/28/2017","5:00 PM","2nd Half","00:08","66-73","Arcadia","Patel, Kishan","","Enters Game","","Kelley, Ryan; Patel, Kishan; Pierfy, Phil; Reilly, Kyle; Sellers, Tyson; Slone, Evan","0:00"
"01/28/2017","5:00 PM","2nd Half","00:08","66-73","Arcadia","Sellers, Tyson","","Leaves Game","","Kelley, Ryan; Patel, Kishan; Pierfy, Phil; Reilly, Kyle; Slone, Evan","0:00"
"01/28/2017","5:00 PM","2nd Half","00:04","69-73","Arcadia","Kelley, Ryan","made","Three Point Jumper","26","Kelley, Ryan; Patel, Kishan; Pierfy, Phil; Reilly, Kyle; Slone, Evan","0:04"
"01/28/2017","5:00 PM","2nd Half","00:02","69-73","Arcadia","Sellers, Tyson","","Commits Foul","28","Kelley, Ryan; Patel, Kishan; Pierfy, Phil; Reilly, Kyle; Sellers, Tyson; Slone, Evan","0:00"
"01/28/2017","5:00 PM","2nd Half","00:02","69-74","Messiah","Murren, Neil","made","Free Throw","","Clippinger, Josh; Hess, Matt; Kerkeslager, Ben; Long, Logan; McWilliams, Rob; Murren, Neil","2:48"
"01/28/2017","5:00 PM","2nd Half","00:02","69-75","Messiah","Murren, Neil","made","Free Throw","","Clippinger, Josh; Hess, Matt; Kerkeslager, Ben; Long, Logan; McWilliams, Rob; Murren, Neil","2:48"
"01/28/2017","5:00 PM","2nd Half","00:02","69-75","Arcadia","Sellers, Tyson","","Enters Game","","Kelley, Ryan; Patel, Kishan; Pierfy, Phil; Reilly, Kyle; Sellers, Tyson; Slone, Evan","0:00"
"01/28/2017","5:00 PM","2nd Half","00:02","69-75","Arcadia","Gray, Kelsey","","Enters Game","","Gray, Kelsey; Kelley, Ryan; Patel, Kishan; Pierfy, Phil; Reilly, Kyle; Sellers, Tyson; Slone, Evan","0:00"
"01/28/2017","5:00 PM","2nd Half","00:02","69-75","Arcadia","Patel, Kishan","","Leaves Game","","Gray, Kelsey; Kelley, Ryan; Pierfy, Phil; Reilly, Kyle; Sellers, Tyson; Slone, Evan","0:00"
