"Time","Arcadia","Score","Messiah"
"19:49","KELLEY,RYAN missed Three Point Jumper","36-41",""
"19:49","PIERFY,PHIL Offensive Rebound","36-41",""
"19:45","PIERFY,PHIL made Layup","38-41",""
"19:24","","38-41","CLIPPINGER,JOSH missed Two Point Jumper"
"19:24","KELLEY,RYAN Defensive Rebound","38-41",""
"19:17","KELLEY,RYAN missed Three Point Jumper","38-41",""
"19:17","","38-41","TEAM Defensive Rebound"
"18:52","","38-43","CABLE,LUKE made Layup"
"18:50","KELLEY,RYAN Commits Foul","38-43",""
"18:50","","38-43","CABLE,LUKE missed Free Throw"
"18:50","PIERFY,PHIL Defensive Rebound","38-43",""
"18:32","TEAM 30 Second Timeout","38-43",""
"18:30","SCOTT,JOSH made Layup","40-43",""
"18:27","","40-43","MCWILLIAMS,ROB Commits Foul"
"18:25","SCOTT,JOSH made Free Throw","41-43",""
"18:24","PIERFY,PHIL Commits Foul","41-43",""
"18:10","","41-43","CABLE,LUKE missed Layup"
"18:10","","41-43","CLIPPINGER,JOSH Offensive Rebound"
"18:08","PIERFY,PHIL Commits Foul","41-43",""
"18:07","ANDERSON-MARROW,E Enters Game","41-43",""
"18:07","PIERFY,PHIL Leaves Game","41-43",""
"18:06","","41-46","LONG,LOGAN made Three Point Jumper"
"18:06","","41-46","HESS,MATT Assist"
"17:41","ANDERSON-MARROW,E missed Three Point Jumper","41-46",""
"17:41","","41-46","TEAM Defensive Rebound"
"17:23","","41-46","CLIPPINGER,JOSH Turnover"
"17:22","KELLEY,RYAN Steal","41-46",""
"17:18","KELLEY,RYAN missed Layup","41-46",""
"17:18","","41-46","HESS,MATT Defensive Rebound"
"16:57","","41-46","CLIPPINGER,JOSH missed Layup"
"16:57","","41-46","CLIPPINGER,JOSH Offensive Rebound"
"16:54","","41-46","CLIPPINGER,JOSH missed Layup"
"16:54","SLONE,EVAN Defensive Rebound","41-46",""
"16:46","REILLY,KYLE made Three Point Jumper","44-46",""
"16:46","KELLEY,RYAN Assist","44-46",""
"16:31","","44-46","CABLE,LUKE Turnover"
"16:15","SLONE,EVAN missed Layup","44-46",""
"16:15","","44-46","LONG,LOGAN Defensive Rebound"
"16:06","","44-46","CABLE,LUKE missed Three Point Jumper"
"16:06","SCOTT,JOSH Defensive Rebound","44-46",""
"15:59","","44-46","HESS,MATT Commits Foul"
"15:59","","44-46","MURREN,NEIL Enters Game"
"15:59","","44-46","SAREYKA,COLIN Enters Game"
"15:59","","44-46","HESS,MATT Leaves Game"
"15:59","","44-46","CABLE,LUKE Leaves Game"
"15:46","SCOTT,JOSH made Layup","46-46",""
"15:30","SLONE,EVAN Commits Foul","46-46",""
"15:30","DERR,WILL Enters Game","46-46",""
"15:30","SELLERS,TYSON Enters Game","46-46",""
"15:30","SLONE,EVAN Leaves Game","46-46",""
"15:30","REILLY,KYLE Leaves Game","46-46",""
"15:23","SELLERS,TYSON Commits Foul","46-46",""
"15:21","","46-46","MCWILLIAMS,ROB missed Two Point Jumper"
"15:21","","46-46","MURREN,NEIL Offensive Rebound"
"15:15","","46-46","CLIPPINGER,JOSH missed Two Point Jumper"
"15:15","DERR,WILL Defensive Rebound","46-46",""
"14:59","DERR,WILL made Layup","48-46",""
"14:59","KELLEY,RYAN Assist","48-46",""
"14:39","","48-46","LONG,LOGAN missed Three Point Jumper"
"14:39","","48-46","MURREN,NEIL Offensive Rebound"
"14:28","","48-48","MCWILLIAMS,ROB made Layup"
"14:02","SELLERS,TYSON Turnover","48-48",""
"14:01","","48-48","MURREN,NEIL Steal"
"13:57","","48-48","LONG,LOGAN missed Layup"
"13:57","KELLEY,RYAN Blocked Shot","48-48",""
"13:57","","48-48","TEAM Offensive Rebound"
"13:57","","48-48","DARVILLE,JOSH Enters Game"
"13:57","","48-48","CLIPPINGER,JOSH Leaves Game"
"13:40","","48-50","MURREN,NEIL made Layup"
"13:38","KELLEY,RYAN Commits Foul","48-50",""
"13:38","","48-51","MURREN,NEIL made Free Throw"
"13:38","SLONE,EVAN Enters Game","48-51",""
"13:38","ANDERSON-MARROW,E Leaves Game","48-51",""
"13:25","DERR,WILL Turnover","48-51",""
"13:24","","48-51","MCWILLIAMS,ROB Steal"
"13:21","","48-51","MCWILLIAMS,ROB missed Layup"
"13:21","DERR,WILL Defensive Rebound","48-51",""
"13:15","","48-51","LONG,LOGAN Commits Foul"
"13:15","SCOTT,JOSH made Free Throw","49-51",""
"13:15","SCOTT,JOSH made Free Throw","50-51",""
"13:15","","50-51","EBERLE,NATE Enters Game"
"13:15","","50-51","HESS,MATT Enters Game"
"13:15","","50-51","LONG,LOGAN Leaves Game"
"13:15","","50-51","MCWILLIAMS,ROB Leaves Game"
"12:56","","50-53","HESS,MATT made Two Point Jumper"
"12:33","KELLEY,RYAN missed Three Point Jumper","50-53",""
"12:33","","50-53","EBERLE,NATE Defensive Rebound"
"12:11","","50-53","HESS,MATT missed Three Point Jumper"
"12:11","KELLEY,RYAN Defensive Rebound","50-53",""
"12:00","KELLEY,RYAN missed Two Point Jumper","50-53",""
"12:00","","50-53","TEAM Defensive Rebound"
"11:55","PATEL,KISHAN Enters Game","50-53",""
"11:55","KELLEY,RYAN Leaves Game","50-53",""
"11:34","","50-56","EBERLE,NATE made Three Point Jumper"
"11:34","","50-56","SAREYKA,COLIN Assist"
"11:02","DERR,WILL missed Two Point Jumper","50-56",""
"11:02","","50-56","HESS,MATT Defensive Rebound"
"10:55","","50-56","SAREYKA,COLIN Turnover"
"10:51","SELLERS,TYSON Steal","50-56",""
"10:42","PATEL,KISHAN missed Two Point Jumper","50-56",""
"10:42","","50-56","DARVILLE,JOSH Defensive Rebound"
"10:36","SELLERS,TYSON Commits Foul","50-56",""
"10:36","","50-57","SAREYKA,COLIN made Free Throw"
"10:36","REILLY,KYLE Enters Game","50-57",""
"10:36","GRAY,KELSEY Enters Game","50-57",""
"10:36","PIERFY,PHIL Enters Game","50-57",""
"10:36","SCOTT,JOSH Leaves Game","50-57",""
"10:36","DERR,WILL Leaves Game","50-57",""
"10:36","SELLERS,TYSON Leaves Game","50-57",""
"10:36","","50-57","CLIPPINGER,JOSH Enters Game"
"10:36","","50-57","DARVILLE,JOSH Leaves Game"
"10:35","","50-57","SAREYKA,COLIN missed Free Throw"
"10:34","PIERFY,PHIL Defensive Rebound","50-57",""
"10:22","GRAY,KELSEY missed Two Point Jumper","50-57",""
"10:22","","50-57","SAREYKA,COLIN Defensive Rebound"
"10:09","","50-57","SAREYKA,COLIN missed Three Point Jumper"
"10:09","PIERFY,PHIL Defensive Rebound","50-57",""
"09:53","REILLY,KYLE made Two Point Jumper","52-57",""
"09:36","","52-57","SAREYKA,COLIN Turnover"
"09:35","PIERFY,PHIL Steal","52-57",""
"09:31","REILLY,KYLE missed Two Point Jumper","52-57",""
"09:31","","52-57","SAREYKA,COLIN Defensive Rebound"
"09:14","SANDERS,JORDAN Enters Game","52-57",""
"09:14","PATEL,KISHAN Leaves Game","52-57",""
"09:14","","52-57","CABLE,LUKE Enters Game"
"09:14","","52-57","SAREYKA,COLIN Leaves Game"
"09:12","","52-57","EBERLE,NATE missed Three Point Jumper"
"09:12","REILLY,KYLE Defensive Rebound","52-57",""
"08:33","TEAM Turnover","52-57",""
"08:10","","52-60","EBERLE,NATE made Three Point Jumper"
"08:10","","52-60","CABLE,LUKE Assist"
"08:01","REILLY,KYLE Turnover","52-60",""
"07:44","","52-60","MURREN,NEIL Turnover"
"07:43","GRAY,KELSEY Steal","52-60",""
"07:40","SANDERS,JORDAN Turnover","52-60",""
"07:39","","52-60","CABLE,LUKE Steal"
"07:38","SANDERS,JORDAN Commits Foul","52-60",""
"07:38","","52-61","CABLE,LUKE made Free Throw"
"07:38","","52-61","CABLE,LUKE missed Free Throw"
"07:38","SLONE,EVAN Defensive Rebound","52-61",""
"07:38","KELLEY,RYAN Enters Game","52-61",""
"07:38","SANDERS,JORDAN Leaves Game","52-61",""
"07:25","GRAY,KELSEY Turnover","52-61",""
"07:22","","52-61","CLIPPINGER,JOSH Steal"
"07:19","","52-61","MURREN,NEIL missed Layup"
"07:19","REILLY,KYLE Blocked Shot","52-61",""
"07:16","PIERFY,PHIL Defensive Rebound","52-61",""
"06:58","","52-61","CABLE,LUKE Commits Foul"
"06:58","SLONE,EVAN made Free Throw","53-61",""
"06:58","SLONE,EVAN made Free Throw","54-61",""
"06:58","SCOTT,JOSH Enters Game","54-61",""
"06:58","PIERFY,PHIL Leaves Game","54-61",""
"06:35","","54-61","MURREN,NEIL missed Three Point Jumper"
"06:26","","54-61","KERKESLAGER,BEN Defensive Rebound"
"06:21","KELLEY,RYAN missed Three Point Jumper","54-61",""
"06:21","","54-61","MURREN,NEIL Defensive Rebound"
"06:02","","54-61","CLIPPINGER,JOSH missed Layup"
"06:02","SLONE,EVAN Defensive Rebound","54-61",""
"05:53","","54-61","EBERLE,NATE Commits Foul"
"05:53","","54-61","MCWILLIAMS,ROB Enters Game"
"05:53","","54-61","LONG,LOGAN Enters Game"
"05:53","","54-61","EBERLE,NATE Leaves Game"
"05:53","","54-61","CABLE,LUKE Leaves Game"
"05:40","SCOTT,JOSH missed Two Point Jumper","54-61",""
"05:40","","54-61","MCWILLIAMS,ROB Defensive Rebound"
"05:19","SLONE,EVAN Commits Foul","54-61",""
"05:19","","54-62","CLIPPINGER,JOSH made Free Throw"
"05:19","","54-63","CLIPPINGER,JOSH made Free Throw"
"05:19","PIERFY,PHIL Enters Game","54-63",""
"05:19","GRAY,KELSEY Leaves Game","54-63",""
"05:19","","54-63","DARVILLE,JOSH Enters Game"
"05:19","","54-63","CLIPPINGER,JOSH Leaves Game"
"05:01","SLONE,EVAN missed Layup","54-63",""
"05:01","PIERFY,PHIL Offensive Rebound","54-63",""
"04:58","PIERFY,PHIL made Layup","56-63",""
"04:44","","56-63","MCWILLIAMS,ROB Turnover"
"04:33","SCOTT,JOSH Commits Foul","56-63",""
"04:33","SCOTT,JOSH Turnover","56-63",""
"04:27","SCOTT,JOSH Commits Foul","56-63",""
"04:25","TEAM Team Timeout","56-63",""
"04:25","","56-64","MURREN,NEIL made Free Throw"
"04:25","","56-65","MURREN,NEIL made Free Throw"
"04:13","","56-65","DARVILLE,JOSH Commits Foul"
"04:13","","56-65","MURREN,NEIL Commits Foul"
"04:13","REILLY,KYLE made Free Throw","57-65",""
"04:13","REILLY,KYLE made Free Throw","58-65",""
"03:53","","58-65","MCWILLIAMS,ROB missed Three Point Jumper"
"03:53","SLONE,EVAN Defensive Rebound","58-65",""
"03:48","","58-65","MCWILLIAMS,ROB Commits Foul"
"03:48","KELLEY,RYAN made Free Throw","59-65",""
"03:48","KELLEY,RYAN made Free Throw","60-65",""
"03:48","","60-65","SAREYKA,COLIN Enters Game"
"03:48","","60-65","CLIPPINGER,JOSH Enters Game"
"03:48","","60-65","HESS,MATT Leaves Game"
"03:48","","60-65","DARVILLE,JOSH Leaves Game"
"03:38","","60-65","MCWILLIAMS,ROB Turnover"
"03:37","KELLEY,RYAN Steal","60-65",""
"03:33","KELLEY,RYAN missed Layup","60-65",""
"03:33","","60-65","MURREN,NEIL Defensive Rebound"
"03:28","","60-65","MURREN,NEIL Turnover"
"03:28","SLONE,EVAN Steal","60-65",""
"03:26","SLONE,EVAN missed Layup","60-65",""
"03:26","","60-65","LONG,LOGAN Defensive Rebound"
"03:01","","60-65","LONG,LOGAN missed Three Point Jumper"
"03:01","TEAM Defensive Rebound","60-65",""
"02:43","SLONE,EVAN made Layup","62-65",""
"02:43","SCOTT,JOSH Assist","62-65",""
"02:43","","62-65","LONG,LOGAN Commits Foul"
"02:43","SLONE,EVAN missed Free Throw","62-65",""
"02:43","","62-65","LONG,LOGAN Defensive Rebound"
"02:28","","62-65","MCWILLIAMS,ROB missed Two Point Jumper"
"02:28","SLONE,EVAN Defensive Rebound","62-65",""
"02:20","REILLY,KYLE missed Three Point Jumper","62-65",""
"02:20","","62-65","MCWILLIAMS,ROB Defensive Rebound"
"02:16","PIERFY,PHIL Commits Foul","62-65",""
"02:16","","62-66","MCWILLIAMS,ROB made Free Throw"
"02:16","","62-67","MCWILLIAMS,ROB made Free Throw"
"02:16","","62-67","HESS,MATT Enters Game"
"02:16","","62-67","SAREYKA,COLIN Leaves Game"
"02:01","REILLY,KYLE made Two Point Jumper","64-67",""
"02:01","SCOTT,JOSH Assist","64-67",""
"01:31","","64-67","MURREN,NEIL missed Three Point Jumper"
"01:31","","64-67","TEAM Offensive Rebound"
"01:24","ANDERSON-MARROW,E Enters Game","64-67",""
"01:24","PIERFY,PHIL Leaves Game","64-67",""
"01:12","REILLY,KYLE Commits Foul","64-67",""
"01:12","","64-67","MCWILLIAMS,ROB missed Free Throw"
"01:12","","64-67","TEAM Deadball Rebound"
"01:12","TEAM Team Timeout","64-67",""
"01:12","","64-68","MCWILLIAMS,ROB made Free Throw"
"01:12","PIERFY,PHIL Enters Game","64-68",""
"01:12","ANDERSON-MARROW,E Leaves Game","64-68",""
"00:54","REILLY,KYLE missed Three Point Jumper","64-68",""
"00:54","","64-68","MURREN,NEIL Defensive Rebound"
"00:33","","64-68","TEAM Team Timeout"
"00:29","SCOTT,JOSH Commits Foul","64-68",""
"00:29","","64-69","CLIPPINGER,JOSH made Free Throw"
"00:29","","64-70","CLIPPINGER,JOSH made Free Throw"
"00:24","SCOTT,JOSH missed Layup","64-70",""
"00:24","","64-70","CLIPPINGER,JOSH Defensive Rebound"
"00:22","SCOTT,JOSH Commits Foul","64-70",""
"00:22","","64-71","CLIPPINGER,JOSH made Free Throw"
"00:22","TEAM Team Timeout","64-71",""
"00:22","","64-71","CLIPPINGER,JOSH missed Free Throw"
"00:22","REILLY,KYLE Defensive Rebound","64-71",""
"00:22","SELLERS,TYSON Enters Game","64-71",""
"00:22","SCOTT,JOSH Leaves Game","64-71",""
"00:16","KELLEY,RYAN made Two Point Jumper","66-71",""
"00:10","TEAM Team Timeout","66-71",""
"00:08","KELLEY,RYAN Commits Foul","66-71",""
"00:08","","66-72","MURREN,NEIL made Free Throw"
"00:08","","66-73","MURREN,NEIL made Free Throw"
"00:08","PATEL,KISHAN Enters Game","66-73",""
"00:08","SELLERS,TYSON Leaves Game","66-73",""
"00:04","KELLEY,RYAN made Three Point Jumper","69-73",""
"00:02","SELLERS,TYSON Commits Foul","69-73",""
"00:02","","69-74","MURREN,NEIL made Free Throw"
"00:02","","69-75","MURREN,NEIL made Free Throw"
"00:02","SELLERS,TYSON Enters Game","69-75",""
"00:02","GRAY,KELSEY Enters Game","69-75",""
"00:02","PATEL,KISHAN Leaves Game","69-75",""
"End of 2nd Half"
