"Date","Time","Period","Time Left","Score","Team","Player","Status","Action","Shot Clock","Lineup","Lineup Time"
"12/17/2016","7:30 p.m.","1st Half","19:41","0-2","Akron","Johnson, Isaiah","made","Layup","11","Cheatham, Jr., Kwan; Ivey, Jimond; Jackson, Antino; Johnson, Isaiah; Robotham, Noah","0:19"
"12/17/2016","7:30 p.m.","1st Half","19:25","0-2","Marshall","Elmore, Jon","missed","Three Point Jumper","14","Browning, Stevie; Elmore, Jon; Loop, Austin; Mijovic, Milan; Nikolic, Aleksa; Penava, Ajdin","0:35"
"12/17/2016","7:30 p.m.","1st Half","19:25","0-2","Akron","Ivey, Jimond","","Defensive Rebound","","Cheatham, Jr., Kwan; Ivey, Jimond; Jackson, Antino; Johnson, Isaiah; Robotham, Noah","0:35"
"12/17/2016","7:30 p.m.","1st Half","19:05","0-5","Akron","Robotham, Noah","made","Three Point Jumper","10","Cheatham, Jr., Kwan; Ivey, Jimond; Jackson, Antino; Johnson, Isaiah; Robotham, Noah","0:55"
"12/17/2016","7:30 p.m.","1st Half","19:05","0-5","Akron","Johnson, Isaiah","","Assist","","Cheatham, Jr., Kwan; Ivey, Jimond; Jackson, Antino; Johnson, Isaiah; Robotham, Noah","0:55"
"12/17/2016","7:30 p.m.","1st Half","18:52","2-5","Marshall","Browning, Stevie","made","Layup","17","Browning, Stevie; Elmore, Jon; Loop, Austin; Mijovic, Milan; Nikolic, Aleksa; Penava, Ajdin","1:08"
"12/17/2016","7:30 p.m.","1st Half","18:28","2-8","Akron","Jackson, Antino","made","Three Point Jumper","6","Cheatham, Jr., Kwan; Ivey, Jimond; Jackson, Antino; Johnson, Isaiah; Robotham, Noah","1:32"
"12/17/2016","7:30 p.m.","1st Half","18:28","2-8","Akron","Robotham, Noah","","Assist","","Cheatham, Jr., Kwan; Ivey, Jimond; Jackson, Antino; Johnson, Isaiah; Robotham, Noah","1:32"
"12/17/2016","7:30 p.m.","1st Half","18:06","2-8","Marshall","Nikolic, Aleksa","missed","Layup","8","Browning, Stevie; Elmore, Jon; Loop, Austin; Mijovic, Milan; Nikolic, Aleksa; Penava, Ajdin","1:54"
"12/17/2016","7:30 p.m.","1st Half","18:06","2-8","Akron","Ivey, Jimond","","Defensive Rebound","","Cheatham, Jr., Kwan; Ivey, Jimond; Jackson, Antino; Johnson, Isaiah; Robotham, Noah","1:54"
"12/17/2016","7:30 p.m.","1st Half","17:58","2-8","Akron","Jackson, Antino","missed","Layup","22","Cheatham, Jr., Kwan; Ivey, Jimond; Jackson, Antino; Johnson, Isaiah; Robotham, Noah","2:02"
"12/17/2016","7:30 p.m.","1st Half","17:58","2-8","Marshall","Nikolic, Aleksa","","Defensive Rebound","","Browning, Stevie; Elmore, Jon; Loop, Austin; Mijovic, Milan; Nikolic, Aleksa; Penava, Ajdin","2:02"
"12/17/2016","7:30 p.m.","1st Half","17:52","5-8","Marshall","Elmore, Jon","made","Three Point Jumper","24","Browning, Stevie; Elmore, Jon; Loop, Austin; Mijovic, Milan; Nikolic, Aleksa; Penava, Ajdin","2:08"
"12/17/2016","7:30 p.m.","1st Half","17:52","5-8","Marshall","Browning, Stevie","","Assist","","Browning, Stevie; Elmore, Jon; Loop, Austin; Mijovic, Milan; Nikolic, Aleksa; Penava, Ajdin","2:08"
"12/17/2016","7:30 p.m.","1st Half","17:22","5-10","Akron","Johnson, Isaiah","made","Layup","0","Cheatham, Jr., Kwan; Ivey, Jimond; Jackson, Antino; Johnson, Isaiah; Robotham, Noah","2:38"
"12/17/2016","7:30 p.m.","1st Half","17:22","5-10","Akron","Cheatham, Jr., Kwan","","Assist","","Cheatham, Jr., Kwan; Ivey, Jimond; Jackson, Antino; Johnson, Isaiah; Robotham, Noah","2:38"
"12/17/2016","7:30 p.m.","1st Half","17:20","5-10","Marshall","Team","","Second Timeout","","Browning, Stevie; Elmore, Jon; Loop, Austin; Mijovic, Milan; Nikolic, Aleksa; Penava, Ajdin","2:40"
"12/17/2016","7:30 p.m.","1st Half","17:01","7-10","Marshall","Browning, Stevie","made","Two Point Jumper","9","Browning, Stevie; Elmore, Jon; Loop, Austin; Mijovic, Milan; Nikolic, Aleksa; Penava, Ajdin","2:59"
"12/17/2016","7:30 p.m.","1st Half","16:29","7-13","Akron","Ivey, Jimond","made","Three Point Jumper","0","Cheatham, Jr., Kwan; Ivey, Jimond; Jackson, Antino; Johnson, Isaiah; Robotham, Noah","3:31"
"12/17/2016","7:30 p.m.","1st Half","16:20","7-13","Marshall","Loop, Austin","missed","Three Point Jumper","21","Browning, Stevie; Elmore, Jon; Loop, Austin; Mijovic, Milan; Nikolic, Aleksa; Penava, Ajdin","3:40"
"12/17/2016","7:30 p.m.","1st Half","16:20","7-13","Marshall","Nikolic, Aleksa","","Offensive Rebound","","Browning, Stevie; Elmore, Jon; Loop, Austin; Mijovic, Milan; Nikolic, Aleksa; Penava, Ajdin","3:40"
"12/17/2016","7:30 p.m.","1st Half","16:11","7-13","Akron","Dunn-Martin, Tavian","","Enters Game","","Cheatham, Jr., Kwan; Dunn-Martin, Tavian; Ivey, Jimond; Jackson, Antino; Johnson, Isaiah; Robotham, Noah","0:00"
"12/17/2016","7:30 p.m.","1st Half","16:11","7-13","Akron","Williams, Josh","","Enters Game","","Cheatham, Jr., Kwan; Dunn-Martin, Tavian; Ivey, Jimond; Jackson, Antino; Johnson, Isaiah; Robotham, Noah; Williams, Josh","0:00"
"12/17/2016","7:30 p.m.","1st Half","16:11","7-13","Akron","Ivey, Jimond","","Leaves Game","","Cheatham, Jr., Kwan; Dunn-Martin, Tavian; Jackson, Antino; Johnson, Isaiah; Robotham, Noah; Williams, Josh","0:00"
"12/17/2016","7:30 p.m.","1st Half","16:11","7-13","Akron","Jackson, Antino","","Leaves Game","","Cheatham, Jr., Kwan; Dunn-Martin, Tavian; Johnson, Isaiah; Robotham, Noah; Williams, Josh","0:00"
"12/17/2016","7:30 p.m.","1st Half","16:07","9-13","Marshall","Browning, Stevie","made","Two Point Jumper","17","Browning, Stevie; Elmore, Jon; Loop, Austin; Mijovic, Milan; Nikolic, Aleksa; Penava, Ajdin","3:53"
"12/17/2016","7:30 p.m.","1st Half","16:07","9-13","Marshall","Elmore, Jon","","Assist","","Browning, Stevie; Elmore, Jon; Loop, Austin; Mijovic, Milan; Nikolic, Aleksa; Penava, Ajdin","3:53"
"12/17/2016","7:30 p.m.","1st Half","15:48","9-16","Akron","Williams, Josh","made","Three Point Jumper","11","Cheatham, Jr., Kwan; Dunn-Martin, Tavian; Johnson, Isaiah; Robotham, Noah; Williams, Josh","0:23"
"12/17/2016","7:30 p.m.","1st Half","15:48","9-16","Akron","Robotham, Noah","","Assist","","Cheatham, Jr., Kwan; Dunn-Martin, Tavian; Johnson, Isaiah; Robotham, Noah; Williams, Josh","0:23"
"12/17/2016","7:30 p.m.","1st Half","15:36","9-16","Marshall","Elmore, Jon","missed","Layup","18","Browning, Stevie; Elmore, Jon; Loop, Austin; Mijovic, Milan; Nikolic, Aleksa; Penava, Ajdin","4:24"
"12/17/2016","7:30 p.m.","1st Half","15:36","9-16","Marshall","Elmore, Jon","","Offensive Rebound","","Browning, Stevie; Elmore, Jon; Loop, Austin; Mijovic, Milan; Nikolic, Aleksa; Penava, Ajdin","4:24"
"12/17/2016","7:30 p.m.","1st Half","15:34","9-16","Marshall","Elmore, Jon","missed","Layup","28","Browning, Stevie; Elmore, Jon; Loop, Austin; Mijovic, Milan; Nikolic, Aleksa; Penava, Ajdin","4:26"
"12/17/2016","7:30 p.m.","1st Half","15:34","9-16","Akron","Cheatham, Jr., Kwan","","Defensive Rebound","","Cheatham, Jr., Kwan; Dunn-Martin, Tavian; Johnson, Isaiah; Robotham, Noah; Williams, Josh","0:37"
"12/17/2016","7:30 p.m.","1st Half","15:27","9-19","Akron","Williams, Josh","made","Three Point Jumper","23","Cheatham, Jr., Kwan; Dunn-Martin, Tavian; Johnson, Isaiah; Robotham, Noah; Williams, Josh","0:44"
"12/17/2016","7:30 p.m.","1st Half","15:27","9-19","Akron","Dunn-Martin, Tavian","","Assist","","Cheatham, Jr., Kwan; Dunn-Martin, Tavian; Johnson, Isaiah; Robotham, Noah; Williams, Josh","0:44"
"12/17/2016","7:30 p.m.","1st Half","15:15","9-19","Akron","Johnson, Isaiah","","Commits Foul","18","Cheatham, Jr., Kwan; Dunn-Martin, Tavian; Johnson, Isaiah; Robotham, Noah; Williams, Josh","0:56"
"12/17/2016","7:30 p.m.","1st Half","15:15","9-19","Marshall","Penava, Ajdin","missed","Free Throw","","Browning, Stevie; Elmore, Jon; Loop, Austin; Mijovic, Milan; Nikolic, Aleksa; Penava, Ajdin","4:45"
"12/17/2016","7:30 p.m.","1st Half","15:15","9-19","Marshall","Team","","Deadball Rebound","","Browning, Stevie; Elmore, Jon; Loop, Austin; Mijovic, Milan; Nikolic, Aleksa; Penava, Ajdin","4:45"
"12/17/2016","7:30 p.m.","1st Half","15:15","10-19","Marshall","Penava, Ajdin","made","Free Throw","","Browning, Stevie; Elmore, Jon; Loop, Austin; Mijovic, Milan; Nikolic, Aleksa; Penava, Ajdin","4:45"
"12/17/2016","7:30 p.m.","1st Half","14:57","10-19","Akron","Williams, Josh","missed","Three Point Jumper","12","Cheatham, Jr., Kwan; Dunn-Martin, Tavian; Johnson, Isaiah; Robotham, Noah; Williams, Josh","1:14"
"12/17/2016","7:30 p.m.","1st Half","14:57","10-19","Marshall","Loop, Austin","","Defensive Rebound","","Browning, Stevie; Elmore, Jon; Loop, Austin; Mijovic, Milan; Nikolic, Aleksa; Penava, Ajdin","5:03"
"12/17/2016","7:30 p.m.","1st Half","14:50","13-19","Marshall","Loop, Austin","made","Three Point Jumper","23","Browning, Stevie; Elmore, Jon; Loop, Austin; Mijovic, Milan; Nikolic, Aleksa; Penava, Ajdin","5:10"
"12/17/2016","7:30 p.m.","1st Half","14:50","13-19","Marshall","Browning, Stevie","","Assist","","Browning, Stevie; Elmore, Jon; Loop, Austin; Mijovic, Milan; Nikolic, Aleksa; Penava, Ajdin","5:10"
"12/17/2016","7:30 p.m.","1st Half","14:44","13-19","Akron","Hughes, Michael","","Enters Game","","Cheatham, Jr., Kwan; Dunn-Martin, Tavian; Hughes, Michael; Johnson, Isaiah; Robotham, Noah; Williams, Josh","0:00"
"12/17/2016","7:30 p.m.","1st Half","14:44","13-19","Akron","Johnson, Isaiah","","Leaves Game","","Cheatham, Jr., Kwan; Dunn-Martin, Tavian; Hughes, Michael; Robotham, Noah; Williams, Josh","0:00"
"12/17/2016","7:30 p.m.","1st Half","14:29","13-22","Akron","Cheatham, Jr., Kwan","made","Three Point Jumper","9","Cheatham, Jr., Kwan; Dunn-Martin, Tavian; Hughes, Michael; Robotham, Noah; Williams, Josh","0:15"
"12/17/2016","7:30 p.m.","1st Half","14:29","13-22","Akron","Robotham, Noah","","Assist","","Cheatham, Jr., Kwan; Dunn-Martin, Tavian; Hughes, Michael; Robotham, Noah; Williams, Josh","0:15"
"12/17/2016","7:30 p.m.","1st Half","14:15","13-22","Marshall","Loop, Austin","missed","Three Point Jumper","16","Browning, Stevie; Elmore, Jon; Loop, Austin; Mijovic, Milan; Nikolic, Aleksa; Penava, Ajdin","5:45"
"12/17/2016","7:30 p.m.","1st Half","14:15","13-22","Akron","Robotham, Noah","","Defensive Rebound","","Cheatham, Jr., Kwan; Dunn-Martin, Tavian; Hughes, Michael; Robotham, Noah; Williams, Josh","0:29"
"12/17/2016","7:30 p.m.","1st Half","14:05","13-24","Akron","Hughes, Michael","made","Layup","20","Cheatham, Jr., Kwan; Dunn-Martin, Tavian; Hughes, Michael; Robotham, Noah; Williams, Josh","0:39"
"12/17/2016","7:30 p.m.","1st Half","14:05","13-24","Akron","Robotham, Noah","","Assist","","Cheatham, Jr., Kwan; Dunn-Martin, Tavian; Hughes, Michael; Robotham, Noah; Williams, Josh","0:39"
"12/17/2016","7:30 p.m.","1st Half","13:56","13-24","Marshall","Penava, Ajdin","","Commits Foul","21","Browning, Stevie; Elmore, Jon; Loop, Austin; Mijovic, Milan; Nikolic, Aleksa; Penava, Ajdin","6:04"
"12/17/2016","7:30 p.m.","1st Half","13:56","13-24","Marshall","Penava, Ajdin","","Turnover","","Browning, Stevie; Elmore, Jon; Loop, Austin; Mijovic, Milan; Nikolic, Aleksa; Penava, Ajdin","6:04"
"12/17/2016","7:30 p.m.","1st Half","13:56","13-24","Akron","Jackson, Antino","","Enters Game","","Cheatham, Jr., Kwan; Dunn-Martin, Tavian; Hughes, Michael; Jackson, Antino; Robotham, Noah; Williams, Josh","0:00"
"12/17/2016","7:30 p.m.","1st Half","13:56","13-24","Akron","Jackson, Aaron","","Enters Game","","Cheatham, Jr., Kwan; Dunn-Martin, Tavian; Hughes, Michael; Jackson, Aaron; Jackson, Antino; Robotham, Noah; Williams, Josh","0:00"
"12/17/2016","7:30 p.m.","1st Half","13:56","13-24","Akron","Cheatham, Jr., Kwan","","Leaves Game","","Dunn-Martin, Tavian; Hughes, Michael; Jackson, Aaron; Jackson, Antino; Robotham, Noah; Williams, Josh","0:00"
"12/17/2016","7:30 p.m.","1st Half","13:56","13-24","Akron","Robotham, Noah","","Leaves Game","","Dunn-Martin, Tavian; Hughes, Michael; Jackson, Aaron; Jackson, Antino; Williams, Josh","0:00"
"12/17/2016","7:30 p.m.","1st Half","13:45","13-24","Akron","Hughes, Michael","missed","Layup","19","Dunn-Martin, Tavian; Hughes, Michael; Jackson, Aaron; Jackson, Antino; Williams, Josh","0:11"
"12/17/2016","7:30 p.m.","1st Half","13:45","13-24","Akron","Jackson, Aaron","","Offensive Rebound","","Dunn-Martin, Tavian; Hughes, Michael; Jackson, Aaron; Jackson, Antino; Williams, Josh","0:11"
"12/17/2016","7:30 p.m.","1st Half","13:37","13-26","Akron","Jackson, Aaron","made","Layup","22","Dunn-Martin, Tavian; Hughes, Michael; Jackson, Aaron; Jackson, Antino; Williams, Josh","0:19"
"12/17/2016","7:30 p.m.","1st Half","13:33","16-26","Marshall","Loop, Austin","made","Three Point Jumper","26","Browning, Stevie; Elmore, Jon; Loop, Austin; Mijovic, Milan; Nikolic, Aleksa; Penava, Ajdin","6:27"
"12/17/2016","7:30 p.m.","1st Half","13:33","16-26","Marshall","Elmore, Jon","","Assist","","Browning, Stevie; Elmore, Jon; Loop, Austin; Mijovic, Milan; Nikolic, Aleksa; Penava, Ajdin","6:27"
"12/17/2016","7:30 p.m.","1st Half","13:19","16-26","Akron","Jackson, Antino","missed","Two Point Jumper","16","Dunn-Martin, Tavian; Hughes, Michael; Jackson, Aaron; Jackson, Antino; Williams, Josh","0:37"
"12/17/2016","7:30 p.m.","1st Half","13:19","16-26","Marshall","Team","","Deadball Rebound","","Browning, Stevie; Elmore, Jon; Loop, Austin; Mijovic, Milan; Nikolic, Aleksa; Penava, Ajdin","6:41"
"12/17/2016","7:30 p.m.","1st Half","13:17","16-26","Akron","Jackson, Aaron","","Commits Foul","28","Dunn-Martin, Tavian; Hughes, Michael; Jackson, Aaron; Jackson, Antino; Williams, Josh","0:39"
"12/17/2016","7:30 p.m.","1st Half","13:17","16-26","Akron","Ivey, Jimond","","Enters Game","","Dunn-Martin, Tavian; Hughes, Michael; Ivey, Jimond; Jackson, Aaron; Jackson, Antino; Williams, Josh","0:00"
"12/17/2016","7:30 p.m.","1st Half","13:17","16-26","Akron","Dunn-Martin, Tavian","","Leaves Game","","Hughes, Michael; Ivey, Jimond; Jackson, Aaron; Jackson, Antino; Williams, Josh","0:00"
"12/17/2016","7:30 p.m.","1st Half","12:46","16-26","Akron","Jackson, Aaron","","Commits Foul","0","Hughes, Michael; Ivey, Jimond; Jackson, Aaron; Jackson, Antino; Williams, Josh","0:31"
"12/17/2016","7:30 p.m.","1st Half","12:46","17-26","Marshall","Browning, Stevie","made","Free Throw","","Browning, Stevie; Elmore, Jon; Loop, Austin; Mijovic, Milan; Nikolic, Aleksa; Penava, Ajdin","7:14"
"12/17/2016","7:30 p.m.","1st Half","12:46","18-26","Marshall","Browning, Stevie","made","Free Throw","","Browning, Stevie; Elmore, Jon; Loop, Austin; Mijovic, Milan; Nikolic, Aleksa; Penava, Ajdin","7:14"
"12/17/2016","7:30 p.m.","1st Half","12:46","18-26","Marshall","Bledsoe, Phil","","Enters Game","","Bledsoe, Phil; Browning, Stevie; Elmore, Jon; Loop, Austin; Mijovic, Milan; Nikolic, Aleksa; Penava, Ajdin","0:00"
"12/17/2016","7:30 p.m.","1st Half","12:46","18-26","Marshall","Allison, Ky'Re","","Enters Game","","Allison, Ky'Re; Bledsoe, Phil; Browning, Stevie; Elmore, Jon; Loop, Austin; Mijovic, Milan; Nikolic, Aleksa; Penava, Ajdin","0:00"
"12/17/2016","7:30 p.m.","1st Half","12:46","18-26","Marshall","Browning, Stevie","","Leaves Game","","Allison, Ky'Re; Bledsoe, Phil; Elmore, Jon; Loop, Austin; Mijovic, Milan; Nikolic, Aleksa; Penava, Ajdin","0:00"
"12/17/2016","7:30 p.m.","1st Half","12:46","18-26","Marshall","Penava, Ajdin","","Leaves Game","","Allison, Ky'Re; Bledsoe, Phil; Elmore, Jon; Loop, Austin; Mijovic, Milan; Nikolic, Aleksa","0:00"
"12/17/2016","7:30 p.m.","1st Half","12:46","18-26","Akron","Utomi, Daniel","","Enters Game","","Hughes, Michael; Ivey, Jimond; Jackson, Aaron; Jackson, Antino; Utomi, Daniel; Williams, Josh","0:00"
"12/17/2016","7:30 p.m.","1st Half","12:46","18-26","Akron","Johnson, Isaiah","","Enters Game","","Hughes, Michael; Ivey, Jimond; Jackson, Aaron; Jackson, Antino; Johnson, Isaiah; Utomi, Daniel; Williams, Josh","0:00"
"12/17/2016","7:30 p.m.","1st Half","12:46","18-26","Akron","Jackson, Aaron","","Leaves Game","","Hughes, Michael; Ivey, Jimond; Jackson, Antino; Johnson, Isaiah; Utomi, Daniel; Williams, Josh","0:00"
"12/17/2016","7:30 p.m.","1st Half","12:46","18-26","Akron","Hughes, Michael","","Leaves Game","","Ivey, Jimond; Jackson, Antino; Johnson, Isaiah; Utomi, Daniel; Williams, Josh","0:00"
"12/17/2016","7:30 p.m.","1st Half","12:29","18-29","Akron","Williams, Josh","made","Three Point Jumper","13","Ivey, Jimond; Jackson, Antino; Johnson, Isaiah; Utomi, Daniel; Williams, Josh","0:17"
"12/17/2016","7:30 p.m.","1st Half","12:29","18-29","Akron","Ivey, Jimond","","Assist","","Ivey, Jimond; Jackson, Antino; Johnson, Isaiah; Utomi, Daniel; Williams, Josh","0:17"
"12/17/2016","7:30 p.m.","1st Half","12:17","18-29","Marshall","Elmore, Jon","missed","Layup","18","Allison, Ky'Re; Bledsoe, Phil; Elmore, Jon; Loop, Austin; Mijovic, Milan; Nikolic, Aleksa","0:29"
"12/17/2016","7:30 p.m.","1st Half","12:17","18-29","Akron","Utomi, Daniel","","Defensive Rebound","","Ivey, Jimond; Jackson, Antino; Johnson, Isaiah; Utomi, Daniel; Williams, Josh","0:29"
"12/17/2016","7:30 p.m.","1st Half","12:16","18-29","Marshall","Mijovic, Milan","","Commits Foul","29","Allison, Ky'Re; Bledsoe, Phil; Elmore, Jon; Loop, Austin; Mijovic, Milan; Nikolic, Aleksa","0:30"
"12/17/2016","7:30 p.m.","1st Half","11:57","18-29","Akron","Williams, Josh","missed","Three Point Jumper","11","Ivey, Jimond; Jackson, Antino; Johnson, Isaiah; Utomi, Daniel; Williams, Josh","0:49"
"12/17/2016","7:30 p.m.","1st Half","11:57","18-29","Marshall","Bledsoe, Phil","","Defensive Rebound","","Allison, Ky'Re; Bledsoe, Phil; Elmore, Jon; Loop, Austin; Mijovic, Milan; Nikolic, Aleksa","0:49"
"12/17/2016","7:30 p.m.","1st Half","11:35","18-29","Akron","Williams, Josh","","Commits Foul","8","Ivey, Jimond; Jackson, Antino; Johnson, Isaiah; Utomi, Daniel; Williams, Josh","1:11"
"12/17/2016","7:30 p.m.","1st Half","11:35","18-29","Akron","Team","","Timeout","","Ivey, Jimond; Jackson, Antino; Johnson, Isaiah; Utomi, Daniel; Williams, Josh","1:11"
"12/17/2016","7:30 p.m.","1st Half","11:35","18-29","Marshall","Elmore, Jon","missed","Three Point Jumper","","Allison, Ky'Re; Bledsoe, Phil; Elmore, Jon; Loop, Austin; Mijovic, Milan; Nikolic, Aleksa","1:11"
"12/17/2016","7:30 p.m.","1st Half","11:35","18-29","Akron","Jackson, Antino","","Defensive Rebound","","Ivey, Jimond; Jackson, Antino; Johnson, Isaiah; Utomi, Daniel; Williams, Josh","1:11"
"12/17/2016","7:30 p.m.","1st Half","11:35","18-29","Marshall","Elmore, Jon","","Leaves Game","","Allison, Ky'Re; Bledsoe, Phil; Loop, Austin; Mijovic, Milan; Nikolic, Aleksa","0:00"
"12/17/2016","7:30 p.m.","1st Half","11:33","18-31","Akron","Jackson, Antino","made","Layup","28","Ivey, Jimond; Jackson, Antino; Johnson, Isaiah; Utomi, Daniel; Williams, Josh","1:13"
"12/17/2016","7:30 p.m.","1st Half","11:29","18-31","Marshall","Allison, Ky'Re","","Turnover","","Allison, Ky'Re; Bledsoe, Phil; Loop, Austin; Mijovic, Milan; Nikolic, Aleksa","0:06"
"12/17/2016","7:30 p.m.","1st Half","11:29","18-31","Marshall","Browning, Stevie","","Enters Game","","Allison, Ky'Re; Bledsoe, Phil; Browning, Stevie; Loop, Austin; Mijovic, Milan; Nikolic, Aleksa","0:00"
"12/17/2016","7:30 p.m.","1st Half","11:29","18-31","Marshall","Mijovic, Milan","","Enters Game","","Allison, Ky'Re; Bledsoe, Phil; Browning, Stevie; Loop, Austin; Mijovic, Milan; Nikolic, Aleksa","0:00"
"12/17/2016","7:30 p.m.","1st Half","11:29","18-31","Marshall","Nikolic, Aleksa","","Leaves Game","","Allison, Ky'Re; Bledsoe, Phil; Browning, Stevie; Loop, Austin; Mijovic, Milan","0:00"
"12/17/2016","7:30 p.m.","1st Half","11:06","18-31","Marshall","Mijovic, Milan","","Commits Foul","7","Allison, Ky'Re; Bledsoe, Phil; Browning, Stevie; Loop, Austin; Mijovic, Milan","0:23"
"12/17/2016","7:30 p.m.","1st Half","11:06","18-31","Akron","Ivey, Jimond","missed","Free Throw","","Ivey, Jimond; Jackson, Antino; Johnson, Isaiah; Utomi, Daniel; Williams, Josh","1:40"
"12/17/2016","7:30 p.m.","1st Half","11:06","18-31","Akron","Team","","Deadball Rebound","","Ivey, Jimond; Jackson, Antino; Johnson, Isaiah; Utomi, Daniel; Williams, Josh","1:40"
"12/17/2016","7:30 p.m.","1st Half","11:06","18-32","Akron","Ivey, Jimond","made","Free Throw","","Ivey, Jimond; Jackson, Antino; Johnson, Isaiah; Utomi, Daniel; Williams, Josh","1:40"
"12/17/2016","7:30 p.m.","1st Half","11:06","18-32","Akron","Robotham, Noah","","Enters Game","","Ivey, Jimond; Jackson, Antino; Johnson, Isaiah; Robotham, Noah; Utomi, Daniel; Williams, Josh","0:00"
"12/17/2016","7:30 p.m.","1st Half","11:06","18-32","Akron","Williams, Josh","","Leaves Game","","Ivey, Jimond; Jackson, Antino; Johnson, Isaiah; Robotham, Noah; Utomi, Daniel","0:00"
"12/17/2016","7:30 p.m.","1st Half","10:56","21-32","Marshall","Browning, Stevie","made","Three Point Jumper","20","Allison, Ky'Re; Bledsoe, Phil; Browning, Stevie; Loop, Austin; Mijovic, Milan","0:33"
"12/17/2016","7:30 p.m.","1st Half","10:56","21-32","Marshall","Allison, Ky'Re","","Assist","","Allison, Ky'Re; Bledsoe, Phil; Browning, Stevie; Loop, Austin; Mijovic, Milan","0:33"
"12/17/2016","7:30 p.m.","1st Half","10:35","21-32","Akron","Jackson, Antino","","Turnover","","Ivey, Jimond; Jackson, Antino; Johnson, Isaiah; Robotham, Noah; Utomi, Daniel","0:31"
"12/17/2016","7:30 p.m.","1st Half","10:35","21-32","Marshall","Kilgore, Jacob","","Enters Game","","Allison, Ky'Re; Bledsoe, Phil; Browning, Stevie; Kilgore, Jacob; Loop, Austin; Mijovic, Milan","0:00"
"12/17/2016","7:30 p.m.","1st Half","10:35","21-32","Marshall","Allison, Ky'Re","","Leaves Game","","Bledsoe, Phil; Browning, Stevie; Kilgore, Jacob; Loop, Austin; Mijovic, Milan","0:00"
"12/17/2016","7:30 p.m.","1st Half","10:18","21-32","Marshall","Browning, Stevie","missed","Two Point Jumper","13","Bledsoe, Phil; Browning, Stevie; Kilgore, Jacob; Loop, Austin; Mijovic, Milan","0:17"
"12/17/2016","7:30 p.m.","1st Half","10:18","21-32","Akron","Johnson, Isaiah","","Defensive Rebound","","Ivey, Jimond; Jackson, Antino; Johnson, Isaiah; Robotham, Noah; Utomi, Daniel","0:48"
"12/17/2016","7:30 p.m.","1st Half","10:13","21-32","Akron","Utomi, Daniel","","Turnover","","Ivey, Jimond; Jackson, Antino; Johnson, Isaiah; Robotham, Noah; Utomi, Daniel","0:53"
"12/17/2016","7:30 p.m.","1st Half","09:47","23-32","Marshall","Browning, Stevie","made","Layup","4","Bledsoe, Phil; Browning, Stevie; Kilgore, Jacob; Loop, Austin; Mijovic, Milan","0:48"
"12/17/2016","7:30 p.m.","1st Half","09:18","23-34","Akron","Robotham, Noah","made","Two Point Jumper","1","Ivey, Jimond; Jackson, Antino; Johnson, Isaiah; Robotham, Noah; Utomi, Daniel","1:48"
"12/17/2016","7:30 p.m.","1st Half","09:18","23-34","Akron","Johnson, Isaiah","","Assist","","Ivey, Jimond; Jackson, Antino; Johnson, Isaiah; Robotham, Noah; Utomi, Daniel","1:48"
"12/17/2016","7:30 p.m.","1st Half","09:09","23-34","Marshall","Browning, Stevie","","Turnover","","Bledsoe, Phil; Browning, Stevie; Kilgore, Jacob; Loop, Austin; Mijovic, Milan","1:26"
"12/17/2016","7:30 p.m.","1st Half","09:09","23-34","Marshall","Browning, Stevie","","Commits Foul","","Bledsoe, Phil; Browning, Stevie; Kilgore, Jacob; Loop, Austin; Mijovic, Milan","1:26"
"12/17/2016","7:30 p.m.","1st Half","09:09","23-34","Marshall","Elmore, Jon","","Enters Game","","Bledsoe, Phil; Browning, Stevie; Elmore, Jon; Kilgore, Jacob; Loop, Austin; Mijovic, Milan","0:00"
"12/17/2016","7:30 p.m.","1st Half","09:09","23-34","Marshall","Loop, Austin","","Leaves Game","","Bledsoe, Phil; Browning, Stevie; Elmore, Jon; Kilgore, Jacob; Mijovic, Milan","0:00"
"12/17/2016","7:30 p.m.","1st Half","09:09","23-34","Akron","Cheatham, Jr., Kwan","","Enters Game","","Cheatham, Jr., Kwan; Ivey, Jimond; Jackson, Antino; Johnson, Isaiah; Robotham, Noah; Utomi, Daniel","0:00"
"12/17/2016","7:30 p.m.","1st Half","09:09","23-34","Akron","Utomi, Daniel","","Leaves Game","","Cheatham, Jr., Kwan; Ivey, Jimond; Jackson, Antino; Johnson, Isaiah; Robotham, Noah","3:49"
"12/17/2016","7:30 p.m.","1st Half","08:57","23-34","Akron","Johnson, Isaiah","","Turnover","","Cheatham, Jr., Kwan; Ivey, Jimond; Jackson, Antino; Johnson, Isaiah; Robotham, Noah","4:01"
"12/17/2016","7:30 p.m.","1st Half","08:56","23-34","Marshall","Bledsoe, Phil","","Steal","","Bledsoe, Phil; Browning, Stevie; Elmore, Jon; Kilgore, Jacob; Mijovic, Milan","0:13"
"12/17/2016","7:30 p.m.","1st Half","08:40","26-34","Marshall","Elmore, Jon","made","Three Point Jumper","13","Bledsoe, Phil; Browning, Stevie; Elmore, Jon; Kilgore, Jacob; Mijovic, Milan","0:29"
"12/17/2016","7:30 p.m.","1st Half","08:40","26-34","Marshall","Mijovic, Milan","","Assist","","Bledsoe, Phil; Browning, Stevie; Elmore, Jon; Kilgore, Jacob; Mijovic, Milan","0:29"
"12/17/2016","7:30 p.m.","1st Half","08:23","26-37","Akron","Robotham, Noah","made","Three Point Jumper","13","Cheatham, Jr., Kwan; Ivey, Jimond; Jackson, Antino; Johnson, Isaiah; Robotham, Noah","4:35"
"12/17/2016","7:30 p.m.","1st Half","08:23","26-37","Akron","Johnson, Isaiah","","Assist","","Cheatham, Jr., Kwan; Ivey, Jimond; Jackson, Antino; Johnson, Isaiah; Robotham, Noah","4:35"
"12/17/2016","7:30 p.m.","1st Half","08:14","26-37","Akron","Jackson, Antino","","Commits Foul","21","Cheatham, Jr., Kwan; Ivey, Jimond; Jackson, Antino; Johnson, Isaiah; Robotham, Noah","4:44"
"12/17/2016","7:30 p.m.","1st Half","08:14","26-37","Marshall","Penava, Ajdin","","Enters Game","","Bledsoe, Phil; Browning, Stevie; Elmore, Jon; Kilgore, Jacob; Mijovic, Milan; Penava, Ajdin","0:00"
"12/17/2016","7:30 p.m.","1st Half","08:14","26-37","Marshall","Nikolic, Aleksa","","Enters Game","","Bledsoe, Phil; Browning, Stevie; Elmore, Jon; Kilgore, Jacob; Mijovic, Milan; Nikolic, Aleksa; Penava, Ajdin","0:00"
"12/17/2016","7:30 p.m.","1st Half","08:14","26-37","Marshall","Bledsoe, Phil","","Leaves Game","","Browning, Stevie; Elmore, Jon; Kilgore, Jacob; Mijovic, Milan; Nikolic, Aleksa; Penava, Ajdin","0:00"
"12/17/2016","7:30 p.m.","1st Half","08:14","26-37","Marshall","Mijovic, Milan","","Leaves Game","","Browning, Stevie; Elmore, Jon; Kilgore, Jacob; Nikolic, Aleksa; Penava, Ajdin","0:00"
"12/17/2016","7:30 p.m.","1st Half","08:14","26-37","Akron","Williams, Josh","","Enters Game","","Cheatham, Jr., Kwan; Ivey, Jimond; Jackson, Antino; Johnson, Isaiah; Robotham, Noah; Williams, Josh","0:00"
"12/17/2016","7:30 p.m.","1st Half","08:14","26-37","Akron","Jackson, Antino","","Leaves Game","","Cheatham, Jr., Kwan; Ivey, Jimond; Johnson, Isaiah; Robotham, Noah; Williams, Josh","0:00"
"12/17/2016","7:30 p.m.","1st Half","08:07","26-37","Marshall","Browning, Stevie","missed","Two Point Jumper","23","Browning, Stevie; Elmore, Jon; Kilgore, Jacob; Nikolic, Aleksa; Penava, Ajdin","0:07"
"12/17/2016","7:30 p.m.","1st Half","08:07","26-37","Akron","Robotham, Noah","","Defensive Rebound","","Cheatham, Jr., Kwan; Ivey, Jimond; Johnson, Isaiah; Robotham, Noah; Williams, Josh","0:07"
"12/17/2016","7:30 p.m.","1st Half","07:45","26-39","Akron","Williams, Josh","made","Layup","8","Cheatham, Jr., Kwan; Ivey, Jimond; Johnson, Isaiah; Robotham, Noah; Williams, Josh","0:29"
"12/17/2016","7:30 p.m.","1st Half","07:35","26-39","Marshall","Penava, Ajdin","","Turnover","","Browning, Stevie; Elmore, Jon; Kilgore, Jacob; Nikolic, Aleksa; Penava, Ajdin","0:39"
"12/17/2016","7:30 p.m.","1st Half","07:35","26-39","Akron","Team","","Timeout","","Cheatham, Jr., Kwan; Ivey, Jimond; Johnson, Isaiah; Robotham, Noah; Williams, Josh","0:39"
"12/17/2016","7:30 p.m.","1st Half","07:12","26-39","Akron","Ivey, Jimond","","Turnover","","Cheatham, Jr., Kwan; Ivey, Jimond; Johnson, Isaiah; Robotham, Noah; Williams, Josh","1:02"
"12/17/2016","7:30 p.m.","1st Half","07:12","26-39","Akron","Olojakpoke, Emmanuel","","Enters Game","","Cheatham, Jr., Kwan; Ivey, Jimond; Johnson, Isaiah; Olojakpoke, Emmanuel; Robotham, Noah; Williams, Josh","0:00"
"12/17/2016","7:30 p.m.","1st Half","07:12","26-39","Akron","Johnson, Isaiah","","Leaves Game","","Cheatham, Jr., Kwan; Ivey, Jimond; Olojakpoke, Emmanuel; Robotham, Noah; Williams, Josh","0:00"
"12/17/2016","7:30 p.m.","1st Half","07:02","26-39","Akron","Williams, Josh","","Commits Foul","20","Cheatham, Jr., Kwan; Ivey, Jimond; Olojakpoke, Emmanuel; Robotham, Noah; Williams, Josh","0:10"
"12/17/2016","7:30 p.m.","1st Half","07:02","26-39","Akron","Dunn-Martin, Tavian","","Enters Game","","Cheatham, Jr., Kwan; Dunn-Martin, Tavian; Ivey, Jimond; Olojakpoke, Emmanuel; Robotham, Noah; Williams, Josh","0:00"
"12/17/2016","7:30 p.m.","1st Half","07:02","26-39","Akron","Williams, Josh","","Leaves Game","","Cheatham, Jr., Kwan; Dunn-Martin, Tavian; Ivey, Jimond; Olojakpoke, Emmanuel; Robotham, Noah","0:00"
"12/17/2016","7:30 p.m.","1st Half","06:55","28-39","Marshall","Nikolic, Aleksa","made","Layup","23","Browning, Stevie; Elmore, Jon; Kilgore, Jacob; Nikolic, Aleksa; Penava, Ajdin","1:19"
"12/17/2016","7:30 p.m.","1st Half","06:55","28-39","Marshall","Elmore, Jon","","Assist","","Browning, Stevie; Elmore, Jon; Kilgore, Jacob; Nikolic, Aleksa; Penava, Ajdin","1:19"
"12/17/2016","7:30 p.m.","1st Half","06:24","28-39","Akron","Ivey, Jimond","missed","Layup","0","Cheatham, Jr., Kwan; Dunn-Martin, Tavian; Ivey, Jimond; Olojakpoke, Emmanuel; Robotham, Noah","0:38"
"12/17/2016","7:30 p.m.","1st Half","06:24","28-39","Marshall","Browning, Stevie","","Defensive Rebound","","Browning, Stevie; Elmore, Jon; Kilgore, Jacob; Nikolic, Aleksa; Penava, Ajdin","1:50"
"12/17/2016","7:30 p.m.","1st Half","06:16","28-39","Marshall","Browning, Stevie","missed","Two Point Jumper","22","Browning, Stevie; Elmore, Jon; Kilgore, Jacob; Nikolic, Aleksa; Penava, Ajdin","1:58"
"12/17/2016","7:30 p.m.","1st Half","06:16","28-39","Akron","Cheatham, Jr., Kwan","","Defensive Rebound","","Cheatham, Jr., Kwan; Dunn-Martin, Tavian; Ivey, Jimond; Olojakpoke, Emmanuel; Robotham, Noah","0:46"
"12/17/2016","7:30 p.m.","1st Half","06:07","28-39","Akron","Cheatham, Jr., Kwan","missed","Three Point Jumper","21","Cheatham, Jr., Kwan; Dunn-Martin, Tavian; Ivey, Jimond; Olojakpoke, Emmanuel; Robotham, Noah","0:55"
"12/17/2016","7:30 p.m.","1st Half","06:07","28-39","Marshall","Penava, Ajdin","","Defensive Rebound","","Browning, Stevie; Elmore, Jon; Kilgore, Jacob; Nikolic, Aleksa; Penava, Ajdin","2:07"
"12/17/2016","7:30 p.m.","1st Half","05:51","30-39","Marshall","Penava, Ajdin","made","Layup","14","Browning, Stevie; Elmore, Jon; Kilgore, Jacob; Nikolic, Aleksa; Penava, Ajdin","2:23"
"12/17/2016","7:30 p.m.","1st Half","05:51","30-39","Marshall","Elmore, Jon","","Assist","","Browning, Stevie; Elmore, Jon; Kilgore, Jacob; Nikolic, Aleksa; Penava, Ajdin","2:23"
"12/17/2016","7:30 p.m.","1st Half","05:43","30-39","Akron","Cheatham, Jr., Kwan","","Turnover","","Cheatham, Jr., Kwan; Dunn-Martin, Tavian; Ivey, Jimond; Olojakpoke, Emmanuel; Robotham, Noah","1:19"
"12/17/2016","7:30 p.m.","1st Half","05:43","30-39","Akron","Cheatham, Jr., Kwan","","Commits Foul","","Cheatham, Jr., Kwan; Dunn-Martin, Tavian; Ivey, Jimond; Olojakpoke, Emmanuel; Robotham, Noah","1:19"
"12/17/2016","7:30 p.m.","1st Half","05:43","30-39","Akron","Johnson, Isaiah","","Enters Game","","Cheatham, Jr., Kwan; Dunn-Martin, Tavian; Ivey, Jimond; Johnson, Isaiah; Olojakpoke, Emmanuel; Robotham, Noah","0:00"
"12/17/2016","7:30 p.m.","1st Half","05:43","30-39","Akron","Olojakpoke, Emmanuel","","Leaves Game","","Cheatham, Jr., Kwan; Dunn-Martin, Tavian; Ivey, Jimond; Johnson, Isaiah; Robotham, Noah","0:00"
"12/17/2016","7:30 p.m.","1st Half","05:37","30-39","Marshall","Penava, Ajdin","","Turnover","","Browning, Stevie; Elmore, Jon; Kilgore, Jacob; Nikolic, Aleksa; Penava, Ajdin","2:37"
"12/17/2016","7:30 p.m.","1st Half","05:37","30-39","Marshall","Penava, Ajdin","","Commits Foul","","Browning, Stevie; Elmore, Jon; Kilgore, Jacob; Nikolic, Aleksa; Penava, Ajdin","2:37"
"12/17/2016","7:30 p.m.","1st Half","05:37","30-39","Marshall","Loop, Austin","","Enters Game","","Browning, Stevie; Elmore, Jon; Kilgore, Jacob; Loop, Austin; Nikolic, Aleksa; Penava, Ajdin","0:00"
"12/17/2016","7:30 p.m.","1st Half","05:37","30-39","Marshall","Kilgore, Jacob","","Leaves Game","","Browning, Stevie; Elmore, Jon; Loop, Austin; Nikolic, Aleksa; Penava, Ajdin","0:00"
"12/17/2016","7:30 p.m.","1st Half","05:20","30-39","Akron","Robotham, Noah","","Turnover","","Cheatham, Jr., Kwan; Dunn-Martin, Tavian; Ivey, Jimond; Johnson, Isaiah; Robotham, Noah","0:23"
"12/17/2016","7:30 p.m.","1st Half","05:19","30-39","Marshall","Nikolic, Aleksa","","Steal","","Browning, Stevie; Elmore, Jon; Loop, Austin; Nikolic, Aleksa; Penava, Ajdin","0:18"
"12/17/2016","7:30 p.m.","1st Half","05:17","32-39","Marshall","Penava, Ajdin","made","Dunk","27","Browning, Stevie; Elmore, Jon; Loop, Austin; Nikolic, Aleksa; Penava, Ajdin","0:20"
"12/17/2016","7:30 p.m.","1st Half","05:17","32-39","Marshall","Penava, Ajdin","","Assist","","Browning, Stevie; Elmore, Jon; Loop, Austin; Nikolic, Aleksa; Penava, Ajdin","0:20"
"12/17/2016","7:30 p.m.","1st Half","05:03","32-39","Marshall","Penava, Ajdin","","Commits Foul","16","Browning, Stevie; Elmore, Jon; Loop, Austin; Nikolic, Aleksa; Penava, Ajdin","0:34"
"12/17/2016","7:30 p.m.","1st Half","05:03","32-39","Marshall","Mijovic, Milan","","Enters Game","","Browning, Stevie; Elmore, Jon; Loop, Austin; Mijovic, Milan; Nikolic, Aleksa; Penava, Ajdin","7:14"
"12/17/2016","7:30 p.m.","1st Half","05:03","32-39","Marshall","Penava, Ajdin","","Leaves Game","","Browning, Stevie; Elmore, Jon; Loop, Austin; Mijovic, Milan; Nikolic, Aleksa","0:00"
"12/17/2016","7:30 p.m.","1st Half","04:58","32-39","Akron","Dunn-Martin, Tavian","missed","Two Point Jumper","25","Cheatham, Jr., Kwan; Dunn-Martin, Tavian; Ivey, Jimond; Johnson, Isaiah; Robotham, Noah","0:45"
"12/17/2016","7:30 p.m.","1st Half","04:58","32-39","Marshall","Elmore, Jon","","Defensive Rebound","","Browning, Stevie; Elmore, Jon; Loop, Austin; Mijovic, Milan; Nikolic, Aleksa","0:05"
"12/17/2016","7:30 p.m.","1st Half","04:49","32-39","Marshall","Elmore, Jon","missed","Layup","21","Browning, Stevie; Elmore, Jon; Loop, Austin; Mijovic, Milan; Nikolic, Aleksa","0:14"
"12/17/2016","7:30 p.m.","1st Half","04:49","32-39","Marshall","Mijovic, Milan","","Offensive Rebound","","Browning, Stevie; Elmore, Jon; Loop, Austin; Mijovic, Milan; Nikolic, Aleksa","0:14"
"12/17/2016","7:30 p.m.","1st Half","04:35","32-39","Akron","Cheatham, Jr., Kwan","","Commits Foul","16","Cheatham, Jr., Kwan; Dunn-Martin, Tavian; Ivey, Jimond; Johnson, Isaiah; Robotham, Noah","1:08"
"12/17/2016","7:30 p.m.","1st Half","04:35","32-39","Marshall","Elmore, Jon","missed","Free Throw","","Browning, Stevie; Elmore, Jon; Loop, Austin; Mijovic, Milan; Nikolic, Aleksa","0:28"
"12/17/2016","7:30 p.m.","1st Half","04:35","32-39","Akron","Williams, Josh","","Defensive Rebound","","Cheatham, Jr., Kwan; Dunn-Martin, Tavian; Ivey, Jimond; Johnson, Isaiah; Robotham, Noah","1:08"
"12/17/2016","7:30 p.m.","1st Half","04:35","32-39","Akron","Jackson, Antino","","Enters Game","","Cheatham, Jr., Kwan; Dunn-Martin, Tavian; Ivey, Jimond; Jackson, Antino; Johnson, Isaiah; Robotham, Noah","0:00"
"12/17/2016","7:30 p.m.","1st Half","04:35","32-39","Akron","Jackson, Aaron","","Enters Game","","Cheatham, Jr., Kwan; Dunn-Martin, Tavian; Ivey, Jimond; Jackson, Aaron; Jackson, Antino; Johnson, Isaiah; Robotham, Noah","0:00"
"12/17/2016","7:30 p.m.","1st Half","04:35","32-39","Akron","Dunn-Martin, Tavian","","Leaves Game","","Cheatham, Jr., Kwan; Ivey, Jimond; Jackson, Aaron; Jackson, Antino; Johnson, Isaiah; Robotham, Noah","0:00"
"12/17/2016","7:30 p.m.","1st Half","04:35","32-39","Akron","Cheatham, Jr., Kwan","","Leaves Game","","Ivey, Jimond; Jackson, Aaron; Jackson, Antino; Johnson, Isaiah; Robotham, Noah","0:00"
"12/17/2016","7:30 p.m.","1st Half","04:15","32-42","Akron","Robotham, Noah","made","Three Point Jumper","10","Ivey, Jimond; Jackson, Aaron; Jackson, Antino; Johnson, Isaiah; Robotham, Noah","0:20"
"12/17/2016","7:30 p.m.","1st Half","04:15","32-42","Akron","Johnson, Isaiah","","Assist","","Ivey, Jimond; Jackson, Aaron; Jackson, Antino; Johnson, Isaiah; Robotham, Noah","0:20"
"12/17/2016","7:30 p.m.","1st Half","04:02","35-42","Marshall","Loop, Austin","made","Three Point Jumper","17","Browning, Stevie; Elmore, Jon; Loop, Austin; Mijovic, Milan; Nikolic, Aleksa","1:01"
"12/17/2016","7:30 p.m.","1st Half","03:43","35-45","Akron","Robotham, Noah","made","Three Point Jumper","11","Ivey, Jimond; Jackson, Aaron; Jackson, Antino; Johnson, Isaiah; Robotham, Noah","0:52"
"12/17/2016","7:30 p.m.","1st Half","03:43","35-45","Akron","Johnson, Isaiah","","Assist","","Ivey, Jimond; Jackson, Aaron; Jackson, Antino; Johnson, Isaiah; Robotham, Noah","0:52"
"12/17/2016","7:30 p.m.","1st Half","03:33","35-45","Akron","Team","","Timeout","","Ivey, Jimond; Jackson, Aaron; Jackson, Antino; Johnson, Isaiah; Robotham, Noah","1:02"
"12/17/2016","7:30 p.m.","1st Half","03:31","37-45","Marshall","Mijovic, Milan","made","Layup","18","Browning, Stevie; Elmore, Jon; Loop, Austin; Mijovic, Milan; Nikolic, Aleksa","1:32"
"12/17/2016","7:30 p.m.","1st Half","03:31","37-45","Marshall","Browning, Stevie","","Assist","","Browning, Stevie; Elmore, Jon; Loop, Austin; Mijovic, Milan; Nikolic, Aleksa","1:32"
"12/17/2016","7:30 p.m.","1st Half","03:13","37-45","Akron","Jackson, Aaron","missed","Three Point Jumper","12","Ivey, Jimond; Jackson, Aaron; Jackson, Antino; Johnson, Isaiah; Robotham, Noah","1:22"
"12/17/2016","7:30 p.m.","1st Half","03:13","37-45","Akron","Johnson, Isaiah","","Offensive Rebound","","Ivey, Jimond; Jackson, Aaron; Jackson, Antino; Johnson, Isaiah; Robotham, Noah","1:22"
"12/17/2016","7:30 p.m.","1st Half","03:13","37-45","Marshall","Loop, Austin","","Commits Foul","","Browning, Stevie; Elmore, Jon; Loop, Austin; Mijovic, Milan; Nikolic, Aleksa","1:50"
"12/17/2016","7:30 p.m.","1st Half","03:13","37-45","Akron","Johnson, Isaiah","missed","Free Throw","","Ivey, Jimond; Jackson, Aaron; Jackson, Antino; Johnson, Isaiah; Robotham, Noah","1:22"
"12/17/2016","7:30 p.m.","1st Half","03:13","37-45","Marshall","Nikolic, Aleksa","","Defensive Rebound","","Browning, Stevie; Elmore, Jon; Loop, Austin; Mijovic, Milan; Nikolic, Aleksa","1:50"
"12/17/2016","7:30 p.m.","1st Half","03:01","37-45","Marshall","Nikolic, Aleksa","","Turnover","","Browning, Stevie; Elmore, Jon; Loop, Austin; Mijovic, Milan; Nikolic, Aleksa","2:02"
"12/17/2016","7:30 p.m.","1st Half","02:48","37-45","Marshall","Elmore, Jon","","Commits Foul","17","Browning, Stevie; Elmore, Jon; Loop, Austin; Mijovic, Milan; Nikolic, Aleksa","2:15"
"12/17/2016","7:30 p.m.","1st Half","02:48","37-46","Akron","Robotham, Noah","made","Free Throw","","Ivey, Jimond; Jackson, Aaron; Jackson, Antino; Johnson, Isaiah; Robotham, Noah","1:47"
"12/17/2016","7:30 p.m.","1st Half","02:48","37-47","Akron","Robotham, Noah","made","Free Throw","","Ivey, Jimond; Jackson, Aaron; Jackson, Antino; Johnson, Isaiah; Robotham, Noah","1:47"
"12/17/2016","7:30 p.m.","1st Half","02:48","37-47","Akron","Jackson, Antino","","Commits Foul","","Ivey, Jimond; Jackson, Aaron; Jackson, Antino; Johnson, Isaiah; Robotham, Noah","1:47"
"12/17/2016","7:30 p.m.","1st Half","02:48","37-47","Marshall","Elmore, Jon","missed","Free Throw","","Browning, Stevie; Elmore, Jon; Loop, Austin; Mijovic, Milan; Nikolic, Aleksa","2:15"
"12/17/2016","7:30 p.m.","1st Half","02:48","37-47","Akron","Ivey, Jimond","","Defensive Rebound","","Ivey, Jimond; Jackson, Aaron; Jackson, Antino; Johnson, Isaiah; Robotham, Noah","1:47"
"12/17/2016","7:30 p.m.","1st Half","02:48","37-47","Akron","Hughes, Michael","","Enters Game","","Hughes, Michael; Ivey, Jimond; Jackson, Aaron; Jackson, Antino; Johnson, Isaiah; Robotham, Noah","0:00"
"12/17/2016","7:30 p.m.","1st Half","02:48","37-47","Akron","Dunn-Martin, Tavian","","Enters Game","","Dunn-Martin, Tavian; Hughes, Michael; Ivey, Jimond; Jackson, Aaron; Jackson, Antino; Johnson, Isaiah; Robotham, Noah","0:00"
"12/17/2016","7:30 p.m.","1st Half","02:48","37-47","Akron","Jackson, Antino","","Leaves Game","","Dunn-Martin, Tavian; Hughes, Michael; Ivey, Jimond; Jackson, Aaron; Johnson, Isaiah; Robotham, Noah","0:00"
"12/17/2016","7:30 p.m.","1st Half","02:48","37-47","Akron","Johnson, Isaiah","","Leaves Game","","Dunn-Martin, Tavian; Hughes, Michael; Ivey, Jimond; Jackson, Aaron; Robotham, Noah","0:00"
"12/17/2016","7:30 p.m.","1st Half","02:33","37-50","Akron","Robotham, Noah","made","Three Point Jumper","15","Dunn-Martin, Tavian; Hughes, Michael; Ivey, Jimond; Jackson, Aaron; Robotham, Noah","0:15"
"12/17/2016","7:30 p.m.","1st Half","02:33","37-50","Akron","Ivey, Jimond","","Assist","","Dunn-Martin, Tavian; Hughes, Michael; Ivey, Jimond; Jackson, Aaron; Robotham, Noah","0:15"
"12/17/2016","7:30 p.m.","1st Half","02:18","40-50","Marshall","Browning, Stevie","made","Three Point Jumper","15","Browning, Stevie; Elmore, Jon; Loop, Austin; Mijovic, Milan; Nikolic, Aleksa","2:45"
"12/17/2016","7:30 p.m.","1st Half","02:18","40-50","Marshall","Elmore, Jon","","Assist","","Browning, Stevie; Elmore, Jon; Loop, Austin; Mijovic, Milan; Nikolic, Aleksa","2:45"
"12/17/2016","7:30 p.m.","1st Half","02:01","40-50","Akron","Team","","Second Timeout","","Dunn-Martin, Tavian; Hughes, Michael; Ivey, Jimond; Jackson, Aaron; Robotham, Noah","0:47"
"12/17/2016","7:30 p.m.","1st Half","02:01","40-50","Akron","Johnson, Isaiah","","Enters Game","","Dunn-Martin, Tavian; Hughes, Michael; Ivey, Jimond; Jackson, Aaron; Johnson, Isaiah; Robotham, Noah","0:00"
"12/17/2016","7:30 p.m.","1st Half","02:01","40-50","Akron","Hughes, Michael","","Leaves Game","","Dunn-Martin, Tavian; Ivey, Jimond; Jackson, Aaron; Johnson, Isaiah; Robotham, Noah","0:00"
"12/17/2016","7:30 p.m.","1st Half","01:53","40-50","Marshall","Bledsoe, Phil","","Enters Game","","Bledsoe, Phil; Browning, Stevie; Elmore, Jon; Loop, Austin; Mijovic, Milan; Nikolic, Aleksa","0:00"
"12/17/2016","7:30 p.m.","1st Half","01:53","40-50","Marshall","Mijovic, Milan","","Leaves Game","","Bledsoe, Phil; Browning, Stevie; Elmore, Jon; Loop, Austin; Nikolic, Aleksa","0:00"
"12/17/2016","7:30 p.m.","1st Half","01:48","40-50","Marshall","Bledsoe, Phil","","Commits Foul","0","Bledsoe, Phil; Browning, Stevie; Elmore, Jon; Loop, Austin; Nikolic, Aleksa","0:05"
"12/17/2016","7:30 p.m.","1st Half","01:48","40-50","Akron","Dunn-Martin, Tavian","missed","Free Throw","","Dunn-Martin, Tavian; Ivey, Jimond; Jackson, Aaron; Johnson, Isaiah; Robotham, Noah","0:13"
"12/17/2016","7:30 p.m.","1st Half","01:48","40-50","Akron","Team","","Deadball Rebound","","Dunn-Martin, Tavian; Ivey, Jimond; Jackson, Aaron; Johnson, Isaiah; Robotham, Noah","0:13"
"12/17/2016","7:30 p.m.","1st Half","01:48","40-51","Akron","Dunn-Martin, Tavian","made","Free Throw","","Dunn-Martin, Tavian; Ivey, Jimond; Jackson, Aaron; Johnson, Isaiah; Robotham, Noah","0:13"
"12/17/2016","7:30 p.m.","1st Half","01:39","40-51","Marshall","Browning, Stevie","missed","Layup","21","Bledsoe, Phil; Browning, Stevie; Elmore, Jon; Loop, Austin; Nikolic, Aleksa","0:14"
"12/17/2016","7:30 p.m.","1st Half","01:39","40-51","Akron","Johnson, Isaiah","","Defensive Rebound","","Dunn-Martin, Tavian; Ivey, Jimond; Jackson, Aaron; Johnson, Isaiah; Robotham, Noah","0:22"
"12/17/2016","7:30 p.m.","1st Half","01:23","40-53","Akron","Johnson, Isaiah","made","Layup","14","Dunn-Martin, Tavian; Ivey, Jimond; Jackson, Aaron; Johnson, Isaiah; Robotham, Noah","0:38"
"12/17/2016","7:30 p.m.","1st Half","01:23","40-53","Akron","Ivey, Jimond","","Assist","","Dunn-Martin, Tavian; Ivey, Jimond; Jackson, Aaron; Johnson, Isaiah; Robotham, Noah","0:38"
"12/17/2016","7:30 p.m.","1st Half","01:12","40-53","Marshall","Elmore, Jon","","Turnover","","Bledsoe, Phil; Browning, Stevie; Elmore, Jon; Loop, Austin; Nikolic, Aleksa","0:41"
"12/17/2016","7:30 p.m.","1st Half","01:11","40-53","Akron","Ivey, Jimond","","Steal","","Dunn-Martin, Tavian; Ivey, Jimond; Jackson, Aaron; Johnson, Isaiah; Robotham, Noah","0:50"
"12/17/2016","7:30 p.m.","1st Half","01:07","40-53","Akron","Dunn-Martin, Tavian","missed","Layup","25","Dunn-Martin, Tavian; Ivey, Jimond; Jackson, Aaron; Johnson, Isaiah; Robotham, Noah","0:54"
"12/17/2016","7:30 p.m.","1st Half","01:07","40-53","Akron","Team","","Offensive Rebound","","Dunn-Martin, Tavian; Ivey, Jimond; Jackson, Aaron; Johnson, Isaiah; Robotham, Noah","0:54"
"12/17/2016","7:30 p.m.","1st Half","01:06","40-53","Marshall","Mijovic, Milan","","Enters Game","","Bledsoe, Phil; Browning, Stevie; Elmore, Jon; Loop, Austin; Mijovic, Milan; Nikolic, Aleksa","0:00"
"12/17/2016","7:30 p.m.","1st Half","01:06","40-53","Marshall","Bledsoe, Phil","","Leaves Game","","Browning, Stevie; Elmore, Jon; Loop, Austin; Mijovic, Milan; Nikolic, Aleksa","3:10"
"12/17/2016","7:30 p.m.","1st Half","01:01","40-53","Akron","Robotham, Noah","","Turnover","","Dunn-Martin, Tavian; Ivey, Jimond; Jackson, Aaron; Johnson, Isaiah; Robotham, Noah","1:00"
"12/17/2016","7:30 p.m.","1st Half","00:37","40-53","Marshall","Elmore, Jon","missed","Layup","6","Browning, Stevie; Elmore, Jon; Loop, Austin; Mijovic, Milan; Nikolic, Aleksa","3:39"
"12/17/2016","7:30 p.m.","1st Half","00:37","40-53","Akron","Dunn-Martin, Tavian","","Defensive Rebound","","Dunn-Martin, Tavian; Ivey, Jimond; Jackson, Aaron; Johnson, Isaiah; Robotham, Noah","1:24"
"12/17/2016","7:30 p.m.","1st Half","00:10","40-53","Akron","Johnson, Isaiah","","Turnover","","Dunn-Martin, Tavian; Ivey, Jimond; Jackson, Aaron; Johnson, Isaiah; Robotham, Noah","1:51"
"12/17/2016","7:30 p.m.","1st Half","00:08","40-53","Marshall","Loop, Austin","","Steal","","Browning, Stevie; Elmore, Jon; Loop, Austin; Mijovic, Milan; Nikolic, Aleksa","4:08"
"12/17/2016","7:30 p.m.","1st Half","00:05","42-53","Marshall","Mijovic, Milan","made","Dunk","25","Browning, Stevie; Elmore, Jon; Loop, Austin; Mijovic, Milan; Nikolic, Aleksa","4:11"
"12/17/2016","7:30 p.m.","1st Half","00:05","42-53","Marshall","Loop, Austin","","Assist","","Browning, Stevie; Elmore, Jon; Loop, Austin; Mijovic, Milan; Nikolic, Aleksa","4:11"
"12/17/2016","7:30 p.m.","2nd Half","20:00","42-53","Marshall","Mijovic, Milan","","Enters Game","","Browning, Stevie; Elmore, Jon; Loop, Austin; Mijovic, Milan; Nikolic, Aleksa; Penava, Ajdin","0:00"
"12/17/2016","7:30 p.m.","2nd Half","20:00","42-53","Marshall","Nikolic, Aleksa","","Leaves Game","","Browning, Stevie; Elmore, Jon; Loop, Austin; Mijovic, Milan; Penava, Ajdin","0:00"
"12/17/2016","7:30 p.m.","2nd Half","19:43","42-53","Marshall","Elmore, Jon","missed","Three Point Jumper","13","Browning, Stevie; Elmore, Jon; Loop, Austin; Mijovic, Milan; Penava, Ajdin","0:17"
"12/17/2016","7:30 p.m.","2nd Half","19:43","42-53","Akron","Cheatham, Jr., Kwan","","Defensive Rebound","","Cheatham, Jr., Kwan; Ivey, Jimond; Jackson, Antino; Johnson, Isaiah; Robotham, Noah","0:17"
"12/17/2016","7:30 p.m.","2nd Half","19:28","42-53","Akron","Jackson, Antino","","Turnover","","Cheatham, Jr., Kwan; Ivey, Jimond; Jackson, Antino; Johnson, Isaiah; Robotham, Noah","0:32"
"12/17/2016","7:30 p.m.","2nd Half","19:24","42-53","Marshall","Elmore, Jon","","Steal","","Browning, Stevie; Elmore, Jon; Loop, Austin; Mijovic, Milan; Penava, Ajdin","0:36"
"12/17/2016","7:30 p.m.","2nd Half","19:20","45-53","Marshall","Loop, Austin","made","Three Point Jumper","22","Browning, Stevie; Elmore, Jon; Loop, Austin; Mijovic, Milan; Penava, Ajdin","0:40"
"12/17/2016","7:30 p.m.","2nd Half","19:20","45-53","Marshall","Browning, Stevie","","Assist","","Browning, Stevie; Elmore, Jon; Loop, Austin; Mijovic, Milan; Penava, Ajdin","0:40"
"12/17/2016","7:30 p.m.","2nd Half","18:56","45-55","Akron","Johnson, Isaiah","made","Layup","6","Cheatham, Jr., Kwan; Ivey, Jimond; Jackson, Antino; Johnson, Isaiah; Robotham, Noah","1:04"
"12/17/2016","7:30 p.m.","2nd Half","18:40","47-55","Marshall","Nikolic, Aleksa","made","Two Point Jumper","14","Browning, Stevie; Elmore, Jon; Loop, Austin; Mijovic, Milan; Penava, Ajdin","1:20"
"12/17/2016","7:30 p.m.","2nd Half","18:40","47-55","Marshall","Elmore, Jon","","Assist","","Browning, Stevie; Elmore, Jon; Loop, Austin; Mijovic, Milan; Penava, Ajdin","1:20"
"12/17/2016","7:30 p.m.","2nd Half","18:18","47-55","Akron","Ivey, Jimond","missed","Three Point Jumper","8","Cheatham, Jr., Kwan; Ivey, Jimond; Jackson, Antino; Johnson, Isaiah; Robotham, Noah","1:42"
"12/17/2016","7:30 p.m.","2nd Half","18:18","47-55","Marshall","Browning, Stevie","","Defensive Rebound","","Browning, Stevie; Elmore, Jon; Loop, Austin; Mijovic, Milan; Penava, Ajdin","1:42"
"12/17/2016","7:30 p.m.","2nd Half","18:11","49-55","Marshall","Loop, Austin","made","Layup","23","Browning, Stevie; Elmore, Jon; Loop, Austin; Mijovic, Milan; Penava, Ajdin","1:49"
"12/17/2016","7:30 p.m.","2nd Half","18:11","49-55","Marshall","Browning, Stevie","","Assist","","Browning, Stevie; Elmore, Jon; Loop, Austin; Mijovic, Milan; Penava, Ajdin","1:49"
"12/17/2016","7:30 p.m.","2nd Half","17:46","49-57","Akron","Johnson, Isaiah","made","Layup","5","Cheatham, Jr., Kwan; Ivey, Jimond; Jackson, Antino; Johnson, Isaiah; Robotham, Noah","2:14"
"12/17/2016","7:30 p.m.","2nd Half","17:38","52-57","Marshall","Browning, Stevie","made","Three Point Jumper","22","Browning, Stevie; Elmore, Jon; Loop, Austin; Mijovic, Milan; Penava, Ajdin","2:22"
"12/17/2016","7:30 p.m.","2nd Half","17:38","52-57","Marshall","Elmore, Jon","","Assist","","Browning, Stevie; Elmore, Jon; Loop, Austin; Mijovic, Milan; Penava, Ajdin","2:22"
"12/17/2016","7:30 p.m.","2nd Half","17:11","52-57","Akron","Jackson, Antino","missed","Two Point Jumper","3","Cheatham, Jr., Kwan; Ivey, Jimond; Jackson, Antino; Johnson, Isaiah; Robotham, Noah","2:49"
"12/17/2016","7:30 p.m.","2nd Half","17:11","52-57","Marshall","Nikolic, Aleksa","","Defensive Rebound","","Browning, Stevie; Elmore, Jon; Loop, Austin; Mijovic, Milan; Penava, Ajdin","2:49"
"12/17/2016","7:30 p.m.","2nd Half","17:03","54-57","Marshall","Nikolic, Aleksa","made","Layup","22","Browning, Stevie; Elmore, Jon; Loop, Austin; Mijovic, Milan; Penava, Ajdin","2:57"
"12/17/2016","7:30 p.m.","2nd Half","16:41","54-59","Akron","Johnson, Isaiah","made","Layup","8","Cheatham, Jr., Kwan; Ivey, Jimond; Jackson, Antino; Johnson, Isaiah; Robotham, Noah","3:19"
"12/17/2016","7:30 p.m.","2nd Half","16:41","54-59","Akron","Cheatham, Jr., Kwan","","Assist","","Cheatham, Jr., Kwan; Ivey, Jimond; Jackson, Antino; Johnson, Isaiah; Robotham, Noah","3:19"
"12/17/2016","7:30 p.m.","2nd Half","16:30","54-59","Marshall","Elmore, Jon","","Turnover","","Browning, Stevie; Elmore, Jon; Loop, Austin; Mijovic, Milan; Penava, Ajdin","3:30"
"12/17/2016","7:30 p.m.","2nd Half","16:30","54-59","Akron","Williams, Josh","","Enters Game","","Cheatham, Jr., Kwan; Ivey, Jimond; Jackson, Antino; Johnson, Isaiah; Robotham, Noah; Williams, Josh","0:00"
"12/17/2016","7:30 p.m.","2nd Half","16:30","54-59","Akron","Jackson, Aaron","","Enters Game","","Cheatham, Jr., Kwan; Ivey, Jimond; Jackson, Aaron; Jackson, Antino; Johnson, Isaiah; Robotham, Noah; Williams, Josh","0:00"
"12/17/2016","7:30 p.m.","2nd Half","16:30","54-59","Akron","Ivey, Jimond","","Leaves Game","","Cheatham, Jr., Kwan; Jackson, Aaron; Jackson, Antino; Johnson, Isaiah; Robotham, Noah; Williams, Josh","0:00"
"12/17/2016","7:30 p.m.","2nd Half","16:30","54-59","Akron","Jackson, Antino","","Leaves Game","","Cheatham, Jr., Kwan; Jackson, Aaron; Johnson, Isaiah; Robotham, Noah; Williams, Josh","0:00"
"12/17/2016","7:30 p.m.","2nd Half","16:05","54-59","Akron","Johnson, Isaiah","","Turnover","","Cheatham, Jr., Kwan; Jackson, Aaron; Johnson, Isaiah; Robotham, Noah; Williams, Josh","0:25"
"12/17/2016","7:30 p.m.","2nd Half","15:54","57-59","Marshall","Browning, Stevie","made","Three Point Jumper","19","Browning, Stevie; Elmore, Jon; Loop, Austin; Mijovic, Milan; Penava, Ajdin","4:06"
"12/17/2016","7:30 p.m.","2nd Half","15:54","57-59","Marshall","Elmore, Jon","","Assist","","Browning, Stevie; Elmore, Jon; Loop, Austin; Mijovic, Milan; Penava, Ajdin","4:06"
"12/17/2016","7:30 p.m.","2nd Half","15:32","57-61","Akron","Johnson, Isaiah","made","Layup","8","Cheatham, Jr., Kwan; Jackson, Aaron; Johnson, Isaiah; Robotham, Noah; Williams, Josh","0:58"
"12/17/2016","7:30 p.m.","2nd Half","15:32","57-61","Akron","Cheatham, Jr., Kwan","","Assist","","Cheatham, Jr., Kwan; Jackson, Aaron; Johnson, Isaiah; Robotham, Noah; Williams, Josh","0:58"
"12/17/2016","7:30 p.m.","2nd Half","15:16","57-61","Marshall","Elmore, Jon","missed","Three Point Jumper","14","Browning, Stevie; Elmore, Jon; Loop, Austin; Mijovic, Milan; Penava, Ajdin","4:44"
"12/17/2016","7:30 p.m.","2nd Half","15:16","57-61","Akron","Johnson, Isaiah","","Defensive Rebound","","Cheatham, Jr., Kwan; Jackson, Aaron; Johnson, Isaiah; Robotham, Noah; Williams, Josh","1:14"
"12/17/2016","7:30 p.m.","2nd Half","15:00","57-61","Marshall","Nikolic, Aleksa","","Commits Foul","14","Browning, Stevie; Elmore, Jon; Loop, Austin; Mijovic, Milan; Penava, Ajdin","5:00"
"12/17/2016","7:30 p.m.","2nd Half","15:00","57-61","Akron","Team","","Media Timeout","","Cheatham, Jr., Kwan; Jackson, Aaron; Johnson, Isaiah; Robotham, Noah; Williams, Josh","1:30"
"12/17/2016","7:30 p.m.","2nd Half","15:00","57-61","Marshall","Nikolic, Aleksa","","Enters Game","","Browning, Stevie; Elmore, Jon; Loop, Austin; Mijovic, Milan; Nikolic, Aleksa; Penava, Ajdin","0:00"
"12/17/2016","7:30 p.m.","2nd Half","15:00","57-61","Marshall","Penava, Ajdin","","Leaves Game","","Browning, Stevie; Elmore, Jon; Loop, Austin; Mijovic, Milan; Nikolic, Aleksa","0:00"
"12/17/2016","7:30 p.m.","2nd Half","14:48","57-61","Akron","Williams, Josh","missed","Three Point Jumper","18","Cheatham, Jr., Kwan; Jackson, Aaron; Johnson, Isaiah; Robotham, Noah; Williams, Josh","1:42"
"12/17/2016","7:30 p.m.","2nd Half","14:48","57-61","Marshall","Elmore, Jon","","Defensive Rebound","","Browning, Stevie; Elmore, Jon; Loop, Austin; Mijovic, Milan; Nikolic, Aleksa","0:12"
"12/17/2016","7:30 p.m.","2nd Half","14:43","59-61","Marshall","Loop, Austin","made","Layup","25","Browning, Stevie; Elmore, Jon; Loop, Austin; Mijovic, Milan; Nikolic, Aleksa","0:17"
"12/17/2016","7:30 p.m.","2nd Half","14:43","59-61","Marshall","Elmore, Jon","","Assist","","Browning, Stevie; Elmore, Jon; Loop, Austin; Mijovic, Milan; Nikolic, Aleksa","0:17"
"12/17/2016","7:30 p.m.","2nd Half","14:21","59-63","Akron","Jackson, Aaron","made","Layup","8","Cheatham, Jr., Kwan; Jackson, Aaron; Johnson, Isaiah; Robotham, Noah; Williams, Josh","2:09"
"12/17/2016","7:30 p.m.","2nd Half","14:21","59-63","Akron","Johnson, Isaiah","","Assist","","Cheatham, Jr., Kwan; Jackson, Aaron; Johnson, Isaiah; Robotham, Noah; Williams, Josh","2:09"
"12/17/2016","7:30 p.m.","2nd Half","14:21","59-63","Marshall","Mijovic, Milan","","Commits Foul","","Browning, Stevie; Elmore, Jon; Loop, Austin; Mijovic, Milan; Nikolic, Aleksa","0:39"
"12/17/2016","7:30 p.m.","2nd Half","14:21","59-64","Akron","Jackson, Aaron","made","Free Throw","","Cheatham, Jr., Kwan; Jackson, Aaron; Johnson, Isaiah; Robotham, Noah; Williams, Josh","2:09"
"12/17/2016","7:30 p.m.","2nd Half","13:59","61-64","Marshall","Mijovic, Milan","made","Layup","8","Browning, Stevie; Elmore, Jon; Loop, Austin; Mijovic, Milan; Nikolic, Aleksa","1:01"
"12/17/2016","7:30 p.m.","2nd Half","13:59","61-64","Marshall","Nikolic, Aleksa","","Assist","","Browning, Stevie; Elmore, Jon; Loop, Austin; Mijovic, Milan; Nikolic, Aleksa","1:01"
"12/17/2016","7:30 p.m.","2nd Half","13:37","61-64","Akron","Jackson, Aaron","missed","Three Point Jumper","8","Cheatham, Jr., Kwan; Jackson, Aaron; Johnson, Isaiah; Robotham, Noah; Williams, Josh","2:53"
"12/17/2016","7:30 p.m.","2nd Half","13:37","61-64","Akron","Williams, Josh","","Offensive Rebound","","Cheatham, Jr., Kwan; Jackson, Aaron; Johnson, Isaiah; Robotham, Noah; Williams, Josh","2:53"
"12/17/2016","7:30 p.m.","2nd Half","13:31","61-64","Akron","Robotham, Noah","missed","Three Point Jumper","24","Cheatham, Jr., Kwan; Jackson, Aaron; Johnson, Isaiah; Robotham, Noah; Williams, Josh","2:59"
"12/17/2016","7:30 p.m.","2nd Half","13:31","61-64","Marshall","Nikolic, Aleksa","","Defensive Rebound","","Browning, Stevie; Elmore, Jon; Loop, Austin; Mijovic, Milan; Nikolic, Aleksa","1:29"
"12/17/2016","7:30 p.m.","2nd Half","13:21","61-64","Marshall","Nikolic, Aleksa","missed","Layup","20","Browning, Stevie; Elmore, Jon; Loop, Austin; Mijovic, Milan; Nikolic, Aleksa","1:39"
"12/17/2016","7:30 p.m.","2nd Half","13:21","61-64","Akron","Johnson, Isaiah","","Defensive Rebound","","Cheatham, Jr., Kwan; Jackson, Aaron; Johnson, Isaiah; Robotham, Noah; Williams, Josh","3:09"
"12/17/2016","7:30 p.m.","2nd Half","13:07","61-66","Akron","Robotham, Noah","made","Two Point Jumper","16","Cheatham, Jr., Kwan; Jackson, Aaron; Johnson, Isaiah; Robotham, Noah; Williams, Josh","3:23"
"12/17/2016","7:30 p.m.","2nd Half","13:07","61-66","Marshall","Loop, Austin","","Commits Foul","","Browning, Stevie; Elmore, Jon; Loop, Austin; Mijovic, Milan; Nikolic, Aleksa","1:53"
"12/17/2016","7:30 p.m.","2nd Half","13:07","61-67","Akron","Robotham, Noah","made","Free Throw","","Cheatham, Jr., Kwan; Jackson, Aaron; Johnson, Isaiah; Robotham, Noah; Williams, Josh","3:23"
"12/17/2016","7:30 p.m.","2nd Half","13:07","61-67","Marshall","Penava, Ajdin","","Enters Game","","Browning, Stevie; Elmore, Jon; Loop, Austin; Mijovic, Milan; Nikolic, Aleksa; Penava, Ajdin","0:00"
"12/17/2016","7:30 p.m.","2nd Half","13:07","61-67","Marshall","Thieneman, Christian","","Enters Game","","Browning, Stevie; Elmore, Jon; Loop, Austin; Mijovic, Milan; Nikolic, Aleksa; Penava, Ajdin; Thieneman, Christian","0:00"
"12/17/2016","7:30 p.m.","2nd Half","13:07","61-67","Marshall","Browning, Stevie","","Leaves Game","","Elmore, Jon; Loop, Austin; Mijovic, Milan; Nikolic, Aleksa; Penava, Ajdin; Thieneman, Christian","0:00"
"12/17/2016","7:30 p.m.","2nd Half","13:07","61-67","Marshall","Mijovic, Milan","","Leaves Game","","Elmore, Jon; Loop, Austin; Nikolic, Aleksa; Penava, Ajdin; Thieneman, Christian","0:00"
"12/17/2016","7:30 p.m.","2nd Half","13:07","61-67","Akron","Ivey, Jimond","","Enters Game","","Cheatham, Jr., Kwan; Ivey, Jimond; Jackson, Aaron; Johnson, Isaiah; Robotham, Noah; Williams, Josh","0:00"
"12/17/2016","7:30 p.m.","2nd Half","13:07","61-67","Akron","Dunn-Martin, Tavian","","Enters Game","","Cheatham, Jr., Kwan; Dunn-Martin, Tavian; Ivey, Jimond; Jackson, Aaron; Johnson, Isaiah; Robotham, Noah; Williams, Josh","0:00"
"12/17/2016","7:30 p.m.","2nd Half","13:07","61-67","Akron","Cheatham, Jr., Kwan","","Leaves Game","","Dunn-Martin, Tavian; Ivey, Jimond; Jackson, Aaron; Johnson, Isaiah; Robotham, Noah; Williams, Josh","0:00"
"12/17/2016","7:30 p.m.","2nd Half","13:07","61-67","Akron","Robotham, Noah","","Leaves Game","","Dunn-Martin, Tavian; Ivey, Jimond; Jackson, Aaron; Johnson, Isaiah; Williams, Josh","0:00"
"12/17/2016","7:30 p.m.","2nd Half","12:56","61-67","Akron","Johnson, Isaiah","","Commits Foul","19","Dunn-Martin, Tavian; Ivey, Jimond; Jackson, Aaron; Johnson, Isaiah; Williams, Josh","0:11"
"12/17/2016","7:30 p.m.","2nd Half","12:56","62-67","Marshall","Elmore, Jon","made","Free Throw","","Elmore, Jon; Loop, Austin; Nikolic, Aleksa; Penava, Ajdin; Thieneman, Christian","0:11"
"12/17/2016","7:30 p.m.","2nd Half","12:56","62-67","Marshall","Elmore, Jon","missed","Free Throw","","Elmore, Jon; Loop, Austin; Nikolic, Aleksa; Penava, Ajdin; Thieneman, Christian","0:11"
"12/17/2016","7:30 p.m.","2nd Half","12:56","62-67","Akron","Williams, Josh","","Defensive Rebound","","Dunn-Martin, Tavian; Ivey, Jimond; Jackson, Aaron; Johnson, Isaiah; Williams, Josh","0:11"
"12/17/2016","7:30 p.m.","2nd Half","12:35","62-67","Akron","Ivey, Jimond","missed","Three Point Jumper","9","Dunn-Martin, Tavian; Ivey, Jimond; Jackson, Aaron; Johnson, Isaiah; Williams, Josh","0:32"
"12/17/2016","7:30 p.m.","2nd Half","12:35","62-67","Marshall","Thieneman, Christian","","Defensive Rebound","","Elmore, Jon; Loop, Austin; Nikolic, Aleksa; Penava, Ajdin; Thieneman, Christian","0:32"
"12/17/2016","7:30 p.m.","2nd Half","12:26","62-67","Akron","Jackson, Aaron","","Commits Foul","21","Dunn-Martin, Tavian; Ivey, Jimond; Jackson, Aaron; Johnson, Isaiah; Williams, Josh","0:41"
"12/17/2016","7:30 p.m.","2nd Half","12:26","63-67","Marshall","Browning, Stevie","made","Free Throw","","Elmore, Jon; Loop, Austin; Nikolic, Aleksa; Penava, Ajdin; Thieneman, Christian","0:41"
"12/17/2016","7:30 p.m.","2nd Half","12:26","63-67","Marshall","Browning, Stevie","","Enters Game","","Browning, Stevie; Elmore, Jon; Loop, Austin; Nikolic, Aleksa; Penava, Ajdin; Thieneman, Christian","0:00"
"12/17/2016","7:30 p.m.","2nd Half","12:26","63-67","Marshall","Nikolic, Aleksa","","Leaves Game","","Browning, Stevie; Elmore, Jon; Loop, Austin; Penava, Ajdin; Thieneman, Christian","0:00"
"12/17/2016","7:30 p.m.","2nd Half","12:26","63-67","Akron","Hughes, Michael","","Enters Game","","Dunn-Martin, Tavian; Hughes, Michael; Ivey, Jimond; Jackson, Aaron; Johnson, Isaiah; Williams, Josh","0:00"
"12/17/2016","7:30 p.m.","2nd Half","12:26","63-67","Akron","Cheatham, Jr., Kwan","","Enters Game","","Cheatham, Jr., Kwan; Dunn-Martin, Tavian; Hughes, Michael; Ivey, Jimond; Jackson, Aaron; Johnson, Isaiah; Williams, Josh","0:00"
"12/17/2016","7:30 p.m.","2nd Half","12:26","63-67","Akron","Johnson, Isaiah","","Leaves Game","","Cheatham, Jr., Kwan; Dunn-Martin, Tavian; Hughes, Michael; Ivey, Jimond; Jackson, Aaron; Williams, Josh","0:00"
"12/17/2016","7:30 p.m.","2nd Half","12:26","63-67","Akron","Jackson, Aaron","","Leaves Game","","Cheatham, Jr., Kwan; Dunn-Martin, Tavian; Hughes, Michael; Ivey, Jimond; Williams, Josh","0:00"
"12/17/2016","7:30 p.m.","2nd Half","12:24","64-67","Marshall","Browning, Stevie","made","Free Throw","","Browning, Stevie; Elmore, Jon; Loop, Austin; Penava, Ajdin; Thieneman, Christian","0:02"
"12/17/2016","7:30 p.m.","2nd Half","12:02","64-67","Marshall","Penava, Ajdin","","Commits Foul","6","Browning, Stevie; Elmore, Jon; Loop, Austin; Penava, Ajdin; Thieneman, Christian","0:24"
"12/17/2016","7:30 p.m.","2nd Half","12:02","64-68","Akron","Ivey, Jimond","made","Free Throw","","Cheatham, Jr., Kwan; Dunn-Martin, Tavian; Hughes, Michael; Ivey, Jimond; Williams, Josh","0:24"
"12/17/2016","7:30 p.m.","2nd Half","12:02","64-69","Akron","Ivey, Jimond","made","Free Throw","","Cheatham, Jr., Kwan; Dunn-Martin, Tavian; Hughes, Michael; Ivey, Jimond; Williams, Josh","0:24"
"12/17/2016","7:30 p.m.","2nd Half","12:02","64-69","Marshall","Bledsoe, Phil","","Enters Game","","Bledsoe, Phil; Browning, Stevie; Elmore, Jon; Loop, Austin; Penava, Ajdin; Thieneman, Christian","0:00"
"12/17/2016","7:30 p.m.","2nd Half","12:02","64-69","Marshall","Penava, Ajdin","","Leaves Game","","Bledsoe, Phil; Browning, Stevie; Elmore, Jon; Loop, Austin; Thieneman, Christian","0:00"
"12/17/2016","7:30 p.m.","2nd Half","11:59","64-69","Marshall","Loop, Austin","missed","Three Point Jumper","27","Bledsoe, Phil; Browning, Stevie; Elmore, Jon; Loop, Austin; Thieneman, Christian","0:03"
"12/17/2016","7:30 p.m.","2nd Half","11:59","64-69","Akron","Dunn-Martin, Tavian","","Defensive Rebound","","Cheatham, Jr., Kwan; Dunn-Martin, Tavian; Hughes, Michael; Ivey, Jimond; Williams, Josh","0:27"
"12/17/2016","7:30 p.m.","2nd Half","11:50","64-69","Akron","Dunn-Martin, Tavian","missed","Two Point Jumper","21","Cheatham, Jr., Kwan; Dunn-Martin, Tavian; Hughes, Michael; Ivey, Jimond; Williams, Josh","0:36"
"12/17/2016","7:30 p.m.","2nd Half","11:50","64-69","Marshall","Loop, Austin","","Defensive Rebound","","Bledsoe, Phil; Browning, Stevie; Elmore, Jon; Loop, Austin; Thieneman, Christian","0:12"
"12/17/2016","7:30 p.m.","2nd Half","11:37","64-69","Marshall","Browning, Stevie","missed","Three Point Jumper","17","Bledsoe, Phil; Browning, Stevie; Elmore, Jon; Loop, Austin; Thieneman, Christian","0:25"
"12/17/2016","7:30 p.m.","2nd Half","11:37","64-69","Akron","Team","","Defensive Rebound","","Cheatham, Jr., Kwan; Dunn-Martin, Tavian; Hughes, Michael; Ivey, Jimond; Williams, Josh","0:49"
"12/17/2016","7:30 p.m.","2nd Half","11:37","64-69","Akron","Team","","Media Timeout","","Cheatham, Jr., Kwan; Dunn-Martin, Tavian; Hughes, Michael; Ivey, Jimond; Williams, Josh","0:49"
"12/17/2016","7:30 p.m.","2nd Half","11:37","64-69","Akron","Jackson, Antino","","Enters Game","","Cheatham, Jr., Kwan; Dunn-Martin, Tavian; Hughes, Michael; Ivey, Jimond; Jackson, Antino; Williams, Josh","0:00"
"12/17/2016","7:30 p.m.","2nd Half","11:37","64-69","Akron","Dunn-Martin, Tavian","","Leaves Game","","Cheatham, Jr., Kwan; Hughes, Michael; Ivey, Jimond; Jackson, Antino; Williams, Josh","0:00"
"12/17/2016","7:30 p.m.","2nd Half","11:18","64-71","Akron","Hughes, Michael","made","Layup","11","Cheatham, Jr., Kwan; Hughes, Michael; Ivey, Jimond; Jackson, Antino; Williams, Josh","0:19"
"12/17/2016","7:30 p.m.","2nd Half","11:05","67-71","Marshall","Loop, Austin","made","Three Point Jumper","17","Bledsoe, Phil; Browning, Stevie; Elmore, Jon; Loop, Austin; Thieneman, Christian","0:57"
"12/17/2016","7:30 p.m.","2nd Half","11:05","67-71","Marshall","Elmore, Jon","","Assist","","Bledsoe, Phil; Browning, Stevie; Elmore, Jon; Loop, Austin; Thieneman, Christian","0:57"
"12/17/2016","7:30 p.m.","2nd Half","10:46","67-73","Akron","Jackson, Antino","made","Two Point Jumper","11","Cheatham, Jr., Kwan; Hughes, Michael; Ivey, Jimond; Jackson, Antino; Williams, Josh","0:51"
"12/17/2016","7:30 p.m.","2nd Half","10:46","67-73","Akron","Ivey, Jimond","","Assist","","Cheatham, Jr., Kwan; Hughes, Michael; Ivey, Jimond; Jackson, Antino; Williams, Josh","0:51"
"12/17/2016","7:30 p.m.","2nd Half","10:27","67-73","Marshall","Thieneman, Christian","missed","Three Point Jumper","11","Bledsoe, Phil; Browning, Stevie; Elmore, Jon; Loop, Austin; Thieneman, Christian","1:35"
"12/17/2016","7:30 p.m.","2nd Half","10:27","67-73","Marshall","Bledsoe, Phil","","Offensive Rebound","","Bledsoe, Phil; Browning, Stevie; Elmore, Jon; Loop, Austin; Thieneman, Christian","1:35"
"12/17/2016","7:30 p.m.","2nd Half","10:25","67-73","Akron","Ivey, Jimond","","Commits Foul","28","Cheatham, Jr., Kwan; Hughes, Michael; Ivey, Jimond; Jackson, Antino; Williams, Josh","1:12"
"12/17/2016","7:30 p.m.","2nd Half","10:22","67-73","Akron","Ivey, Jimond","","Commits Foul","27","Cheatham, Jr., Kwan; Hughes, Michael; Ivey, Jimond; Jackson, Antino; Williams, Josh","1:15"
"12/17/2016","7:30 p.m.","2nd Half","10:22","68-73","Marshall","Browning, Stevie","made","Free Throw","","Bledsoe, Phil; Browning, Stevie; Elmore, Jon; Loop, Austin; Thieneman, Christian","1:40"
"12/17/2016","7:30 p.m.","2nd Half","10:22","68-73","Marshall","Browning, Stevie","missed","Free Throw","","Bledsoe, Phil; Browning, Stevie; Elmore, Jon; Loop, Austin; Thieneman, Christian","1:40"
"12/17/2016","7:30 p.m.","2nd Half","10:22","68-73","Akron","Johnson, Isaiah","","Defensive Rebound","","Cheatham, Jr., Kwan; Hughes, Michael; Ivey, Jimond; Jackson, Antino; Williams, Josh","1:15"
"12/17/2016","7:30 p.m.","2nd Half","10:22","68-73","Marshall","Mijovic, Milan","","Enters Game","","Bledsoe, Phil; Browning, Stevie; Elmore, Jon; Loop, Austin; Mijovic, Milan; Thieneman, Christian","0:00"
"12/17/2016","7:30 p.m.","2nd Half","10:22","68-73","Marshall","Bledsoe, Phil","","Leaves Game","","Browning, Stevie; Elmore, Jon; Loop, Austin; Mijovic, Milan; Thieneman, Christian","0:00"
"12/17/2016","7:30 p.m.","2nd Half","10:22","68-73","Akron","Robotham, Noah","","Enters Game","","Cheatham, Jr., Kwan; Hughes, Michael; Ivey, Jimond; Jackson, Antino; Robotham, Noah; Williams, Josh","0:00"
"12/17/2016","7:30 p.m.","2nd Half","10:22","68-73","Akron","Johnson, Isaiah","","Enters Game","","Cheatham, Jr., Kwan; Hughes, Michael; Ivey, Jimond; Jackson, Antino; Johnson, Isaiah; Robotham, Noah; Williams, Josh","0:00"
"12/17/2016","7:30 p.m.","2nd Half","10:22","68-73","Akron","Williams, Josh","","Leaves Game","","Cheatham, Jr., Kwan; Hughes, Michael; Ivey, Jimond; Jackson, Antino; Johnson, Isaiah; Robotham, Noah","0:00"
"12/17/2016","7:30 p.m.","2nd Half","10:22","68-73","Akron","Hughes, Michael","","Leaves Game","","Cheatham, Jr., Kwan; Ivey, Jimond; Jackson, Antino; Johnson, Isaiah; Robotham, Noah","3:30"
"12/17/2016","7:30 p.m.","2nd Half","09:56","68-76","Akron","Cheatham, Jr., Kwan","made","Three Point Jumper","4","Cheatham, Jr., Kwan; Ivey, Jimond; Jackson, Antino; Johnson, Isaiah; Robotham, Noah","3:56"
"12/17/2016","7:30 p.m.","2nd Half","09:56","68-76","Akron","Johnson, Isaiah","","Assist","","Cheatham, Jr., Kwan; Ivey, Jimond; Jackson, Antino; Johnson, Isaiah; Robotham, Noah","3:56"
"12/17/2016","7:30 p.m.","2nd Half","09:49","68-76","Akron","Jackson, Antino","","Commits Foul","23","Cheatham, Jr., Kwan; Ivey, Jimond; Jackson, Antino; Johnson, Isaiah; Robotham, Noah","4:03"
"12/17/2016","7:30 p.m.","2nd Half","09:49","68-76","Marshall","Nikolic, Aleksa","","Enters Game","","Browning, Stevie; Elmore, Jon; Loop, Austin; Mijovic, Milan; Nikolic, Aleksa; Thieneman, Christian","0:00"
"12/17/2016","7:30 p.m.","2nd Half","09:49","68-76","Marshall","Browning, Stevie","","Leaves Game","","Elmore, Jon; Loop, Austin; Mijovic, Milan; Nikolic, Aleksa; Thieneman, Christian","0:00"
"12/17/2016","7:30 p.m.","2nd Half","09:46","71-76","Marshall","Elmore, Jon","made","Three Point Jumper","27","Elmore, Jon; Loop, Austin; Mijovic, Milan; Nikolic, Aleksa; Thieneman, Christian","0:03"
"12/17/2016","7:30 p.m.","2nd Half","09:46","71-76","Marshall","Nikolic, Aleksa","","Assist","","Elmore, Jon; Loop, Austin; Mijovic, Milan; Nikolic, Aleksa; Thieneman, Christian","0:03"
"12/17/2016","7:30 p.m.","2nd Half","09:17","71-79","Akron","Cheatham, Jr., Kwan","made","Three Point Jumper","1","Cheatham, Jr., Kwan; Ivey, Jimond; Jackson, Antino; Johnson, Isaiah; Robotham, Noah","4:35"
"12/17/2016","7:30 p.m.","2nd Half","09:06","71-79","Akron","Jackson, Antino","","Commits Foul","19","Cheatham, Jr., Kwan; Ivey, Jimond; Jackson, Antino; Johnson, Isaiah; Robotham, Noah","4:46"
"12/17/2016","7:30 p.m.","2nd Half","09:06","72-79","Marshall","Loop, Austin","made","Free Throw","","Elmore, Jon; Loop, Austin; Mijovic, Milan; Nikolic, Aleksa; Thieneman, Christian","0:43"
"12/17/2016","7:30 p.m.","2nd Half","09:06","73-79","Marshall","Loop, Austin","made","Free Throw","","Elmore, Jon; Loop, Austin; Mijovic, Milan; Nikolic, Aleksa; Thieneman, Christian","0:43"
"12/17/2016","7:30 p.m.","2nd Half","09:06","74-79","Marshall","Loop, Austin","made","Free Throw","","Elmore, Jon; Loop, Austin; Mijovic, Milan; Nikolic, Aleksa; Thieneman, Christian","0:43"
"12/17/2016","7:30 p.m.","2nd Half","09:06","74-79","Akron","Dunn-Martin, Tavian","","Enters Game","","Cheatham, Jr., Kwan; Dunn-Martin, Tavian; Ivey, Jimond; Jackson, Antino; Johnson, Isaiah; Robotham, Noah","0:00"
"12/17/2016","7:30 p.m.","2nd Half","09:06","74-79","Akron","Jackson, Antino","","Leaves Game","","Cheatham, Jr., Kwan; Dunn-Martin, Tavian; Ivey, Jimond; Johnson, Isaiah; Robotham, Noah","0:00"
"12/17/2016","7:30 p.m.","2nd Half","08:44","74-79","Akron","Dunn-Martin, Tavian","missed","Three Point Jumper","8","Cheatham, Jr., Kwan; Dunn-Martin, Tavian; Ivey, Jimond; Johnson, Isaiah; Robotham, Noah","0:22"
"12/17/2016","7:30 p.m.","2nd Half","08:44","74-79","Akron","Ivey, Jimond","","Offensive Rebound","","Cheatham, Jr., Kwan; Dunn-Martin, Tavian; Ivey, Jimond; Johnson, Isaiah; Robotham, Noah","0:22"
"12/17/2016","7:30 p.m.","2nd Half","08:42","74-79","Marshall","Mijovic, Milan","","Commits Foul","28","Elmore, Jon; Loop, Austin; Mijovic, Milan; Nikolic, Aleksa; Thieneman, Christian","1:07"
"12/17/2016","7:30 p.m.","2nd Half","08:42","74-80","Akron","Ivey, Jimond","made","Free Throw","","Cheatham, Jr., Kwan; Dunn-Martin, Tavian; Ivey, Jimond; Johnson, Isaiah; Robotham, Noah","0:24"
"12/17/2016","7:30 p.m.","2nd Half","08:42","74-81","Akron","Ivey, Jimond","made","Free Throw","","Cheatham, Jr., Kwan; Dunn-Martin, Tavian; Ivey, Jimond; Johnson, Isaiah; Robotham, Noah","0:24"
"12/17/2016","7:30 p.m.","2nd Half","08:42","74-81","Marshall","Browning, Stevie","","Enters Game","","Browning, Stevie; Elmore, Jon; Loop, Austin; Mijovic, Milan; Nikolic, Aleksa; Thieneman, Christian","0:00"
"12/17/2016","7:30 p.m.","2nd Half","08:42","74-81","Marshall","Elmore, Jon","","Leaves Game","","Browning, Stevie; Loop, Austin; Mijovic, Milan; Nikolic, Aleksa; Thieneman, Christian","0:00"
"12/17/2016","7:30 p.m.","2nd Half","08:17","74-81","Marshall","Browning, Stevie","missed","Three Point Jumper","5","Browning, Stevie; Loop, Austin; Mijovic, Milan; Nikolic, Aleksa; Thieneman, Christian","0:25"
"12/17/2016","7:30 p.m.","2nd Half","08:17","74-81","Akron","Ivey, Jimond","","Defensive Rebound","","Cheatham, Jr., Kwan; Dunn-Martin, Tavian; Ivey, Jimond; Johnson, Isaiah; Robotham, Noah","0:49"
"12/17/2016","7:30 p.m.","2nd Half","07:54","74-81","Akron","Cheatham, Jr., Kwan","","Turnover","","Cheatham, Jr., Kwan; Dunn-Martin, Tavian; Ivey, Jimond; Johnson, Isaiah; Robotham, Noah","1:12"
"12/17/2016","7:30 p.m.","2nd Half","07:52","74-81","Marshall","Loop, Austin","","Steal","","Browning, Stevie; Loop, Austin; Mijovic, Milan; Nikolic, Aleksa; Thieneman, Christian","0:50"
"12/17/2016","7:30 p.m.","2nd Half","07:50","74-81","Akron","Ivey, Jimond","","Commits Foul","26","Cheatham, Jr., Kwan; Dunn-Martin, Tavian; Ivey, Jimond; Johnson, Isaiah; Robotham, Noah","1:16"
"12/17/2016","7:30 p.m.","2nd Half","07:50","74-81","Akron","Ivey, Jimond","","Commits Foul","","Cheatham, Jr., Kwan; Dunn-Martin, Tavian; Ivey, Jimond; Johnson, Isaiah; Robotham, Noah","1:16"
"12/17/2016","7:30 p.m.","2nd Half","07:50","74-81","Akron","Ivey, Jimond","","Commits Foul","","Cheatham, Jr., Kwan; Dunn-Martin, Tavian; Ivey, Jimond; Johnson, Isaiah; Robotham, Noah","1:16"
"12/17/2016","7:30 p.m.","2nd Half","07:50","75-81","Marshall","Loop, Austin","made","Free Throw","","Browning, Stevie; Loop, Austin; Mijovic, Milan; Nikolic, Aleksa; Thieneman, Christian","0:52"
"12/17/2016","7:30 p.m.","2nd Half","07:50","76-81","Marshall","Loop, Austin","made","Free Throw","","Browning, Stevie; Loop, Austin; Mijovic, Milan; Nikolic, Aleksa; Thieneman, Christian","0:52"
"12/17/2016","7:30 p.m.","2nd Half","07:50","77-81","Marshall","Browning, Stevie","made","Free Throw","","Browning, Stevie; Loop, Austin; Mijovic, Milan; Nikolic, Aleksa; Thieneman, Christian","0:52"
"12/17/2016","7:30 p.m.","2nd Half","07:50","78-81","Marshall","Browning, Stevie","made","Free Throw","","Browning, Stevie; Loop, Austin; Mijovic, Milan; Nikolic, Aleksa; Thieneman, Christian","0:52"
"12/17/2016","7:30 p.m.","2nd Half","07:50","78-81","Marshall","Elmore, Jon","","Enters Game","","Browning, Stevie; Elmore, Jon; Loop, Austin; Mijovic, Milan; Nikolic, Aleksa; Thieneman, Christian","0:00"
"12/17/2016","7:30 p.m.","2nd Half","07:50","78-81","Marshall","Mijovic, Milan","","Leaves Game","","Browning, Stevie; Elmore, Jon; Loop, Austin; Nikolic, Aleksa; Thieneman, Christian","0:00"
"12/17/2016","7:30 p.m.","2nd Half","07:50","78-81","Akron","Jackson, Aaron","","Enters Game","","Cheatham, Jr., Kwan; Dunn-Martin, Tavian; Ivey, Jimond; Jackson, Aaron; Johnson, Isaiah; Robotham, Noah","0:00"
"12/17/2016","7:30 p.m.","2nd Half","07:50","78-81","Akron","Ivey, Jimond","","Leaves Game","","Cheatham, Jr., Kwan; Dunn-Martin, Tavian; Jackson, Aaron; Johnson, Isaiah; Robotham, Noah","0:00"
"12/17/2016","7:30 p.m.","2nd Half","07:24","78-83","Akron","Johnson, Isaiah","made","Layup","4","Cheatham, Jr., Kwan; Dunn-Martin, Tavian; Jackson, Aaron; Johnson, Isaiah; Robotham, Noah","0:26"
"12/17/2016","7:30 p.m.","2nd Half","07:00","78-83","Marshall","Thieneman, Christian","missed","Three Point Jumper","6","Browning, Stevie; Elmore, Jon; Loop, Austin; Nikolic, Aleksa; Thieneman, Christian","0:50"
"12/17/2016","7:30 p.m.","2nd Half","07:00","78-83","Marshall","Browning, Stevie","","Offensive Rebound","","Browning, Stevie; Elmore, Jon; Loop, Austin; Nikolic, Aleksa; Thieneman, Christian","0:50"
"12/17/2016","7:30 p.m.","2nd Half","06:55","78-83","Marshall","Browning, Stevie","missed","Layup","25","Browning, Stevie; Elmore, Jon; Loop, Austin; Nikolic, Aleksa; Thieneman, Christian","0:55"
"12/17/2016","7:30 p.m.","2nd Half","06:55","78-83","Akron","Johnson, Isaiah","","Defensive Rebound","","Cheatham, Jr., Kwan; Dunn-Martin, Tavian; Jackson, Aaron; Johnson, Isaiah; Robotham, Noah","0:55"
"12/17/2016","7:30 p.m.","2nd Half","06:40","78-86","Akron","Cheatham, Jr., Kwan","made","Three Point Jumper","15","Cheatham, Jr., Kwan; Dunn-Martin, Tavian; Jackson, Aaron; Johnson, Isaiah; Robotham, Noah","1:10"
"12/17/2016","7:30 p.m.","2nd Half","06:40","78-86","Akron","Dunn-Martin, Tavian","","Assist","","Cheatham, Jr., Kwan; Dunn-Martin, Tavian; Jackson, Aaron; Johnson, Isaiah; Robotham, Noah","1:10"
"12/17/2016","7:30 p.m.","2nd Half","06:21","78-86","Marshall","Elmore, Jon","missed","Three Point Jumper","11","Browning, Stevie; Elmore, Jon; Loop, Austin; Nikolic, Aleksa; Thieneman, Christian","1:29"
"12/17/2016","7:30 p.m.","2nd Half","06:21","78-86","Akron","Johnson, Isaiah","","Defensive Rebound","","Cheatham, Jr., Kwan; Dunn-Martin, Tavian; Jackson, Aaron; Johnson, Isaiah; Robotham, Noah","1:29"
"12/17/2016","7:30 p.m.","2nd Half","06:03","78-86","Akron","Johnson, Isaiah","","Turnover","","Cheatham, Jr., Kwan; Dunn-Martin, Tavian; Jackson, Aaron; Johnson, Isaiah; Robotham, Noah","1:47"
"12/17/2016","7:30 p.m.","2nd Half","06:03","78-86","Akron","Johnson, Isaiah","","Commits Foul","","Cheatham, Jr., Kwan; Dunn-Martin, Tavian; Jackson, Aaron; Johnson, Isaiah; Robotham, Noah","1:47"
"12/17/2016","7:30 p.m.","2nd Half","06:03","78-86","Marshall","Penava, Ajdin","","Enters Game","","Browning, Stevie; Elmore, Jon; Loop, Austin; Nikolic, Aleksa; Penava, Ajdin; Thieneman, Christian","0:00"
"12/17/2016","7:30 p.m.","2nd Half","06:03","78-86","Marshall","Thieneman, Christian","","Leaves Game","","Browning, Stevie; Elmore, Jon; Loop, Austin; Nikolic, Aleksa; Penava, Ajdin","0:00"
"12/17/2016","7:30 p.m.","2nd Half","06:03","78-86","Akron","Williams, Josh","","Enters Game","","Cheatham, Jr., Kwan; Dunn-Martin, Tavian; Jackson, Aaron; Johnson, Isaiah; Robotham, Noah; Williams, Josh","0:00"
"12/17/2016","7:30 p.m.","2nd Half","06:03","78-86","Akron","Dunn-Martin, Tavian","","Leaves Game","","Cheatham, Jr., Kwan; Jackson, Aaron; Johnson, Isaiah; Robotham, Noah; Williams, Josh","3:23"
"12/17/2016","7:30 p.m.","2nd Half","05:52","78-86","Marshall","Loop, Austin","missed","Three Point Jumper","19","Browning, Stevie; Elmore, Jon; Loop, Austin; Nikolic, Aleksa; Penava, Ajdin","0:11"
"12/17/2016","7:30 p.m.","2nd Half","05:52","78-86","Marshall","Nikolic, Aleksa","","Offensive Rebound","","Browning, Stevie; Elmore, Jon; Loop, Austin; Nikolic, Aleksa; Penava, Ajdin","0:11"
"12/17/2016","7:30 p.m.","2nd Half","05:48","80-86","Marshall","Nikolic, Aleksa","made","Layup","26","Browning, Stevie; Elmore, Jon; Loop, Austin; Nikolic, Aleksa; Penava, Ajdin","0:15"
"12/17/2016","7:30 p.m.","2nd Half","05:37","80-86","Akron","Williams, Josh","missed","Three Point Jumper","19","Cheatham, Jr., Kwan; Jackson, Aaron; Johnson, Isaiah; Robotham, Noah; Williams, Josh","3:49"
"12/17/2016","7:30 p.m.","2nd Half","05:37","80-86","Akron","Team","","Deadball Rebound","","Cheatham, Jr., Kwan; Jackson, Aaron; Johnson, Isaiah; Robotham, Noah; Williams, Josh","3:49"
"12/17/2016","7:30 p.m.","2nd Half","05:37","80-86","Marshall","Penava, Ajdin","","Commits Foul","","Browning, Stevie; Elmore, Jon; Loop, Austin; Nikolic, Aleksa; Penava, Ajdin","0:26"
"12/17/2016","7:30 p.m.","2nd Half","05:37","80-86","Marshall","Mijovic, Milan","","Enters Game","","Browning, Stevie; Elmore, Jon; Loop, Austin; Mijovic, Milan; Nikolic, Aleksa; Penava, Ajdin","0:00"
"12/17/2016","7:30 p.m.","2nd Half","05:37","80-86","Marshall","Penava, Ajdin","","Leaves Game","","Browning, Stevie; Elmore, Jon; Loop, Austin; Mijovic, Milan; Nikolic, Aleksa","1:53"
"12/17/2016","7:30 p.m.","2nd Half","05:25","80-86","Akron","Williams, Josh","","Turnover","","Cheatham, Jr., Kwan; Jackson, Aaron; Johnson, Isaiah; Robotham, Noah; Williams, Josh","4:01"
"12/17/2016","7:30 p.m.","2nd Half","05:14","80-86","Marshall","Mijovic, Milan","missed","Layup","19","Browning, Stevie; Elmore, Jon; Loop, Austin; Mijovic, Milan; Nikolic, Aleksa","2:16"
"12/17/2016","7:30 p.m.","2nd Half","05:14","80-86","Marshall","Team","","Deadball Rebound","","Browning, Stevie; Elmore, Jon; Loop, Austin; Mijovic, Milan; Nikolic, Aleksa","2:16"
"12/17/2016","7:30 p.m.","2nd Half","05:14","80-86","Akron","Jackson, Aaron","","Commits Foul","","Cheatham, Jr., Kwan; Jackson, Aaron; Johnson, Isaiah; Robotham, Noah; Williams, Josh","4:12"
"12/17/2016","7:30 p.m.","2nd Half","05:14","80-86","Marshall","Mijovic, Milan","missed","Free Throw","","Browning, Stevie; Elmore, Jon; Loop, Austin; Mijovic, Milan; Nikolic, Aleksa","2:16"
"12/17/2016","7:30 p.m.","2nd Half","05:14","80-86","Marshall","Team","","Deadball Rebound","","Browning, Stevie; Elmore, Jon; Loop, Austin; Mijovic, Milan; Nikolic, Aleksa","2:16"
"12/17/2016","7:30 p.m.","2nd Half","05:14","81-86","Marshall","Mijovic, Milan","made","Free Throw","","Browning, Stevie; Elmore, Jon; Loop, Austin; Mijovic, Milan; Nikolic, Aleksa","2:16"
"12/17/2016","7:30 p.m.","2nd Half","05:14","81-86","Marshall","Thieneman, Christian","","Enters Game","","Browning, Stevie; Elmore, Jon; Loop, Austin; Mijovic, Milan; Nikolic, Aleksa; Thieneman, Christian","0:00"
"12/17/2016","7:30 p.m.","2nd Half","05:14","81-86","Marshall","Nikolic, Aleksa","","Leaves Game","","Browning, Stevie; Elmore, Jon; Loop, Austin; Mijovic, Milan; Thieneman, Christian","0:33"
"12/17/2016","7:30 p.m.","2nd Half","05:13","81-86","Akron","Hughes, Michael","","Enters Game","","Cheatham, Jr., Kwan; Hughes, Michael; Jackson, Aaron; Johnson, Isaiah; Robotham, Noah; Williams, Josh","0:00"
"12/17/2016","7:30 p.m.","2nd Half","05:13","81-86","Akron","Ivey, Jimond","","Enters Game","","Cheatham, Jr., Kwan; Hughes, Michael; Ivey, Jimond; Jackson, Aaron; Johnson, Isaiah; Robotham, Noah; Williams, Josh","0:00"
"12/17/2016","7:30 p.m.","2nd Half","05:13","81-86","Akron","Jackson, Aaron","","Leaves Game","","Cheatham, Jr., Kwan; Hughes, Michael; Ivey, Jimond; Johnson, Isaiah; Robotham, Noah; Williams, Josh","0:00"
"12/17/2016","7:30 p.m.","2nd Half","05:13","81-86","Akron","Johnson, Isaiah","","Leaves Game","","Cheatham, Jr., Kwan; Hughes, Michael; Ivey, Jimond; Robotham, Noah; Williams, Josh","0:00"
"12/17/2016","7:30 p.m.","2nd Half","05:11","81-86","Akron","Williams, Josh","","Turnover","","Cheatham, Jr., Kwan; Hughes, Michael; Ivey, Jimond; Robotham, Noah; Williams, Josh","0:02"
"12/17/2016","7:30 p.m.","2nd Half","05:10","81-86","Marshall","Elmore, Jon","","Steal","","Browning, Stevie; Elmore, Jon; Loop, Austin; Mijovic, Milan; Thieneman, Christian","0:37"
"12/17/2016","7:30 p.m.","2nd Half","05:08","81-86","Marshall","Browning, Stevie","missed","Layup","27","Browning, Stevie; Elmore, Jon; Loop, Austin; Mijovic, Milan; Thieneman, Christian","0:39"
"12/17/2016","7:30 p.m.","2nd Half","05:08","81-86","Akron","Ivey, Jimond","","Defensive Rebound","","Cheatham, Jr., Kwan; Hughes, Michael; Ivey, Jimond; Robotham, Noah; Williams, Josh","0:05"
"12/17/2016","7:30 p.m.","2nd Half","05:03","81-86","Marshall","Elmore, Jon","","Commits Foul","25","Browning, Stevie; Elmore, Jon; Loop, Austin; Mijovic, Milan; Thieneman, Christian","0:44"
"12/17/2016","7:30 p.m.","2nd Half","05:03","81-86","Akron","Williams, Josh","missed","Free Throw","","Cheatham, Jr., Kwan; Hughes, Michael; Ivey, Jimond; Robotham, Noah; Williams, Josh","0:10"
"12/17/2016","7:30 p.m.","2nd Half","05:03","81-86","Akron","Team","","Deadball Rebound","","Cheatham, Jr., Kwan; Hughes, Michael; Ivey, Jimond; Robotham, Noah; Williams, Josh","0:10"
"12/17/2016","7:30 p.m.","2nd Half","05:03","81-87","Akron","Williams, Josh","made","Free Throw","","Cheatham, Jr., Kwan; Hughes, Michael; Ivey, Jimond; Robotham, Noah; Williams, Josh","0:10"
"12/17/2016","7:30 p.m.","2nd Half","05:03","81-87","Marshall","Nikolic, Aleksa","","Enters Game","","Browning, Stevie; Elmore, Jon; Loop, Austin; Mijovic, Milan; Nikolic, Aleksa; Thieneman, Christian","0:00"
"12/17/2016","7:30 p.m.","2nd Half","05:03","81-87","Marshall","Thieneman, Christian","","Leaves Game","","Browning, Stevie; Elmore, Jon; Loop, Austin; Mijovic, Milan; Nikolic, Aleksa","2:16"
"12/17/2016","7:30 p.m.","2nd Half","05:03","81-87","Akron","Jackson, Antino","","Enters Game","","Cheatham, Jr., Kwan; Hughes, Michael; Ivey, Jimond; Jackson, Antino; Robotham, Noah; Williams, Josh","0:00"
"12/17/2016","7:30 p.m.","2nd Half","05:03","81-87","Akron","Robotham, Noah","","Leaves Game","","Cheatham, Jr., Kwan; Hughes, Michael; Ivey, Jimond; Jackson, Antino; Williams, Josh","1:15"
"12/17/2016","7:30 p.m.","2nd Half","04:55","81-87","Akron","Hughes, Michael","","Commits Foul","22","Cheatham, Jr., Kwan; Hughes, Michael; Ivey, Jimond; Jackson, Antino; Williams, Josh","1:23"
"12/17/2016","7:30 p.m.","2nd Half","04:55","81-87","Marshall","Mijovic, Milan","missed","Free Throw","","Browning, Stevie; Elmore, Jon; Loop, Austin; Mijovic, Milan; Nikolic, Aleksa","2:24"
"12/17/2016","7:30 p.m.","2nd Half","04:55","81-87","Marshall","Team","","Deadball Rebound","","Browning, Stevie; Elmore, Jon; Loop, Austin; Mijovic, Milan; Nikolic, Aleksa","2:24"
"12/17/2016","7:30 p.m.","2nd Half","04:55","82-87","Marshall","Mijovic, Milan","made","Free Throw","","Browning, Stevie; Elmore, Jon; Loop, Austin; Mijovic, Milan; Nikolic, Aleksa","2:24"
"12/17/2016","7:30 p.m.","2nd Half","04:43","82-87","Akron","Williams, Josh","missed","Layup","18","Cheatham, Jr., Kwan; Hughes, Michael; Ivey, Jimond; Jackson, Antino; Williams, Josh","1:35"
"12/17/2016","7:30 p.m.","2nd Half","04:43","82-87","Marshall","Nikolic, Aleksa","","Defensive Rebound","","Browning, Stevie; Elmore, Jon; Loop, Austin; Mijovic, Milan; Nikolic, Aleksa","2:36"
"12/17/2016","7:30 p.m.","2nd Half","04:37","82-87","Marshall","Loop, Austin","missed","Three Point Jumper","24","Browning, Stevie; Elmore, Jon; Loop, Austin; Mijovic, Milan; Nikolic, Aleksa","2:42"
"12/17/2016","7:30 p.m.","2nd Half","04:37","82-87","Akron","Cheatham, Jr., Kwan","","Defensive Rebound","","Cheatham, Jr., Kwan; Hughes, Michael; Ivey, Jimond; Jackson, Antino; Williams, Josh","1:41"
"12/17/2016","7:30 p.m.","2nd Half","04:27","82-87","Akron","Cheatham, Jr., Kwan","missed","Three Point Jumper","20","Cheatham, Jr., Kwan; Hughes, Michael; Ivey, Jimond; Jackson, Antino; Williams, Josh","1:51"
"12/17/2016","7:30 p.m.","2nd Half","04:27","82-87","Akron","Ivey, Jimond","","Offensive Rebound","","Cheatham, Jr., Kwan; Hughes, Michael; Ivey, Jimond; Jackson, Antino; Williams, Josh","1:51"
"12/17/2016","7:30 p.m.","2nd Half","04:27","82-87","Marshall","Loop, Austin","","Commits Foul","","Browning, Stevie; Elmore, Jon; Loop, Austin; Mijovic, Milan; Nikolic, Aleksa","2:52"
"12/17/2016","7:30 p.m.","2nd Half","04:27","82-88","Akron","Ivey, Jimond","made","Free Throw","","Cheatham, Jr., Kwan; Hughes, Michael; Ivey, Jimond; Jackson, Antino; Williams, Josh","1:51"
"12/17/2016","7:30 p.m.","2nd Half","04:27","82-89","Akron","Ivey, Jimond","made","Free Throw","","Cheatham, Jr., Kwan; Hughes, Michael; Ivey, Jimond; Jackson, Antino; Williams, Josh","1:51"
"12/17/2016","7:30 p.m.","2nd Half","04:27","82-89","Akron","Robotham, Noah","","Enters Game","","Cheatham, Jr., Kwan; Hughes, Michael; Ivey, Jimond; Jackson, Antino; Robotham, Noah; Williams, Josh","0:00"
"12/17/2016","7:30 p.m.","2nd Half","04:27","82-89","Akron","Williams, Josh","","Leaves Game","","Cheatham, Jr., Kwan; Hughes, Michael; Ivey, Jimond; Jackson, Antino; Robotham, Noah","0:00"
"12/17/2016","7:30 p.m.","2nd Half","04:10","84-89","Marshall","Browning, Stevie","made","Layup","13","Browning, Stevie; Elmore, Jon; Loop, Austin; Mijovic, Milan; Nikolic, Aleksa","3:09"
"12/17/2016","7:30 p.m.","2nd Half","04:07","84-89","Marshall","Nikolic, Aleksa","","Assist","","Browning, Stevie; Elmore, Jon; Loop, Austin; Mijovic, Milan; Nikolic, Aleksa","3:12"
"12/17/2016","7:30 p.m.","2nd Half","03:59","84-89","Akron","Team","","Media Timeout","","Cheatham, Jr., Kwan; Hughes, Michael; Ivey, Jimond; Jackson, Antino; Robotham, Noah","0:28"
"12/17/2016","7:30 p.m.","2nd Half","03:39","84-89","Akron","Ivey, Jimond","missed","Layup","0","Cheatham, Jr., Kwan; Hughes, Michael; Ivey, Jimond; Jackson, Antino; Robotham, Noah","0:48"
"12/17/2016","7:30 p.m.","2nd Half","03:39","84-89","Akron","Ivey, Jimond","","Offensive Rebound","","Cheatham, Jr., Kwan; Hughes, Michael; Ivey, Jimond; Jackson, Antino; Robotham, Noah","0:48"
"12/17/2016","7:30 p.m.","2nd Half","03:37","84-89","Akron","Ivey, Jimond","missed","Layup","28","Cheatham, Jr., Kwan; Hughes, Michael; Ivey, Jimond; Jackson, Antino; Robotham, Noah","0:50"
"12/17/2016","7:30 p.m.","2nd Half","03:37","84-89","Marshall","Nikolic, Aleksa","","Defensive Rebound","","Browning, Stevie; Elmore, Jon; Loop, Austin; Mijovic, Milan; Nikolic, Aleksa","3:42"
"12/17/2016","7:30 p.m.","2nd Half","03:27","84-89","Marshall","Elmore, Jon","missed","Layup","20","Browning, Stevie; Elmore, Jon; Loop, Austin; Mijovic, Milan; Nikolic, Aleksa","3:52"
"12/17/2016","7:30 p.m.","2nd Half","03:27","84-89","Akron","Cheatham, Jr., Kwan","","Blocked Shot","","Cheatham, Jr., Kwan; Hughes, Michael; Ivey, Jimond; Jackson, Antino; Robotham, Noah","1:00"
"12/17/2016","7:30 p.m.","2nd Half","03:27","84-89","Marshall","Team","","Offensive Rebound","","Browning, Stevie; Elmore, Jon; Loop, Austin; Mijovic, Milan; Nikolic, Aleksa","3:52"
"12/17/2016","7:30 p.m.","2nd Half","03:27","84-89","Akron","Team","","Media Timeout","","Cheatham, Jr., Kwan; Hughes, Michael; Ivey, Jimond; Jackson, Antino; Robotham, Noah","1:00"
"12/17/2016","7:30 p.m.","2nd Half","03:27","84-89","Akron","Johnson, Isaiah","","Enters Game","","Cheatham, Jr., Kwan; Hughes, Michael; Ivey, Jimond; Jackson, Antino; Johnson, Isaiah; Robotham, Noah","0:00"
"12/17/2016","7:30 p.m.","2nd Half","03:27","84-89","Akron","Hughes, Michael","","Leaves Game","","Cheatham, Jr., Kwan; Ivey, Jimond; Jackson, Antino; Johnson, Isaiah; Robotham, Noah","4:46"
"12/17/2016","7:30 p.m.","2nd Half","03:18","84-89","Marshall","Mijovic, Milan","","Turnover","","Browning, Stevie; Elmore, Jon; Loop, Austin; Mijovic, Milan; Nikolic, Aleksa","4:01"
"12/17/2016","7:30 p.m.","2nd Half","02:55","84-92","Akron","Robotham, Noah","made","Three Point Jumper","7","Cheatham, Jr., Kwan; Ivey, Jimond; Jackson, Antino; Johnson, Isaiah; Robotham, Noah","5:18"
"12/17/2016","7:30 p.m.","2nd Half","02:55","84-92","Akron","Johnson, Isaiah","","Assist","","Cheatham, Jr., Kwan; Ivey, Jimond; Jackson, Antino; Johnson, Isaiah; Robotham, Noah","5:18"
"12/17/2016","7:30 p.m.","2nd Half","02:46","84-92","Marshall","Elmore, Jon","","Turnover","","Browning, Stevie; Elmore, Jon; Loop, Austin; Mijovic, Milan; Nikolic, Aleksa","4:33"
"12/17/2016","7:30 p.m.","2nd Half","02:44","84-92","Akron","Ivey, Jimond","","Steal","","Cheatham, Jr., Kwan; Ivey, Jimond; Jackson, Antino; Johnson, Isaiah; Robotham, Noah","5:29"
"12/17/2016","7:30 p.m.","2nd Half","02:42","84-94","Akron","Ivey, Jimond","made","Dunk","26","Cheatham, Jr., Kwan; Ivey, Jimond; Jackson, Antino; Johnson, Isaiah; Robotham, Noah","5:31"
"12/17/2016","7:30 p.m.","2nd Half","02:34","84-94","Marshall","Team","","Team Timeout","","Browning, Stevie; Elmore, Jon; Loop, Austin; Mijovic, Milan; Nikolic, Aleksa","4:45"
"12/17/2016","7:30 p.m.","2nd Half","02:23","84-94","Marshall","Browning, Stevie","missed","Two Point Jumper","11","Browning, Stevie; Elmore, Jon; Loop, Austin; Mijovic, Milan; Nikolic, Aleksa","4:56"
"12/17/2016","7:30 p.m.","2nd Half","02:23","84-94","Akron","Cheatham, Jr., Kwan","","Defensive Rebound","","Cheatham, Jr., Kwan; Ivey, Jimond; Jackson, Antino; Johnson, Isaiah; Robotham, Noah","5:50"
"12/17/2016","7:30 p.m.","2nd Half","01:53","84-96","Akron","Cheatham, Jr., Kwan","made","Layup","0","Cheatham, Jr., Kwan; Ivey, Jimond; Jackson, Antino; Johnson, Isaiah; Robotham, Noah","6:20"
"12/17/2016","7:30 p.m.","2nd Half","01:53","84-96","Marshall","Mijovic, Milan","","Commits Foul","","Browning, Stevie; Elmore, Jon; Loop, Austin; Mijovic, Milan; Nikolic, Aleksa","5:26"
"12/17/2016","7:30 p.m.","2nd Half","01:53","84-97","Akron","Cheatham, Jr., Kwan","made","Free Throw","","Cheatham, Jr., Kwan; Ivey, Jimond; Jackson, Antino; Johnson, Isaiah; Robotham, Noah","6:20"
"12/17/2016","7:30 p.m.","2nd Half","01:53","84-97","Marshall","Bledsoe, Phil","","Enters Game","","Bledsoe, Phil; Browning, Stevie; Elmore, Jon; Loop, Austin; Mijovic, Milan; Nikolic, Aleksa","0:00"
"12/17/2016","7:30 p.m.","2nd Half","01:53","84-97","Marshall","Mijovic, Milan","","Leaves Game","","Bledsoe, Phil; Browning, Stevie; Elmore, Jon; Loop, Austin; Nikolic, Aleksa","0:00"
"12/17/2016","7:30 p.m.","2nd Half","01:44","84-97","Marshall","Elmore, Jon","missed","Layup","21","Bledsoe, Phil; Browning, Stevie; Elmore, Jon; Loop, Austin; Nikolic, Aleksa","0:09"
"12/17/2016","7:30 p.m.","2nd Half","01:44","84-97","Akron","Cheatham, Jr., Kwan","","Defensive Rebound","","Cheatham, Jr., Kwan; Ivey, Jimond; Jackson, Antino; Johnson, Isaiah; Robotham, Noah","6:29"
"12/17/2016","7:30 p.m.","2nd Half","01:17","84-97","Akron","Ivey, Jimond","missed","Three Point Jumper","3","Cheatham, Jr., Kwan; Ivey, Jimond; Jackson, Antino; Johnson, Isaiah; Robotham, Noah","6:56"
"12/17/2016","7:30 p.m.","2nd Half","01:17","84-97","Akron","Robotham, Noah","","Offensive Rebound","","Cheatham, Jr., Kwan; Ivey, Jimond; Jackson, Antino; Johnson, Isaiah; Robotham, Noah","6:56"
"12/17/2016","7:30 p.m.","2nd Half","01:13","84-97","Akron","Team","","Turnover","","Cheatham, Jr., Kwan; Ivey, Jimond; Jackson, Antino; Johnson, Isaiah; Robotham, Noah","7:00"
"12/17/2016","7:30 p.m.","2nd Half","01:01","84-97","Marshall","Browning, Stevie","missed","Layup","18","Bledsoe, Phil; Browning, Stevie; Elmore, Jon; Loop, Austin; Nikolic, Aleksa","0:52"
"12/17/2016","7:30 p.m.","2nd Half","01:01","84-97","Marshall","Team","","Offensive Rebound","","Bledsoe, Phil; Browning, Stevie; Elmore, Jon; Loop, Austin; Nikolic, Aleksa","0:52"
"12/17/2016","7:30 p.m.","2nd Half","00:56","84-97","Marshall","Elmore, Jon","missed","Three Point Jumper","25","Bledsoe, Phil; Browning, Stevie; Elmore, Jon; Loop, Austin; Nikolic, Aleksa","0:57"
"12/17/2016","7:30 p.m.","2nd Half","00:56","84-97","Akron","Ivey, Jimond","","Defensive Rebound","","Cheatham, Jr., Kwan; Ivey, Jimond; Jackson, Antino; Johnson, Isaiah; Robotham, Noah","7:17"
"12/17/2016","7:30 p.m.","2nd Half","00:49","84-97","Akron","Jackson, Antino","","Turnover","","Cheatham, Jr., Kwan; Ivey, Jimond; Jackson, Antino; Johnson, Isaiah; Robotham, Noah","7:24"
"12/17/2016","7:30 p.m.","2nd Half","00:48","84-97","Marshall","Browning, Stevie","","Steal","","Bledsoe, Phil; Browning, Stevie; Elmore, Jon; Loop, Austin; Nikolic, Aleksa","1:05"
"12/17/2016","7:30 p.m.","2nd Half","00:45","86-97","Marshall","Bledsoe, Phil","made","Layup","26","Bledsoe, Phil; Browning, Stevie; Elmore, Jon; Loop, Austin; Nikolic, Aleksa","1:08"
"12/17/2016","7:30 p.m.","2nd Half","00:45","86-97","Marshall","Browning, Stevie","","Assist","","Bledsoe, Phil; Browning, Stevie; Elmore, Jon; Loop, Austin; Nikolic, Aleksa","1:08"
"12/17/2016","7:30 p.m.","2nd Half","00:45","86-97","Marshall","Team","","Second Timeout","","Bledsoe, Phil; Browning, Stevie; Elmore, Jon; Loop, Austin; Nikolic, Aleksa","1:08"
"12/17/2016","7:30 p.m.","2nd Half","00:32","86-97","Marshall","Browning, Stevie","","Commits Foul","17","Bledsoe, Phil; Browning, Stevie; Elmore, Jon; Loop, Austin; Nikolic, Aleksa","1:21"
"12/17/2016","7:30 p.m.","2nd Half","00:32","86-98","Akron","Robotham, Noah","made","Free Throw","","Cheatham, Jr., Kwan; Ivey, Jimond; Jackson, Antino; Johnson, Isaiah; Robotham, Noah","7:41"
"12/17/2016","7:30 p.m.","2nd Half","00:32","86-99","Akron","Robotham, Noah","made","Free Throw","","Cheatham, Jr., Kwan; Ivey, Jimond; Jackson, Antino; Johnson, Isaiah; Robotham, Noah","7:41"
"12/17/2016","7:30 p.m.","2nd Half","00:23","88-99","Marshall","Browning, Stevie","made","Layup","21","Bledsoe, Phil; Browning, Stevie; Elmore, Jon; Loop, Austin; Nikolic, Aleksa","1:30"
"12/17/2016","7:30 p.m.","2nd Half","00:23","88-99","Marshall","Nikolic, Aleksa","","Assist","","Bledsoe, Phil; Browning, Stevie; Elmore, Jon; Loop, Austin; Nikolic, Aleksa","1:30"
