"Time","Marshall","Score","Akron"
"19:41","","0-2","JOHNSON,ISAIAH made Layup"
"19:25","ELMORE,JON missed Three Point Jumper","0-2",""
"19:25","","0-2","IVEY,JIMOND Defensive Rebound"
"19:05","","0-5","ROBOTHAM,NOAH made Three Point Jumper"
"19:05","","0-5","JOHNSON,ISAIAH Assist"
"18:52","BROWNING,STEVIE made Layup","2-5",""
"18:28","","2-8","JACKSON,ANTINO made Three Point Jumper"
"18:28","","2-8","ROBOTHAM,NOAH Assist"
"18:06","NIKOLIC,ALEKSA missed Layup","2-8",""
"18:06","","2-8","IVEY,JIMOND Defensive Rebound"
"17:58","","2-8","JACKSON,ANTINO missed Layup"
"17:58","NIKOLIC,ALEKSA Defensive Rebound","2-8",""
"17:52","ELMORE,JON made Three Point Jumper","5-8",""
"17:52","BROWNING,STEVIE Assist","5-8",""
"17:22","","5-10","JOHNSON,ISAIAH made Layup"
"17:22","","5-10","CHEATHAM,JR, KWAN Assist"
"17:20","TEAM 30 Second Timeout","5-10",""
"17:01","BROWNING,STEVIE made Two Point Jumper","7-10",""
"16:29","","7-13","IVEY,JIMOND made Three Point Jumper"
"16:20","LOOP,AUSTIN missed Three Point Jumper","7-13",""
"16:20","NIKOLIC,ALEKSA Offensive Rebound","7-13",""
"16:11","","7-13","DUNN-MARTIN,TAVIAN Enters Game"
"16:11","","7-13","WILLIAMS,JOSH Enters Game"
"16:11","","7-13","IVEY,JIMOND Leaves Game"
"16:11","","7-13","JACKSON,ANTINO Leaves Game"
"16:07","BROWNING,STEVIE made Two Point Jumper","9-13",""
"16:07","ELMORE,JON Assist","9-13",""
"15:48","","9-16","WILLIAMS,JOSH made Three Point Jumper"
"15:48","","9-16","ROBOTHAM,NOAH Assist"
"15:36","ELMORE,JON missed Layup","9-16",""
"15:36","ELMORE,JON Offensive Rebound","9-16",""
"15:34","ELMORE,JON missed Layup","9-16",""
"15:34","","9-16","CHEATHAM,JR, KWAN Defensive Rebound"
"15:27","","9-19","WILLIAMS,JOSH made Three Point Jumper"
"15:27","","9-19","DUNN-MARTIN,TAVIAN Assist"
"15:15","","9-19","JOHNSON,ISAIAH Commits Foul"
"15:15","PENAVA,AJDIN missed Free Throw","9-19",""
"15:15","TEAM Deadball Rebound","9-19",""
"15:15","PENAVA,AJDIN made Free Throw","10-19",""
"14:57","","10-19","WILLIAMS,JOSH missed Three Point Jumper"
"14:57","LOOP,AUSTIN Defensive Rebound","10-19",""
"14:50","LOOP,AUSTIN made Three Point Jumper","13-19",""
"14:50","BROWNING,STEVIE Assist","13-19",""
"14:44","","13-19","HUGHES,MICHAEL Enters Game"
"14:44","","13-19","JOHNSON,ISAIAH Leaves Game"
"14:29","","13-22","CHEATHAM,JR, KWAN made Three Point Jumper"
"14:29","","13-22","ROBOTHAM,NOAH Assist"
"14:15","LOOP,AUSTIN missed Three Point Jumper","13-22",""
"14:15","","13-22","ROBOTHAM,NOAH Defensive Rebound"
"14:05","","13-24","HUGHES,MICHAEL made Layup"
"14:05","","13-24","ROBOTHAM,NOAH Assist"
"13:56","PENAVA,AJDIN Commits Foul","13-24",""
"13:56","PENAVA,AJDIN Turnover","13-24",""
"13:56","","13-24","JACKSON,ANTINO Enters Game"
"13:56","","13-24","JACKSON,AARON Enters Game"
"13:56","","13-24","CHEATHAM,JR, KWAN Leaves Game"
"13:56","","13-24","ROBOTHAM,NOAH Leaves Game"
"13:45","","13-24","HUGHES,MICHAEL missed Layup"
"13:45","","13-24","JACKSON,AARON Offensive Rebound"
"13:37","","13-26","JACKSON,AARON made Layup"
"13:33","LOOP,AUSTIN made Three Point Jumper","16-26",""
"13:33","ELMORE,JON Assist","16-26",""
"13:19","","16-26","JACKSON,ANTINO missed Two Point Jumper"
"13:19","TEAM Deadball Rebound","16-26",""
"13:17","","16-26","JACKSON,AARON Commits Foul"
"13:17","","16-26","IVEY,JIMOND Enters Game"
"13:17","","16-26","DUNN-MARTIN,TAVIAN Leaves Game"
"12:46","","16-26","JACKSON,AARON Commits Foul"
"12:46","BROWNING,STEVIE made Free Throw","17-26",""
"12:46","BROWNING,STEVIE made Free Throw","18-26",""
"12:46","BLEDSOE,PHIL Enters Game","18-26",""
"12:46","ALLISON,KY'RE Enters Game","18-26",""
"12:46","BROWNING,STEVIE Leaves Game","18-26",""
"12:46","PENAVA,AJDIN Leaves Game","18-26",""
"12:46","","18-26","UTOMI,DANIEL Enters Game"
"12:46","","18-26","JOHNSON,ISAIAH Enters Game"
"12:46","","18-26","JACKSON,AARON Leaves Game"
"12:46","","18-26","HUGHES,MICHAEL Leaves Game"
"12:29","","18-29","WILLIAMS,JOSH made Three Point Jumper"
"12:29","","18-29","IVEY,JIMOND Assist"
"12:17","ELMORE,JON missed Layup","18-29",""
"12:17","","18-29","UTOMI,DANIEL Defensive Rebound"
"12:16","MIJOVIC,MILAN Commits Foul","18-29",""
"11:57","","18-29","WILLIAMS,JOSH missed Three Point Jumper"
"11:57","BLEDSOE,PHIL Defensive Rebound","18-29",""
"11:35","","18-29","WILLIAMS,JOSH Commits Foul"
"11:35","","18-29","TEAM  Timeout"
"11:35","ELMORE,JON missed Three Point Jumper","18-29",""
"11:35","","18-29","JACKSON,ANTINO Defensive Rebound"
"11:35","ELMORE,JON Leaves Game","18-29",""
"11:33","","18-31","JACKSON,ANTINO made Layup"
"11:29","ALLISON,KY'RE Turnover","18-31",""
"11:29","BROWNING,STEVIE Enters Game","18-31",""
"11:29","MIJOVIC,MILAN Enters Game","18-31",""
"11:29","NIKOLIC,ALEKSA Leaves Game","18-31",""
"11:06","MIJOVIC,MILAN Commits Foul","18-31",""
"11:06","","18-31","IVEY,JIMOND missed Free Throw"
"11:06","","18-31","TEAM Deadball Rebound"
"11:06","","18-32","IVEY,JIMOND made Free Throw"
"11:06","","18-32","ROBOTHAM,NOAH Enters Game"
"11:06","","18-32","WILLIAMS,JOSH Leaves Game"
"10:56","BROWNING,STEVIE made Three Point Jumper","21-32",""
"10:56","ALLISON,KY'RE Assist","21-32",""
"10:35","","21-32","JACKSON,ANTINO Turnover"
"10:35","KILGORE,JACOB Enters Game","21-32",""
"10:35","ALLISON,KY'RE Leaves Game","21-32",""
"10:18","BROWNING,STEVIE missed Two Point Jumper","21-32",""
"10:18","","21-32","JOHNSON,ISAIAH Defensive Rebound"
"10:13","","21-32","UTOMI,DANIEL Turnover"
"09:47","BROWNING,STEVIE made Layup","23-32",""
"09:18","","23-34","ROBOTHAM,NOAH made Two Point Jumper"
"09:18","","23-34","JOHNSON,ISAIAH Assist"
"09:09","BROWNING,STEVIE Turnover","23-34",""
"09:09","BROWNING,STEVIE Commits Foul","23-34",""
"09:09","ELMORE,JON Enters Game","23-34",""
"09:09","LOOP,AUSTIN Leaves Game","23-34",""
"09:09","","23-34","CHEATHAM,JR, KWAN Enters Game"
"09:09","","23-34","UTOMI,DANIEL Leaves Game"
"08:57","","23-34","JOHNSON,ISAIAH Turnover"
"08:56","BLEDSOE,PHIL Steal","23-34",""
"08:40","ELMORE,JON made Three Point Jumper","26-34",""
"08:40","MIJOVIC,MILAN Assist","26-34",""
"08:23","","26-37","ROBOTHAM,NOAH made Three Point Jumper"
"08:23","","26-37","JOHNSON,ISAIAH Assist"
"08:14","","26-37","JACKSON,ANTINO Commits Foul"
"08:14","PENAVA,AJDIN Enters Game","26-37",""
"08:14","NIKOLIC,ALEKSA Enters Game","26-37",""
"08:14","BLEDSOE,PHIL Leaves Game","26-37",""
"08:14","MIJOVIC,MILAN Leaves Game","26-37",""
"08:14","","26-37","WILLIAMS,JOSH Enters Game"
"08:14","","26-37","JACKSON,ANTINO Leaves Game"
"08:07","BROWNING,STEVIE missed Two Point Jumper","26-37",""
"08:07","","26-37","ROBOTHAM,NOAH Defensive Rebound"
"07:45","","26-39","WILLIAMS,JOSH made Layup"
"07:35","PENAVA,AJDIN Turnover","26-39",""
"07:35","","26-39","TEAM  Timeout"
"07:12","","26-39","IVEY,JIMOND Turnover"
"07:12","","26-39","OLOJAKPOKE,EMMANUEL Enters Game"
"07:12","","26-39","JOHNSON,ISAIAH Leaves Game"
"07:02","","26-39","WILLIAMS,JOSH Commits Foul"
"07:02","","26-39","DUNN-MARTIN,TAVIAN Enters Game"
"07:02","","26-39","WILLIAMS,JOSH Leaves Game"
"06:55","NIKOLIC,ALEKSA made Layup","28-39",""
"06:55","ELMORE,JON Assist","28-39",""
"06:24","","28-39","IVEY,JIMOND missed Layup"
"06:24","BROWNING,STEVIE Defensive Rebound","28-39",""
"06:16","BROWNING,STEVIE missed Two Point Jumper","28-39",""
"06:16","","28-39","CHEATHAM,JR, KWAN Defensive Rebound"
"06:07","","28-39","CHEATHAM,JR, KWAN missed Three Point Jumper"
"06:07","PENAVA,AJDIN Defensive Rebound","28-39",""
"05:51","PENAVA,AJDIN made Layup","30-39",""
"05:51","ELMORE,JON Assist","30-39",""
"05:43","","30-39","CHEATHAM,JR, KWAN Turnover"
"05:43","","30-39","CHEATHAM,JR, KWAN Commits Foul"
"05:43","","30-39","JOHNSON,ISAIAH Enters Game"
"05:43","","30-39","OLOJAKPOKE,EMMANUEL Leaves Game"
"05:37","PENAVA,AJDIN Turnover","30-39",""
"05:37","PENAVA,AJDIN Commits Foul","30-39",""
"05:37","LOOP,AUSTIN Enters Game","30-39",""
"05:37","KILGORE,JACOB Leaves Game","30-39",""
"05:20","","30-39","ROBOTHAM,NOAH Turnover"
"05:19","NIKOLIC,ALEKSA Steal","30-39",""
"05:17","PENAVA,AJDIN made Dunk","32-39",""
"05:17","PENAVA,AJDIN Assist","32-39",""
"05:03","PENAVA,AJDIN Commits Foul","32-39",""
"05:03","MIJOVIC,MILAN Enters Game","32-39",""
"05:03","PENAVA,AJDIN Leaves Game","32-39",""
"04:58","","32-39","DUNN-MARTIN,TAVIAN missed Two Point Jumper"
"04:58","ELMORE,JON Defensive Rebound","32-39",""
"04:49","ELMORE,JON missed Layup","32-39",""
"04:49","MIJOVIC,MILAN Offensive Rebound","32-39",""
"04:35","","32-39","CHEATHAM,JR, KWAN Commits Foul"
"04:35","ELMORE,JON missed Free Throw","32-39",""
"04:35","","32-39","WILLIAMS,JOSH Defensive Rebound"
"04:35","","32-39","JACKSON,ANTINO Enters Game"
"04:35","","32-39","JACKSON,AARON Enters Game"
"04:35","","32-39","DUNN-MARTIN,TAVIAN Leaves Game"
"04:35","","32-39","CHEATHAM,JR, KWAN Leaves Game"
"04:15","","32-42","ROBOTHAM,NOAH made Three Point Jumper"
"04:15","","32-42","JOHNSON,ISAIAH Assist"
"04:02","LOOP,AUSTIN made Three Point Jumper","35-42",""
"03:43","","35-45","ROBOTHAM,NOAH made Three Point Jumper"
"03:43","","35-45","JOHNSON,ISAIAH Assist"
"03:33","","35-45","TEAM  Timeout"
"03:31","MIJOVIC,MILAN made Layup","37-45",""
"03:31","BROWNING,STEVIE Assist","37-45",""
"03:13","","37-45","JACKSON,AARON missed Three Point Jumper"
"03:13","","37-45","JOHNSON,ISAIAH Offensive Rebound"
"03:13","LOOP,AUSTIN Commits Foul","37-45",""
"03:13","","37-45","JOHNSON,ISAIAH missed Free Throw"
"03:13","NIKOLIC,ALEKSA Defensive Rebound","37-45",""
"03:01","NIKOLIC,ALEKSA Turnover","37-45",""
"02:48","ELMORE,JON Commits Foul","37-45",""
"02:48","","37-46","ROBOTHAM,NOAH made Free Throw"
"02:48","","37-47","ROBOTHAM,NOAH made Free Throw"
"02:48","","37-47","JACKSON,ANTINO Commits Foul"
"02:48","ELMORE,JON missed Free Throw","37-47",""
"02:48","","37-47","IVEY,JIMOND Defensive Rebound"
"02:48","","37-47","HUGHES,MICHAEL Enters Game"
"02:48","","37-47","DUNN-MARTIN,TAVIAN Enters Game"
"02:48","","37-47","JACKSON,ANTINO Leaves Game"
"02:48","","37-47","JOHNSON,ISAIAH Leaves Game"
"02:33","","37-50","ROBOTHAM,NOAH made Three Point Jumper"
"02:33","","37-50","IVEY,JIMOND Assist"
"02:18","BROWNING,STEVIE made Three Point Jumper","40-50",""
"02:18","ELMORE,JON Assist","40-50",""
"02:01","","40-50","TEAM 30 Second Timeout"
"02:01","","40-50","JOHNSON,ISAIAH Enters Game"
"02:01","","40-50","HUGHES,MICHAEL Leaves Game"
"01:53","BLEDSOE,PHIL Enters Game","40-50",""
"01:53","MIJOVIC,MILAN Leaves Game","40-50",""
"01:48","BLEDSOE,PHIL Commits Foul","40-50",""
"01:48","","40-50","DUNN-MARTIN,TAVIAN missed Free Throw"
"01:48","","40-50","TEAM Deadball Rebound"
"01:48","","40-51","DUNN-MARTIN,TAVIAN made Free Throw"
"01:39","BROWNING,STEVIE missed Layup","40-51",""
"01:39","","40-51","JOHNSON,ISAIAH Defensive Rebound"
"01:23","","40-53","JOHNSON,ISAIAH made Layup"
"01:23","","40-53","IVEY,JIMOND Assist"
"01:12","ELMORE,JON Turnover","40-53",""
"01:11","","40-53","IVEY,JIMOND Steal"
"01:07","","40-53","DUNN-MARTIN,TAVIAN missed Layup"
"01:07","","40-53","TEAM Offensive Rebound"
"01:06","MIJOVIC,MILAN Enters Game","40-53",""
"01:06","BLEDSOE,PHIL Leaves Game","40-53",""
"01:01","","40-53","ROBOTHAM,NOAH Turnover"
"00:37","ELMORE,JON missed Layup","40-53",""
"00:37","","40-53","DUNN-MARTIN,TAVIAN Defensive Rebound"
"00:10","","40-53","JOHNSON,ISAIAH Turnover"
"00:08","LOOP,AUSTIN Steal","40-53",""
"00:05","MIJOVIC,MILAN made Dunk","42-53",""
"00:05","LOOP,AUSTIN Assist","42-53",""
"End of 1st Half"
