"Time","Marshall","Score","Akron"
"20:00","MIJOVIC,MILAN Enters Game","42-53",""
"20:00","NIKOLIC,ALEKSA Leaves Game","42-53",""
"19:43","ELMORE,JON missed Three Point Jumper","42-53",""
"19:43","","42-53","CHEATHAM,JR, KWAN Defensive Rebound"
"19:28","","42-53","JACKSON,ANTINO Turnover"
"19:24","ELMORE,JON Steal","42-53",""
"19:20","LOOP,AUSTIN made Three Point Jumper","45-53",""
"19:20","BROWNING,STEVIE Assist","45-53",""
"18:56","","45-55","JOHNSON,ISAIAH made Layup"
"18:40","NIKOLIC,ALEKSA made Two Point Jumper","47-55",""
"18:40","ELMORE,JON Assist","47-55",""
"18:18","","47-55","IVEY,JIMOND missed Three Point Jumper"
"18:18","BROWNING,STEVIE Defensive Rebound","47-55",""
"18:11","LOOP,AUSTIN made Layup","49-55",""
"18:11","BROWNING,STEVIE Assist","49-55",""
"17:46","","49-57","JOHNSON,ISAIAH made Layup"
"17:38","BROWNING,STEVIE made Three Point Jumper","52-57",""
"17:38","ELMORE,JON Assist","52-57",""
"17:11","","52-57","JACKSON,ANTINO missed Two Point Jumper"
"17:11","NIKOLIC,ALEKSA Defensive Rebound","52-57",""
"17:03","NIKOLIC,ALEKSA made Layup","54-57",""
"16:41","","54-59","JOHNSON,ISAIAH made Layup"
"16:41","","54-59","CHEATHAM,JR, KWAN Assist"
"16:30","ELMORE,JON Turnover","54-59",""
"16:30","","54-59","WILLIAMS,JOSH Enters Game"
"16:30","","54-59","JACKSON,AARON Enters Game"
"16:30","","54-59","IVEY,JIMOND Leaves Game"
"16:30","","54-59","JACKSON,ANTINO Leaves Game"
"16:05","","54-59","JOHNSON,ISAIAH Turnover"
"15:54","BROWNING,STEVIE made Three Point Jumper","57-59",""
"15:54","ELMORE,JON Assist","57-59",""
"15:32","","57-61","JOHNSON,ISAIAH made Layup"
"15:32","","57-61","CHEATHAM,JR, KWAN Assist"
"15:16","ELMORE,JON missed Three Point Jumper","57-61",""
"15:16","","57-61","JOHNSON,ISAIAH Defensive Rebound"
"15:00","NIKOLIC,ALEKSA Commits Foul","57-61",""
"15:00","","57-61","TEAM Media Timeout"
"15:00","NIKOLIC,ALEKSA Enters Game","57-61",""
"15:00","PENAVA,AJDIN Leaves Game","57-61",""
"14:48","","57-61","WILLIAMS,JOSH missed Three Point Jumper"
"14:48","ELMORE,JON Defensive Rebound","57-61",""
"14:43","LOOP,AUSTIN made Layup","59-61",""
"14:43","ELMORE,JON Assist","59-61",""
"14:21","","59-63","JACKSON,AARON made Layup"
"14:21","","59-63","JOHNSON,ISAIAH Assist"
"14:21","MIJOVIC,MILAN Commits Foul","59-63",""
"14:21","","59-64","JACKSON,AARON made Free Throw"
"13:59","MIJOVIC,MILAN made Layup","61-64",""
"13:59","NIKOLIC,ALEKSA Assist","61-64",""
"13:37","","61-64","JACKSON,AARON missed Three Point Jumper"
"13:37","","61-64","WILLIAMS,JOSH Offensive Rebound"
"13:31","","61-64","ROBOTHAM,NOAH missed Three Point Jumper"
"13:31","NIKOLIC,ALEKSA Defensive Rebound","61-64",""
"13:21","NIKOLIC,ALEKSA missed Layup","61-64",""
"13:21","","61-64","JOHNSON,ISAIAH Defensive Rebound"
"13:07","","61-66","ROBOTHAM,NOAH made Two Point Jumper"
"13:07","LOOP,AUSTIN Commits Foul","61-66",""
"13:07","","61-67","ROBOTHAM,NOAH made Free Throw"
"13:07","PENAVA,AJDIN Enters Game","61-67",""
"13:07","THIENEMAN,CHRISTIAN Enters Game","61-67",""
"13:07","BROWNING,STEVIE Leaves Game","61-67",""
"13:07","MIJOVIC,MILAN Leaves Game","61-67",""
"13:07","","61-67","IVEY,JIMOND Enters Game"
"13:07","","61-67","DUNN-MARTIN,TAVIAN Enters Game"
"13:07","","61-67","CHEATHAM,JR, KWAN Leaves Game"
"13:07","","61-67","ROBOTHAM,NOAH Leaves Game"
"12:56","","61-67","JOHNSON,ISAIAH Commits Foul"
"12:56","ELMORE,JON made Free Throw","62-67",""
"12:56","ELMORE,JON missed Free Throw","62-67",""
"12:56","","62-67","WILLIAMS,JOSH Defensive Rebound"
"12:35","","62-67","IVEY,JIMOND missed Three Point Jumper"
"12:35","THIENEMAN,CHRISTIAN Defensive Rebound","62-67",""
"12:26","","62-67","JACKSON,AARON Commits Foul"
"12:26","BROWNING,STEVIE made Free Throw","63-67",""
"12:26","BROWNING,STEVIE Enters Game","63-67",""
"12:26","NIKOLIC,ALEKSA Leaves Game","63-67",""
"12:26","","63-67","HUGHES,MICHAEL Enters Game"
"12:26","","63-67","CHEATHAM,JR, KWAN Enters Game"
"12:26","","63-67","JOHNSON,ISAIAH Leaves Game"
"12:26","","63-67","JACKSON,AARON Leaves Game"
"12:24","BROWNING,STEVIE made Free Throw","64-67",""
"12:02","PENAVA,AJDIN Commits Foul","64-67",""
"12:02","","64-68","IVEY,JIMOND made Free Throw"
"12:02","","64-69","IVEY,JIMOND made Free Throw"
"12:02","BLEDSOE,PHIL Enters Game","64-69",""
"12:02","PENAVA,AJDIN Leaves Game","64-69",""
"11:59","LOOP,AUSTIN missed Three Point Jumper","64-69",""
"11:59","","64-69","DUNN-MARTIN,TAVIAN Defensive Rebound"
"11:50","","64-69","DUNN-MARTIN,TAVIAN missed Two Point Jumper"
"11:50","LOOP,AUSTIN Defensive Rebound","64-69",""
"11:37","BROWNING,STEVIE missed Three Point Jumper","64-69",""
"11:37","","64-69","TEAM Defensive Rebound"
"11:37","","64-69","TEAM Media Timeout"
"11:37","","64-69","JACKSON,ANTINO Enters Game"
"11:37","","64-69","DUNN-MARTIN,TAVIAN Leaves Game"
"11:18","","64-71","HUGHES,MICHAEL made Layup"
"11:05","LOOP,AUSTIN made Three Point Jumper","67-71",""
"11:05","ELMORE,JON Assist","67-71",""
"10:46","","67-73","JACKSON,ANTINO made Two Point Jumper"
"10:46","","67-73","IVEY,JIMOND Assist"
"10:27","THIENEMAN,CHRISTIAN missed Three Point Jumper","67-73",""
"10:27","BLEDSOE,PHIL Offensive Rebound","67-73",""
"10:25","","67-73","IVEY,JIMOND Commits Foul"
"10:22","","67-73","IVEY,JIMOND Commits Foul"
"10:22","BROWNING,STEVIE made Free Throw","68-73",""
"10:22","BROWNING,STEVIE missed Free Throw","68-73",""
"10:22","","68-73","JOHNSON,ISAIAH Defensive Rebound"
"10:22","MIJOVIC,MILAN Enters Game","68-73",""
"10:22","BLEDSOE,PHIL Leaves Game","68-73",""
"10:22","","68-73","ROBOTHAM,NOAH Enters Game"
"10:22","","68-73","JOHNSON,ISAIAH Enters Game"
"10:22","","68-73","WILLIAMS,JOSH Leaves Game"
"10:22","","68-73","HUGHES,MICHAEL Leaves Game"
"09:56","","68-76","CHEATHAM,JR, KWAN made Three Point Jumper"
"09:56","","68-76","JOHNSON,ISAIAH Assist"
"09:49","","68-76","JACKSON,ANTINO Commits Foul"
"09:49","NIKOLIC,ALEKSA Enters Game","68-76",""
"09:49","BROWNING,STEVIE Leaves Game","68-76",""
"09:46","ELMORE,JON made Three Point Jumper","71-76",""
"09:46","NIKOLIC,ALEKSA Assist","71-76",""
"09:17","","71-79","CHEATHAM,JR, KWAN made Three Point Jumper"
"09:06","","71-79","JACKSON,ANTINO Commits Foul"
"09:06","LOOP,AUSTIN made Free Throw","72-79",""
"09:06","LOOP,AUSTIN made Free Throw","73-79",""
"09:06","LOOP,AUSTIN made Free Throw","74-79",""
"09:06","","74-79","DUNN-MARTIN,TAVIAN Enters Game"
"09:06","","74-79","JACKSON,ANTINO Leaves Game"
"08:44","","74-79","DUNN-MARTIN,TAVIAN missed Three Point Jumper"
"08:44","","74-79","IVEY,JIMOND Offensive Rebound"
"08:42","MIJOVIC,MILAN Commits Foul","74-79",""
"08:42","","74-80","IVEY,JIMOND made Free Throw"
"08:42","","74-81","IVEY,JIMOND made Free Throw"
"08:42","BROWNING,STEVIE Enters Game","74-81",""
"08:42","ELMORE,JON Leaves Game","74-81",""
"08:17","BROWNING,STEVIE missed Three Point Jumper","74-81",""
"08:17","","74-81","IVEY,JIMOND Defensive Rebound"
"07:54","","74-81","CHEATHAM,JR, KWAN Turnover"
"07:52","LOOP,AUSTIN Steal","74-81",""
"07:50","","74-81","IVEY,JIMOND Commits Foul"
"07:50","","74-81","IVEY,JIMOND Commits Foul"
"07:50","","74-81","IVEY,JIMOND Commits Foul"
"07:50","LOOP,AUSTIN made Free Throw","75-81",""
"07:50","LOOP,AUSTIN made Free Throw","76-81",""
"07:50","BROWNING,STEVIE made Free Throw","77-81",""
"07:50","BROWNING,STEVIE made Free Throw","78-81",""
"07:50","ELMORE,JON Enters Game","78-81",""
"07:50","MIJOVIC,MILAN Leaves Game","78-81",""
"07:50","","78-81","JACKSON,AARON Enters Game"
"07:50","","78-81","IVEY,JIMOND Leaves Game"
"07:24","","78-83","JOHNSON,ISAIAH made Layup"
"07:00","THIENEMAN,CHRISTIAN missed Three Point Jumper","78-83",""
"07:00","BROWNING,STEVIE Offensive Rebound","78-83",""
"06:55","BROWNING,STEVIE missed Layup","78-83",""
"06:55","","78-83","JOHNSON,ISAIAH Defensive Rebound"
"06:40","","78-86","CHEATHAM,JR, KWAN made Three Point Jumper"
"06:40","","78-86","DUNN-MARTIN,TAVIAN Assist"
"06:21","ELMORE,JON missed Three Point Jumper","78-86",""
"06:21","","78-86","JOHNSON,ISAIAH Defensive Rebound"
"06:03","","78-86","JOHNSON,ISAIAH Turnover"
"06:03","","78-86","JOHNSON,ISAIAH Commits Foul"
"06:03","PENAVA,AJDIN Enters Game","78-86",""
"06:03","THIENEMAN,CHRISTIAN Leaves Game","78-86",""
"06:03","","78-86","WILLIAMS,JOSH Enters Game"
"06:03","","78-86","DUNN-MARTIN,TAVIAN Leaves Game"
"05:52","LOOP,AUSTIN missed Three Point Jumper","78-86",""
"05:52","NIKOLIC,ALEKSA Offensive Rebound","78-86",""
"05:48","NIKOLIC,ALEKSA made Layup","80-86",""
"05:37","","80-86","WILLIAMS,JOSH missed Three Point Jumper"
"05:37","","80-86","TEAM Deadball Rebound"
"05:37","PENAVA,AJDIN Commits Foul","80-86",""
"05:37","MIJOVIC,MILAN Enters Game","80-86",""
"05:37","PENAVA,AJDIN Leaves Game","80-86",""
"05:25","","80-86","WILLIAMS,JOSH Turnover"
"05:14","MIJOVIC,MILAN missed Layup","80-86",""
"05:14","TEAM Deadball Rebound","80-86",""
"05:14","","80-86","JACKSON,AARON Commits Foul"
"05:14","MIJOVIC,MILAN missed Free Throw","80-86",""
"05:14","TEAM Deadball Rebound","80-86",""
"05:14","MIJOVIC,MILAN made Free Throw","81-86",""
"05:14","THIENEMAN,CHRISTIAN Enters Game","81-86",""
"05:14","NIKOLIC,ALEKSA Leaves Game","81-86",""
"05:13","","81-86","HUGHES,MICHAEL Enters Game"
"05:13","","81-86","IVEY,JIMOND Enters Game"
"05:13","","81-86","JACKSON,AARON Leaves Game"
"05:13","","81-86","JOHNSON,ISAIAH Leaves Game"
"05:11","","81-86","WILLIAMS,JOSH Turnover"
"05:10","ELMORE,JON Steal","81-86",""
"05:08","BROWNING,STEVIE missed Layup","81-86",""
"05:08","","81-86","IVEY,JIMOND Defensive Rebound"
"05:03","ELMORE,JON Commits Foul","81-86",""
"05:03","","81-86","WILLIAMS,JOSH missed Free Throw"
"05:03","","81-86","TEAM Deadball Rebound"
"05:03","","81-87","WILLIAMS,JOSH made Free Throw"
"05:03","NIKOLIC,ALEKSA Enters Game","81-87",""
"05:03","THIENEMAN,CHRISTIAN Leaves Game","81-87",""
"05:03","","81-87","JACKSON,ANTINO Enters Game"
"05:03","","81-87","ROBOTHAM,NOAH Leaves Game"
"04:55","","81-87","HUGHES,MICHAEL Commits Foul"
"04:55","MIJOVIC,MILAN missed Free Throw","81-87",""
"04:55","TEAM Deadball Rebound","81-87",""
"04:55","MIJOVIC,MILAN made Free Throw","82-87",""
"04:43","","82-87","WILLIAMS,JOSH missed Layup"
"04:43","NIKOLIC,ALEKSA Defensive Rebound","82-87",""
"04:37","LOOP,AUSTIN missed Three Point Jumper","82-87",""
"04:37","","82-87","CHEATHAM,JR, KWAN Defensive Rebound"
"04:27","","82-87","CHEATHAM,JR, KWAN missed Three Point Jumper"
"04:27","","82-87","IVEY,JIMOND Offensive Rebound"
"04:27","LOOP,AUSTIN Commits Foul","82-87",""
"04:27","","82-88","IVEY,JIMOND made Free Throw"
"04:27","","82-89","IVEY,JIMOND made Free Throw"
"04:27","","82-89","ROBOTHAM,NOAH Enters Game"
"04:27","","82-89","WILLIAMS,JOSH Leaves Game"
"04:10","BROWNING,STEVIE made Layup","84-89",""
"04:07","NIKOLIC,ALEKSA Assist","84-89",""
"03:59","","84-89","TEAM Media Timeout"
"03:39","","84-89","IVEY,JIMOND missed Layup"
"03:39","","84-89","IVEY,JIMOND Offensive Rebound"
"03:37","","84-89","IVEY,JIMOND missed Layup"
"03:37","NIKOLIC,ALEKSA Defensive Rebound","84-89",""
"03:27","ELMORE,JON missed Layup","84-89",""
"03:27","","84-89","CHEATHAM,JR, KWAN Blocked Shot"
"03:27","TEAM Offensive Rebound","84-89",""
"03:27","","84-89","TEAM Media Timeout"
"03:27","","84-89","JOHNSON,ISAIAH Enters Game"
"03:27","","84-89","HUGHES,MICHAEL Leaves Game"
"03:18","MIJOVIC,MILAN Turnover","84-89",""
"02:55","","84-92","ROBOTHAM,NOAH made Three Point Jumper"
"02:55","","84-92","JOHNSON,ISAIAH Assist"
"02:46","ELMORE,JON Turnover","84-92",""
"02:44","","84-92","IVEY,JIMOND Steal"
"02:42","","84-94","IVEY,JIMOND made Dunk"
"02:34","TEAM Team Timeout","84-94",""
"02:23","BROWNING,STEVIE missed Two Point Jumper","84-94",""
"02:23","","84-94","CHEATHAM,JR, KWAN Defensive Rebound"
"01:53","","84-96","CHEATHAM,JR, KWAN made Layup"
"01:53","MIJOVIC,MILAN Commits Foul","84-96",""
"01:53","","84-97","CHEATHAM,JR, KWAN made Free Throw"
"01:53","BLEDSOE,PHIL Enters Game","84-97",""
"01:53","MIJOVIC,MILAN Leaves Game","84-97",""
"01:44","ELMORE,JON missed Layup","84-97",""
"01:44","","84-97","CHEATHAM,JR, KWAN Defensive Rebound"
"01:17","","84-97","IVEY,JIMOND missed Three Point Jumper"
"01:17","","84-97","ROBOTHAM,NOAH Offensive Rebound"
"01:13","","84-97","TEAM Turnover"
"01:01","BROWNING,STEVIE missed Layup","84-97",""
"01:01","TEAM Offensive Rebound","84-97",""
"00:56","ELMORE,JON missed Three Point Jumper","84-97",""
"00:56","","84-97","IVEY,JIMOND Defensive Rebound"
"00:49","","84-97","JACKSON,ANTINO Turnover"
"00:48","BROWNING,STEVIE Steal","84-97",""
"00:45","BLEDSOE,PHIL made Layup","86-97",""
"00:45","BROWNING,STEVIE Assist","86-97",""
"00:45","TEAM 30 Second Timeout","86-97",""
"00:32","BROWNING,STEVIE Commits Foul","86-97",""
"00:32","","86-98","ROBOTHAM,NOAH made Free Throw"
"00:32","","86-99","ROBOTHAM,NOAH made Free Throw"
"00:23","BROWNING,STEVIE made Layup","88-99",""
"00:23","NIKOLIC,ALEKSA Assist","88-99",""
"End of 2nd Half"
