"Time","Arcadia","Score","Alvernia"
"19:39","","44-40","WILLIAMS,GEORGE made Two Point Jumper"
"19:20","SLONE,EVAN made Layup","46-40",""
"18:57","","46-42","MARSHALL,MARQUIS made Layup"
"18:41","THOMPSON,BRANDON missed Three Point Jumper","46-42",""
"18:41","","46-42","SHIPPEN,ALEX Defensive Rebound"
"18:32","","46-45","SHIPPEN,ALEX made Three Point Jumper"
"18:14","REILLY,KYLE missed Three Point Jumper","46-45",""
"18:14","TEAM Offensive Rebound","46-45",""
"18:04","SLONE,EVAN missed Two Point Jumper","46-45",""
"18:04","","46-45","WILLIAMS,GEORGE Defensive Rebound"
"17:56","","46-45","WILLIAMS,GEORGE Turnover"
"17:55","REILLY,KYLE Steal","46-45",""
"17:50","KELLEY,RYAN made Two Point Jumper","48-45",""
"17:26","SLONE,EVAN Commits Foul","48-45",""
"17:26","","48-46","MILLER,MIKE made Free Throw"
"17:26","","48-47","MILLER,MIKE made Free Throw"
"17:26","PIERFY,PHIL Enters Game","48-47",""
"17:26","SLONE,EVAN Leaves Game","48-47",""
"17:16","PIERFY,PHIL missed Layup","48-47",""
"17:16","TEAM Offensive Rebound","48-47",""
"17:04","THOMPSON,BRANDON missed Two Point Jumper","48-47",""
"17:04","","48-47","MILLER,MIKE Blocked Shot"
"17:04","","48-47","MILLER,MIKE Defensive Rebound"
"17:00","","48-49","WILLIAMS,GEORGE made Layup"
"17:00","","48-49","MILLER,MIKE Assist"
"16:55","SANDERS,JORDAN Enters Game","48-49",""
"16:55","SCOTT,JOSH Leaves Game","48-49",""
"16:29","PIERFY,PHIL Turnover","48-49",""
"16:08","","48-49","SHIPPEN,ALEX missed Layup"
"16:08","KELLEY,RYAN Defensive Rebound","48-49",""
"16:01","KELLEY,RYAN Turnover","48-49",""
"16:01","SCOTT,JOSH Enters Game","48-49",""
"16:01","SANDERS,JORDAN Leaves Game","48-49",""
"15:43","","48-51","MARSHALL,MARQUIS made Layup"
"15:43","","48-51","SHIPPEN,ALEX Assist"
"15:19","REILLY,KYLE missed Three Point Jumper","48-51",""
"15:19","","48-51","TEAM Deadball Rebound"
"15:17","PIERFY,PHIL Commits Foul","48-51",""
"15:06","","48-51","MILLER,MIKE missed Three Point Jumper"
"15:06","","48-51","MARSHALL,MARQUIS Offensive Rebound"
"15:01","","48-53","MARSHALL,MARQUIS made Dunk"
"14:35","PIERFY,PHIL made Three Point Jumper","51-53",""
"14:35","REILLY,KYLE Assist","51-53",""
"14:33","TEAM 30 Second Timeout","51-53",""
"14:11","","51-53","HOFF,REID Turnover"
"14:10","REILLY,KYLE Steal","51-53",""
"14:05","KELLEY,RYAN missed Layup","51-53",""
"14:05","","51-53","HOFF,REID Defensive Rebound"
"13:50","","51-53","MILLER,MIKE missed Three Point Jumper"
"13:50","TEAM Defensive Rebound","51-53",""
"13:37","SCOTT,JOSH Turnover","51-53",""
"13:36","","51-53","MARSHALL,MARQUIS Steal"
"13:28","","51-53","MARSHALL,MARQUIS missed Dunk"
"13:28","SCOTT,JOSH Blocked Shot","51-53",""
"13:28","SCOTT,JOSH Defensive Rebound","51-53",""
"13:21","PIERFY,PHIL missed Two Point Jumper","51-53",""
"13:21","","51-53","HOFF,REID Defensive Rebound"
"13:09","","51-53","MARSHALL,MARQUIS missed Two Point Jumper"
"13:09","SCOTT,JOSH Defensive Rebound","51-53",""
"12:49","","51-53","SHIPPEN,ALEX Commits Foul"
"12:49","DERR,WILL Enters Game","51-53",""
"12:49","PIERFY,PHIL Leaves Game","51-53",""
"12:46","SCOTT,JOSH missed Two Point Jumper","51-53",""
"12:46","DERR,WILL Offensive Rebound","51-53",""
"12:40","DERR,WILL Turnover","51-53",""
"12:28","","51-53","SHIPPEN,ALEX missed Two Point Jumper"
"12:28","","51-53","MARSHALL,MARQUIS Offensive Rebound"
"12:25","DERR,WILL Commits Foul","51-53",""
"12:17","","51-55","MARSHALL,MARQUIS made Two Point Jumper"
"11:58","REILLY,KYLE made Three Point Jumper","54-55",""
"11:36","SANDERS,JORDAN Enters Game","54-55",""
"11:36","THOMPSON,BRANDON Leaves Game","54-55",""
"11:34","","54-55","MARSHALL,MARQUIS Turnover"
"11:34","REILLY,KYLE Steal","54-55",""
"11:09","SANDERS,JORDAN Turnover","54-55",""
"11:09","","54-55","TEAM 30 Second Timeout"
"10:51","","54-55","MILLER,MIKE missed Three Point Jumper"
"10:51","SCOTT,JOSH Defensive Rebound","54-55",""
"10:33","SANDERS,JORDAN made Two Point Jumper","56-55",""
"10:11","KELLEY,RYAN Commits Foul","56-55",""
"10:11","THOMPSON,BRANDON Enters Game","56-55",""
"10:11","SCOTT,JOSH Leaves Game","56-55",""
"10:00","","56-55","MARSHALL,MARQUIS missed Three Point Jumper"
"10:00","DERR,WILL Defensive Rebound","56-55",""
"09:47","SANDERS,JORDAN made Three Point Jumper","59-55",""
"09:47","KELLEY,RYAN Assist","59-55",""
"09:27","","59-58","MILLER,MIKE made Three Point Jumper"
"09:27","","59-58","SHIPPEN,ALEX Assist"
"09:10","SANDERS,JORDAN Turnover","59-58",""
"09:08","","59-58","WILLIAMS,GEORGE Steal"
"09:02","SANDERS,JORDAN Commits Foul","59-58",""
"09:02","SCOTT,JOSH Enters Game","59-58",""
"09:02","KELLEY,RYAN Leaves Game","59-58",""
"08:58","","59-58","MILLER,MIKE Turnover"
"08:58","SANDERS,JORDAN Steal","59-58",""
"08:58","","59-58","MILLER,MIKE Commits Foul"
"08:58","SLONE,EVAN Enters Game","59-58",""
"08:58","DERR,WILL Leaves Game","59-58",""
"08:40","","59-58","MARSHALL,MARQUIS Commits Foul"
"08:40","SLONE,EVAN made Free Throw","60-58",""
"08:40","SLONE,EVAN made Free Throw","61-58",""
"08:25","","61-58","SHIPPEN,ALEX missed Two Point Jumper"
"08:25","REILLY,KYLE Defensive Rebound","61-58",""
"08:11","SCOTT,JOSH missed Layup","61-58",""
"08:11","SLONE,EVAN Offensive Rebound","61-58",""
"08:07","SLONE,EVAN missed Layup","61-58",""
"08:07","","61-58","MARSHALL,MARQUIS Defensive Rebound"
"07:54","","61-58","MARSHALL,MARQUIS missed Layup"
"07:54","THOMPSON,BRANDON Defensive Rebound","61-58",""
"07:50","","61-58","MILLER,MIKE Commits Foul"
"07:50","TEAM 30 Second Timeout","61-58",""
"07:50","","61-58","ADAMS,RON Enters Game"
"07:50","","61-58","MARSHALL,MARQUIS Leaves Game"
"07:49","THOMPSON,BRANDON missed Three Point Jumper","61-58",""
"07:49","","61-58","PENDLETON,STEVE Defensive Rebound"
"07:49","","61-58","PENDLETON,STEVE Enters Game"
"07:49","","61-58","HOFF,REID Leaves Game"
"07:04","KELLEY,RYAN Enters Game","61-58",""
"07:04","REILLY,KYLE Leaves Game","61-58",""
"06:45","SANDERS,JORDAN Commits Foul","61-58",""
"06:45","","61-58","MILLER,MIKE missed Free Throw"
"06:45","","61-58","TEAM Deadball Rebound"
"06:45","","61-59","MILLER,MIKE made Free Throw"
"06:45","SCOTT,JOSH missed Three Point Jumper","61-59",""
"06:45","","61-59","ADAMS,RON Defensive Rebound"
"06:45","","61-61","PENDLETON,STEVE made Two Point Jumper"
"06:26","REILLY,KYLE Enters Game","61-61",""
"06:26","SANDERS,JORDAN Leaves Game","61-61",""
"06:08","","61-61","ADAMS,RON Commits Foul"
"05:51","SLONE,EVAN missed Layup","61-61",""
"05:51","","61-61","ADAMS,RON Defensive Rebound"
"05:42","","61-61","SHIPPEN,ALEX missed Three Point Jumper"
"05:42","","61-61","PENDLETON,STEVE Offensive Rebound"
"05:22","","61-61","WILLIAMS,GEORGE Turnover"
"05:01","SLONE,EVAN made Layup","63-61",""
"04:50","","63-61","MILLER,MIKE missed Three Point Jumper"
"04:50","","63-61","PENDLETON,STEVE Offensive Rebound"
"04:47","REILLY,KYLE Commits Foul","63-61",""
"04:47","","63-61","PENDLETON,STEVE missed Free Throw"
"04:47","","63-61","TEAM Deadball Rebound"
"04:47","","63-62","PENDLETON,STEVE made Free Throw"
"04:47","","63-62","MARSHALL,MARQUIS Enters Game"
"04:47","","63-62","ADAMS,RON Leaves Game"
"04:38","","63-62","SHIPPEN,ALEX Commits Foul"
"04:28","","63-62","PENDLETON,STEVE Commits Foul"
"04:28","KELLEY,RYAN made Free Throw","64-62",""
"04:28","KELLEY,RYAN missed Free Throw","64-62",""
"04:28","","64-62","PENDLETON,STEVE Defensive Rebound"
"04:18","","64-65","MILLER,MIKE made Three Point Jumper"
"03:55","REILLY,KYLE missed Two Point Jumper","64-65",""
"03:55","","64-65","SHIPPEN,ALEX Defensive Rebound"
"03:41","","64-68","MILLER,MIKE made Three Point Jumper"
"03:41","","64-68","MARSHALL,MARQUIS Assist"
"03:22","SLONE,EVAN missed Two Point Jumper","64-68",""
"03:22","","64-68","PENDLETON,STEVE Defensive Rebound"
"02:55","","64-71","WILLIAMS,GEORGE made Three Point Jumper"
"02:45","TEAM 30 Second Timeout","64-71",""
"02:33","THOMPSON,BRANDON missed Three Point Jumper","64-71",""
"02:33","","64-71","WILLIAMS,GEORGE Defensive Rebound"
"02:05","","64-74","WILLIAMS,GEORGE made Three Point Jumper"
"02:05","","64-74","MILLER,MIKE Assist"
"01:48","","64-74","MARSHALL,MARQUIS Commits Foul"
"01:48","SLONE,EVAN made Free Throw","65-74",""
"01:48","SLONE,EVAN made Free Throw","66-74",""
"01:38","","66-74","SHIPPEN,ALEX Turnover"
"01:36","THOMPSON,BRANDON Steal","66-74",""
"01:34","KELLEY,RYAN made Layup","68-74",""
"01:34","THOMPSON,BRANDON Assist","68-74",""
"01:31","","68-74","TEAM 30 Second Timeout"
"01:20","","68-74","PENDLETON,STEVE Turnover"
"01:19","KELLEY,RYAN Steal","68-74",""
"01:16","THOMPSON,BRANDON missed Three Point Jumper","68-74",""
"01:16","","68-74","MARSHALL,MARQUIS Defensive Rebound"
"01:11","SCOTT,JOSH Commits Foul","68-74",""
"01:11","","68-74","MARSHALL,MARQUIS missed Free Throw"
"01:11","SLONE,EVAN Defensive Rebound","68-74",""
"01:01","SLONE,EVAN made Layup","70-74",""
"01:01","SCOTT,JOSH Assist","70-74",""
"00:43","SCOTT,JOSH Commits Foul","70-74",""
"00:43","TEAM 30 Second Timeout","70-74",""
"00:43","","70-75","SHIPPEN,ALEX made Free Throw"
"00:43","","70-75","SHIPPEN,ALEX missed Free Throw"
"00:43","SLONE,EVAN Defensive Rebound","70-75",""
"00:43","","70-75","HOFF,REID Enters Game"
"00:43","","70-75","PENDLETON,STEVE Leaves Game"
"00:30","THOMPSON,BRANDON Turnover","70-75",""
"00:29","","70-75","WILLIAMS,GEORGE Steal"
"00:24","SLONE,EVAN Commits Foul","70-75",""
"00:24","","70-75","HOFF,REID missed Free Throw"
"00:24","","70-75","TEAM Deadball Rebound"
"00:24","","70-76","HOFF,REID made Free Throw"
"00:19","TEAM Team Timeout","70-76",""
"00:14","","70-76","WILLIAMS,GEORGE Commits Foul"
"00:14","REILLY,KYLE missed Free Throw","70-76",""
"00:14","","70-76","MILLER,MIKE Defensive Rebound"
"00:14","SCOTT,JOSH Commits Foul","70-76",""
"00:14","","70-77","MILLER,MIKE made Free Throw"
"00:14","","70-78","MILLER,MIKE made Free Throw"
"00:06","SCOTT,JOSH made Layup","72-78",""
"00:05","THOMPSON,BRANDON Commits Foul","72-78",""
"00:05","","72-79","SHIPPEN,ALEX made Free Throw"
"00:05","","72-80","SHIPPEN,ALEX made Free Throw"
"End of 2nd Half"
