"Date","Time","Period","Time Left","Score","Team","Player","Status","Action","Shot Clock","Lineup","Lineup Time"
"02/24/2017","8:00 pm","1st Half","19:39","0-0","Buffalo","Hamilton, Blake","missed","Three Point Jumper","9","Caruthers, Dontay; Conner, Willie; Hamilton, Blake; Kadiri, David; Massinburg, CJ","0:21"
"02/24/2017","8:00 pm","1st Half","19:39","0-0","Buffalo","Team","","Offensive Rebound","","Caruthers, Dontay; Conner, Willie; Hamilton, Blake; Kadiri, David; Massinburg, CJ","0:21"
"02/24/2017","8:00 pm","1st Half","19:32","0-2","Buffalo","Massinburg, CJ","made","Layup","23","Caruthers, Dontay; Conner, Willie; Hamilton, Blake; Kadiri, David; Massinburg, CJ","0:28"
"02/24/2017","8:00 pm","1st Half","19:18","3-2","Akron","Ivey, Jimond","made","Three Point Jumper","16","Cheatham, Jr., Kwan; Ivey, Jimond; Jackson, Antino; Johnson, Isaiah; Robotham, Noah","0:42"
"02/24/2017","8:00 pm","1st Half","19:18","3-2","Akron","Cheatham, Jr., Kwan","","Assist","","Cheatham, Jr., Kwan; Ivey, Jimond; Jackson, Antino; Johnson, Isaiah; Robotham, Noah","0:42"
"02/24/2017","8:00 pm","1st Half","18:51","3-2","Buffalo","Massinburg, CJ","","Turnover","","Caruthers, Dontay; Conner, Willie; Hamilton, Blake; Kadiri, David; Massinburg, CJ","1:09"
"02/24/2017","8:00 pm","1st Half","18:51","3-2","Akron","Jackson, Antino","","Steal","","Cheatham, Jr., Kwan; Ivey, Jimond; Jackson, Antino; Johnson, Isaiah; Robotham, Noah","1:09"
"02/24/2017","8:00 pm","1st Half","18:47","3-2","Akron","Ivey, Jimond","missed","Layup","26","Cheatham, Jr., Kwan; Ivey, Jimond; Jackson, Antino; Johnson, Isaiah; Robotham, Noah","1:13"
"02/24/2017","8:00 pm","1st Half","18:47","3-2","Buffalo","Caruthers, Dontay","","Defensive Rebound","","Caruthers, Dontay; Conner, Willie; Hamilton, Blake; Kadiri, David; Massinburg, CJ","1:13"
"02/24/2017","8:00 pm","1st Half","18:42","3-2","Buffalo","Hamilton, Blake","missed","Three Point Jumper","25","Caruthers, Dontay; Conner, Willie; Hamilton, Blake; Kadiri, David; Massinburg, CJ","1:18"
"02/24/2017","8:00 pm","1st Half","18:42","3-2","Akron","Johnson, Isaiah","","Defensive Rebound","","Cheatham, Jr., Kwan; Ivey, Jimond; Jackson, Antino; Johnson, Isaiah; Robotham, Noah","1:18"
"02/24/2017","8:00 pm","1st Half","18:26","3-2","Akron","Cheatham, Jr., Kwan","missed","Two Point Jumper","14","Cheatham, Jr., Kwan; Ivey, Jimond; Jackson, Antino; Johnson, Isaiah; Robotham, Noah","1:34"
"02/24/2017","8:00 pm","1st Half","18:26","3-2","Akron","Cheatham, Jr., Kwan","","Offensive Rebound","","Cheatham, Jr., Kwan; Ivey, Jimond; Jackson, Antino; Johnson, Isaiah; Robotham, Noah","1:34"
"02/24/2017","8:00 pm","1st Half","18:22","5-2","Akron","Cheatham, Jr., Kwan","made","Layup","26","Cheatham, Jr., Kwan; Ivey, Jimond; Jackson, Antino; Johnson, Isaiah; Robotham, Noah","1:38"
"02/24/2017","8:00 pm","1st Half","18:05","5-2","Buffalo","Massinburg, CJ","","Turnover","","Caruthers, Dontay; Conner, Willie; Hamilton, Blake; Kadiri, David; Massinburg, CJ","1:55"
"02/24/2017","8:00 pm","1st Half","17:44","7-2","Akron","Johnson, Isaiah","made","Layup","9","Cheatham, Jr., Kwan; Ivey, Jimond; Jackson, Antino; Johnson, Isaiah; Robotham, Noah","2:16"
"02/24/2017","8:00 pm","1st Half","17:44","7-2","Akron","Cheatham, Jr., Kwan","","Assist","","Cheatham, Jr., Kwan; Ivey, Jimond; Jackson, Antino; Johnson, Isaiah; Robotham, Noah","2:16"
"02/24/2017","8:00 pm","1st Half","17:44","7-2","Buffalo","Caruthers, Dontay","","Commits Foul","","Caruthers, Dontay; Conner, Willie; Hamilton, Blake; Kadiri, David; Massinburg, CJ","2:16"
"02/24/2017","8:00 pm","1st Half","17:44","8-2","Akron","Johnson, Isaiah","made","Free Throw","","Cheatham, Jr., Kwan; Ivey, Jimond; Jackson, Antino; Johnson, Isaiah; Robotham, Noah","2:16"
"02/24/2017","8:00 pm","1st Half","17:25","8-2","Buffalo","Hamilton, Blake","missed","Three Point Jumper","11","Caruthers, Dontay; Conner, Willie; Hamilton, Blake; Kadiri, David; Massinburg, CJ","2:35"
"02/24/2017","8:00 pm","1st Half","17:25","8-2","Akron","Johnson, Isaiah","","Defensive Rebound","","Cheatham, Jr., Kwan; Ivey, Jimond; Jackson, Antino; Johnson, Isaiah; Robotham, Noah","2:35"
"02/24/2017","8:00 pm","1st Half","17:09","8-2","Akron","Jackson, Antino","missed","Two Point Jumper","14","Cheatham, Jr., Kwan; Ivey, Jimond; Jackson, Antino; Johnson, Isaiah; Robotham, Noah","2:51"
"02/24/2017","8:00 pm","1st Half","17:09","8-2","Buffalo","Massinburg, CJ","","Defensive Rebound","","Caruthers, Dontay; Conner, Willie; Hamilton, Blake; Kadiri, David; Massinburg, CJ","2:51"
"02/24/2017","8:00 pm","1st Half","17:00","8-2","Akron","Jackson, Antino","","Commits Foul","21","Cheatham, Jr., Kwan; Ivey, Jimond; Jackson, Antino; Johnson, Isaiah; Robotham, Noah","3:00"
"02/24/2017","8:00 pm","1st Half","17:00","8-3","Buffalo","Hamilton, Blake","made","Free Throw","","Caruthers, Dontay; Conner, Willie; Hamilton, Blake; Kadiri, David; Massinburg, CJ","3:00"
"02/24/2017","8:00 pm","1st Half","17:00","8-4","Buffalo","Hamilton, Blake","made","Free Throw","","Caruthers, Dontay; Conner, Willie; Hamilton, Blake; Kadiri, David; Massinburg, CJ","3:00"
"02/24/2017","8:00 pm","1st Half","17:00","8-4","Buffalo","Smart, Ikenna","","Enters Game","","Caruthers, Dontay; Conner, Willie; Hamilton, Blake; Kadiri, David; Massinburg, CJ; Smart, Ikenna","0:00"
"02/24/2017","8:00 pm","1st Half","17:00","8-4","Buffalo","Kadiri, David","","Leaves Game","","Caruthers, Dontay; Conner, Willie; Hamilton, Blake; Massinburg, CJ; Smart, Ikenna","0:00"
"02/24/2017","8:00 pm","1st Half","16:39","8-4","Buffalo","Conner, Willie","","Commits Foul","9","Caruthers, Dontay; Conner, Willie; Hamilton, Blake; Massinburg, CJ; Smart, Ikenna","0:21"
"02/24/2017","8:00 pm","1st Half","16:33","11-4","Akron","Robotham, Noah","made","Three Point Jumper","24","Cheatham, Jr., Kwan; Ivey, Jimond; Jackson, Antino; Johnson, Isaiah; Robotham, Noah","3:27"
"02/24/2017","8:00 pm","1st Half","16:33","11-4","Akron","Johnson, Isaiah","","Assist","","Cheatham, Jr., Kwan; Ivey, Jimond; Jackson, Antino; Johnson, Isaiah; Robotham, Noah","3:27"
"02/24/2017","8:00 pm","1st Half","16:16","11-4","Buffalo","Caruthers, Dontay","missed","Three Point Jumper","13","Caruthers, Dontay; Conner, Willie; Hamilton, Blake; Massinburg, CJ; Smart, Ikenna","0:44"
"02/24/2017","8:00 pm","1st Half","16:16","11-4","Akron","Team","","Defensive Rebound","","Cheatham, Jr., Kwan; Ivey, Jimond; Jackson, Antino; Johnson, Isaiah; Robotham, Noah","3:44"
"02/24/2017","8:00 pm","1st Half","16:12","11-4","Buffalo","Perkins, Nick","","Enters Game","","Caruthers, Dontay; Conner, Willie; Hamilton, Blake; Massinburg, CJ; Perkins, Nick; Smart, Ikenna","0:00"
"02/24/2017","8:00 pm","1st Half","16:12","11-4","Buffalo","Caruthers, Dontay","","Leaves Game","","Conner, Willie; Hamilton, Blake; Massinburg, CJ; Perkins, Nick; Smart, Ikenna","0:00"
"02/24/2017","8:00 pm","1st Half","15:57","14-4","Akron","Jackson, Antino","made","Three Point Jumper","11","Cheatham, Jr., Kwan; Ivey, Jimond; Jackson, Antino; Johnson, Isaiah; Robotham, Noah","4:03"
"02/24/2017","8:00 pm","1st Half","15:57","14-4","Akron","Cheatham, Jr., Kwan","","Assist","","Cheatham, Jr., Kwan; Ivey, Jimond; Jackson, Antino; Johnson, Isaiah; Robotham, Noah","4:03"
"02/24/2017","8:00 pm","1st Half","15:39","14-4","Buffalo","Perkins, Nick","missed","Three Point Jumper","12","Conner, Willie; Hamilton, Blake; Massinburg, CJ; Perkins, Nick; Smart, Ikenna","0:33"
"02/24/2017","8:00 pm","1st Half","15:39","14-4","Buffalo","Conner, Willie","","Offensive Rebound","","Conner, Willie; Hamilton, Blake; Massinburg, CJ; Perkins, Nick; Smart, Ikenna","0:33"
"02/24/2017","8:00 pm","1st Half","15:29","14-4","Akron","Johnson, Isaiah","","Commits Foul","20","Cheatham, Jr., Kwan; Ivey, Jimond; Jackson, Antino; Johnson, Isaiah; Robotham, Noah","4:31"
"02/24/2017","8:00 pm","1st Half","15:29","14-4","Buffalo","Team","","Media Timeout","","Conner, Willie; Hamilton, Blake; Massinburg, CJ; Perkins, Nick; Smart, Ikenna","0:43"
"02/24/2017","8:00 pm","1st Half","15:29","14-5","Buffalo","Massinburg, CJ","made","Free Throw","","Conner, Willie; Hamilton, Blake; Massinburg, CJ; Perkins, Nick; Smart, Ikenna","0:43"
"02/24/2017","8:00 pm","1st Half","15:29","14-5","Buffalo","Massinburg, CJ","missed","Free Throw","","Conner, Willie; Hamilton, Blake; Massinburg, CJ; Perkins, Nick; Smart, Ikenna","0:43"
"02/24/2017","8:00 pm","1st Half","15:29","14-5","Buffalo","Massinburg, CJ","","Offensive Rebound","","Conner, Willie; Hamilton, Blake; Massinburg, CJ; Perkins, Nick; Smart, Ikenna","0:43"
"02/24/2017","8:00 pm","1st Half","15:25","14-8","Buffalo","Massinburg, CJ","made","Three Point Jumper","26","Conner, Willie; Hamilton, Blake; Massinburg, CJ; Perkins, Nick; Smart, Ikenna","0:47"
"02/24/2017","8:00 pm","1st Half","14:57","14-8","Akron","Ivey, Jimond","missed","Two Point Jumper","2","Cheatham, Jr., Kwan; Ivey, Jimond; Jackson, Antino; Johnson, Isaiah; Robotham, Noah","5:03"
"02/24/2017","8:00 pm","1st Half","14:57","14-8","Buffalo","Massinburg, CJ","","Defensive Rebound","","Conner, Willie; Hamilton, Blake; Massinburg, CJ; Perkins, Nick; Smart, Ikenna","1:15"
"02/24/2017","8:00 pm","1st Half","14:43","14-8","Buffalo","Massinburg, CJ","","Turnover","","Conner, Willie; Hamilton, Blake; Massinburg, CJ; Perkins, Nick; Smart, Ikenna","1:29"
"02/24/2017","8:00 pm","1st Half","14:20","14-8","Akron","Robotham, Noah","missed","Layup","7","Cheatham, Jr., Kwan; Ivey, Jimond; Jackson, Antino; Johnson, Isaiah; Robotham, Noah","5:40"
"02/24/2017","8:00 pm","1st Half","14:20","14-8","Buffalo","Perkins, Nick","","Defensive Rebound","","Conner, Willie; Hamilton, Blake; Massinburg, CJ; Perkins, Nick; Smart, Ikenna","1:52"
"02/24/2017","8:00 pm","1st Half","13:58","14-10","Buffalo","Perkins, Nick","made","Two Point Jumper","8","Conner, Willie; Hamilton, Blake; Massinburg, CJ; Perkins, Nick; Smart, Ikenna","2:14"
"02/24/2017","8:00 pm","1st Half","13:58","14-10","Buffalo","Hamilton, Blake","","Assist","","Conner, Willie; Hamilton, Blake; Massinburg, CJ; Perkins, Nick; Smart, Ikenna","2:14"
"02/24/2017","8:00 pm","1st Half","13:39","16-10","Akron","Johnson, Isaiah","made","Layup","11","Cheatham, Jr., Kwan; Ivey, Jimond; Jackson, Antino; Johnson, Isaiah; Robotham, Noah","6:21"
"02/24/2017","8:00 pm","1st Half","13:39","16-10","Akron","Cheatham, Jr., Kwan","","Assist","","Cheatham, Jr., Kwan; Ivey, Jimond; Jackson, Antino; Johnson, Isaiah; Robotham, Noah","6:21"
"02/24/2017","8:00 pm","1st Half","13:11","16-10","Buffalo","Perkins, Nick","missed","Two Point Jumper","2","Conner, Willie; Hamilton, Blake; Massinburg, CJ; Perkins, Nick; Smart, Ikenna","3:01"
"02/24/2017","8:00 pm","1st Half","13:11","16-10","Buffalo","Smart, Ikenna","","Offensive Rebound","","Conner, Willie; Hamilton, Blake; Massinburg, CJ; Perkins, Nick; Smart, Ikenna","3:01"
"02/24/2017","8:00 pm","1st Half","13:05","16-12","Buffalo","Massinburg, CJ","made","Layup","24","Conner, Willie; Hamilton, Blake; Massinburg, CJ; Perkins, Nick; Smart, Ikenna","3:07"
"02/24/2017","8:00 pm","1st Half","13:05","16-12","Buffalo","Smart, Ikenna","","Assist","","Conner, Willie; Hamilton, Blake; Massinburg, CJ; Perkins, Nick; Smart, Ikenna","3:07"
"02/24/2017","8:00 pm","1st Half","12:44","16-12","Akron","Cheatham, Jr., Kwan","missed","Three Point Jumper","9","Cheatham, Jr., Kwan; Ivey, Jimond; Jackson, Antino; Johnson, Isaiah; Robotham, Noah","7:16"
"02/24/2017","8:00 pm","1st Half","12:44","16-12","Buffalo","Hamilton, Blake","","Defensive Rebound","","Conner, Willie; Hamilton, Blake; Massinburg, CJ; Perkins, Nick; Smart, Ikenna","3:28"
"02/24/2017","8:00 pm","1st Half","12:34","16-12","Buffalo","Hamilton, Blake","","Turnover","","Conner, Willie; Hamilton, Blake; Massinburg, CJ; Perkins, Nick; Smart, Ikenna","3:38"
"02/24/2017","8:00 pm","1st Half","12:33","16-12","Akron","Ivey, Jimond","","Steal","","Cheatham, Jr., Kwan; Ivey, Jimond; Jackson, Antino; Johnson, Isaiah; Robotham, Noah","7:27"
"02/24/2017","8:00 pm","1st Half","12:30","19-12","Akron","Jackson, Antino","made","Three Point Jumper","26","Cheatham, Jr., Kwan; Ivey, Jimond; Jackson, Antino; Johnson, Isaiah; Robotham, Noah","7:30"
"02/24/2017","8:00 pm","1st Half","12:30","19-12","Akron","Robotham, Noah","","Assist","","Cheatham, Jr., Kwan; Ivey, Jimond; Jackson, Antino; Johnson, Isaiah; Robotham, Noah","7:30"
"02/24/2017","8:00 pm","1st Half","12:10","19-12","Buffalo","Hamilton, Blake","missed","Three Point Jumper","10","Conner, Willie; Hamilton, Blake; Massinburg, CJ; Perkins, Nick; Smart, Ikenna","4:02"
"02/24/2017","8:00 pm","1st Half","12:10","19-12","Akron","Johnson, Isaiah","","Defensive Rebound","","Cheatham, Jr., Kwan; Ivey, Jimond; Jackson, Antino; Johnson, Isaiah; Robotham, Noah","7:50"
"02/24/2017","8:00 pm","1st Half","11:45","19-12","Buffalo","Smart, Ikenna","","Commits Foul","5","Conner, Willie; Hamilton, Blake; Massinburg, CJ; Perkins, Nick; Smart, Ikenna","4:27"
"02/24/2017","8:00 pm","1st Half","11:45","19-12","Akron","Team","","Media Timeout","","Cheatham, Jr., Kwan; Ivey, Jimond; Jackson, Antino; Johnson, Isaiah; Robotham, Noah","8:15"
"02/24/2017","8:00 pm","1st Half","11:45","19-12","Akron","Olojakpoke, Emmanuel","","Enters Game","","Cheatham, Jr., Kwan; Ivey, Jimond; Jackson, Antino; Johnson, Isaiah; Olojakpoke, Emmanuel; Robotham, Noah","0:00"
"02/24/2017","8:00 pm","1st Half","11:45","19-12","Akron","Williams, Josh","","Enters Game","","Cheatham, Jr., Kwan; Ivey, Jimond; Jackson, Antino; Johnson, Isaiah; Olojakpoke, Emmanuel; Robotham, Noah; Williams, Josh","0:00"
"02/24/2017","8:00 pm","1st Half","11:45","19-12","Akron","Dunn-Martin, Tavian","","Enters Game","","Cheatham, Jr., Kwan; Dunn-Martin, Tavian; Ivey, Jimond; Jackson, Antino; Johnson, Isaiah; Olojakpoke, Emmanuel; Robotham, Noah; Williams, Josh","0:00"
"02/24/2017","8:00 pm","1st Half","11:45","19-12","Akron","Robotham, Noah","","Leaves Game","","Cheatham, Jr., Kwan; Dunn-Martin, Tavian; Ivey, Jimond; Jackson, Antino; Johnson, Isaiah; Olojakpoke, Emmanuel; Williams, Josh","0:00"
"02/24/2017","8:00 pm","1st Half","11:45","19-12","Akron","Johnson, Isaiah","","Leaves Game","","Cheatham, Jr., Kwan; Dunn-Martin, Tavian; Ivey, Jimond; Jackson, Antino; Olojakpoke, Emmanuel; Williams, Josh","0:00"
"02/24/2017","8:00 pm","1st Half","11:45","19-12","Akron","Jackson, Antino","","Leaves Game","","Cheatham, Jr., Kwan; Dunn-Martin, Tavian; Ivey, Jimond; Olojakpoke, Emmanuel; Williams, Josh","0:00"
"02/24/2017","8:00 pm","1st Half","11:45","19-12","Buffalo","Caruthers, Dontay","","Enters Game","","Caruthers, Dontay; Conner, Willie; Hamilton, Blake; Massinburg, CJ; Perkins, Nick; Smart, Ikenna","0:00"
"02/24/2017","8:00 pm","1st Half","11:45","19-12","Buffalo","McKinzie, Quate","","Enters Game","","Caruthers, Dontay; Conner, Willie; Hamilton, Blake; Massinburg, CJ; McKinzie, Quate; Perkins, Nick; Smart, Ikenna","0:00"
"02/24/2017","8:00 pm","1st Half","11:45","19-12","Buffalo","Johnson, Raheem","","Enters Game","","Caruthers, Dontay; Conner, Willie; Hamilton, Blake; Johnson, Raheem; Massinburg, CJ; McKinzie, Quate; Perkins, Nick; Smart, Ikenna","0:00"
"02/24/2017","8:00 pm","1st Half","11:45","19-12","Buffalo","Hamilton, Blake","","Leaves Game","","Caruthers, Dontay; Conner, Willie; Johnson, Raheem; Massinburg, CJ; McKinzie, Quate; Perkins, Nick; Smart, Ikenna","0:00"
"02/24/2017","8:00 pm","1st Half","11:45","19-12","Buffalo","Conner, Willie","","Leaves Game","","Caruthers, Dontay; Johnson, Raheem; Massinburg, CJ; McKinzie, Quate; Perkins, Nick; Smart, Ikenna","0:00"
"02/24/2017","8:00 pm","1st Half","11:45","19-12","Buffalo","Smart, Ikenna","","Leaves Game","","Caruthers, Dontay; Johnson, Raheem; Massinburg, CJ; McKinzie, Quate; Perkins, Nick","0:00"
"02/24/2017","8:00 pm","1st Half","11:28","19-12","Akron","Dunn-Martin, Tavian","missed","Three Point Jumper","13","Cheatham, Jr., Kwan; Dunn-Martin, Tavian; Ivey, Jimond; Olojakpoke, Emmanuel; Williams, Josh","0:17"
"02/24/2017","8:00 pm","1st Half","11:28","19-12","Buffalo","Massinburg, CJ","","Defensive Rebound","","Caruthers, Dontay; Johnson, Raheem; Massinburg, CJ; McKinzie, Quate; Perkins, Nick","0:17"
"02/24/2017","8:00 pm","1st Half","10:52","19-12","Buffalo","Massinburg, CJ","missed","Three Point Jumper","0","Caruthers, Dontay; Johnson, Raheem; Massinburg, CJ; McKinzie, Quate; Perkins, Nick","0:53"
"02/24/2017","8:00 pm","1st Half","10:52","19-12","Buffalo","McKinzie, Quate","","Offensive Rebound","","Caruthers, Dontay; Johnson, Raheem; Massinburg, CJ; McKinzie, Quate; Perkins, Nick","0:53"
"02/24/2017","8:00 pm","1st Half","10:48","19-12","Buffalo","McKinzie, Quate","missed","Layup","26","Caruthers, Dontay; Johnson, Raheem; Massinburg, CJ; McKinzie, Quate; Perkins, Nick","0:57"
"02/24/2017","8:00 pm","1st Half","10:48","19-12","Akron","Olojakpoke, Emmanuel","","Defensive Rebound","","Cheatham, Jr., Kwan; Dunn-Martin, Tavian; Ivey, Jimond; Olojakpoke, Emmanuel; Williams, Josh","0:57"
"02/24/2017","8:00 pm","1st Half","10:44","19-12","Akron","Dunn-Martin, Tavian","missed","Three Point Jumper","26","Cheatham, Jr., Kwan; Dunn-Martin, Tavian; Ivey, Jimond; Olojakpoke, Emmanuel; Williams, Josh","1:01"
"02/24/2017","8:00 pm","1st Half","10:44","19-12","Buffalo","Caruthers, Dontay","","Defensive Rebound","","Caruthers, Dontay; Johnson, Raheem; Massinburg, CJ; McKinzie, Quate; Perkins, Nick","1:01"
"02/24/2017","8:00 pm","1st Half","10:36","19-14","Buffalo","Caruthers, Dontay","made","Layup","22","Caruthers, Dontay; Johnson, Raheem; Massinburg, CJ; McKinzie, Quate; Perkins, Nick","1:09"
"02/24/2017","8:00 pm","1st Half","10:10","19-14","Akron","Olojakpoke, Emmanuel","missed","Layup","4","Cheatham, Jr., Kwan; Dunn-Martin, Tavian; Ivey, Jimond; Olojakpoke, Emmanuel; Williams, Josh","1:35"
"02/24/2017","8:00 pm","1st Half","10:10","19-14","Buffalo","McKinzie, Quate","","Blocked Shot","","Caruthers, Dontay; Johnson, Raheem; Massinburg, CJ; McKinzie, Quate; Perkins, Nick","1:35"
"02/24/2017","8:00 pm","1st Half","10:08","19-14","Buffalo","McKinzie, Quate","","Defensive Rebound","","Caruthers, Dontay; Johnson, Raheem; Massinburg, CJ; McKinzie, Quate; Perkins, Nick","1:37"
"02/24/2017","8:00 pm","1st Half","09:46","19-14","Akron","Dunn-Martin, Tavian","","Commits Foul","6","Cheatham, Jr., Kwan; Dunn-Martin, Tavian; Ivey, Jimond; Olojakpoke, Emmanuel; Williams, Josh","1:59"
"02/24/2017","8:00 pm","1st Half","09:46","19-14","Buffalo","Hamilton, Blake","","Enters Game","","Caruthers, Dontay; Hamilton, Blake; Johnson, Raheem; Massinburg, CJ; McKinzie, Quate; Perkins, Nick","0:00"
"02/24/2017","8:00 pm","1st Half","09:46","19-14","Buffalo","Conner, Willie","","Enters Game","","Caruthers, Dontay; Conner, Willie; Hamilton, Blake; Johnson, Raheem; Massinburg, CJ; McKinzie, Quate; Perkins, Nick","0:00"
"02/24/2017","8:00 pm","1st Half","09:46","19-14","Buffalo","Kadiri, David","","Enters Game","","Caruthers, Dontay; Conner, Willie; Hamilton, Blake; Johnson, Raheem; Kadiri, David; Massinburg, CJ; McKinzie, Quate; Perkins, Nick","0:00"
"02/24/2017","8:00 pm","1st Half","09:46","19-14","Buffalo","Massinburg, CJ","","Leaves Game","","Caruthers, Dontay; Conner, Willie; Hamilton, Blake; Johnson, Raheem; Kadiri, David; McKinzie, Quate; Perkins, Nick","0:00"
"02/24/2017","8:00 pm","1st Half","09:46","19-14","Buffalo","Perkins, Nick","","Leaves Game","","Caruthers, Dontay; Conner, Willie; Hamilton, Blake; Johnson, Raheem; Kadiri, David; McKinzie, Quate","0:00"
"02/24/2017","8:00 pm","1st Half","09:46","19-14","Buffalo","Johnson, Raheem","","Leaves Game","","Caruthers, Dontay; Conner, Willie; Hamilton, Blake; Kadiri, David; McKinzie, Quate","0:00"
"02/24/2017","8:00 pm","1st Half","09:37","19-14","Buffalo","Kadiri, David","missed","Layup","21","Caruthers, Dontay; Conner, Willie; Hamilton, Blake; Kadiri, David; McKinzie, Quate","0:09"
"02/24/2017","8:00 pm","1st Half","09:37","19-14","Buffalo","Kadiri, David","","Offensive Rebound","","Caruthers, Dontay; Conner, Willie; Hamilton, Blake; Kadiri, David; McKinzie, Quate","0:09"
"02/24/2017","8:00 pm","1st Half","09:34","19-14","Akron","Olojakpoke, Emmanuel","","Commits Foul","27","Cheatham, Jr., Kwan; Dunn-Martin, Tavian; Ivey, Jimond; Olojakpoke, Emmanuel; Williams, Josh","2:11"
"02/24/2017","8:00 pm","1st Half","09:34","19-14","Buffalo","Kadiri, David","missed","Free Throw","","Caruthers, Dontay; Conner, Willie; Hamilton, Blake; Kadiri, David; McKinzie, Quate","0:12"
"02/24/2017","8:00 pm","1st Half","09:34","19-14","Buffalo","Team","","Deadball Rebound","","Caruthers, Dontay; Conner, Willie; Hamilton, Blake; Kadiri, David; McKinzie, Quate","0:12"
"02/24/2017","8:00 pm","1st Half","09:34","19-15","Buffalo","Kadiri, David","made","Free Throw","","Caruthers, Dontay; Conner, Willie; Hamilton, Blake; Kadiri, David; McKinzie, Quate","0:12"
"02/24/2017","8:00 pm","1st Half","09:34","19-15","Akron","Utomi, Daniel","","Enters Game","","Cheatham, Jr., Kwan; Dunn-Martin, Tavian; Ivey, Jimond; Olojakpoke, Emmanuel; Utomi, Daniel; Williams, Josh","0:00"
"02/24/2017","8:00 pm","1st Half","09:34","19-15","Akron","Robotham, Noah","","Enters Game","","Cheatham, Jr., Kwan; Dunn-Martin, Tavian; Ivey, Jimond; Olojakpoke, Emmanuel; Robotham, Noah; Utomi, Daniel; Williams, Josh","0:00"
"02/24/2017","8:00 pm","1st Half","09:34","19-15","Akron","Johnson, Isaiah","","Enters Game","","Cheatham, Jr., Kwan; Dunn-Martin, Tavian; Ivey, Jimond; Johnson, Isaiah; Olojakpoke, Emmanuel; Robotham, Noah; Utomi, Daniel; Williams, Josh","0:00"
"02/24/2017","8:00 pm","1st Half","09:34","19-15","Akron","Ivey, Jimond","","Leaves Game","","Cheatham, Jr., Kwan; Dunn-Martin, Tavian; Johnson, Isaiah; Olojakpoke, Emmanuel; Robotham, Noah; Utomi, Daniel; Williams, Josh","0:00"
"02/24/2017","8:00 pm","1st Half","09:34","19-15","Akron","Cheatham, Jr., Kwan","","Leaves Game","","Dunn-Martin, Tavian; Johnson, Isaiah; Olojakpoke, Emmanuel; Robotham, Noah; Utomi, Daniel; Williams, Josh","0:00"
"02/24/2017","8:00 pm","1st Half","09:34","19-15","Akron","Olojakpoke, Emmanuel","","Leaves Game","","Dunn-Martin, Tavian; Johnson, Isaiah; Robotham, Noah; Utomi, Daniel; Williams, Josh","0:00"
"02/24/2017","8:00 pm","1st Half","09:34","19-15","Buffalo","Johnson, Raheem","","Enters Game","","Caruthers, Dontay; Conner, Willie; Hamilton, Blake; Johnson, Raheem; Kadiri, David; McKinzie, Quate","0:00"
"02/24/2017","8:00 pm","1st Half","09:34","19-15","Buffalo","Kadiri, David","","Leaves Game","","Caruthers, Dontay; Conner, Willie; Hamilton, Blake; Johnson, Raheem; McKinzie, Quate","0:00"
"02/24/2017","8:00 pm","1st Half","09:08","19-15","Akron","Dunn-Martin, Tavian","","Turnover","","Dunn-Martin, Tavian; Johnson, Isaiah; Robotham, Noah; Utomi, Daniel; Williams, Josh","0:26"
"02/24/2017","8:00 pm","1st Half","09:07","19-15","Buffalo","Caruthers, Dontay","","Steal","","Caruthers, Dontay; Conner, Willie; Hamilton, Blake; Johnson, Raheem; McKinzie, Quate","0:27"
"02/24/2017","8:00 pm","1st Half","09:02","19-15","Buffalo","Hamilton, Blake","missed","Layup","24","Caruthers, Dontay; Conner, Willie; Hamilton, Blake; Johnson, Raheem; McKinzie, Quate","0:32"
"02/24/2017","8:00 pm","1st Half","09:02","19-15","Akron","Team","","Deadball Rebound","","Dunn-Martin, Tavian; Johnson, Isaiah; Robotham, Noah; Utomi, Daniel; Williams, Josh","0:32"
"02/24/2017","8:00 pm","1st Half","08:47","19-15","Akron","Johnson, Isaiah","","Turnover","","Dunn-Martin, Tavian; Johnson, Isaiah; Robotham, Noah; Utomi, Daniel; Williams, Josh","0:47"
"02/24/2017","8:00 pm","1st Half","08:36","19-15","Buffalo","Caruthers, Dontay","","Turnover","","Caruthers, Dontay; Conner, Willie; Hamilton, Blake; Johnson, Raheem; McKinzie, Quate","0:58"
"02/24/2017","8:00 pm","1st Half","08:36","19-15","Buffalo","Caruthers, Dontay","","Commits Foul","","Caruthers, Dontay; Conner, Willie; Hamilton, Blake; Johnson, Raheem; McKinzie, Quate","0:58"
"02/24/2017","8:00 pm","1st Half","08:36","19-15","Akron","Jackson, Antino","","Enters Game","","Dunn-Martin, Tavian; Jackson, Antino; Johnson, Isaiah; Robotham, Noah; Utomi, Daniel; Williams, Josh","0:00"
"02/24/2017","8:00 pm","1st Half","08:36","19-15","Akron","Dunn-Martin, Tavian","","Leaves Game","","Jackson, Antino; Johnson, Isaiah; Robotham, Noah; Utomi, Daniel; Williams, Josh","0:00"
"02/24/2017","8:00 pm","1st Half","08:36","19-15","Buffalo","Massinburg, CJ","","Enters Game","","Caruthers, Dontay; Conner, Willie; Hamilton, Blake; Johnson, Raheem; Massinburg, CJ; McKinzie, Quate","0:00"
"02/24/2017","8:00 pm","1st Half","08:36","19-15","Buffalo","Caruthers, Dontay","","Leaves Game","","Conner, Willie; Hamilton, Blake; Johnson, Raheem; Massinburg, CJ; McKinzie, Quate","0:00"
"02/24/2017","8:00 pm","1st Half","08:22","19-15","Akron","Utomi, Daniel","missed","Three Point Jumper","16","Jackson, Antino; Johnson, Isaiah; Robotham, Noah; Utomi, Daniel; Williams, Josh","0:14"
"02/24/2017","8:00 pm","1st Half","08:22","19-15","Buffalo","Massinburg, CJ","","Defensive Rebound","","Conner, Willie; Hamilton, Blake; Johnson, Raheem; Massinburg, CJ; McKinzie, Quate","0:14"
"02/24/2017","8:00 pm","1st Half","08:14","19-15","Akron","Utomi, Daniel","","Commits Foul","22","Jackson, Antino; Johnson, Isaiah; Robotham, Noah; Utomi, Daniel; Williams, Josh","0:22"
"02/24/2017","8:00 pm","1st Half","08:14","19-16","Buffalo","Conner, Willie","made","Free Throw","","Conner, Willie; Hamilton, Blake; Johnson, Raheem; Massinburg, CJ; McKinzie, Quate","0:22"
"02/24/2017","8:00 pm","1st Half","08:14","19-17","Buffalo","Conner, Willie","made","Free Throw","","Conner, Willie; Hamilton, Blake; Johnson, Raheem; Massinburg, CJ; McKinzie, Quate","0:22"
"02/24/2017","8:00 pm","1st Half","08:14","19-18","Buffalo","Conner, Willie","made","Free Throw","","Conner, Willie; Hamilton, Blake; Johnson, Raheem; Massinburg, CJ; McKinzie, Quate","0:22"
"02/24/2017","8:00 pm","1st Half","08:01","19-18","Buffalo","Conner, Willie","","Commits Foul","17","Conner, Willie; Hamilton, Blake; Johnson, Raheem; Massinburg, CJ; McKinzie, Quate","0:35"
"02/24/2017","8:00 pm","1st Half","08:01","20-18","Akron","Jackson, Antino","made","Free Throw","","Jackson, Antino; Johnson, Isaiah; Robotham, Noah; Utomi, Daniel; Williams, Josh","0:35"
"02/24/2017","8:00 pm","1st Half","08:01","21-18","Akron","Jackson, Antino","made","Free Throw","","Jackson, Antino; Johnson, Isaiah; Robotham, Noah; Utomi, Daniel; Williams, Josh","0:35"
"02/24/2017","8:00 pm","1st Half","08:01","21-18","Buffalo","Perkins, Nick","","Enters Game","","Conner, Willie; Hamilton, Blake; Johnson, Raheem; Massinburg, CJ; McKinzie, Quate; Perkins, Nick","0:00"
"02/24/2017","8:00 pm","1st Half","08:01","21-18","Buffalo","McKinzie, Quate","","Leaves Game","","Conner, Willie; Hamilton, Blake; Johnson, Raheem; Massinburg, CJ; Perkins, Nick","0:00"
"02/24/2017","8:00 pm","1st Half","07:39","21-18","Buffalo","Massinburg, CJ","missed","Two Point Jumper","8","Conner, Willie; Hamilton, Blake; Johnson, Raheem; Massinburg, CJ; Perkins, Nick","0:22"
"02/24/2017","8:00 pm","1st Half","07:39","21-18","Akron","Johnson, Isaiah","","Defensive Rebound","","Jackson, Antino; Johnson, Isaiah; Robotham, Noah; Utomi, Daniel; Williams, Josh","0:57"
"02/24/2017","8:00 pm","1st Half","07:28","21-18","Buffalo","Hamilton, Blake","","Commits Foul","19","Conner, Willie; Hamilton, Blake; Johnson, Raheem; Massinburg, CJ; Perkins, Nick","0:33"
"02/24/2017","8:00 pm","1st Half","07:28","21-18","Akron","Team","","Media Timeout","","Jackson, Antino; Johnson, Isaiah; Robotham, Noah; Utomi, Daniel; Williams, Josh","1:08"
"02/24/2017","8:00 pm","1st Half","07:28","22-18","Akron","Jackson, Antino","made","Free Throw","","Jackson, Antino; Johnson, Isaiah; Robotham, Noah; Utomi, Daniel; Williams, Josh","1:08"
"02/24/2017","8:00 pm","1st Half","07:28","22-18","Akron","Jackson, Antino","missed","Free Throw","","Jackson, Antino; Johnson, Isaiah; Robotham, Noah; Utomi, Daniel; Williams, Josh","1:08"
"02/24/2017","8:00 pm","1st Half","07:28","22-18","Buffalo","Johnson, Raheem","","Defensive Rebound","","Conner, Willie; Hamilton, Blake; Johnson, Raheem; Massinburg, CJ; Perkins, Nick","0:33"
"02/24/2017","8:00 pm","1st Half","07:14","22-18","Buffalo","Perkins, Nick","missed","Three Point Jumper","16","Conner, Willie; Hamilton, Blake; Johnson, Raheem; Massinburg, CJ; Perkins, Nick","0:47"
"02/24/2017","8:00 pm","1st Half","07:14","22-18","Buffalo","Johnson, Raheem","","Offensive Rebound","","Conner, Willie; Hamilton, Blake; Johnson, Raheem; Massinburg, CJ; Perkins, Nick","0:47"
"02/24/2017","8:00 pm","1st Half","07:08","22-20","Buffalo","Johnson, Raheem","made","Layup","24","Conner, Willie; Hamilton, Blake; Johnson, Raheem; Massinburg, CJ; Perkins, Nick","0:53"
"02/24/2017","8:00 pm","1st Half","06:48","22-20","Akron","Jackson, Antino","missed","Three Point Jumper","10","Jackson, Antino; Johnson, Isaiah; Robotham, Noah; Utomi, Daniel; Williams, Josh","1:48"
"02/24/2017","8:00 pm","1st Half","06:48","22-20","Buffalo","Perkins, Nick","","Defensive Rebound","","Conner, Willie; Hamilton, Blake; Johnson, Raheem; Massinburg, CJ; Perkins, Nick","1:13"
"02/24/2017","8:00 pm","1st Half","06:33","22-22","Buffalo","Johnson, Raheem","made","Layup","15","Conner, Willie; Hamilton, Blake; Johnson, Raheem; Massinburg, CJ; Perkins, Nick","1:28"
"02/24/2017","8:00 pm","1st Half","06:33","22-22","Buffalo","Hamilton, Blake","","Assist","","Conner, Willie; Hamilton, Blake; Johnson, Raheem; Massinburg, CJ; Perkins, Nick","1:28"
"02/24/2017","8:00 pm","1st Half","06:06","24-22","Akron","Johnson, Isaiah","made","Layup","3","Jackson, Antino; Johnson, Isaiah; Robotham, Noah; Utomi, Daniel; Williams, Josh","2:30"
"02/24/2017","8:00 pm","1st Half","06:06","24-22","Akron","Robotham, Noah","","Assist","","Jackson, Antino; Johnson, Isaiah; Robotham, Noah; Utomi, Daniel; Williams, Josh","2:30"
"02/24/2017","8:00 pm","1st Half","06:06","24-22","Buffalo","Johnson, Raheem","","Commits Foul","","Conner, Willie; Hamilton, Blake; Johnson, Raheem; Massinburg, CJ; Perkins, Nick","1:55"
"02/24/2017","8:00 pm","1st Half","06:06","24-22","Akron","Johnson, Isaiah","missed","Free Throw","","Jackson, Antino; Johnson, Isaiah; Robotham, Noah; Utomi, Daniel; Williams, Josh","2:30"
"02/24/2017","8:00 pm","1st Half","06:06","24-22","Akron","Cheatham, Jr., Kwan","","Offensive Rebound","","Cheatham, Jr., Kwan; Jackson, Antino; Johnson, Isaiah; Robotham, Noah; Utomi, Daniel; Williams, Josh","0:00"
"02/24/2017","8:00 pm","1st Half","06:06","24-22","Akron","Ivey, Jimond","","Enters Game","","Cheatham, Jr., Kwan; Ivey, Jimond; Jackson, Antino; Johnson, Isaiah; Robotham, Noah; Utomi, Daniel; Williams, Josh","0:00"
"02/24/2017","8:00 pm","1st Half","06:06","24-22","Akron","Cheatham, Jr., Kwan","","Enters Game","","Cheatham, Jr., Kwan; Ivey, Jimond; Jackson, Antino; Johnson, Isaiah; Robotham, Noah; Utomi, Daniel; Williams, Josh","0:00"
"02/24/2017","8:00 pm","1st Half","06:06","24-22","Akron","Utomi, Daniel","","Leaves Game","","Cheatham, Jr., Kwan; Ivey, Jimond; Jackson, Antino; Johnson, Isaiah; Robotham, Noah; Williams, Josh","0:00"
"02/24/2017","8:00 pm","1st Half","06:06","24-22","Akron","Williams, Josh","","Leaves Game","","Cheatham, Jr., Kwan; Ivey, Jimond; Jackson, Antino; Johnson, Isaiah; Robotham, Noah","8:15"
"02/24/2017","8:00 pm","1st Half","06:06","24-22","Buffalo","Jordan, Davonta","","Enters Game","","Conner, Willie; Hamilton, Blake; Johnson, Raheem; Jordan, Davonta; Massinburg, CJ; Perkins, Nick","0:00"
"02/24/2017","8:00 pm","1st Half","06:06","24-22","Buffalo","Smart, Ikenna","","Enters Game","","Conner, Willie; Hamilton, Blake; Johnson, Raheem; Jordan, Davonta; Massinburg, CJ; Perkins, Nick; Smart, Ikenna","0:00"
"02/24/2017","8:00 pm","1st Half","06:06","24-22","Buffalo","Johnson, Raheem","","Leaves Game","","Conner, Willie; Hamilton, Blake; Jordan, Davonta; Massinburg, CJ; Perkins, Nick; Smart, Ikenna","0:00"
"02/24/2017","8:00 pm","1st Half","06:06","24-22","Buffalo","Conner, Willie","","Leaves Game","","Hamilton, Blake; Jordan, Davonta; Massinburg, CJ; Perkins, Nick; Smart, Ikenna","0:00"
"02/24/2017","8:00 pm","1st Half","05:47","24-22","Akron","Johnson, Isaiah","missed","Layup","11","Cheatham, Jr., Kwan; Ivey, Jimond; Jackson, Antino; Johnson, Isaiah; Robotham, Noah","8:34"
"02/24/2017","8:00 pm","1st Half","05:47","24-22","Akron","Ivey, Jimond","","Offensive Rebound","","Cheatham, Jr., Kwan; Ivey, Jimond; Jackson, Antino; Johnson, Isaiah; Robotham, Noah","8:34"
"02/24/2017","8:00 pm","1st Half","05:42","26-22","Akron","Ivey, Jimond","made","Tip In","25","Cheatham, Jr., Kwan; Ivey, Jimond; Jackson, Antino; Johnson, Isaiah; Robotham, Noah","8:39"
"02/24/2017","8:00 pm","1st Half","05:30","26-22","Akron","Jackson, Antino","","Commits Foul","18","Cheatham, Jr., Kwan; Ivey, Jimond; Jackson, Antino; Johnson, Isaiah; Robotham, Noah","8:51"
"02/24/2017","8:00 pm","1st Half","05:30","26-23","Buffalo","Perkins, Nick","made","Free Throw","","Hamilton, Blake; Jordan, Davonta; Massinburg, CJ; Perkins, Nick; Smart, Ikenna","0:36"
"02/24/2017","8:00 pm","1st Half","05:30","26-24","Buffalo","Perkins, Nick","made","Free Throw","","Hamilton, Blake; Jordan, Davonta; Massinburg, CJ; Perkins, Nick; Smart, Ikenna","0:36"
"02/24/2017","8:00 pm","1st Half","05:30","26-24","Akron","Williams, Josh","","Enters Game","","Cheatham, Jr., Kwan; Ivey, Jimond; Jackson, Antino; Johnson, Isaiah; Robotham, Noah; Williams, Josh","0:00"
"02/24/2017","8:00 pm","1st Half","05:30","26-24","Akron","Jackson, Antino","","Leaves Game","","Cheatham, Jr., Kwan; Ivey, Jimond; Johnson, Isaiah; Robotham, Noah; Williams, Josh","0:00"
"02/24/2017","8:00 pm","1st Half","05:30","26-24","Buffalo","McKinzie, Quate","","Enters Game","","Hamilton, Blake; Jordan, Davonta; Massinburg, CJ; McKinzie, Quate; Perkins, Nick; Smart, Ikenna","0:00"
"02/24/2017","8:00 pm","1st Half","05:30","26-24","Buffalo","Perkins, Nick","","Leaves Game","","Hamilton, Blake; Jordan, Davonta; Massinburg, CJ; McKinzie, Quate; Smart, Ikenna","0:00"
"02/24/2017","8:00 pm","1st Half","05:09","26-24","Akron","Robotham, Noah","missed","Two Point Jumper","9","Cheatham, Jr., Kwan; Ivey, Jimond; Johnson, Isaiah; Robotham, Noah; Williams, Josh","0:21"
"02/24/2017","8:00 pm","1st Half","05:09","26-24","Buffalo","Massinburg, CJ","","Defensive Rebound","","Hamilton, Blake; Jordan, Davonta; Massinburg, CJ; McKinzie, Quate; Smart, Ikenna","0:21"
"02/24/2017","8:00 pm","1st Half","05:00","26-24","Buffalo","Massinburg, CJ","missed","Layup","21","Hamilton, Blake; Jordan, Davonta; Massinburg, CJ; McKinzie, Quate; Smart, Ikenna","0:30"
"02/24/2017","8:00 pm","1st Half","05:00","26-24","Akron","Ivey, Jimond","","Blocked Shot","","Cheatham, Jr., Kwan; Ivey, Jimond; Johnson, Isaiah; Robotham, Noah; Williams, Josh","0:30"
"02/24/2017","8:00 pm","1st Half","04:58","26-24","Akron","Johnson, Isaiah","","Defensive Rebound","","Cheatham, Jr., Kwan; Ivey, Jimond; Johnson, Isaiah; Robotham, Noah; Williams, Josh","0:32"
"02/24/2017","8:00 pm","1st Half","04:55","26-24","Akron","Williams, Josh","missed","Three Point Jumper","25","Cheatham, Jr., Kwan; Ivey, Jimond; Johnson, Isaiah; Robotham, Noah; Williams, Josh","0:35"
"02/24/2017","8:00 pm","1st Half","04:55","26-24","Akron","Team","","Offensive Rebound","","Cheatham, Jr., Kwan; Ivey, Jimond; Johnson, Isaiah; Robotham, Noah; Williams, Josh","0:35"
"02/24/2017","8:00 pm","1st Half","04:33","28-24","Akron","Williams, Josh","made","Two Point Jumper","8","Cheatham, Jr., Kwan; Ivey, Jimond; Johnson, Isaiah; Robotham, Noah; Williams, Josh","0:57"
"02/24/2017","8:00 pm","1st Half","04:13","28-24","Buffalo","Smart, Ikenna","","Turnover","","Hamilton, Blake; Jordan, Davonta; Massinburg, CJ; McKinzie, Quate; Smart, Ikenna","1:17"
"02/24/2017","8:00 pm","1st Half","04:13","28-24","Buffalo","Smart, Ikenna","","Commits Foul","","Hamilton, Blake; Jordan, Davonta; Massinburg, CJ; McKinzie, Quate; Smart, Ikenna","1:17"
"02/24/2017","8:00 pm","1st Half","04:13","28-24","Buffalo","Conner, Willie","","Enters Game","","Conner, Willie; Hamilton, Blake; Jordan, Davonta; Massinburg, CJ; McKinzie, Quate; Smart, Ikenna","0:00"
"02/24/2017","8:00 pm","1st Half","04:13","28-24","Buffalo","Perkins, Nick","","Enters Game","","Conner, Willie; Hamilton, Blake; Jordan, Davonta; Massinburg, CJ; McKinzie, Quate; Perkins, Nick; Smart, Ikenna","0:00"
"02/24/2017","8:00 pm","1st Half","04:13","28-24","Buffalo","Johnson, Raheem","","Enters Game","","Conner, Willie; Hamilton, Blake; Johnson, Raheem; Jordan, Davonta; Massinburg, CJ; McKinzie, Quate; Perkins, Nick; Smart, Ikenna","0:00"
"02/24/2017","8:00 pm","1st Half","04:13","28-24","Buffalo","Jordan, Davonta","","Leaves Game","","Conner, Willie; Hamilton, Blake; Johnson, Raheem; Massinburg, CJ; McKinzie, Quate; Perkins, Nick; Smart, Ikenna","0:00"
"02/24/2017","8:00 pm","1st Half","04:13","28-24","Buffalo","Smart, Ikenna","","Leaves Game","","Conner, Willie; Hamilton, Blake; Johnson, Raheem; Massinburg, CJ; McKinzie, Quate; Perkins, Nick","0:00"
"02/24/2017","8:00 pm","1st Half","04:13","28-24","Buffalo","McKinzie, Quate","","Leaves Game","","Conner, Willie; Hamilton, Blake; Johnson, Raheem; Massinburg, CJ; Perkins, Nick","1:55"
"02/24/2017","8:00 pm","1st Half","03:57","30-24","Akron","Johnson, Isaiah","made","Layup","14","Cheatham, Jr., Kwan; Ivey, Jimond; Johnson, Isaiah; Robotham, Noah; Williams, Josh","1:33"
"02/24/2017","8:00 pm","1st Half","03:36","30-24","Buffalo","Hamilton, Blake","missed","Layup","9","Conner, Willie; Hamilton, Blake; Johnson, Raheem; Massinburg, CJ; Perkins, Nick","2:32"
"02/24/2017","8:00 pm","1st Half","03:36","30-24","Akron","Johnson, Isaiah","","Blocked Shot","","Cheatham, Jr., Kwan; Ivey, Jimond; Johnson, Isaiah; Robotham, Noah; Williams, Josh","1:54"
"02/24/2017","8:00 pm","1st Half","03:34","30-24","Akron","Williams, Josh","","Defensive Rebound","","Cheatham, Jr., Kwan; Ivey, Jimond; Johnson, Isaiah; Robotham, Noah; Williams, Josh","1:56"
"02/24/2017","8:00 pm","1st Half","03:30","30-24","Akron","Ivey, Jimond","","Turnover","","Cheatham, Jr., Kwan; Ivey, Jimond; Johnson, Isaiah; Robotham, Noah; Williams, Josh","2:00"
"02/24/2017","8:00 pm","1st Half","03:30","30-24","Buffalo","Johnson, Raheem","","Steal","","Conner, Willie; Hamilton, Blake; Johnson, Raheem; Massinburg, CJ; Perkins, Nick","2:38"
"02/24/2017","8:00 pm","1st Half","03:30","30-24","Buffalo","Team","","Media Timeout","","Conner, Willie; Hamilton, Blake; Johnson, Raheem; Massinburg, CJ; Perkins, Nick","2:38"
"02/24/2017","8:00 pm","1st Half","03:30","30-24","Buffalo","Kadiri, David","","Enters Game","","Conner, Willie; Hamilton, Blake; Johnson, Raheem; Kadiri, David; Massinburg, CJ; Perkins, Nick","0:00"
"02/24/2017","8:00 pm","1st Half","03:30","30-24","Buffalo","Johnson, Raheem","","Leaves Game","","Conner, Willie; Hamilton, Blake; Kadiri, David; Massinburg, CJ; Perkins, Nick","0:00"
"02/24/2017","8:00 pm","1st Half","03:15","30-24","Buffalo","Perkins, Nick","","Turnover","","Conner, Willie; Hamilton, Blake; Kadiri, David; Massinburg, CJ; Perkins, Nick","0:15"
"02/24/2017","8:00 pm","1st Half","03:06","30-24","Akron","Robotham, Noah","missed","Three Point Jumper","21","Cheatham, Jr., Kwan; Ivey, Jimond; Johnson, Isaiah; Robotham, Noah; Williams, Josh","2:24"
"02/24/2017","8:00 pm","1st Half","03:06","30-24","Buffalo","Conner, Willie","","Defensive Rebound","","Conner, Willie; Hamilton, Blake; Kadiri, David; Massinburg, CJ; Perkins, Nick","0:24"
"02/24/2017","8:00 pm","1st Half","02:56","30-27","Buffalo","Conner, Willie","made","Three Point Jumper","20","Conner, Willie; Hamilton, Blake; Kadiri, David; Massinburg, CJ; Perkins, Nick","0:34"
"02/24/2017","8:00 pm","1st Half","02:56","30-27","Buffalo","Hamilton, Blake","","Assist","","Conner, Willie; Hamilton, Blake; Kadiri, David; Massinburg, CJ; Perkins, Nick","0:34"
"02/24/2017","8:00 pm","1st Half","02:23","33-27","Akron","Ivey, Jimond","made","Three Point Jumper","0","Cheatham, Jr., Kwan; Ivey, Jimond; Johnson, Isaiah; Robotham, Noah; Williams, Josh","3:07"
"02/24/2017","8:00 pm","1st Half","02:23","33-27","Akron","Robotham, Noah","","Assist","","Cheatham, Jr., Kwan; Ivey, Jimond; Johnson, Isaiah; Robotham, Noah; Williams, Josh","3:07"
"02/24/2017","8:00 pm","1st Half","02:11","33-27","Buffalo","Conner, Willie","missed","Two Point Jumper","18","Conner, Willie; Hamilton, Blake; Kadiri, David; Massinburg, CJ; Perkins, Nick","1:19"
"02/24/2017","8:00 pm","1st Half","02:11","33-27","Buffalo","Kadiri, David","","Offensive Rebound","","Conner, Willie; Hamilton, Blake; Kadiri, David; Massinburg, CJ; Perkins, Nick","1:19"
"02/24/2017","8:00 pm","1st Half","02:06","33-29","Buffalo","Kadiri, David","made","Layup","25","Conner, Willie; Hamilton, Blake; Kadiri, David; Massinburg, CJ; Perkins, Nick","1:24"
"02/24/2017","8:00 pm","1st Half","01:41","33-29","Akron","Robotham, Noah","missed","Layup","5","Cheatham, Jr., Kwan; Ivey, Jimond; Johnson, Isaiah; Robotham, Noah; Williams, Josh","3:49"
"02/24/2017","8:00 pm","1st Half","01:41","33-29","Buffalo","Perkins, Nick","","Defensive Rebound","","Conner, Willie; Hamilton, Blake; Kadiri, David; Massinburg, CJ; Perkins, Nick","1:49"
"02/24/2017","8:00 pm","1st Half","01:32","33-29","Akron","Williams, Josh","","Commits Foul","21","Cheatham, Jr., Kwan; Ivey, Jimond; Johnson, Isaiah; Robotham, Noah; Williams, Josh","3:58"
"02/24/2017","8:00 pm","1st Half","01:32","33-30","Buffalo","Conner, Willie","made","Free Throw","","Conner, Willie; Hamilton, Blake; Kadiri, David; Massinburg, CJ; Perkins, Nick","1:58"
"02/24/2017","8:00 pm","1st Half","01:32","33-31","Buffalo","Conner, Willie","made","Free Throw","","Conner, Willie; Hamilton, Blake; Kadiri, David; Massinburg, CJ; Perkins, Nick","1:58"
"02/24/2017","8:00 pm","1st Half","01:15","35-31","Akron","Johnson, Isaiah","made","Layup","13","Cheatham, Jr., Kwan; Ivey, Jimond; Johnson, Isaiah; Robotham, Noah; Williams, Josh","4:15"
"02/24/2017","8:00 pm","1st Half","00:59","35-31","Buffalo","Massinburg, CJ","missed","Three Point Jumper","14","Conner, Willie; Hamilton, Blake; Kadiri, David; Massinburg, CJ; Perkins, Nick","2:31"
"02/24/2017","8:00 pm","1st Half","00:59","35-31","Buffalo","Conner, Willie","","Offensive Rebound","","Conner, Willie; Hamilton, Blake; Kadiri, David; Massinburg, CJ; Perkins, Nick","2:31"
"02/24/2017","8:00 pm","1st Half","00:49","35-33","Buffalo","Hamilton, Blake","made","Layup","20","Conner, Willie; Hamilton, Blake; Kadiri, David; Massinburg, CJ; Perkins, Nick","2:41"
"02/24/2017","8:00 pm","1st Half","00:19","38-33","Akron","Cheatham, Jr., Kwan","made","Three Point Jumper","0","Cheatham, Jr., Kwan; Ivey, Jimond; Johnson, Isaiah; Robotham, Noah; Williams, Josh","5:11"
"02/24/2017","8:00 pm","1st Half","00:19","38-33","Akron","Ivey, Jimond","","Assist","","Cheatham, Jr., Kwan; Ivey, Jimond; Johnson, Isaiah; Robotham, Noah; Williams, Josh","5:11"
"02/24/2017","8:00 pm","1st Half","00:02","38-33","Buffalo","Perkins, Nick","missed","Two Point Jumper","13","Conner, Willie; Hamilton, Blake; Kadiri, David; Massinburg, CJ; Perkins, Nick","3:28"
"02/24/2017","8:00 pm","1st Half","00:02","38-33","Akron","Cheatham, Jr., Kwan","","Blocked Shot","","Cheatham, Jr., Kwan; Ivey, Jimond; Johnson, Isaiah; Robotham, Noah; Williams, Josh","5:28"
"02/24/2017","8:00 pm","1st Half","00:00","38-33","Buffalo","Perkins, Nick","","Offensive Rebound","","Conner, Willie; Hamilton, Blake; Kadiri, David; Massinburg, CJ; Perkins, Nick","3:30"
"02/24/2017","8:00 pm","2nd Half","19:44","38-33","Akron","Jackson, Antino","","Turnover","","Cheatham, Jr., Kwan; Ivey, Jimond; Jackson, Antino; Johnson, Isaiah; Robotham, Noah","0:16"
"02/24/2017","8:00 pm","2nd Half","19:21","38-33","Buffalo","Caruthers, Dontay","missed","Layup","7","Caruthers, Dontay; Conner, Willie; Hamilton, Blake; Kadiri, David; Massinburg, CJ","0:39"
"02/24/2017","8:00 pm","2nd Half","19:21","38-33","Akron","Cheatham, Jr., Kwan","","Blocked Shot","","Cheatham, Jr., Kwan; Ivey, Jimond; Jackson, Antino; Johnson, Isaiah; Robotham, Noah","0:39"
"02/24/2017","8:00 pm","2nd Half","19:20","38-33","Akron","Cheatham, Jr., Kwan","","Defensive Rebound","","Cheatham, Jr., Kwan; Ivey, Jimond; Jackson, Antino; Johnson, Isaiah; Robotham, Noah","0:40"
"02/24/2017","8:00 pm","2nd Half","19:06","38-33","Buffalo","Kadiri, David","","Commits Foul","15","Caruthers, Dontay; Conner, Willie; Hamilton, Blake; Kadiri, David; Massinburg, CJ","0:54"
"02/24/2017","8:00 pm","2nd Half","19:06","38-33","Buffalo","Smart, Ikenna","","Enters Game","","Caruthers, Dontay; Conner, Willie; Hamilton, Blake; Kadiri, David; Massinburg, CJ; Smart, Ikenna","0:00"
"02/24/2017","8:00 pm","2nd Half","19:06","38-33","Buffalo","Kadiri, David","","Leaves Game","","Caruthers, Dontay; Conner, Willie; Hamilton, Blake; Massinburg, CJ; Smart, Ikenna","0:00"
"02/24/2017","8:00 pm","2nd Half","18:53","38-33","Akron","Cheatham, Jr., Kwan","missed","Three Point Jumper","17","Cheatham, Jr., Kwan; Ivey, Jimond; Jackson, Antino; Johnson, Isaiah; Robotham, Noah","1:07"
"02/24/2017","8:00 pm","2nd Half","18:53","38-33","Buffalo","Massinburg, CJ","","Defensive Rebound","","Caruthers, Dontay; Conner, Willie; Hamilton, Blake; Massinburg, CJ; Smart, Ikenna","0:13"
"02/24/2017","8:00 pm","2nd Half","18:47","38-33","Buffalo","Conner, Willie","missed","Layup","24","Caruthers, Dontay; Conner, Willie; Hamilton, Blake; Massinburg, CJ; Smart, Ikenna","0:19"
"02/24/2017","8:00 pm","2nd Half","18:47","38-33","Akron","Cheatham, Jr., Kwan","","Blocked Shot","","Cheatham, Jr., Kwan; Ivey, Jimond; Jackson, Antino; Johnson, Isaiah; Robotham, Noah","1:13"
"02/24/2017","8:00 pm","2nd Half","18:45","38-33","Akron","Cheatham, Jr., Kwan","","Defensive Rebound","","Cheatham, Jr., Kwan; Ivey, Jimond; Jackson, Antino; Johnson, Isaiah; Robotham, Noah","1:15"
"02/24/2017","8:00 pm","2nd Half","18:41","38-33","Buffalo","Caruthers, Dontay","","Commits Foul","24","Caruthers, Dontay; Conner, Willie; Hamilton, Blake; Massinburg, CJ; Smart, Ikenna","0:25"
"02/24/2017","8:00 pm","2nd Half","18:41","39-33","Akron","Robotham, Noah","made","Free Throw","","Cheatham, Jr., Kwan; Ivey, Jimond; Jackson, Antino; Johnson, Isaiah; Robotham, Noah","1:19"
"02/24/2017","8:00 pm","2nd Half","18:41","40-33","Akron","Robotham, Noah","made","Free Throw","","Cheatham, Jr., Kwan; Ivey, Jimond; Jackson, Antino; Johnson, Isaiah; Robotham, Noah","1:19"
"02/24/2017","8:00 pm","2nd Half","18:26","40-33","Buffalo","Massinburg, CJ","","Turnover","","Caruthers, Dontay; Conner, Willie; Hamilton, Blake; Massinburg, CJ; Smart, Ikenna","0:40"
"02/24/2017","8:00 pm","2nd Half","18:00","40-33","Akron","Jackson, Antino","","Turnover","","Cheatham, Jr., Kwan; Ivey, Jimond; Jackson, Antino; Johnson, Isaiah; Robotham, Noah","2:00"
"02/24/2017","8:00 pm","2nd Half","17:47","40-33","Buffalo","Caruthers, Dontay","missed","Three Point Jumper","17","Caruthers, Dontay; Conner, Willie; Hamilton, Blake; Massinburg, CJ; Smart, Ikenna","1:19"
"02/24/2017","8:00 pm","2nd Half","17:47","40-33","Akron","Robotham, Noah","","Defensive Rebound","","Cheatham, Jr., Kwan; Ivey, Jimond; Jackson, Antino; Johnson, Isaiah; Robotham, Noah","2:13"
"02/24/2017","8:00 pm","2nd Half","17:40","43-33","Akron","Jackson, Antino","made","Three Point Jumper","23","Cheatham, Jr., Kwan; Ivey, Jimond; Jackson, Antino; Johnson, Isaiah; Robotham, Noah","2:20"
"02/24/2017","8:00 pm","2nd Half","17:23","43-35","Buffalo","Conner, Willie","made","Layup","13","Caruthers, Dontay; Conner, Willie; Hamilton, Blake; Massinburg, CJ; Smart, Ikenna","1:43"
"02/24/2017","8:00 pm","2nd Half","17:10","45-35","Akron","Johnson, Isaiah","made","Layup","17","Cheatham, Jr., Kwan; Ivey, Jimond; Jackson, Antino; Johnson, Isaiah; Robotham, Noah","2:50"
"02/24/2017","8:00 pm","2nd Half","16:40","45-35","Buffalo","Smart, Ikenna","","Turnover","","Caruthers, Dontay; Conner, Willie; Hamilton, Blake; Massinburg, CJ; Smart, Ikenna","2:26"
"02/24/2017","8:00 pm","2nd Half","16:39","45-35","Akron","Robotham, Noah","","Steal","","Cheatham, Jr., Kwan; Ivey, Jimond; Jackson, Antino; Johnson, Isaiah; Robotham, Noah","3:21"
"02/24/2017","8:00 pm","2nd Half","15:58","48-35","Akron","Robotham, Noah","made","Three Point Jumper","0","Cheatham, Jr., Kwan; Ivey, Jimond; Jackson, Antino; Johnson, Isaiah; Robotham, Noah","4:02"
"02/24/2017","8:00 pm","2nd Half","15:57","48-35","Akron","Ivey, Jimond","","Assist","","Cheatham, Jr., Kwan; Ivey, Jimond; Jackson, Antino; Johnson, Isaiah; Robotham, Noah","4:03"
"02/24/2017","8:00 pm","2nd Half","15:45","48-35","Akron","Johnson, Isaiah","","Commits Foul","17","Cheatham, Jr., Kwan; Ivey, Jimond; Jackson, Antino; Johnson, Isaiah; Robotham, Noah","4:15"
"02/24/2017","8:00 pm","2nd Half","15:45","48-35","Buffalo","Team","","Timeout","","Caruthers, Dontay; Conner, Willie; Hamilton, Blake; Massinburg, CJ; Smart, Ikenna","3:21"
"02/24/2017","8:00 pm","2nd Half","15:45","48-35","Akron","Williams, Josh","","Enters Game","","Cheatham, Jr., Kwan; Ivey, Jimond; Jackson, Antino; Johnson, Isaiah; Robotham, Noah; Williams, Josh","0:00"
"02/24/2017","8:00 pm","2nd Half","15:45","48-35","Akron","Olojakpoke, Emmanuel","","Enters Game","","Cheatham, Jr., Kwan; Ivey, Jimond; Jackson, Antino; Johnson, Isaiah; Olojakpoke, Emmanuel; Robotham, Noah; Williams, Josh","0:00"
"02/24/2017","8:00 pm","2nd Half","15:45","48-35","Akron","Johnson, Isaiah","","Leaves Game","","Cheatham, Jr., Kwan; Ivey, Jimond; Jackson, Antino; Olojakpoke, Emmanuel; Robotham, Noah; Williams, Josh","0:00"
"02/24/2017","8:00 pm","2nd Half","15:45","48-35","Akron","Jackson, Antino","","Leaves Game","","Cheatham, Jr., Kwan; Ivey, Jimond; Olojakpoke, Emmanuel; Robotham, Noah; Williams, Josh","0:00"
"02/24/2017","8:00 pm","2nd Half","15:45","48-35","Buffalo","Perkins, Nick","","Enters Game","","Caruthers, Dontay; Conner, Willie; Hamilton, Blake; Massinburg, CJ; Perkins, Nick; Smart, Ikenna","0:00"
"02/24/2017","8:00 pm","2nd Half","15:45","48-35","Buffalo","Kadiri, David","","Enters Game","","Caruthers, Dontay; Conner, Willie; Hamilton, Blake; Kadiri, David; Massinburg, CJ; Perkins, Nick; Smart, Ikenna","0:00"
"02/24/2017","8:00 pm","2nd Half","15:45","48-35","Buffalo","Smart, Ikenna","","Leaves Game","","Caruthers, Dontay; Conner, Willie; Hamilton, Blake; Kadiri, David; Massinburg, CJ; Perkins, Nick","0:00"
"02/24/2017","8:00 pm","2nd Half","15:45","48-35","Buffalo","Caruthers, Dontay","","Leaves Game","","Conner, Willie; Hamilton, Blake; Kadiri, David; Massinburg, CJ; Perkins, Nick","0:00"
"02/24/2017","8:00 pm","2nd Half","15:44","48-35","Buffalo","Conner, Willie","missed","Three Point Jumper","29","Conner, Willie; Hamilton, Blake; Kadiri, David; Massinburg, CJ; Perkins, Nick","0:01"
"02/24/2017","8:00 pm","2nd Half","15:44","48-35","Akron","Cheatham, Jr., Kwan","","Defensive Rebound","","Cheatham, Jr., Kwan; Ivey, Jimond; Olojakpoke, Emmanuel; Robotham, Noah; Williams, Josh","0:01"
"02/24/2017","8:00 pm","2nd Half","15:19","48-35","Buffalo","Kadiri, David","","Commits Foul","5","Conner, Willie; Hamilton, Blake; Kadiri, David; Massinburg, CJ; Perkins, Nick","0:26"
"02/24/2017","8:00 pm","2nd Half","15:19","49-35","Akron","Olojakpoke, Emmanuel","made","Free Throw","","Cheatham, Jr., Kwan; Ivey, Jimond; Olojakpoke, Emmanuel; Robotham, Noah; Williams, Josh","0:26"
"02/24/2017","8:00 pm","2nd Half","15:19","50-35","Akron","Olojakpoke, Emmanuel","made","Free Throw","","Cheatham, Jr., Kwan; Ivey, Jimond; Olojakpoke, Emmanuel; Robotham, Noah; Williams, Josh","0:26"
"02/24/2017","8:00 pm","2nd Half","15:05","50-35","Akron","Olojakpoke, Emmanuel","","Commits Foul","16","Cheatham, Jr., Kwan; Ivey, Jimond; Olojakpoke, Emmanuel; Robotham, Noah; Williams, Josh","0:40"
"02/24/2017","8:00 pm","2nd Half","15:05","50-36","Buffalo","Conner, Willie","made","Free Throw","","Conner, Willie; Hamilton, Blake; Kadiri, David; Massinburg, CJ; Perkins, Nick","0:40"
"02/24/2017","8:00 pm","2nd Half","15:05","50-37","Buffalo","Conner, Willie","made","Free Throw","","Conner, Willie; Hamilton, Blake; Kadiri, David; Massinburg, CJ; Perkins, Nick","0:40"
"02/24/2017","8:00 pm","2nd Half","14:47","53-37","Akron","Williams, Josh","made","Three Point Jumper","12","Cheatham, Jr., Kwan; Ivey, Jimond; Olojakpoke, Emmanuel; Robotham, Noah; Williams, Josh","0:58"
"02/24/2017","8:00 pm","2nd Half","14:36","53-37","Buffalo","Conner, Willie","missed","Three Point Jumper","19","Conner, Willie; Hamilton, Blake; Kadiri, David; Massinburg, CJ; Perkins, Nick","1:09"
"02/24/2017","8:00 pm","2nd Half","14:36","53-37","Buffalo","Perkins, Nick","","Offensive Rebound","","Conner, Willie; Hamilton, Blake; Kadiri, David; Massinburg, CJ; Perkins, Nick","1:09"
"02/24/2017","8:00 pm","2nd Half","14:31","53-39","Buffalo","Perkins, Nick","made","Layup","25","Conner, Willie; Hamilton, Blake; Kadiri, David; Massinburg, CJ; Perkins, Nick","1:14"
"02/24/2017","8:00 pm","2nd Half","14:31","53-39","Akron","Olojakpoke, Emmanuel","","Commits Foul","","Cheatham, Jr., Kwan; Ivey, Jimond; Olojakpoke, Emmanuel; Robotham, Noah; Williams, Josh","1:14"
"02/24/2017","8:00 pm","2nd Half","14:31","53-40","Buffalo","Perkins, Nick","made","Free Throw","","Conner, Willie; Hamilton, Blake; Kadiri, David; Massinburg, CJ; Perkins, Nick","1:14"
"02/24/2017","8:00 pm","2nd Half","14:13","56-40","Akron","Robotham, Noah","made","Three Point Jumper","12","Cheatham, Jr., Kwan; Ivey, Jimond; Olojakpoke, Emmanuel; Robotham, Noah; Williams, Josh","1:32"
"02/24/2017","8:00 pm","2nd Half","13:44","56-42","Buffalo","Massinburg, CJ","made","Two Point Jumper","1","Conner, Willie; Hamilton, Blake; Kadiri, David; Massinburg, CJ; Perkins, Nick","2:01"
"02/24/2017","8:00 pm","2nd Half","13:34","58-42","Akron","Cheatham, Jr., Kwan","made","Layup","20","Cheatham, Jr., Kwan; Ivey, Jimond; Olojakpoke, Emmanuel; Robotham, Noah; Williams, Josh","2:11"
"02/24/2017","8:00 pm","2nd Half","13:25","58-42","Akron","Olojakpoke, Emmanuel","","Commits Foul","21","Cheatham, Jr., Kwan; Ivey, Jimond; Olojakpoke, Emmanuel; Robotham, Noah; Williams, Josh","2:20"
"02/24/2017","8:00 pm","2nd Half","13:25","58-42","Buffalo","Kadiri, David","","Commits Foul","","Conner, Willie; Hamilton, Blake; Kadiri, David; Massinburg, CJ; Perkins, Nick","2:20"
"02/24/2017","8:00 pm","2nd Half","13:25","58-42","Buffalo","Kadiri, David","","Commits Foul","","Conner, Willie; Hamilton, Blake; Kadiri, David; Massinburg, CJ; Perkins, Nick","2:20"
"02/24/2017","8:00 pm","2nd Half","13:25","58-42","Akron","Ivey, Jimond","","Commits Foul","","Cheatham, Jr., Kwan; Ivey, Jimond; Olojakpoke, Emmanuel; Robotham, Noah; Williams, Josh","2:20"
"02/24/2017","8:00 pm","2nd Half","13:25","58-42","Akron","Ivey, Jimond","","Commits Foul","","Cheatham, Jr., Kwan; Ivey, Jimond; Olojakpoke, Emmanuel; Robotham, Noah; Williams, Josh","2:20"
"02/24/2017","8:00 pm","2nd Half","13:25","58-42","Akron","Jackson, Aaron","","Enters Game","","Cheatham, Jr., Kwan; Ivey, Jimond; Jackson, Aaron; Olojakpoke, Emmanuel; Robotham, Noah; Williams, Josh","0:00"
"02/24/2017","8:00 pm","2nd Half","13:25","58-42","Akron","Johnson, Isaiah","","Enters Game","","Cheatham, Jr., Kwan; Ivey, Jimond; Jackson, Aaron; Johnson, Isaiah; Olojakpoke, Emmanuel; Robotham, Noah; Williams, Josh","0:00"
"02/24/2017","8:00 pm","2nd Half","13:25","58-42","Akron","Jackson, Antino","","Enters Game","","Cheatham, Jr., Kwan; Ivey, Jimond; Jackson, Aaron; Jackson, Antino; Johnson, Isaiah; Olojakpoke, Emmanuel; Robotham, Noah; Williams, Josh","0:00"
"02/24/2017","8:00 pm","2nd Half","13:25","58-42","Akron","Ivey, Jimond","","Leaves Game","","Cheatham, Jr., Kwan; Jackson, Aaron; Jackson, Antino; Johnson, Isaiah; Olojakpoke, Emmanuel; Robotham, Noah; Williams, Josh","0:00"
"02/24/2017","8:00 pm","2nd Half","13:25","58-42","Akron","Cheatham, Jr., Kwan","","Leaves Game","","Jackson, Aaron; Jackson, Antino; Johnson, Isaiah; Olojakpoke, Emmanuel; Robotham, Noah; Williams, Josh","0:00"
"02/24/2017","8:00 pm","2nd Half","13:25","58-42","Akron","Olojakpoke, Emmanuel","","Leaves Game","","Jackson, Aaron; Jackson, Antino; Johnson, Isaiah; Robotham, Noah; Williams, Josh","0:00"
"02/24/2017","8:00 pm","2nd Half","13:25","58-42","Buffalo","Caruthers, Dontay","","Enters Game","","Caruthers, Dontay; Conner, Willie; Hamilton, Blake; Kadiri, David; Massinburg, CJ; Perkins, Nick","0:00"
"02/24/2017","8:00 pm","2nd Half","13:25","58-42","Buffalo","Johnson, Raheem","","Enters Game","","Caruthers, Dontay; Conner, Willie; Hamilton, Blake; Johnson, Raheem; Kadiri, David; Massinburg, CJ; Perkins, Nick","0:00"
"02/24/2017","8:00 pm","2nd Half","13:25","58-42","Buffalo","Massinburg, CJ","","Leaves Game","","Caruthers, Dontay; Conner, Willie; Hamilton, Blake; Johnson, Raheem; Kadiri, David; Perkins, Nick","0:00"
"02/24/2017","8:00 pm","2nd Half","13:25","58-42","Buffalo","Kadiri, David","","Leaves Game","","Caruthers, Dontay; Conner, Willie; Hamilton, Blake; Johnson, Raheem; Perkins, Nick","0:00"
"02/24/2017","8:00 pm","2nd Half","13:20","58-42","Buffalo","Hamilton, Blake","missed","Layup","25","Caruthers, Dontay; Conner, Willie; Hamilton, Blake; Johnson, Raheem; Perkins, Nick","0:05"
"02/24/2017","8:00 pm","2nd Half","13:20","58-42","Buffalo","Johnson, Raheem","","Offensive Rebound","","Caruthers, Dontay; Conner, Willie; Hamilton, Blake; Johnson, Raheem; Perkins, Nick","0:05"
"02/24/2017","8:00 pm","2nd Half","13:17","58-44","Buffalo","Johnson, Raheem","made","Dunk","27","Caruthers, Dontay; Conner, Willie; Hamilton, Blake; Johnson, Raheem; Perkins, Nick","0:08"
"02/24/2017","8:00 pm","2nd Half","13:01","58-44","Buffalo","Caruthers, Dontay","","Commits Foul","14","Caruthers, Dontay; Conner, Willie; Hamilton, Blake; Johnson, Raheem; Perkins, Nick","0:24"
"02/24/2017","8:00 pm","2nd Half","13:01","58-44","Buffalo","Massinburg, CJ","","Enters Game","","Caruthers, Dontay; Conner, Willie; Hamilton, Blake; Johnson, Raheem; Massinburg, CJ; Perkins, Nick","0:00"
"02/24/2017","8:00 pm","2nd Half","13:01","58-44","Buffalo","Caruthers, Dontay","","Leaves Game","","Conner, Willie; Hamilton, Blake; Johnson, Raheem; Massinburg, CJ; Perkins, Nick","0:00"
"02/24/2017","8:00 pm","2nd Half","12:54","58-44","Buffalo","Johnson, Raheem","","Commits Foul","23","Conner, Willie; Hamilton, Blake; Johnson, Raheem; Massinburg, CJ; Perkins, Nick","0:07"
"02/24/2017","8:00 pm","2nd Half","12:42","61-44","Akron","Williams, Josh","made","Three Point Jumper","18","Jackson, Aaron; Jackson, Antino; Johnson, Isaiah; Robotham, Noah; Williams, Josh","0:43"
"02/24/2017","8:00 pm","2nd Half","12:42","61-44","Akron","Johnson, Isaiah","","Assist","","Jackson, Aaron; Jackson, Antino; Johnson, Isaiah; Robotham, Noah; Williams, Josh","0:43"
"02/24/2017","8:00 pm","2nd Half","12:24","61-44","Buffalo","Johnson, Raheem","","Turnover","","Conner, Willie; Hamilton, Blake; Johnson, Raheem; Massinburg, CJ; Perkins, Nick","0:37"
"02/24/2017","8:00 pm","2nd Half","12:23","61-44","Akron","Williams, Josh","","Steal","","Jackson, Aaron; Jackson, Antino; Johnson, Isaiah; Robotham, Noah; Williams, Josh","1:02"
"02/24/2017","8:00 pm","2nd Half","12:22","61-44","Akron","Williams, Josh","","Turnover","","Jackson, Aaron; Jackson, Antino; Johnson, Isaiah; Robotham, Noah; Williams, Josh","1:03"
"02/24/2017","8:00 pm","2nd Half","12:22","61-44","Buffalo","Hamilton, Blake","","Steal","","Conner, Willie; Hamilton, Blake; Johnson, Raheem; Massinburg, CJ; Perkins, Nick","0:39"
"02/24/2017","8:00 pm","2nd Half","12:20","61-47","Buffalo","Hamilton, Blake","made","Three Point Jumper","28","Conner, Willie; Hamilton, Blake; Johnson, Raheem; Massinburg, CJ; Perkins, Nick","0:41"
"02/24/2017","8:00 pm","2nd Half","12:02","61-47","Buffalo","Johnson, Raheem","","Commits Foul","12","Conner, Willie; Hamilton, Blake; Johnson, Raheem; Massinburg, CJ; Perkins, Nick","0:59"
"02/24/2017","8:00 pm","2nd Half","12:02","62-47","Akron","Johnson, Isaiah","made","Free Throw","","Jackson, Aaron; Jackson, Antino; Johnson, Isaiah; Robotham, Noah; Williams, Josh","1:23"
"02/24/2017","8:00 pm","2nd Half","12:02","63-47","Akron","Johnson, Isaiah","made","Free Throw","","Jackson, Aaron; Jackson, Antino; Johnson, Isaiah; Robotham, Noah; Williams, Josh","1:23"
"02/24/2017","8:00 pm","2nd Half","12:02","63-47","Buffalo","McKinzie, Quate","","Enters Game","","Conner, Willie; Hamilton, Blake; Johnson, Raheem; Massinburg, CJ; McKinzie, Quate; Perkins, Nick","0:00"
"02/24/2017","8:00 pm","2nd Half","12:02","63-47","Buffalo","Johnson, Raheem","","Leaves Game","","Conner, Willie; Hamilton, Blake; Massinburg, CJ; McKinzie, Quate; Perkins, Nick","0:00"
"02/24/2017","8:00 pm","2nd Half","11:49","63-47","Buffalo","Hamilton, Blake","","Turnover","","Conner, Willie; Hamilton, Blake; Massinburg, CJ; McKinzie, Quate; Perkins, Nick","0:13"
"02/24/2017","8:00 pm","2nd Half","11:48","63-47","Akron","Jackson, Antino","","Steal","","Jackson, Aaron; Jackson, Antino; Johnson, Isaiah; Robotham, Noah; Williams, Josh","1:37"
"02/24/2017","8:00 pm","2nd Half","11:45","63-47","Akron","Robotham, Noah","missed","Layup","26","Jackson, Aaron; Jackson, Antino; Johnson, Isaiah; Robotham, Noah; Williams, Josh","1:40"
"02/24/2017","8:00 pm","2nd Half","11:45","63-47","Akron","Team","","Offensive Rebound","","Jackson, Aaron; Jackson, Antino; Johnson, Isaiah; Robotham, Noah; Williams, Josh","1:40"
"02/24/2017","8:00 pm","2nd Half","11:43","63-47","Akron","Team","","Media Timeout","","Jackson, Aaron; Jackson, Antino; Johnson, Isaiah; Robotham, Noah; Williams, Josh","1:42"
"02/24/2017","8:00 pm","2nd Half","11:43","63-47","Akron","Ivey, Jimond","","Enters Game","","Ivey, Jimond; Jackson, Aaron; Jackson, Antino; Johnson, Isaiah; Robotham, Noah; Williams, Josh","0:00"
"02/24/2017","8:00 pm","2nd Half","11:43","63-47","Akron","Robotham, Noah","","Leaves Game","","Ivey, Jimond; Jackson, Aaron; Jackson, Antino; Johnson, Isaiah; Williams, Josh","0:00"
"02/24/2017","8:00 pm","2nd Half","11:23","63-47","Akron","Ivey, Jimond","missed","Three Point Jumper","8","Ivey, Jimond; Jackson, Aaron; Jackson, Antino; Johnson, Isaiah; Williams, Josh","0:20"
"02/24/2017","8:00 pm","2nd Half","11:23","63-47","Buffalo","McKinzie, Quate","","Defensive Rebound","","Conner, Willie; Hamilton, Blake; Massinburg, CJ; McKinzie, Quate; Perkins, Nick","0:39"
"02/24/2017","8:00 pm","2nd Half","11:15","63-47","Buffalo","Perkins, Nick","","Turnover","","Conner, Willie; Hamilton, Blake; Massinburg, CJ; McKinzie, Quate; Perkins, Nick","0:47"
"02/24/2017","8:00 pm","2nd Half","11:15","63-47","Buffalo","Perkins, Nick","","Commits Foul","","Conner, Willie; Hamilton, Blake; Massinburg, CJ; McKinzie, Quate; Perkins, Nick","0:47"
"02/24/2017","8:00 pm","2nd Half","11:07","63-47","Akron","Ivey, Jimond","","Turnover","","Ivey, Jimond; Jackson, Aaron; Jackson, Antino; Johnson, Isaiah; Williams, Josh","0:36"
"02/24/2017","8:00 pm","2nd Half","11:06","63-47","Buffalo","Hamilton, Blake","","Steal","","Conner, Willie; Hamilton, Blake; Massinburg, CJ; McKinzie, Quate; Perkins, Nick","0:56"
"02/24/2017","8:00 pm","2nd Half","11:06","63-47","Akron","Ivey, Jimond","","Commits Foul","29","Ivey, Jimond; Jackson, Aaron; Jackson, Antino; Johnson, Isaiah; Williams, Josh","0:37"
"02/24/2017","8:00 pm","2nd Half","11:06","63-48","Buffalo","Hamilton, Blake","made","Free Throw","","Conner, Willie; Hamilton, Blake; Massinburg, CJ; McKinzie, Quate; Perkins, Nick","0:56"
"02/24/2017","8:00 pm","2nd Half","11:06","63-49","Buffalo","Hamilton, Blake","made","Free Throw","","Conner, Willie; Hamilton, Blake; Massinburg, CJ; McKinzie, Quate; Perkins, Nick","0:56"
"02/24/2017","8:00 pm","2nd Half","10:41","63-49","Akron","Ivey, Jimond","","Turnover","","Ivey, Jimond; Jackson, Aaron; Jackson, Antino; Johnson, Isaiah; Williams, Josh","1:02"
"02/24/2017","8:00 pm","2nd Half","10:41","63-49","Akron","Cheatham, Jr., Kwan","","Enters Game","","Cheatham, Jr., Kwan; Ivey, Jimond; Jackson, Aaron; Jackson, Antino; Johnson, Isaiah; Williams, Josh","0:00"
"02/24/2017","8:00 pm","2nd Half","10:41","63-49","Akron","Jackson, Aaron","","Leaves Game","","Cheatham, Jr., Kwan; Ivey, Jimond; Jackson, Antino; Johnson, Isaiah; Williams, Josh","0:00"
"02/24/2017","8:00 pm","2nd Half","10:35","63-51","Buffalo","Perkins, Nick","made","Two Point Jumper","24","Conner, Willie; Hamilton, Blake; Massinburg, CJ; McKinzie, Quate; Perkins, Nick","1:27"
"02/24/2017","8:00 pm","2nd Half","10:13","63-51","Akron","Johnson, Isaiah","missed","Layup","8","Cheatham, Jr., Kwan; Ivey, Jimond; Jackson, Antino; Johnson, Isaiah; Williams, Josh","0:28"
"02/24/2017","8:00 pm","2nd Half","10:13","63-51","Buffalo","Hamilton, Blake","","Defensive Rebound","","Conner, Willie; Hamilton, Blake; Massinburg, CJ; McKinzie, Quate; Perkins, Nick","1:49"
"02/24/2017","8:00 pm","2nd Half","10:12","63-51","Akron","Ivey, Jimond","","Commits Foul","29","Cheatham, Jr., Kwan; Ivey, Jimond; Jackson, Antino; Johnson, Isaiah; Williams, Josh","0:29"
"02/24/2017","8:00 pm","2nd Half","10:12","63-51","Buffalo","Hamilton, Blake","missed","Free Throw","","Conner, Willie; Hamilton, Blake; Massinburg, CJ; McKinzie, Quate; Perkins, Nick","1:50"
"02/24/2017","8:00 pm","2nd Half","10:12","63-51","Buffalo","Hamilton, Blake","","Offensive Rebound","","Conner, Willie; Hamilton, Blake; Massinburg, CJ; McKinzie, Quate; Perkins, Nick","1:50"
"02/24/2017","8:00 pm","2nd Half","10:12","63-51","Akron","Robotham, Noah","","Enters Game","","Cheatham, Jr., Kwan; Ivey, Jimond; Jackson, Antino; Johnson, Isaiah; Robotham, Noah; Williams, Josh","0:00"
"02/24/2017","8:00 pm","2nd Half","10:12","63-51","Akron","Williams, Josh","","Leaves Game","","Cheatham, Jr., Kwan; Ivey, Jimond; Jackson, Antino; Johnson, Isaiah; Robotham, Noah","4:15"
"02/24/2017","8:00 pm","2nd Half","09:54","63-51","Buffalo","Massinburg, CJ","","Turnover","","Conner, Willie; Hamilton, Blake; Massinburg, CJ; McKinzie, Quate; Perkins, Nick","2:08"
"02/24/2017","8:00 pm","2nd Half","09:53","63-51","Akron","Ivey, Jimond","","Steal","","Cheatham, Jr., Kwan; Ivey, Jimond; Jackson, Antino; Johnson, Isaiah; Robotham, Noah","4:34"
"02/24/2017","8:00 pm","2nd Half","09:50","65-51","Akron","Ivey, Jimond","made","Layup","26","Cheatham, Jr., Kwan; Ivey, Jimond; Jackson, Antino; Johnson, Isaiah; Robotham, Noah","4:37"
"02/24/2017","8:00 pm","2nd Half","09:43","65-51","Buffalo","Team","","Commits Foul","23","Conner, Willie; Hamilton, Blake; Massinburg, CJ; McKinzie, Quate; Perkins, Nick","2:19"
"02/24/2017","8:00 pm","2nd Half","09:43","66-51","Akron","Jackson, Antino","made","Free Throw","","Cheatham, Jr., Kwan; Ivey, Jimond; Jackson, Antino; Johnson, Isaiah; Robotham, Noah","4:44"
"02/24/2017","8:00 pm","2nd Half","09:43","67-51","Akron","Jackson, Antino","made","Free Throw","","Cheatham, Jr., Kwan; Ivey, Jimond; Jackson, Antino; Johnson, Isaiah; Robotham, Noah","4:44"
"02/24/2017","8:00 pm","2nd Half","09:30","67-51","Akron","Ivey, Jimond","","Commits Foul","17","Cheatham, Jr., Kwan; Ivey, Jimond; Jackson, Antino; Johnson, Isaiah; Robotham, Noah","4:57"
"02/24/2017","8:00 pm","2nd Half","09:30","67-52","Buffalo","McKinzie, Quate","made","Free Throw","","Conner, Willie; Hamilton, Blake; Massinburg, CJ; McKinzie, Quate; Perkins, Nick","2:32"
"02/24/2017","8:00 pm","2nd Half","09:30","67-52","Buffalo","McKinzie, Quate","missed","Free Throw","","Conner, Willie; Hamilton, Blake; Massinburg, CJ; McKinzie, Quate; Perkins, Nick","2:32"
"02/24/2017","8:00 pm","2nd Half","09:30","67-52","Buffalo","Hamilton, Blake","","Offensive Rebound","","Conner, Willie; Hamilton, Blake; Massinburg, CJ; McKinzie, Quate; Perkins, Nick","2:32"
"02/24/2017","8:00 pm","2nd Half","09:30","67-52","Akron","Jackson, Aaron","","Enters Game","","Cheatham, Jr., Kwan; Ivey, Jimond; Jackson, Aaron; Jackson, Antino; Johnson, Isaiah; Robotham, Noah","0:00"
"02/24/2017","8:00 pm","2nd Half","09:30","67-52","Akron","Ivey, Jimond","","Leaves Game","","Cheatham, Jr., Kwan; Jackson, Aaron; Jackson, Antino; Johnson, Isaiah; Robotham, Noah","0:00"
"02/24/2017","8:00 pm","2nd Half","09:29","67-52","Akron","Cheatham, Jr., Kwan","","Commits Foul","29","Cheatham, Jr., Kwan; Jackson, Aaron; Jackson, Antino; Johnson, Isaiah; Robotham, Noah","0:01"
"02/24/2017","8:00 pm","2nd Half","09:29","67-53","Buffalo","Hamilton, Blake","made","Free Throw","","Conner, Willie; Hamilton, Blake; Massinburg, CJ; McKinzie, Quate; Perkins, Nick","2:33"
"02/24/2017","8:00 pm","2nd Half","09:29","67-54","Buffalo","Hamilton, Blake","made","Free Throw","","Conner, Willie; Hamilton, Blake; Massinburg, CJ; McKinzie, Quate; Perkins, Nick","2:33"
"02/24/2017","8:00 pm","2nd Half","09:05","67-54","Akron","Johnson, Isaiah","missed","Layup","6","Cheatham, Jr., Kwan; Jackson, Aaron; Jackson, Antino; Johnson, Isaiah; Robotham, Noah","0:25"
"02/24/2017","8:00 pm","2nd Half","09:05","67-54","Buffalo","Hamilton, Blake","","Defensive Rebound","","Conner, Willie; Hamilton, Blake; Massinburg, CJ; McKinzie, Quate; Perkins, Nick","2:57"
"02/24/2017","8:00 pm","2nd Half","08:59","67-56","Buffalo","Hamilton, Blake","made","Layup","24","Conner, Willie; Hamilton, Blake; Massinburg, CJ; McKinzie, Quate; Perkins, Nick","3:03"
"02/24/2017","8:00 pm","2nd Half","08:49","67-56","Akron","Team","","Second Timeout","","Cheatham, Jr., Kwan; Jackson, Aaron; Jackson, Antino; Johnson, Isaiah; Robotham, Noah","0:41"
"02/24/2017","8:00 pm","2nd Half","08:49","67-56","Akron","Williams, Josh","","Enters Game","","Cheatham, Jr., Kwan; Jackson, Aaron; Jackson, Antino; Johnson, Isaiah; Robotham, Noah; Williams, Josh","0:00"
"02/24/2017","8:00 pm","2nd Half","08:49","67-56","Akron","Jackson, Aaron","","Leaves Game","","Cheatham, Jr., Kwan; Jackson, Antino; Johnson, Isaiah; Robotham, Noah; Williams, Josh","0:00"
"02/24/2017","8:00 pm","2nd Half","08:37","67-56","Buffalo","Perkins, Nick","","Commits Foul","8","Conner, Willie; Hamilton, Blake; Massinburg, CJ; McKinzie, Quate; Perkins, Nick","3:25"
"02/24/2017","8:00 pm","2nd Half","08:37","67-56","Akron","Johnson, Isaiah","missed","Free Throw","","Cheatham, Jr., Kwan; Jackson, Antino; Johnson, Isaiah; Robotham, Noah; Williams, Josh","0:12"
"02/24/2017","8:00 pm","2nd Half","08:37","67-56","Buffalo","Perkins, Nick","","Defensive Rebound","","Conner, Willie; Hamilton, Blake; Massinburg, CJ; McKinzie, Quate; Perkins, Nick","3:25"
"02/24/2017","8:00 pm","2nd Half","08:23","67-56","Akron","Jackson, Antino","","Commits Foul","16","Cheatham, Jr., Kwan; Jackson, Antino; Johnson, Isaiah; Robotham, Noah; Williams, Josh","0:26"
"02/24/2017","8:00 pm","2nd Half","08:23","67-57","Buffalo","Hamilton, Blake","made","Free Throw","","Conner, Willie; Hamilton, Blake; Massinburg, CJ; McKinzie, Quate; Perkins, Nick","3:39"
"02/24/2017","8:00 pm","2nd Half","08:23","67-58","Buffalo","Hamilton, Blake","made","Free Throw","","Conner, Willie; Hamilton, Blake; Massinburg, CJ; McKinzie, Quate; Perkins, Nick","3:39"
"02/24/2017","8:00 pm","2nd Half","08:10","70-58","Akron","Williams, Josh","made","Three Point Jumper","17","Cheatham, Jr., Kwan; Jackson, Antino; Johnson, Isaiah; Robotham, Noah; Williams, Josh","0:39"
"02/24/2017","8:00 pm","2nd Half","08:10","70-58","Akron","Robotham, Noah","","Assist","","Cheatham, Jr., Kwan; Jackson, Antino; Johnson, Isaiah; Robotham, Noah; Williams, Josh","0:39"
"02/24/2017","8:00 pm","2nd Half","08:01","70-61","Buffalo","Massinburg, CJ","made","Three Point Jumper","21","Conner, Willie; Hamilton, Blake; Massinburg, CJ; McKinzie, Quate; Perkins, Nick","4:01"
"02/24/2017","8:00 pm","2nd Half","08:01","70-61","Buffalo","Hamilton, Blake","","Assist","","Conner, Willie; Hamilton, Blake; Massinburg, CJ; McKinzie, Quate; Perkins, Nick","4:01"
"02/24/2017","8:00 pm","2nd Half","07:37","72-61","Akron","Johnson, Isaiah","made","Layup","6","Cheatham, Jr., Kwan; Jackson, Antino; Johnson, Isaiah; Robotham, Noah; Williams, Josh","1:12"
"02/24/2017","8:00 pm","2nd Half","07:37","72-61","Akron","Cheatham, Jr., Kwan","","Assist","","Cheatham, Jr., Kwan; Jackson, Antino; Johnson, Isaiah; Robotham, Noah; Williams, Josh","1:12"
"02/24/2017","8:00 pm","2nd Half","07:16","72-63","Buffalo","Perkins, Nick","made","Two Point Jumper","9","Conner, Willie; Hamilton, Blake; Massinburg, CJ; McKinzie, Quate; Perkins, Nick","4:46"
"02/24/2017","8:00 pm","2nd Half","06:53","72-63","Akron","Jackson, Antino","","Turnover","","Cheatham, Jr., Kwan; Jackson, Antino; Johnson, Isaiah; Robotham, Noah; Williams, Josh","1:56"
"02/24/2017","8:00 pm","2nd Half","06:52","72-63","Buffalo","Massinburg, CJ","","Steal","","Conner, Willie; Hamilton, Blake; Massinburg, CJ; McKinzie, Quate; Perkins, Nick","5:10"
"02/24/2017","8:00 pm","2nd Half","06:45","72-63","Buffalo","Perkins, Nick","missed","Layup","22","Conner, Willie; Hamilton, Blake; Massinburg, CJ; McKinzie, Quate; Perkins, Nick","5:17"
"02/24/2017","8:00 pm","2nd Half","06:45","72-63","Akron","Cheatham, Jr., Kwan","","Defensive Rebound","","Cheatham, Jr., Kwan; Jackson, Antino; Johnson, Isaiah; Robotham, Noah; Williams, Josh","2:04"
"02/24/2017","8:00 pm","2nd Half","06:25","72-63","Akron","Jackson, Antino","","Turnover","","Cheatham, Jr., Kwan; Jackson, Antino; Johnson, Isaiah; Robotham, Noah; Williams, Josh","2:24"
"02/24/2017","8:00 pm","2nd Half","06:24","72-63","Buffalo","McKinzie, Quate","","Steal","","Conner, Willie; Hamilton, Blake; Massinburg, CJ; McKinzie, Quate; Perkins, Nick","5:38"
"02/24/2017","8:00 pm","2nd Half","06:20","72-63","Buffalo","Conner, Willie","missed","Layup","25","Conner, Willie; Hamilton, Blake; Massinburg, CJ; McKinzie, Quate; Perkins, Nick","5:42"
"02/24/2017","8:00 pm","2nd Half","06:20","72-63","Buffalo","Massinburg, CJ","","Offensive Rebound","","Conner, Willie; Hamilton, Blake; Massinburg, CJ; McKinzie, Quate; Perkins, Nick","5:42"
"02/24/2017","8:00 pm","2nd Half","06:19","72-63","Akron","Jackson, Antino","","Commits Foul","29","Cheatham, Jr., Kwan; Jackson, Antino; Johnson, Isaiah; Robotham, Noah; Williams, Josh","2:30"
"02/24/2017","8:00 pm","2nd Half","06:19","72-63","Buffalo","Team","","Media Timeout","","Conner, Willie; Hamilton, Blake; Massinburg, CJ; McKinzie, Quate; Perkins, Nick","5:43"
"02/24/2017","8:00 pm","2nd Half","06:19","72-64","Buffalo","Massinburg, CJ","made","Free Throw","","Conner, Willie; Hamilton, Blake; Massinburg, CJ; McKinzie, Quate; Perkins, Nick","5:43"
"02/24/2017","8:00 pm","2nd Half","06:19","72-65","Buffalo","Massinburg, CJ","made","Free Throw","","Conner, Willie; Hamilton, Blake; Massinburg, CJ; McKinzie, Quate; Perkins, Nick","5:43"
"02/24/2017","8:00 pm","2nd Half","06:19","72-65","Akron","Ivey, Jimond","","Enters Game","","Cheatham, Jr., Kwan; Ivey, Jimond; Jackson, Antino; Johnson, Isaiah; Robotham, Noah; Williams, Josh","0:00"
"02/24/2017","8:00 pm","2nd Half","06:19","72-65","Akron","Jackson, Antino","","Leaves Game","","Cheatham, Jr., Kwan; Ivey, Jimond; Johnson, Isaiah; Robotham, Noah; Williams, Josh","0:00"
"02/24/2017","8:00 pm","2nd Half","06:00","72-65","Buffalo","McKinzie, Quate","","Commits Foul","11","Conner, Willie; Hamilton, Blake; Massinburg, CJ; McKinzie, Quate; Perkins, Nick","6:02"
"02/24/2017","8:00 pm","2nd Half","06:00","73-65","Akron","Robotham, Noah","made","Free Throw","","Cheatham, Jr., Kwan; Ivey, Jimond; Johnson, Isaiah; Robotham, Noah; Williams, Josh","0:19"
"02/24/2017","8:00 pm","2nd Half","06:00","74-65","Akron","Robotham, Noah","made","Free Throw","","Cheatham, Jr., Kwan; Ivey, Jimond; Johnson, Isaiah; Robotham, Noah; Williams, Josh","0:19"
"02/24/2017","8:00 pm","2nd Half","05:38","74-65","Akron","Williams, Josh","","Commits Foul","8","Cheatham, Jr., Kwan; Ivey, Jimond; Johnson, Isaiah; Robotham, Noah; Williams, Josh","0:41"
"02/24/2017","8:00 pm","2nd Half","05:38","74-66","Buffalo","Massinburg, CJ","made","Free Throw","","Conner, Willie; Hamilton, Blake; Massinburg, CJ; McKinzie, Quate; Perkins, Nick","6:24"
"02/24/2017","8:00 pm","2nd Half","05:38","74-67","Buffalo","Massinburg, CJ","made","Free Throw","","Conner, Willie; Hamilton, Blake; Massinburg, CJ; McKinzie, Quate; Perkins, Nick","6:24"
"02/24/2017","8:00 pm","2nd Half","05:19","74-67","Akron","Williams, Josh","","Turnover","","Cheatham, Jr., Kwan; Ivey, Jimond; Johnson, Isaiah; Robotham, Noah; Williams, Josh","1:00"
"02/24/2017","8:00 pm","2nd Half","05:19","74-67","Buffalo","Hamilton, Blake","","Steal","","Conner, Willie; Hamilton, Blake; Massinburg, CJ; McKinzie, Quate; Perkins, Nick","6:43"
"02/24/2017","8:00 pm","2nd Half","05:08","74-67","Buffalo","Hamilton, Blake","missed","Two Point Jumper","19","Conner, Willie; Hamilton, Blake; Massinburg, CJ; McKinzie, Quate; Perkins, Nick","6:54"
"02/24/2017","8:00 pm","2nd Half","05:08","74-67","Akron","Johnson, Isaiah","","Defensive Rebound","","Cheatham, Jr., Kwan; Ivey, Jimond; Johnson, Isaiah; Robotham, Noah; Williams, Josh","1:11"
"02/24/2017","8:00 pm","2nd Half","04:53","74-67","Buffalo","McKinzie, Quate","","Commits Foul","15","Conner, Willie; Hamilton, Blake; Massinburg, CJ; McKinzie, Quate; Perkins, Nick","7:09"
"02/24/2017","8:00 pm","2nd Half","04:53","74-67","Akron","Cheatham, Jr., Kwan","missed","Free Throw","","Cheatham, Jr., Kwan; Ivey, Jimond; Johnson, Isaiah; Robotham, Noah; Williams, Josh","1:26"
"02/24/2017","8:00 pm","2nd Half","04:53","74-67","Akron","Team","","Deadball Rebound","","Cheatham, Jr., Kwan; Ivey, Jimond; Johnson, Isaiah; Robotham, Noah; Williams, Josh","1:26"
"02/24/2017","8:00 pm","2nd Half","04:53","75-67","Akron","Cheatham, Jr., Kwan","made","Free Throw","","Cheatham, Jr., Kwan; Ivey, Jimond; Johnson, Isaiah; Robotham, Noah; Williams, Josh","1:26"
"02/24/2017","8:00 pm","2nd Half","04:53","75-67","Akron","Olojakpoke, Emmanuel","","Enters Game","","Cheatham, Jr., Kwan; Ivey, Jimond; Johnson, Isaiah; Olojakpoke, Emmanuel; Robotham, Noah; Williams, Josh","0:00"
"02/24/2017","8:00 pm","2nd Half","04:53","75-67","Akron","Johnson, Isaiah","","Leaves Game","","Cheatham, Jr., Kwan; Ivey, Jimond; Olojakpoke, Emmanuel; Robotham, Noah; Williams, Josh","2:20"
"02/24/2017","8:00 pm","2nd Half","04:53","75-67","Buffalo","Kadiri, David","","Enters Game","","Conner, Willie; Hamilton, Blake; Kadiri, David; Massinburg, CJ; McKinzie, Quate; Perkins, Nick","0:00"
"02/24/2017","8:00 pm","2nd Half","04:53","75-67","Buffalo","McKinzie, Quate","","Leaves Game","","Conner, Willie; Hamilton, Blake; Kadiri, David; Massinburg, CJ; Perkins, Nick","2:20"
"02/24/2017","8:00 pm","2nd Half","04:46","75-70","Buffalo","Conner, Willie","made","Three Point Jumper","23","Conner, Willie; Hamilton, Blake; Kadiri, David; Massinburg, CJ; Perkins, Nick","2:27"
"02/24/2017","8:00 pm","2nd Half","04:46","75-70","Buffalo","Massinburg, CJ","","Assist","","Conner, Willie; Hamilton, Blake; Kadiri, David; Massinburg, CJ; Perkins, Nick","2:27"
"02/24/2017","8:00 pm","2nd Half","04:25","75-70","Akron","Ivey, Jimond","missed","Layup","9","Cheatham, Jr., Kwan; Ivey, Jimond; Olojakpoke, Emmanuel; Robotham, Noah; Williams, Josh","2:48"
"02/24/2017","8:00 pm","2nd Half","04:25","75-70","Buffalo","Hamilton, Blake","","Defensive Rebound","","Conner, Willie; Hamilton, Blake; Kadiri, David; Massinburg, CJ; Perkins, Nick","2:48"
"02/24/2017","8:00 pm","2nd Half","04:18","75-70","Buffalo","Hamilton, Blake","","Turnover","","Conner, Willie; Hamilton, Blake; Kadiri, David; Massinburg, CJ; Perkins, Nick","2:55"
"02/24/2017","8:00 pm","2nd Half","04:00","77-70","Akron","Olojakpoke, Emmanuel","made","Layup","12","Cheatham, Jr., Kwan; Ivey, Jimond; Olojakpoke, Emmanuel; Robotham, Noah; Williams, Josh","3:13"
"02/24/2017","8:00 pm","2nd Half","04:00","77-70","Akron","Ivey, Jimond","","Assist","","Cheatham, Jr., Kwan; Ivey, Jimond; Olojakpoke, Emmanuel; Robotham, Noah; Williams, Josh","3:13"
"02/24/2017","8:00 pm","2nd Half","03:42","77-72","Buffalo","Perkins, Nick","made","Layup","12","Conner, Willie; Hamilton, Blake; Kadiri, David; Massinburg, CJ; Perkins, Nick","3:31"
"02/24/2017","8:00 pm","2nd Half","03:42","77-72","Buffalo","Hamilton, Blake","","Assist","","Conner, Willie; Hamilton, Blake; Kadiri, David; Massinburg, CJ; Perkins, Nick","3:31"
"02/24/2017","8:00 pm","2nd Half","03:17","79-72","Akron","Williams, Josh","made","Layup","5","Cheatham, Jr., Kwan; Ivey, Jimond; Olojakpoke, Emmanuel; Robotham, Noah; Williams, Josh","3:56"
"02/24/2017","8:00 pm","2nd Half","03:10","79-72","Buffalo","Massinburg, CJ","missed","Three Point Jumper","23","Conner, Willie; Hamilton, Blake; Kadiri, David; Massinburg, CJ; Perkins, Nick","4:03"
"02/24/2017","8:00 pm","2nd Half","03:10","79-72","Akron","Robotham, Noah","","Defensive Rebound","","Cheatham, Jr., Kwan; Ivey, Jimond; Olojakpoke, Emmanuel; Robotham, Noah; Williams, Josh","4:03"
"02/24/2017","8:00 pm","2nd Half","02:49","79-72","Buffalo","Massinburg, CJ","","Commits Foul","9","Conner, Willie; Hamilton, Blake; Kadiri, David; Massinburg, CJ; Perkins, Nick","4:24"
"02/24/2017","8:00 pm","2nd Half","02:49","79-72","Akron","Team","","Media Timeout","","Cheatham, Jr., Kwan; Ivey, Jimond; Olojakpoke, Emmanuel; Robotham, Noah; Williams, Josh","4:24"
"02/24/2017","8:00 pm","2nd Half","02:49","79-72","Akron","Robotham, Noah","missed","Free Throw","","Cheatham, Jr., Kwan; Ivey, Jimond; Olojakpoke, Emmanuel; Robotham, Noah; Williams, Josh","4:24"
"02/24/2017","8:00 pm","2nd Half","02:49","79-72","Akron","Team","","Deadball Rebound","","Cheatham, Jr., Kwan; Ivey, Jimond; Olojakpoke, Emmanuel; Robotham, Noah; Williams, Josh","4:24"
"02/24/2017","8:00 pm","2nd Half","02:49","80-72","Akron","Robotham, Noah","made","Free Throw","","Cheatham, Jr., Kwan; Ivey, Jimond; Olojakpoke, Emmanuel; Robotham, Noah; Williams, Josh","4:24"
"02/24/2017","8:00 pm","2nd Half","02:49","80-72","Akron","Johnson, Isaiah","","Enters Game","","Cheatham, Jr., Kwan; Ivey, Jimond; Johnson, Isaiah; Olojakpoke, Emmanuel; Robotham, Noah; Williams, Josh","0:00"
"02/24/2017","8:00 pm","2nd Half","02:49","80-72","Akron","Olojakpoke, Emmanuel","","Leaves Game","","Cheatham, Jr., Kwan; Ivey, Jimond; Johnson, Isaiah; Robotham, Noah; Williams, Josh","1:26"
"02/24/2017","8:00 pm","2nd Half","02:49","80-72","Buffalo","McKinzie, Quate","","Enters Game","","Conner, Willie; Hamilton, Blake; Kadiri, David; Massinburg, CJ; McKinzie, Quate; Perkins, Nick","0:00"
"02/24/2017","8:00 pm","2nd Half","02:49","80-72","Buffalo","Kadiri, David","","Leaves Game","","Conner, Willie; Hamilton, Blake; Massinburg, CJ; McKinzie, Quate; Perkins, Nick","7:09"
"02/24/2017","8:00 pm","2nd Half","02:41","80-75","Buffalo","Conner, Willie","made","Three Point Jumper","22","Conner, Willie; Hamilton, Blake; Massinburg, CJ; McKinzie, Quate; Perkins, Nick","7:17"
"02/24/2017","8:00 pm","2nd Half","02:41","80-75","Buffalo","Hamilton, Blake","","Assist","","Conner, Willie; Hamilton, Blake; Massinburg, CJ; McKinzie, Quate; Perkins, Nick","7:17"
"02/24/2017","8:00 pm","2nd Half","02:11","83-75","Akron","Ivey, Jimond","made","Three Point Jumper","0","Cheatham, Jr., Kwan; Ivey, Jimond; Johnson, Isaiah; Robotham, Noah; Williams, Josh","2:04"
"02/24/2017","8:00 pm","2nd Half","02:11","83-75","Akron","Robotham, Noah","","Assist","","Cheatham, Jr., Kwan; Ivey, Jimond; Johnson, Isaiah; Robotham, Noah; Williams, Josh","2:04"
"02/24/2017","8:00 pm","2nd Half","01:50","83-75","Akron","Johnson, Isaiah","","Commits Foul","9","Cheatham, Jr., Kwan; Ivey, Jimond; Johnson, Isaiah; Robotham, Noah; Williams, Josh","2:25"
"02/24/2017","8:00 pm","2nd Half","01:50","83-76","Buffalo","Hamilton, Blake","made","Free Throw","","Conner, Willie; Hamilton, Blake; Massinburg, CJ; McKinzie, Quate; Perkins, Nick","8:08"
"02/24/2017","8:00 pm","2nd Half","01:50","83-77","Buffalo","Hamilton, Blake","made","Free Throw","","Conner, Willie; Hamilton, Blake; Massinburg, CJ; McKinzie, Quate; Perkins, Nick","8:08"
"02/24/2017","8:00 pm","2nd Half","01:50","83-77","Akron","Jackson, Antino","","Enters Game","","Cheatham, Jr., Kwan; Ivey, Jimond; Jackson, Antino; Johnson, Isaiah; Robotham, Noah; Williams, Josh","0:00"
"02/24/2017","8:00 pm","2nd Half","01:50","83-77","Akron","Williams, Josh","","Leaves Game","","Cheatham, Jr., Kwan; Ivey, Jimond; Jackson, Antino; Johnson, Isaiah; Robotham, Noah","4:57"
"02/24/2017","8:00 pm","2nd Half","01:50","83-77","Buffalo","Caruthers, Dontay","","Enters Game","","Caruthers, Dontay; Conner, Willie; Hamilton, Blake; Massinburg, CJ; McKinzie, Quate; Perkins, Nick","0:00"
"02/24/2017","8:00 pm","2nd Half","01:50","83-77","Buffalo","Massinburg, CJ","","Leaves Game","","Caruthers, Dontay; Conner, Willie; Hamilton, Blake; McKinzie, Quate; Perkins, Nick","0:00"
"02/24/2017","8:00 pm","2nd Half","01:24","85-77","Akron","Johnson, Isaiah","made","Layup","4","Cheatham, Jr., Kwan; Ivey, Jimond; Jackson, Antino; Johnson, Isaiah; Robotham, Noah","5:23"
"02/24/2017","8:00 pm","2nd Half","01:24","85-77","Akron","Jackson, Antino","","Assist","","Cheatham, Jr., Kwan; Ivey, Jimond; Jackson, Antino; Johnson, Isaiah; Robotham, Noah","5:23"
"02/24/2017","8:00 pm","2nd Half","01:17","85-77","Akron","Ivey, Jimond","","Commits Foul","23","Cheatham, Jr., Kwan; Ivey, Jimond; Jackson, Antino; Johnson, Isaiah; Robotham, Noah","5:30"
"02/24/2017","8:00 pm","2nd Half","01:17","85-78","Buffalo","Hamilton, Blake","made","Free Throw","","Caruthers, Dontay; Conner, Willie; Hamilton, Blake; McKinzie, Quate; Perkins, Nick","0:33"
"02/24/2017","8:00 pm","2nd Half","01:17","85-79","Buffalo","Hamilton, Blake","made","Free Throw","","Caruthers, Dontay; Conner, Willie; Hamilton, Blake; McKinzie, Quate; Perkins, Nick","0:33"
"02/24/2017","8:00 pm","2nd Half","01:17","85-79","Akron","Team","","Second Timeout","","Cheatham, Jr., Kwan; Ivey, Jimond; Jackson, Antino; Johnson, Isaiah; Robotham, Noah","5:30"
"02/24/2017","8:00 pm","2nd Half","01:17","85-79","Akron","Williams, Josh","","Enters Game","","Cheatham, Jr., Kwan; Ivey, Jimond; Jackson, Antino; Johnson, Isaiah; Robotham, Noah; Williams, Josh","0:00"
"02/24/2017","8:00 pm","2nd Half","01:17","85-79","Akron","Ivey, Jimond","","Leaves Game","","Cheatham, Jr., Kwan; Jackson, Antino; Johnson, Isaiah; Robotham, Noah; Williams, Josh","2:30"
"02/24/2017","8:00 pm","2nd Half","01:17","85-79","Buffalo","Massinburg, CJ","","Enters Game","","Caruthers, Dontay; Conner, Willie; Hamilton, Blake; Massinburg, CJ; McKinzie, Quate; Perkins, Nick","0:00"
"02/24/2017","8:00 pm","2nd Half","01:17","85-79","Buffalo","Hamilton, Blake","","Leaves Game","","Caruthers, Dontay; Conner, Willie; Massinburg, CJ; McKinzie, Quate; Perkins, Nick","0:00"
"02/24/2017","8:00 pm","2nd Half","01:11","85-79","Buffalo","Perkins, Nick","","Commits Foul","24","Caruthers, Dontay; Conner, Willie; Massinburg, CJ; McKinzie, Quate; Perkins, Nick","0:06"
"02/24/2017","8:00 pm","2nd Half","01:11","85-79","Akron","Johnson, Isaiah","missed","Free Throw","","Cheatham, Jr., Kwan; Jackson, Antino; Johnson, Isaiah; Robotham, Noah; Williams, Josh","2:36"
"02/24/2017","8:00 pm","2nd Half","01:11","85-79","Akron","Team","","Deadball Rebound","","Cheatham, Jr., Kwan; Jackson, Antino; Johnson, Isaiah; Robotham, Noah; Williams, Josh","2:36"
"02/24/2017","8:00 pm","2nd Half","01:11","85-79","Akron","Johnson, Isaiah","missed","Free Throw","","Cheatham, Jr., Kwan; Jackson, Antino; Johnson, Isaiah; Robotham, Noah; Williams, Josh","2:36"
"02/24/2017","8:00 pm","2nd Half","01:11","85-79","Buffalo","McKinzie, Quate","","Defensive Rebound","","Caruthers, Dontay; Conner, Willie; Massinburg, CJ; McKinzie, Quate; Perkins, Nick","0:06"
"02/24/2017","8:00 pm","2nd Half","01:11","85-79","Buffalo","Hamilton, Blake","","Enters Game","","Caruthers, Dontay; Conner, Willie; Hamilton, Blake; Massinburg, CJ; McKinzie, Quate; Perkins, Nick","0:00"
"02/24/2017","8:00 pm","2nd Half","01:11","85-79","Buffalo","Caruthers, Dontay","","Leaves Game","","Conner, Willie; Hamilton, Blake; Massinburg, CJ; McKinzie, Quate; Perkins, Nick","8:08"
"02/24/2017","8:00 pm","2nd Half","01:03","85-79","Buffalo","Hamilton, Blake","missed","Layup","22","Conner, Willie; Hamilton, Blake; Massinburg, CJ; McKinzie, Quate; Perkins, Nick","8:16"
"02/24/2017","8:00 pm","2nd Half","01:03","85-79","Akron","Robotham, Noah","","Defensive Rebound","","Cheatham, Jr., Kwan; Jackson, Antino; Johnson, Isaiah; Robotham, Noah; Williams, Josh","2:44"
"02/24/2017","8:00 pm","2nd Half","00:54","85-79","Buffalo","Conner, Willie","","Commits Foul","21","Conner, Willie; Hamilton, Blake; Massinburg, CJ; McKinzie, Quate; Perkins, Nick","8:25"
"02/24/2017","8:00 pm","2nd Half","00:54","86-79","Akron","Williams, Josh","made","Free Throw","","Cheatham, Jr., Kwan; Jackson, Antino; Johnson, Isaiah; Robotham, Noah; Williams, Josh","2:53"
"02/24/2017","8:00 pm","2nd Half","00:54","87-79","Akron","Williams, Josh","made","Free Throw","","Cheatham, Jr., Kwan; Jackson, Antino; Johnson, Isaiah; Robotham, Noah; Williams, Josh","2:53"
"02/24/2017","8:00 pm","2nd Half","00:49","87-79","Buffalo","Perkins, Nick","missed","Three Point Jumper","25","Conner, Willie; Hamilton, Blake; Massinburg, CJ; McKinzie, Quate; Perkins, Nick","8:30"
"02/24/2017","8:00 pm","2nd Half","00:49","87-79","Buffalo","Hamilton, Blake","","Offensive Rebound","","Conner, Willie; Hamilton, Blake; Massinburg, CJ; McKinzie, Quate; Perkins, Nick","8:30"
"02/24/2017","8:00 pm","2nd Half","00:46","87-79","Akron","Jackson, Antino","","Commits Foul","27","Cheatham, Jr., Kwan; Jackson, Antino; Johnson, Isaiah; Robotham, Noah; Williams, Josh","3:01"
"02/24/2017","8:00 pm","2nd Half","00:46","87-79","Buffalo","Hamilton, Blake","missed","Free Throw","","Conner, Willie; Hamilton, Blake; Massinburg, CJ; McKinzie, Quate; Perkins, Nick","8:33"
"02/24/2017","8:00 pm","2nd Half","00:46","87-79","Buffalo","Team","","Deadball Rebound","","Conner, Willie; Hamilton, Blake; Massinburg, CJ; McKinzie, Quate; Perkins, Nick","8:33"
"02/24/2017","8:00 pm","2nd Half","00:46","87-79","Buffalo","Hamilton, Blake","missed","Free Throw","","Conner, Willie; Hamilton, Blake; Massinburg, CJ; McKinzie, Quate; Perkins, Nick","8:33"
"02/24/2017","8:00 pm","2nd Half","00:46","87-79","Buffalo","Massinburg, CJ","","Offensive Rebound","","Conner, Willie; Hamilton, Blake; Massinburg, CJ; McKinzie, Quate; Perkins, Nick","8:33"
"02/24/2017","8:00 pm","2nd Half","00:46","87-79","Akron","Dunn-Martin, Tavian","","Enters Game","","Cheatham, Jr., Kwan; Dunn-Martin, Tavian; Jackson, Antino; Johnson, Isaiah; Robotham, Noah; Williams, Josh","0:00"
"02/24/2017","8:00 pm","2nd Half","00:46","87-79","Akron","Jackson, Antino","","Leaves Game","","Cheatham, Jr., Kwan; Dunn-Martin, Tavian; Johnson, Isaiah; Robotham, Noah; Williams, Josh","0:00"
"02/24/2017","8:00 pm","2nd Half","00:43","87-79","Buffalo","Massinburg, CJ","missed","Layup","27","Conner, Willie; Hamilton, Blake; Massinburg, CJ; McKinzie, Quate; Perkins, Nick","8:36"
"02/24/2017","8:00 pm","2nd Half","00:43","87-79","Buffalo","Hamilton, Blake","","Offensive Rebound","","Conner, Willie; Hamilton, Blake; Massinburg, CJ; McKinzie, Quate; Perkins, Nick","8:36"
"02/24/2017","8:00 pm","2nd Half","00:39","87-82","Buffalo","Hamilton, Blake","made","Three Point Jumper","26","Conner, Willie; Hamilton, Blake; Massinburg, CJ; McKinzie, Quate; Perkins, Nick","8:40"
"02/24/2017","8:00 pm","2nd Half","00:36","87-82","Buffalo","Team","","Second Timeout","","Conner, Willie; Hamilton, Blake; Massinburg, CJ; McKinzie, Quate; Perkins, Nick","8:43"
"02/24/2017","8:00 pm","2nd Half","00:36","87-82","Buffalo","Caruthers, Dontay","","Enters Game","","Caruthers, Dontay; Conner, Willie; Hamilton, Blake; Massinburg, CJ; McKinzie, Quate; Perkins, Nick","0:00"
"02/24/2017","8:00 pm","2nd Half","00:36","87-82","Buffalo","Hamilton, Blake","","Leaves Game","","Caruthers, Dontay; Conner, Willie; Massinburg, CJ; McKinzie, Quate; Perkins, Nick","0:06"
"02/24/2017","8:00 pm","2nd Half","00:32","87-82","Buffalo","Massinburg, CJ","","Commits Foul","23","Caruthers, Dontay; Conner, Willie; Massinburg, CJ; McKinzie, Quate; Perkins, Nick","0:10"
"02/24/2017","8:00 pm","2nd Half","00:32","88-82","Akron","Robotham, Noah","made","Free Throw","","Cheatham, Jr., Kwan; Dunn-Martin, Tavian; Johnson, Isaiah; Robotham, Noah; Williams, Josh","0:14"
"02/24/2017","8:00 pm","2nd Half","00:32","88-82","Akron","Robotham, Noah","missed","Free Throw","","Cheatham, Jr., Kwan; Dunn-Martin, Tavian; Johnson, Isaiah; Robotham, Noah; Williams, Josh","0:14"
"02/24/2017","8:00 pm","2nd Half","00:32","88-82","Buffalo","McKinzie, Quate","","Defensive Rebound","","Caruthers, Dontay; Conner, Willie; Massinburg, CJ; McKinzie, Quate; Perkins, Nick","0:10"
"02/24/2017","8:00 pm","2nd Half","00:32","88-82","Akron","Jackson, Aaron","","Enters Game","","Cheatham, Jr., Kwan; Dunn-Martin, Tavian; Jackson, Aaron; Johnson, Isaiah; Robotham, Noah; Williams, Josh","0:00"
"02/24/2017","8:00 pm","2nd Half","00:32","88-82","Akron","Dunn-Martin, Tavian","","Leaves Game","","Cheatham, Jr., Kwan; Jackson, Aaron; Johnson, Isaiah; Robotham, Noah; Williams, Josh","0:00"
"02/24/2017","8:00 pm","2nd Half","00:32","88-82","Buffalo","Hamilton, Blake","","Enters Game","","Caruthers, Dontay; Conner, Willie; Hamilton, Blake; Massinburg, CJ; McKinzie, Quate; Perkins, Nick","0:00"
"02/24/2017","8:00 pm","2nd Half","00:32","88-82","Buffalo","Caruthers, Dontay","","Leaves Game","","Conner, Willie; Hamilton, Blake; Massinburg, CJ; McKinzie, Quate; Perkins, Nick","8:43"
"02/24/2017","8:00 pm","2nd Half","00:25","88-82","Akron","Williams, Josh","","Commits Foul","23","Cheatham, Jr., Kwan; Jackson, Aaron; Johnson, Isaiah; Robotham, Noah; Williams, Josh","0:07"
"02/24/2017","8:00 pm","2nd Half","00:25","88-82","Buffalo","Hamilton, Blake","missed","Free Throw","","Conner, Willie; Hamilton, Blake; Massinburg, CJ; McKinzie, Quate; Perkins, Nick","8:50"
"02/24/2017","8:00 pm","2nd Half","00:25","88-82","Buffalo","Team","","Deadball Rebound","","Conner, Willie; Hamilton, Blake; Massinburg, CJ; McKinzie, Quate; Perkins, Nick","8:50"
"02/24/2017","8:00 pm","2nd Half","00:25","88-83","Buffalo","Hamilton, Blake","made","Free Throw","","Conner, Willie; Hamilton, Blake; Massinburg, CJ; McKinzie, Quate; Perkins, Nick","8:50"
"02/24/2017","8:00 pm","2nd Half","00:25","88-83","Akron","Dunn-Martin, Tavian","","Enters Game","","Cheatham, Jr., Kwan; Dunn-Martin, Tavian; Jackson, Aaron; Johnson, Isaiah; Robotham, Noah; Williams, Josh","0:00"
"02/24/2017","8:00 pm","2nd Half","00:25","88-83","Akron","Jackson, Aaron","","Leaves Game","","Cheatham, Jr., Kwan; Dunn-Martin, Tavian; Johnson, Isaiah; Robotham, Noah; Williams, Josh","0:14"
"02/24/2017","8:00 pm","2nd Half","00:25","88-83","Buffalo","Caruthers, Dontay","","Enters Game","","Caruthers, Dontay; Conner, Willie; Hamilton, Blake; Massinburg, CJ; McKinzie, Quate; Perkins, Nick","0:00"
"02/24/2017","8:00 pm","2nd Half","00:25","88-83","Buffalo","Hamilton, Blake","","Leaves Game","","Caruthers, Dontay; Conner, Willie; Massinburg, CJ; McKinzie, Quate; Perkins, Nick","0:10"
"02/24/2017","8:00 pm","2nd Half","00:17","88-83","Akron","Dunn-Martin, Tavian","","Turnover","","Cheatham, Jr., Kwan; Dunn-Martin, Tavian; Johnson, Isaiah; Robotham, Noah; Williams, Josh","0:22"
"02/24/2017","8:00 pm","2nd Half","00:16","88-83","Buffalo","Caruthers, Dontay","","Steal","","Caruthers, Dontay; Conner, Willie; Massinburg, CJ; McKinzie, Quate; Perkins, Nick","0:19"
"02/24/2017","8:00 pm","2nd Half","00:16","88-83","Akron","Jackson, Aaron","","Enters Game","","Cheatham, Jr., Kwan; Dunn-Martin, Tavian; Jackson, Aaron; Johnson, Isaiah; Robotham, Noah; Williams, Josh","0:00"
"02/24/2017","8:00 pm","2nd Half","00:16","88-83","Akron","Dunn-Martin, Tavian","","Leaves Game","","Cheatham, Jr., Kwan; Jackson, Aaron; Johnson, Isaiah; Robotham, Noah; Williams, Josh","0:07"
"02/24/2017","8:00 pm","2nd Half","00:16","88-83","Buffalo","Hamilton, Blake","","Enters Game","","Caruthers, Dontay; Conner, Willie; Hamilton, Blake; Massinburg, CJ; McKinzie, Quate; Perkins, Nick","0:00"
"02/24/2017","8:00 pm","2nd Half","00:16","88-83","Buffalo","Caruthers, Dontay","","Leaves Game","","Conner, Willie; Hamilton, Blake; Massinburg, CJ; McKinzie, Quate; Perkins, Nick","8:50"
"02/24/2017","8:00 pm","2nd Half","00:15","88-83","Buffalo","Conner, Willie","","Turnover","","Conner, Willie; Hamilton, Blake; Massinburg, CJ; McKinzie, Quate; Perkins, Nick","8:51"
"02/24/2017","8:00 pm","2nd Half","00:14","88-83","Akron","Robotham, Noah","","Steal","","Cheatham, Jr., Kwan; Jackson, Aaron; Johnson, Isaiah; Robotham, Noah; Williams, Josh","0:09"
"02/24/2017","8:00 pm","2nd Half","00:16","88-83","Buffalo","Caruthers, Dontay","","Commits Foul","","Caruthers, Dontay; Conner, Willie; Hamilton, Blake; Massinburg, CJ; McKinzie, Quate; Perkins, Nick","0:00"
"02/24/2017","8:00 pm","2nd Half","00:16","89-83","Akron","Robotham, Noah","made","Free Throw","","Cheatham, Jr., Kwan; Jackson, Aaron; Johnson, Isaiah; Robotham, Noah; Williams, Josh","0:07"
"02/24/2017","8:00 pm","2nd Half","00:16","89-83","Akron","Robotham, Noah","missed","Free Throw","","Cheatham, Jr., Kwan; Jackson, Aaron; Johnson, Isaiah; Robotham, Noah; Williams, Josh","0:07"
"02/24/2017","8:00 pm","2nd Half","00:16","89-83","Buffalo","McKinzie, Quate","","Defensive Rebound","","Caruthers, Dontay; Conner, Willie; Hamilton, Blake; Massinburg, CJ; McKinzie, Quate; Perkins, Nick","0:00"
"02/24/2017","8:00 pm","2nd Half","00:07","89-83","Buffalo","Perkins, Nick","missed","Three Point Jumper","21","Caruthers, Dontay; Conner, Willie; Hamilton, Blake; Massinburg, CJ; McKinzie, Quate; Perkins, Nick","0:09"
"02/24/2017","8:00 pm","2nd Half","00:07","89-83","Buffalo","Massinburg, CJ","","Offensive Rebound","","Caruthers, Dontay; Conner, Willie; Hamilton, Blake; Massinburg, CJ; McKinzie, Quate; Perkins, Nick","0:09"
"02/24/2017","8:00 pm","2nd Half","00:01","89-83","Buffalo","Massinburg, CJ","missed","Three Point Jumper","24","Caruthers, Dontay; Conner, Willie; Hamilton, Blake; Massinburg, CJ; McKinzie, Quate; Perkins, Nick","0:15"
"02/24/2017","8:00 pm","2nd Half","00:01","89-83","Akron","Robotham, Noah","","Defensive Rebound","","Cheatham, Jr., Kwan; Jackson, Aaron; Johnson, Isaiah; Robotham, Noah; Williams, Josh","0:22"
