"Date","Time","Period","Time Left","Score","Team","Player","Status","Action","Shot Clock","Lineup","Lineup Time"
"03/03/2017","9:00 p.m.","1st Half","19:46","3-0","Akron","Cheatham, Jr., Kwan","made","Three Point Jumper","16","Cheatham, Jr., Kwan; Ivey, Jimond; Jackson, Antino; Johnson, Isaiah; Robotham, Noah","0:14"
"03/03/2017","9:00 p.m.","1st Half","19:46","3-0","Akron","Johnson, Isaiah","","Assist","","Cheatham, Jr., Kwan; Ivey, Jimond; Jackson, Antino; Johnson, Isaiah; Robotham, Noah","0:14"
"03/03/2017","9:00 p.m.","1st Half","19:18","3-0","Kent St.","Walker, Jaylin","missed","Three Point Jumper","2","Avery, Jalen; Edwin, Deon; Fleming, Jon; Hall, Jimmy; Walker, Jaylin","0:42"
"03/03/2017","9:00 p.m.","1st Half","19:18","3-0","Kent St.","Avery, Jalen","","Offensive Rebound","","Avery, Jalen; Edwin, Deon; Fleming, Jon; Hall, Jimmy; Walker, Jaylin","0:42"
"03/03/2017","9:00 p.m.","1st Half","19:01","3-0","Kent St.","Fleming, Jon","missed","Three Point Jumper","13","Avery, Jalen; Edwin, Deon; Fleming, Jon; Hall, Jimmy; Walker, Jaylin","0:59"
"03/03/2017","9:00 p.m.","1st Half","19:01","3-0","Akron","Cheatham, Jr., Kwan","","Defensive Rebound","","Cheatham, Jr., Kwan; Ivey, Jimond; Jackson, Antino; Johnson, Isaiah; Robotham, Noah","0:59"
"03/03/2017","9:00 p.m.","1st Half","18:41","5-0","Akron","Johnson, Isaiah","made","Layup","10","Cheatham, Jr., Kwan; Ivey, Jimond; Jackson, Antino; Johnson, Isaiah; Robotham, Noah","1:19"
"03/03/2017","9:00 p.m.","1st Half","18:41","5-0","Akron","Robotham, Noah","","Assist","","Cheatham, Jr., Kwan; Ivey, Jimond; Jackson, Antino; Johnson, Isaiah; Robotham, Noah","1:19"
"03/03/2017","9:00 p.m.","1st Half","18:22","5-2","Kent St.","Hall, Jimmy","made","Two Point Jumper","11","Avery, Jalen; Edwin, Deon; Fleming, Jon; Hall, Jimmy; Walker, Jaylin","1:38"
"03/03/2017","9:00 p.m.","1st Half","18:22","5-2","Kent St.","Avery, Jalen","","Assist","","Avery, Jalen; Edwin, Deon; Fleming, Jon; Hall, Jimmy; Walker, Jaylin","1:38"
"03/03/2017","9:00 p.m.","1st Half","18:04","5-2","Kent St.","Fleming, Jon","","Commits Foul","12","Avery, Jalen; Edwin, Deon; Fleming, Jon; Hall, Jimmy; Walker, Jaylin","1:56"
"03/03/2017","9:00 p.m.","1st Half","18:04","5-2","Kent St.","Peterson, Mitch","","Enters Game","","Avery, Jalen; Edwin, Deon; Fleming, Jon; Hall, Jimmy; Peterson, Mitch; Walker, Jaylin","0:00"
"03/03/2017","9:00 p.m.","1st Half","18:04","5-2","Kent St.","Fleming, Jon","","Leaves Game","","Avery, Jalen; Edwin, Deon; Hall, Jimmy; Peterson, Mitch; Walker, Jaylin","0:00"
"03/03/2017","9:00 p.m.","1st Half","17:59","5-2","Akron","Johnson, Isaiah","","Turnover","","Cheatham, Jr., Kwan; Ivey, Jimond; Jackson, Antino; Johnson, Isaiah; Robotham, Noah","2:01"
"03/03/2017","9:00 p.m.","1st Half","17:58","5-2","Kent St.","Hall, Jimmy","","Steal","","Avery, Jalen; Edwin, Deon; Hall, Jimmy; Peterson, Mitch; Walker, Jaylin","0:06"
"03/03/2017","9:00 p.m.","1st Half","17:48","5-2","Kent St.","Hall, Jimmy","","Turnover","","Avery, Jalen; Edwin, Deon; Hall, Jimmy; Peterson, Mitch; Walker, Jaylin","0:16"
"03/03/2017","9:00 p.m.","1st Half","17:47","5-2","Akron","Ivey, Jimond","","Steal","","Cheatham, Jr., Kwan; Ivey, Jimond; Jackson, Antino; Johnson, Isaiah; Robotham, Noah","2:13"
"03/03/2017","9:00 p.m.","1st Half","17:44","7-2","Akron","Ivey, Jimond","made","Layup","26","Cheatham, Jr., Kwan; Ivey, Jimond; Jackson, Antino; Johnson, Isaiah; Robotham, Noah","2:16"
"03/03/2017","9:00 p.m.","1st Half","17:39","7-2","Kent St.","Peterson, Mitch","missed","Three Point Jumper","25","Avery, Jalen; Edwin, Deon; Hall, Jimmy; Peterson, Mitch; Walker, Jaylin","0:25"
"03/03/2017","9:00 p.m.","1st Half","17:39","7-2","Akron","Cheatham, Jr., Kwan","","Defensive Rebound","","Cheatham, Jr., Kwan; Ivey, Jimond; Jackson, Antino; Johnson, Isaiah; Robotham, Noah","2:21"
"03/03/2017","9:00 p.m.","1st Half","17:29","7-2","Kent St.","Avery, Jalen","","Commits Foul","20","Avery, Jalen; Edwin, Deon; Hall, Jimmy; Peterson, Mitch; Walker, Jaylin","0:35"
"03/03/2017","9:00 p.m.","1st Half","17:20","7-2","Akron","Johnson, Isaiah","","Turnover","","Cheatham, Jr., Kwan; Ivey, Jimond; Jackson, Antino; Johnson, Isaiah; Robotham, Noah","2:40"
"03/03/2017","9:00 p.m.","1st Half","17:03","7-4","Kent St.","Hall, Jimmy","made","Layup","13","Avery, Jalen; Edwin, Deon; Hall, Jimmy; Peterson, Mitch; Walker, Jaylin","1:01"
"03/03/2017","9:00 p.m.","1st Half","17:03","7-4","Kent St.","Edwin, Deon","","Assist","","Avery, Jalen; Edwin, Deon; Hall, Jimmy; Peterson, Mitch; Walker, Jaylin","1:01"
"03/03/2017","9:00 p.m.","1st Half","16:41","10-4","Akron","Robotham, Noah","made","Three Point Jumper","8","Cheatham, Jr., Kwan; Ivey, Jimond; Jackson, Antino; Johnson, Isaiah; Robotham, Noah","3:19"
"03/03/2017","9:00 p.m.","1st Half","16:41","10-4","Akron","Johnson, Isaiah","","Assist","","Cheatham, Jr., Kwan; Ivey, Jimond; Jackson, Antino; Johnson, Isaiah; Robotham, Noah","3:19"
"03/03/2017","9:00 p.m.","1st Half","16:24","10-4","Akron","Robotham, Noah","","Commits Foul","13","Cheatham, Jr., Kwan; Ivey, Jimond; Jackson, Antino; Johnson, Isaiah; Robotham, Noah","3:36"
"03/03/2017","9:00 p.m.","1st Half","16:09","10-6","Kent St.","Hall, Jimmy","made","Two Point Jumper","15","Avery, Jalen; Edwin, Deon; Hall, Jimmy; Peterson, Mitch; Walker, Jaylin","1:55"
"03/03/2017","9:00 p.m.","1st Half","16:09","10-6","Kent St.","Edwin, Deon","","Assist","","Avery, Jalen; Edwin, Deon; Hall, Jimmy; Peterson, Mitch; Walker, Jaylin","1:55"
"03/03/2017","9:00 p.m.","1st Half","15:51","10-6","Akron","Jackson, Antino","missed","Layup","12","Cheatham, Jr., Kwan; Ivey, Jimond; Jackson, Antino; Johnson, Isaiah; Robotham, Noah","4:09"
"03/03/2017","9:00 p.m.","1st Half","15:51","10-6","Kent St.","Hall, Jimmy","","Defensive Rebound","","Avery, Jalen; Edwin, Deon; Hall, Jimmy; Peterson, Mitch; Walker, Jaylin","2:13"
"03/03/2017","9:00 p.m.","1st Half","15:43","10-6","Kent St.","Peterson, Mitch","missed","Three Point Jumper","22","Avery, Jalen; Edwin, Deon; Hall, Jimmy; Peterson, Mitch; Walker, Jaylin","2:21"
"03/03/2017","9:00 p.m.","1st Half","15:43","10-6","Akron","Johnson, Isaiah","","Defensive Rebound","","Cheatham, Jr., Kwan; Ivey, Jimond; Jackson, Antino; Johnson, Isaiah; Robotham, Noah","4:17"
"03/03/2017","9:00 p.m.","1st Half","15:17","13-6","Akron","Jackson, Antino","made","Three Point Jumper","4","Cheatham, Jr., Kwan; Ivey, Jimond; Jackson, Antino; Johnson, Isaiah; Robotham, Noah","4:43"
"03/03/2017","9:00 p.m.","1st Half","14:53","13-6","Akron","Cheatham, Jr., Kwan","","Commits Foul","6","Cheatham, Jr., Kwan; Ivey, Jimond; Jackson, Antino; Johnson, Isaiah; Robotham, Noah","5:07"
"03/03/2017","9:00 p.m.","1st Half","14:53","13-6","Kent St.","Team","","Media Timeout","","Avery, Jalen; Edwin, Deon; Hall, Jimmy; Peterson, Mitch; Walker, Jaylin","3:11"
"03/03/2017","9:00 p.m.","1st Half","14:53","13-6","Akron","Williams, Josh","","Enters Game","","Cheatham, Jr., Kwan; Ivey, Jimond; Jackson, Antino; Johnson, Isaiah; Robotham, Noah; Williams, Josh","0:00"
"03/03/2017","9:00 p.m.","1st Half","14:53","13-6","Akron","Olojakpoke, Emmanuel","","Enters Game","","Cheatham, Jr., Kwan; Ivey, Jimond; Jackson, Antino; Johnson, Isaiah; Olojakpoke, Emmanuel; Robotham, Noah; Williams, Josh","0:00"
"03/03/2017","9:00 p.m.","1st Half","14:53","13-6","Akron","Ivey, Jimond","","Leaves Game","","Cheatham, Jr., Kwan; Jackson, Antino; Johnson, Isaiah; Olojakpoke, Emmanuel; Robotham, Noah; Williams, Josh","0:00"
"03/03/2017","9:00 p.m.","1st Half","14:53","13-6","Akron","Johnson, Isaiah","","Leaves Game","","Cheatham, Jr., Kwan; Jackson, Antino; Olojakpoke, Emmanuel; Robotham, Noah; Williams, Josh","0:00"
"03/03/2017","9:00 p.m.","1st Half","14:53","13-6","Kent St.","Zabo, Kevin","","Enters Game","","Avery, Jalen; Edwin, Deon; Hall, Jimmy; Peterson, Mitch; Walker, Jaylin; Zabo, Kevin","0:00"
"03/03/2017","9:00 p.m.","1st Half","14:53","13-6","Kent St.","Pippen, Danny","","Enters Game","","Avery, Jalen; Edwin, Deon; Hall, Jimmy; Peterson, Mitch; Pippen, Danny; Walker, Jaylin; Zabo, Kevin","0:00"
"03/03/2017","9:00 p.m.","1st Half","14:53","13-6","Kent St.","Avery, Jalen","","Leaves Game","","Edwin, Deon; Hall, Jimmy; Peterson, Mitch; Pippen, Danny; Walker, Jaylin; Zabo, Kevin","0:00"
"03/03/2017","9:00 p.m.","1st Half","14:53","13-6","Kent St.","Edwin, Deon","","Leaves Game","","Hall, Jimmy; Peterson, Mitch; Pippen, Danny; Walker, Jaylin; Zabo, Kevin","0:00"
"03/03/2017","9:00 p.m.","1st Half","14:36","13-6","Kent St.","Zabo, Kevin","missed","Three Point Jumper","13","Hall, Jimmy; Peterson, Mitch; Pippen, Danny; Walker, Jaylin; Zabo, Kevin","0:17"
"03/03/2017","9:00 p.m.","1st Half","14:36","13-6","Akron","Team","","Deadball Rebound","","Cheatham, Jr., Kwan; Jackson, Antino; Olojakpoke, Emmanuel; Robotham, Noah; Williams, Josh","0:17"
"03/03/2017","9:00 p.m.","1st Half","14:35","13-6","Kent St.","Pippen, Danny","","Commits Foul","29","Hall, Jimmy; Peterson, Mitch; Pippen, Danny; Walker, Jaylin; Zabo, Kevin","0:18"
"03/03/2017","9:00 p.m.","1st Half","14:25","15-6","Akron","Cheatham, Jr., Kwan","made","Two Point Jumper","20","Cheatham, Jr., Kwan; Jackson, Antino; Olojakpoke, Emmanuel; Robotham, Noah; Williams, Josh","0:28"
"03/03/2017","9:00 p.m.","1st Half","14:05","15-8","Kent St.","Hall, Jimmy","made","Two Point Jumper","10","Hall, Jimmy; Peterson, Mitch; Pippen, Danny; Walker, Jaylin; Zabo, Kevin","0:48"
"03/03/2017","9:00 p.m.","1st Half","13:40","15-8","Akron","Olojakpoke, Emmanuel","missed","Layup","5","Cheatham, Jr., Kwan; Jackson, Antino; Olojakpoke, Emmanuel; Robotham, Noah; Williams, Josh","1:13"
"03/03/2017","9:00 p.m.","1st Half","13:40","15-8","Akron","Williams, Josh","","Offensive Rebound","","Cheatham, Jr., Kwan; Jackson, Antino; Olojakpoke, Emmanuel; Robotham, Noah; Williams, Josh","1:13"
"03/03/2017","9:00 p.m.","1st Half","13:29","15-8","Akron","Jackson, Antino","","Turnover","","Cheatham, Jr., Kwan; Jackson, Antino; Olojakpoke, Emmanuel; Robotham, Noah; Williams, Josh","1:24"
"03/03/2017","9:00 p.m.","1st Half","13:29","15-8","Akron","Jackson, Antino","","Commits Foul","","Cheatham, Jr., Kwan; Jackson, Antino; Olojakpoke, Emmanuel; Robotham, Noah; Williams, Josh","1:24"
"03/03/2017","9:00 p.m.","1st Half","13:29","15-8","Akron","Ivey, Jimond","","Enters Game","","Cheatham, Jr., Kwan; Ivey, Jimond; Jackson, Antino; Olojakpoke, Emmanuel; Robotham, Noah; Williams, Josh","0:00"
"03/03/2017","9:00 p.m.","1st Half","13:29","15-8","Akron","Jackson, Antino","","Leaves Game","","Cheatham, Jr., Kwan; Ivey, Jimond; Olojakpoke, Emmanuel; Robotham, Noah; Williams, Josh","0:00"
"03/03/2017","9:00 p.m.","1st Half","13:29","15-8","Kent St.","Edwin, Deon","","Enters Game","","Edwin, Deon; Hall, Jimmy; Peterson, Mitch; Pippen, Danny; Walker, Jaylin; Zabo, Kevin","0:00"
"03/03/2017","9:00 p.m.","1st Half","13:29","15-8","Kent St.","Peterson, Mitch","","Leaves Game","","Edwin, Deon; Hall, Jimmy; Pippen, Danny; Walker, Jaylin; Zabo, Kevin","0:00"
"03/03/2017","9:00 p.m.","1st Half","13:11","15-10","Kent St.","Pippen, Danny","made","Layup","12","Edwin, Deon; Hall, Jimmy; Pippen, Danny; Walker, Jaylin; Zabo, Kevin","0:18"
"03/03/2017","9:00 p.m.","1st Half","13:11","15-10","Kent St.","Edwin, Deon","","Assist","","Edwin, Deon; Hall, Jimmy; Pippen, Danny; Walker, Jaylin; Zabo, Kevin","0:18"
"03/03/2017","9:00 p.m.","1st Half","13:11","15-10","Akron","Cheatham, Jr., Kwan","","Commits Foul","","Cheatham, Jr., Kwan; Ivey, Jimond; Olojakpoke, Emmanuel; Robotham, Noah; Williams, Josh","0:18"
"03/03/2017","9:00 p.m.","1st Half","13:11","15-10","Kent St.","Pippen, Danny","missed","Free Throw","","Edwin, Deon; Hall, Jimmy; Pippen, Danny; Walker, Jaylin; Zabo, Kevin","0:18"
"03/03/2017","9:00 p.m.","1st Half","13:11","15-10","Akron","Ivey, Jimond","","Defensive Rebound","","Cheatham, Jr., Kwan; Ivey, Jimond; Olojakpoke, Emmanuel; Robotham, Noah; Williams, Josh","0:18"
"03/03/2017","9:00 p.m.","1st Half","13:11","15-10","Akron","Johnson, Isaiah","","Enters Game","","Cheatham, Jr., Kwan; Ivey, Jimond; Johnson, Isaiah; Olojakpoke, Emmanuel; Robotham, Noah; Williams, Josh","0:00"
"03/03/2017","9:00 p.m.","1st Half","13:11","15-10","Akron","Utomi, Daniel","","Enters Game","","Cheatham, Jr., Kwan; Ivey, Jimond; Johnson, Isaiah; Olojakpoke, Emmanuel; Robotham, Noah; Utomi, Daniel; Williams, Josh","0:00"
"03/03/2017","9:00 p.m.","1st Half","13:11","15-10","Akron","Cheatham, Jr., Kwan","","Leaves Game","","Ivey, Jimond; Johnson, Isaiah; Olojakpoke, Emmanuel; Robotham, Noah; Utomi, Daniel; Williams, Josh","0:00"
"03/03/2017","9:00 p.m.","1st Half","13:11","15-10","Akron","Olojakpoke, Emmanuel","","Leaves Game","","Ivey, Jimond; Johnson, Isaiah; Robotham, Noah; Utomi, Daniel; Williams, Josh","0:00"
"03/03/2017","9:00 p.m.","1st Half","13:11","15-10","Kent St.","De La Rosa, Adonis","","Enters Game","","De La Rosa, Adonis; Edwin, Deon; Hall, Jimmy; Pippen, Danny; Walker, Jaylin; Zabo, Kevin","0:00"
"03/03/2017","9:00 p.m.","1st Half","13:11","15-10","Kent St.","Hall, Jimmy","","Leaves Game","","De La Rosa, Adonis; Edwin, Deon; Pippen, Danny; Walker, Jaylin; Zabo, Kevin","0:00"
"03/03/2017","9:00 p.m.","1st Half","12:41","15-10","Akron","Utomi, Daniel","","Turnover","","Ivey, Jimond; Johnson, Isaiah; Robotham, Noah; Utomi, Daniel; Williams, Josh","0:30"
"03/03/2017","9:00 p.m.","1st Half","12:41","15-10","Kent St.","De La Rosa, Adonis","","Steal","","De La Rosa, Adonis; Edwin, Deon; Pippen, Danny; Walker, Jaylin; Zabo, Kevin","0:30"
"03/03/2017","9:00 p.m.","1st Half","12:23","15-10","Kent St.","De La Rosa, Adonis","missed","Two Point Jumper","12","De La Rosa, Adonis; Edwin, Deon; Pippen, Danny; Walker, Jaylin; Zabo, Kevin","0:48"
"03/03/2017","9:00 p.m.","1st Half","12:23","15-10","Akron","Johnson, Isaiah","","Defensive Rebound","","Ivey, Jimond; Johnson, Isaiah; Robotham, Noah; Utomi, Daniel; Williams, Josh","0:48"
"03/03/2017","9:00 p.m.","1st Half","12:16","15-10","Akron","Ivey, Jimond","missed","Three Point Jumper","23","Ivey, Jimond; Johnson, Isaiah; Robotham, Noah; Utomi, Daniel; Williams, Josh","0:55"
"03/03/2017","9:00 p.m.","1st Half","12:16","15-10","Kent St.","Team","","Defensive Rebound","","De La Rosa, Adonis; Edwin, Deon; Pippen, Danny; Walker, Jaylin; Zabo, Kevin","0:55"
"03/03/2017","9:00 p.m.","1st Half","12:12","15-10","Akron","Dunn-Martin, Tavian","","Enters Game","","Dunn-Martin, Tavian; Ivey, Jimond; Johnson, Isaiah; Robotham, Noah; Utomi, Daniel; Williams, Josh","0:00"
"03/03/2017","9:00 p.m.","1st Half","12:12","15-10","Akron","Robotham, Noah","","Leaves Game","","Dunn-Martin, Tavian; Ivey, Jimond; Johnson, Isaiah; Utomi, Daniel; Williams, Josh","0:00"
"03/03/2017","9:00 p.m.","1st Half","12:04","15-10","Kent St.","De La Rosa, Adonis","","Turnover","","De La Rosa, Adonis; Edwin, Deon; Pippen, Danny; Walker, Jaylin; Zabo, Kevin","1:07"
"03/03/2017","9:00 p.m.","1st Half","12:04","15-10","Kent St.","De La Rosa, Adonis","","Commits Foul","","De La Rosa, Adonis; Edwin, Deon; Pippen, Danny; Walker, Jaylin; Zabo, Kevin","1:07"
"03/03/2017","9:00 p.m.","1st Half","12:04","15-10","Kent St.","Avery, Jalen","","Enters Game","","Avery, Jalen; De La Rosa, Adonis; Edwin, Deon; Pippen, Danny; Walker, Jaylin; Zabo, Kevin","0:00"
"03/03/2017","9:00 p.m.","1st Half","12:04","15-10","Kent St.","Walker, Jaylin","","Leaves Game","","Avery, Jalen; De La Rosa, Adonis; Edwin, Deon; Pippen, Danny; Zabo, Kevin","0:00"
"03/03/2017","9:00 p.m.","1st Half","11:48","17-10","Akron","Williams, Josh","made","Two Point Jumper","14","Dunn-Martin, Tavian; Ivey, Jimond; Johnson, Isaiah; Utomi, Daniel; Williams, Josh","0:24"
"03/03/2017","9:00 p.m.","1st Half","11:27","17-10","Kent St.","De La Rosa, Adonis","","Turnover","","Avery, Jalen; De La Rosa, Adonis; Edwin, Deon; Pippen, Danny; Zabo, Kevin","0:37"
"03/03/2017","9:00 p.m.","1st Half","11:26","17-10","Akron","Williams, Josh","","Steal","","Dunn-Martin, Tavian; Ivey, Jimond; Johnson, Isaiah; Utomi, Daniel; Williams, Josh","0:46"
"03/03/2017","9:00 p.m.","1st Half","11:21","17-10","Akron","Ivey, Jimond","missed","Layup","24","Dunn-Martin, Tavian; Ivey, Jimond; Johnson, Isaiah; Utomi, Daniel; Williams, Josh","0:51"
"03/03/2017","9:00 p.m.","1st Half","11:21","17-10","Kent St.","De La Rosa, Adonis","","Blocked Shot","","Avery, Jalen; De La Rosa, Adonis; Edwin, Deon; Pippen, Danny; Zabo, Kevin","0:43"
"03/03/2017","9:00 p.m.","1st Half","11:19","17-10","Akron","Ivey, Jimond","","Offensive Rebound","","Dunn-Martin, Tavian; Ivey, Jimond; Johnson, Isaiah; Utomi, Daniel; Williams, Josh","0:53"
"03/03/2017","9:00 p.m.","1st Half","11:18","19-10","Akron","Ivey, Jimond","made","Layup","27","Dunn-Martin, Tavian; Ivey, Jimond; Johnson, Isaiah; Utomi, Daniel; Williams, Josh","0:54"
"03/03/2017","9:00 p.m.","1st Half","10:52","19-13","Kent St.","Zabo, Kevin","made","Three Point Jumper","4","Avery, Jalen; De La Rosa, Adonis; Edwin, Deon; Pippen, Danny; Zabo, Kevin","1:12"
"03/03/2017","9:00 p.m.","1st Half","10:52","19-13","Kent St.","Edwin, Deon","","Assist","","Avery, Jalen; De La Rosa, Adonis; Edwin, Deon; Pippen, Danny; Zabo, Kevin","1:12"
"03/03/2017","9:00 p.m.","1st Half","10:33","19-13","Kent St.","De La Rosa, Adonis","","Commits Foul","11","Avery, Jalen; De La Rosa, Adonis; Edwin, Deon; Pippen, Danny; Zabo, Kevin","1:31"
"03/03/2017","9:00 p.m.","1st Half","10:33","19-13","Akron","Team","","Timeout","","Dunn-Martin, Tavian; Ivey, Jimond; Johnson, Isaiah; Utomi, Daniel; Williams, Josh","1:39"
"03/03/2017","9:00 p.m.","1st Half","10:33","19-13","Kent St.","Hall, Jimmy","","Enters Game","","Avery, Jalen; De La Rosa, Adonis; Edwin, Deon; Hall, Jimmy; Pippen, Danny; Zabo, Kevin","0:00"
"03/03/2017","9:00 p.m.","1st Half","10:33","19-13","Kent St.","Walker, Jaylin","","Enters Game","","Avery, Jalen; De La Rosa, Adonis; Edwin, Deon; Hall, Jimmy; Pippen, Danny; Walker, Jaylin; Zabo, Kevin","0:00"
"03/03/2017","9:00 p.m.","1st Half","10:33","19-13","Kent St.","Peterson, Mitch","","Enters Game","","Avery, Jalen; De La Rosa, Adonis; Edwin, Deon; Hall, Jimmy; Peterson, Mitch; Pippen, Danny; Walker, Jaylin; Zabo, Kevin","0:00"
"03/03/2017","9:00 p.m.","1st Half","10:33","19-13","Kent St.","Zabo, Kevin","","Leaves Game","","Avery, Jalen; De La Rosa, Adonis; Edwin, Deon; Hall, Jimmy; Peterson, Mitch; Pippen, Danny; Walker, Jaylin","0:00"
"03/03/2017","9:00 p.m.","1st Half","10:33","19-13","Kent St.","Pippen, Danny","","Leaves Game","","Avery, Jalen; De La Rosa, Adonis; Edwin, Deon; Hall, Jimmy; Peterson, Mitch; Walker, Jaylin","0:00"
"03/03/2017","9:00 p.m.","1st Half","10:33","19-13","Kent St.","De La Rosa, Adonis","","Leaves Game","","Avery, Jalen; Edwin, Deon; Hall, Jimmy; Peterson, Mitch; Walker, Jaylin","3:11"
"03/03/2017","9:00 p.m.","1st Half","10:26","19-13","Akron","Utomi, Daniel","missed","Three Point Jumper","23","Dunn-Martin, Tavian; Ivey, Jimond; Johnson, Isaiah; Utomi, Daniel; Williams, Josh","1:46"
"03/03/2017","9:00 p.m.","1st Half","10:26","19-13","Kent St.","Team","","Defensive Rebound","","Avery, Jalen; Edwin, Deon; Hall, Jimmy; Peterson, Mitch; Walker, Jaylin","3:18"
"03/03/2017","9:00 p.m.","1st Half","09:58","19-13","Kent St.","Hall, Jimmy","missed","Two Point Jumper","2","Avery, Jalen; Edwin, Deon; Hall, Jimmy; Peterson, Mitch; Walker, Jaylin","3:46"
"03/03/2017","9:00 p.m.","1st Half","09:58","19-13","Akron","Johnson, Isaiah","","Defensive Rebound","","Dunn-Martin, Tavian; Ivey, Jimond; Johnson, Isaiah; Utomi, Daniel; Williams, Josh","2:14"
"03/03/2017","9:00 p.m.","1st Half","09:50","19-13","Akron","Dunn-Martin, Tavian","missed","Two Point Jumper","22","Dunn-Martin, Tavian; Ivey, Jimond; Johnson, Isaiah; Utomi, Daniel; Williams, Josh","2:22"
"03/03/2017","9:00 p.m.","1st Half","09:50","19-13","Kent St.","Edwin, Deon","","Defensive Rebound","","Avery, Jalen; Edwin, Deon; Hall, Jimmy; Peterson, Mitch; Walker, Jaylin","3:54"
"03/03/2017","9:00 p.m.","1st Half","09:41","19-13","Kent St.","Peterson, Mitch","missed","Layup","21","Avery, Jalen; Edwin, Deon; Hall, Jimmy; Peterson, Mitch; Walker, Jaylin","4:03"
"03/03/2017","9:00 p.m.","1st Half","09:41","19-13","Akron","Johnson, Isaiah","","Blocked Shot","","Dunn-Martin, Tavian; Ivey, Jimond; Johnson, Isaiah; Utomi, Daniel; Williams, Josh","2:31"
"03/03/2017","9:00 p.m.","1st Half","09:39","19-13","Kent St.","Team","","Offensive Rebound","","Avery, Jalen; Edwin, Deon; Hall, Jimmy; Peterson, Mitch; Walker, Jaylin","4:05"
"03/03/2017","9:00 p.m.","1st Half","09:39","19-13","Kent St.","Hall, Jimmy","missed","Two Point Jumper","28","Avery, Jalen; Edwin, Deon; Hall, Jimmy; Peterson, Mitch; Walker, Jaylin","4:05"
"03/03/2017","9:00 p.m.","1st Half","09:39","19-13","Kent St.","Walker, Jaylin","","Offensive Rebound","","Avery, Jalen; Edwin, Deon; Hall, Jimmy; Peterson, Mitch; Walker, Jaylin","4:05"
"03/03/2017","9:00 p.m.","1st Half","09:39","19-13","Akron","Jackson, Aaron","","Enters Game","","Dunn-Martin, Tavian; Ivey, Jimond; Jackson, Aaron; Johnson, Isaiah; Utomi, Daniel; Williams, Josh","0:00"
"03/03/2017","9:00 p.m.","1st Half","09:39","19-13","Akron","Utomi, Daniel","","Leaves Game","","Dunn-Martin, Tavian; Ivey, Jimond; Jackson, Aaron; Johnson, Isaiah; Williams, Josh","0:00"
"03/03/2017","9:00 p.m.","1st Half","09:33","19-13","Kent St.","Avery, Jalen","missed","Three Point Jumper","24","Avery, Jalen; Edwin, Deon; Hall, Jimmy; Peterson, Mitch; Walker, Jaylin","4:11"
"03/03/2017","9:00 p.m.","1st Half","09:33","19-13","Kent St.","Peterson, Mitch","","Offensive Rebound","","Avery, Jalen; Edwin, Deon; Hall, Jimmy; Peterson, Mitch; Walker, Jaylin","4:11"
"03/03/2017","9:00 p.m.","1st Half","09:25","19-13","Akron","Johnson, Isaiah","","Commits Foul","22","Dunn-Martin, Tavian; Ivey, Jimond; Jackson, Aaron; Johnson, Isaiah; Williams, Josh","0:14"
"03/03/2017","9:00 p.m.","1st Half","09:25","19-14","Kent St.","Edwin, Deon","made","Free Throw","","Avery, Jalen; Edwin, Deon; Hall, Jimmy; Peterson, Mitch; Walker, Jaylin","4:19"
"03/03/2017","9:00 p.m.","1st Half","09:25","19-15","Kent St.","Edwin, Deon","made","Free Throw","","Avery, Jalen; Edwin, Deon; Hall, Jimmy; Peterson, Mitch; Walker, Jaylin","4:19"
"03/03/2017","9:00 p.m.","1st Half","09:25","19-15","Akron","Jackson, Antino","","Enters Game","","Dunn-Martin, Tavian; Ivey, Jimond; Jackson, Aaron; Jackson, Antino; Johnson, Isaiah; Williams, Josh","0:00"
"03/03/2017","9:00 p.m.","1st Half","09:25","19-15","Akron","Robotham, Noah","","Enters Game","","Dunn-Martin, Tavian; Ivey, Jimond; Jackson, Aaron; Jackson, Antino; Johnson, Isaiah; Robotham, Noah; Williams, Josh","0:00"
"03/03/2017","9:00 p.m.","1st Half","09:25","19-15","Akron","Dunn-Martin, Tavian","","Leaves Game","","Ivey, Jimond; Jackson, Aaron; Jackson, Antino; Johnson, Isaiah; Robotham, Noah; Williams, Josh","0:00"
"03/03/2017","9:00 p.m.","1st Half","09:25","19-15","Akron","Ivey, Jimond","","Leaves Game","","Jackson, Aaron; Jackson, Antino; Johnson, Isaiah; Robotham, Noah; Williams, Josh","0:00"
"03/03/2017","9:00 p.m.","1st Half","09:25","19-15","Kent St.","Ridenour, Desmond","","Enters Game","","Avery, Jalen; Edwin, Deon; Hall, Jimmy; Peterson, Mitch; Ridenour, Desmond; Walker, Jaylin","0:00"
"03/03/2017","9:00 p.m.","1st Half","09:25","19-15","Kent St.","Peterson, Mitch","","Leaves Game","","Avery, Jalen; Edwin, Deon; Hall, Jimmy; Ridenour, Desmond; Walker, Jaylin","0:00"
"03/03/2017","9:00 p.m.","1st Half","09:09","19-15","Akron","Jackson, Antino","","Turnover","","Jackson, Aaron; Jackson, Antino; Johnson, Isaiah; Robotham, Noah; Williams, Josh","0:16"
"03/03/2017","9:00 p.m.","1st Half","08:56","19-15","Akron","Jackson, Antino","","Commits Foul","17","Jackson, Aaron; Jackson, Antino; Johnson, Isaiah; Robotham, Noah; Williams, Josh","0:29"
"03/03/2017","9:00 p.m.","1st Half","08:56","19-15","Kent St.","Avery, Jalen","missed","Free Throw","","Avery, Jalen; Edwin, Deon; Hall, Jimmy; Ridenour, Desmond; Walker, Jaylin","0:29"
"03/03/2017","9:00 p.m.","1st Half","08:56","19-15","Kent St.","Team","","Deadball Rebound","","Avery, Jalen; Edwin, Deon; Hall, Jimmy; Ridenour, Desmond; Walker, Jaylin","0:29"
"03/03/2017","9:00 p.m.","1st Half","08:56","19-16","Kent St.","Avery, Jalen","made","Free Throw","","Avery, Jalen; Edwin, Deon; Hall, Jimmy; Ridenour, Desmond; Walker, Jaylin","0:29"
"03/03/2017","9:00 p.m.","1st Half","08:56","19-16","Akron","Ivey, Jimond","","Enters Game","","Ivey, Jimond; Jackson, Aaron; Jackson, Antino; Johnson, Isaiah; Robotham, Noah; Williams, Josh","0:00"
"03/03/2017","9:00 p.m.","1st Half","08:56","19-16","Akron","Jackson, Antino","","Leaves Game","","Ivey, Jimond; Jackson, Aaron; Johnson, Isaiah; Robotham, Noah; Williams, Josh","0:00"
"03/03/2017","9:00 p.m.","1st Half","08:38","19-16","Akron","Williams, Josh","missed","Three Point Jumper","12","Ivey, Jimond; Jackson, Aaron; Johnson, Isaiah; Robotham, Noah; Williams, Josh","0:18"
"03/03/2017","9:00 p.m.","1st Half","08:38","19-16","Akron","Jackson, Aaron","","Offensive Rebound","","Ivey, Jimond; Jackson, Aaron; Johnson, Isaiah; Robotham, Noah; Williams, Josh","0:18"
"03/03/2017","9:00 p.m.","1st Half","08:18","19-16","Akron","Jackson, Aaron","missed","Three Point Jumper","10","Ivey, Jimond; Jackson, Aaron; Johnson, Isaiah; Robotham, Noah; Williams, Josh","0:38"
"03/03/2017","9:00 p.m.","1st Half","08:18","19-16","Akron","Ivey, Jimond","","Offensive Rebound","","Ivey, Jimond; Jackson, Aaron; Johnson, Isaiah; Robotham, Noah; Williams, Josh","0:38"
"03/03/2017","9:00 p.m.","1st Half","08:14","19-16","Akron","Williams, Josh","missed","Three Point Jumper","26","Ivey, Jimond; Jackson, Aaron; Johnson, Isaiah; Robotham, Noah; Williams, Josh","0:42"
"03/03/2017","9:00 p.m.","1st Half","08:14","19-16","Kent St.","Avery, Jalen","","Defensive Rebound","","Avery, Jalen; Edwin, Deon; Hall, Jimmy; Ridenour, Desmond; Walker, Jaylin","1:11"
"03/03/2017","9:00 p.m.","1st Half","08:02","19-16","Kent St.","Edwin, Deon","missed","Two Point Jumper","18","Avery, Jalen; Edwin, Deon; Hall, Jimmy; Ridenour, Desmond; Walker, Jaylin","1:23"
"03/03/2017","9:00 p.m.","1st Half","08:02","19-16","Kent St.","Edwin, Deon","","Offensive Rebound","","Avery, Jalen; Edwin, Deon; Hall, Jimmy; Ridenour, Desmond; Walker, Jaylin","1:23"
"03/03/2017","9:00 p.m.","1st Half","07:59","19-16","Kent St.","Edwin, Deon","","Turnover","","Avery, Jalen; Edwin, Deon; Hall, Jimmy; Ridenour, Desmond; Walker, Jaylin","1:26"
"03/03/2017","9:00 p.m.","1st Half","07:59","19-16","Akron","Ivey, Jimond","","Steal","","Ivey, Jimond; Jackson, Aaron; Johnson, Isaiah; Robotham, Noah; Williams, Josh","0:57"
"03/03/2017","9:00 p.m.","1st Half","07:45","19-16","Akron","Ivey, Jimond","missed","Three Point Jumper","16","Ivey, Jimond; Jackson, Aaron; Johnson, Isaiah; Robotham, Noah; Williams, Josh","1:11"
"03/03/2017","9:00 p.m.","1st Half","07:45","19-16","Kent St.","Walker, Jaylin","","Defensive Rebound","","Avery, Jalen; Edwin, Deon; Hall, Jimmy; Ridenour, Desmond; Walker, Jaylin","1:40"
"03/03/2017","9:00 p.m.","1st Half","07:27","19-16","Kent St.","Walker, Jaylin","missed","Two Point Jumper","12","Avery, Jalen; Edwin, Deon; Hall, Jimmy; Ridenour, Desmond; Walker, Jaylin","1:58"
"03/03/2017","9:00 p.m.","1st Half","07:27","19-16","Kent St.","Hall, Jimmy","","Offensive Rebound","","Avery, Jalen; Edwin, Deon; Hall, Jimmy; Ridenour, Desmond; Walker, Jaylin","1:58"
"03/03/2017","9:00 p.m.","1st Half","07:25","19-18","Kent St.","Hall, Jimmy","made","Tip In","28","Avery, Jalen; Edwin, Deon; Hall, Jimmy; Ridenour, Desmond; Walker, Jaylin","2:00"
"03/03/2017","9:00 p.m.","1st Half","07:06","19-18","Kent St.","Hall, Jimmy","","Commits Foul","11","Avery, Jalen; Edwin, Deon; Hall, Jimmy; Ridenour, Desmond; Walker, Jaylin","2:19"
"03/03/2017","9:00 p.m.","1st Half","07:06","19-18","Akron","Team","","Timeout","","Ivey, Jimond; Jackson, Aaron; Johnson, Isaiah; Robotham, Noah; Williams, Josh","1:50"
"03/03/2017","9:00 p.m.","1st Half","07:05","19-18","Akron","Jackson, Antino","","Enters Game","","Ivey, Jimond; Jackson, Aaron; Jackson, Antino; Johnson, Isaiah; Robotham, Noah; Williams, Josh","0:00"
"03/03/2017","9:00 p.m.","1st Half","07:05","19-18","Akron","Olojakpoke, Emmanuel","","Enters Game","","Ivey, Jimond; Jackson, Aaron; Jackson, Antino; Johnson, Isaiah; Olojakpoke, Emmanuel; Robotham, Noah; Williams, Josh","0:00"
"03/03/2017","9:00 p.m.","1st Half","07:05","19-18","Akron","Cheatham, Jr., Kwan","","Enters Game","","Cheatham, Jr., Kwan; Ivey, Jimond; Jackson, Aaron; Jackson, Antino; Johnson, Isaiah; Olojakpoke, Emmanuel; Robotham, Noah; Williams, Josh","0:00"
"03/03/2017","9:00 p.m.","1st Half","07:05","19-18","Akron","Williams, Josh","","Leaves Game","","Cheatham, Jr., Kwan; Ivey, Jimond; Jackson, Aaron; Jackson, Antino; Johnson, Isaiah; Olojakpoke, Emmanuel; Robotham, Noah","0:00"
"03/03/2017","9:00 p.m.","1st Half","07:05","19-18","Akron","Johnson, Isaiah","","Leaves Game","","Cheatham, Jr., Kwan; Ivey, Jimond; Jackson, Aaron; Jackson, Antino; Olojakpoke, Emmanuel; Robotham, Noah","0:00"
"03/03/2017","9:00 p.m.","1st Half","07:05","19-18","Akron","Jackson, Aaron","","Leaves Game","","Cheatham, Jr., Kwan; Ivey, Jimond; Jackson, Antino; Olojakpoke, Emmanuel; Robotham, Noah","0:00"
"03/03/2017","9:00 p.m.","1st Half","07:05","19-18","Kent St.","Zabo, Kevin","","Enters Game","","Avery, Jalen; Edwin, Deon; Hall, Jimmy; Ridenour, Desmond; Walker, Jaylin; Zabo, Kevin","0:00"
"03/03/2017","9:00 p.m.","1st Half","07:05","19-18","Kent St.","Peterson, Mitch","","Enters Game","","Avery, Jalen; Edwin, Deon; Hall, Jimmy; Peterson, Mitch; Ridenour, Desmond; Walker, Jaylin; Zabo, Kevin","0:00"
"03/03/2017","9:00 p.m.","1st Half","07:05","19-18","Kent St.","Avery, Jalen","","Leaves Game","","Edwin, Deon; Hall, Jimmy; Peterson, Mitch; Ridenour, Desmond; Walker, Jaylin; Zabo, Kevin","0:00"
"03/03/2017","9:00 p.m.","1st Half","07:05","19-18","Kent St.","Ridenour, Desmond","","Leaves Game","","Edwin, Deon; Hall, Jimmy; Peterson, Mitch; Walker, Jaylin; Zabo, Kevin","0:00"
"03/03/2017","9:00 p.m.","1st Half","07:00","21-18","Akron","Olojakpoke, Emmanuel","made","Layup","24","Cheatham, Jr., Kwan; Ivey, Jimond; Jackson, Antino; Olojakpoke, Emmanuel; Robotham, Noah","0:05"
"03/03/2017","9:00 p.m.","1st Half","07:00","21-18","Akron","Robotham, Noah","","Assist","","Cheatham, Jr., Kwan; Ivey, Jimond; Jackson, Antino; Olojakpoke, Emmanuel; Robotham, Noah","0:05"
"03/03/2017","9:00 p.m.","1st Half","06:42","21-18","Kent St.","Edwin, Deon","missed","Three Point Jumper","12","Edwin, Deon; Hall, Jimmy; Peterson, Mitch; Walker, Jaylin; Zabo, Kevin","0:23"
"03/03/2017","9:00 p.m.","1st Half","06:42","21-18","Akron","Olojakpoke, Emmanuel","","Defensive Rebound","","Cheatham, Jr., Kwan; Ivey, Jimond; Jackson, Antino; Olojakpoke, Emmanuel; Robotham, Noah","0:23"
"03/03/2017","9:00 p.m.","1st Half","06:30","21-18","Akron","Cheatham, Jr., Kwan","missed","Two Point Jumper","18","Cheatham, Jr., Kwan; Ivey, Jimond; Jackson, Antino; Olojakpoke, Emmanuel; Robotham, Noah","0:35"
"03/03/2017","9:00 p.m.","1st Half","06:30","21-18","Kent St.","Hall, Jimmy","","Defensive Rebound","","Edwin, Deon; Hall, Jimmy; Peterson, Mitch; Walker, Jaylin; Zabo, Kevin","0:35"
"03/03/2017","9:00 p.m.","1st Half","06:20","21-18","Akron","Olojakpoke, Emmanuel","","Commits Foul","20","Cheatham, Jr., Kwan; Ivey, Jimond; Jackson, Antino; Olojakpoke, Emmanuel; Robotham, Noah","0:45"
"03/03/2017","9:00 p.m.","1st Half","06:20","21-19","Kent St.","Zabo, Kevin","made","Free Throw","","Edwin, Deon; Hall, Jimmy; Peterson, Mitch; Walker, Jaylin; Zabo, Kevin","0:45"
"03/03/2017","9:00 p.m.","1st Half","06:20","21-19","Kent St.","Zabo, Kevin","missed","Free Throw","","Edwin, Deon; Hall, Jimmy; Peterson, Mitch; Walker, Jaylin; Zabo, Kevin","0:45"
"03/03/2017","9:00 p.m.","1st Half","06:20","21-19","Akron","Olojakpoke, Emmanuel","","Defensive Rebound","","Cheatham, Jr., Kwan; Ivey, Jimond; Jackson, Antino; Olojakpoke, Emmanuel; Robotham, Noah","0:45"
"03/03/2017","9:00 p.m.","1st Half","06:20","21-19","Kent St.","Pippen, Danny","","Enters Game","","Edwin, Deon; Hall, Jimmy; Peterson, Mitch; Pippen, Danny; Walker, Jaylin; Zabo, Kevin","0:00"
"03/03/2017","9:00 p.m.","1st Half","06:20","21-19","Kent St.","Hall, Jimmy","","Leaves Game","","Edwin, Deon; Peterson, Mitch; Pippen, Danny; Walker, Jaylin; Zabo, Kevin","0:00"
"03/03/2017","9:00 p.m.","1st Half","06:05","21-19","Akron","Ivey, Jimond","missed","Dunk","15","Cheatham, Jr., Kwan; Ivey, Jimond; Jackson, Antino; Olojakpoke, Emmanuel; Robotham, Noah","1:00"
"03/03/2017","9:00 p.m.","1st Half","06:05","21-19","Akron","Jackson, Antino","","Offensive Rebound","","Cheatham, Jr., Kwan; Ivey, Jimond; Jackson, Antino; Olojakpoke, Emmanuel; Robotham, Noah","1:00"
"03/03/2017","9:00 p.m.","1st Half","05:53","23-19","Akron","Olojakpoke, Emmanuel","made","Dunk","18","Cheatham, Jr., Kwan; Ivey, Jimond; Jackson, Antino; Olojakpoke, Emmanuel; Robotham, Noah","1:12"
"03/03/2017","9:00 p.m.","1st Half","05:53","23-19","Akron","Ivey, Jimond","","Assist","","Cheatham, Jr., Kwan; Ivey, Jimond; Jackson, Antino; Olojakpoke, Emmanuel; Robotham, Noah","1:12"
"03/03/2017","9:00 p.m.","1st Half","05:31","23-19","Kent St.","Edwin, Deon","missed","Layup","8","Edwin, Deon; Peterson, Mitch; Pippen, Danny; Walker, Jaylin; Zabo, Kevin","0:49"
"03/03/2017","9:00 p.m.","1st Half","05:31","23-19","Kent St.","Pippen, Danny","","Offensive Rebound","","Edwin, Deon; Peterson, Mitch; Pippen, Danny; Walker, Jaylin; Zabo, Kevin","0:49"
"03/03/2017","9:00 p.m.","1st Half","05:25","23-19","Akron","Olojakpoke, Emmanuel","","Commits Foul","24","Cheatham, Jr., Kwan; Ivey, Jimond; Jackson, Antino; Olojakpoke, Emmanuel; Robotham, Noah","1:40"
"03/03/2017","9:00 p.m.","1st Half","05:25","23-20","Kent St.","Pippen, Danny","made","Free Throw","","Edwin, Deon; Peterson, Mitch; Pippen, Danny; Walker, Jaylin; Zabo, Kevin","0:55"
"03/03/2017","9:00 p.m.","1st Half","05:25","23-21","Kent St.","Pippen, Danny","made","Free Throw","","Edwin, Deon; Peterson, Mitch; Pippen, Danny; Walker, Jaylin; Zabo, Kevin","0:55"
"03/03/2017","9:00 p.m.","1st Half","05:25","23-21","Akron","Utomi, Daniel","","Enters Game","","Cheatham, Jr., Kwan; Ivey, Jimond; Jackson, Antino; Olojakpoke, Emmanuel; Robotham, Noah; Utomi, Daniel","0:00"
"03/03/2017","9:00 p.m.","1st Half","05:25","23-21","Akron","Johnson, Isaiah","","Enters Game","","Cheatham, Jr., Kwan; Ivey, Jimond; Jackson, Antino; Johnson, Isaiah; Olojakpoke, Emmanuel; Robotham, Noah; Utomi, Daniel","0:00"
"03/03/2017","9:00 p.m.","1st Half","05:25","23-21","Akron","Olojakpoke, Emmanuel","","Leaves Game","","Cheatham, Jr., Kwan; Ivey, Jimond; Jackson, Antino; Johnson, Isaiah; Robotham, Noah; Utomi, Daniel","0:00"
"03/03/2017","9:00 p.m.","1st Half","05:25","23-21","Akron","Cheatham, Jr., Kwan","","Leaves Game","","Ivey, Jimond; Jackson, Antino; Johnson, Isaiah; Robotham, Noah; Utomi, Daniel","0:00"
"03/03/2017","9:00 p.m.","1st Half","05:25","23-21","Kent St.","Hall, Jimmy","","Enters Game","","Edwin, Deon; Hall, Jimmy; Peterson, Mitch; Pippen, Danny; Walker, Jaylin; Zabo, Kevin","0:00"
"03/03/2017","9:00 p.m.","1st Half","05:25","23-21","Kent St.","Avery, Jalen","","Enters Game","","Avery, Jalen; Edwin, Deon; Hall, Jimmy; Peterson, Mitch; Pippen, Danny; Walker, Jaylin; Zabo, Kevin","0:00"
"03/03/2017","9:00 p.m.","1st Half","05:25","23-21","Kent St.","Edwin, Deon","","Leaves Game","","Avery, Jalen; Hall, Jimmy; Peterson, Mitch; Pippen, Danny; Walker, Jaylin; Zabo, Kevin","0:00"
"03/03/2017","9:00 p.m.","1st Half","05:25","23-21","Kent St.","Peterson, Mitch","","Leaves Game","","Avery, Jalen; Hall, Jimmy; Pippen, Danny; Walker, Jaylin; Zabo, Kevin","0:00"
"03/03/2017","9:00 p.m.","1st Half","05:01","25-21","Akron","Robotham, Noah","made","Two Point Jumper","6","Ivey, Jimond; Jackson, Antino; Johnson, Isaiah; Robotham, Noah; Utomi, Daniel","0:24"
"03/03/2017","9:00 p.m.","1st Half","04:49","25-21","Kent St.","Hall, Jimmy","missed","Two Point Jumper","18","Avery, Jalen; Hall, Jimmy; Pippen, Danny; Walker, Jaylin; Zabo, Kevin","0:36"
"03/03/2017","9:00 p.m.","1st Half","04:49","25-21","Akron","Ivey, Jimond","","Defensive Rebound","","Ivey, Jimond; Jackson, Antino; Johnson, Isaiah; Robotham, Noah; Utomi, Daniel","0:36"
"03/03/2017","9:00 p.m.","1st Half","04:33","25-21","Akron","Utomi, Daniel","missed","Two Point Jumper","14","Ivey, Jimond; Jackson, Antino; Johnson, Isaiah; Robotham, Noah; Utomi, Daniel","0:52"
"03/03/2017","9:00 p.m.","1st Half","04:33","25-21","Kent St.","Hall, Jimmy","","Defensive Rebound","","Avery, Jalen; Hall, Jimmy; Pippen, Danny; Walker, Jaylin; Zabo, Kevin","0:52"
"03/03/2017","9:00 p.m.","1st Half","04:18","25-24","Kent St.","Walker, Jaylin","made","Three Point Jumper","15","Avery, Jalen; Hall, Jimmy; Pippen, Danny; Walker, Jaylin; Zabo, Kevin","1:07"
"03/03/2017","9:00 p.m.","1st Half","04:18","25-24","Kent St.","Avery, Jalen","","Assist","","Avery, Jalen; Hall, Jimmy; Pippen, Danny; Walker, Jaylin; Zabo, Kevin","1:07"
"03/03/2017","9:00 p.m.","1st Half","03:57","28-24","Akron","Jackson, Antino","made","Three Point Jumper","9","Ivey, Jimond; Jackson, Antino; Johnson, Isaiah; Robotham, Noah; Utomi, Daniel","1:28"
"03/03/2017","9:00 p.m.","1st Half","03:31","28-24","Kent St.","Zabo, Kevin","missed","Three Point Jumper","4","Avery, Jalen; Hall, Jimmy; Pippen, Danny; Walker, Jaylin; Zabo, Kevin","1:54"
"03/03/2017","9:00 p.m.","1st Half","03:31","28-24","Akron","Ivey, Jimond","","Defensive Rebound","","Ivey, Jimond; Jackson, Antino; Johnson, Isaiah; Robotham, Noah; Utomi, Daniel","1:54"
"03/03/2017","9:00 p.m.","1st Half","03:23","28-24","Akron","Jackson, Antino","missed","Three Point Jumper","22","Ivey, Jimond; Jackson, Antino; Johnson, Isaiah; Robotham, Noah; Utomi, Daniel","2:02"
"03/03/2017","9:00 p.m.","1st Half","03:23","28-24","Kent St.","Walker, Jaylin","","Defensive Rebound","","Avery, Jalen; Hall, Jimmy; Pippen, Danny; Walker, Jaylin; Zabo, Kevin","2:02"
"03/03/2017","9:00 p.m.","1st Half","03:17","28-24","Kent St.","Walker, Jaylin","missed","Three Point Jumper","24","Avery, Jalen; Hall, Jimmy; Pippen, Danny; Walker, Jaylin; Zabo, Kevin","2:08"
"03/03/2017","9:00 p.m.","1st Half","03:17","28-24","Akron","Team","","Deadball Rebound","","Ivey, Jimond; Jackson, Antino; Johnson, Isaiah; Robotham, Noah; Utomi, Daniel","2:08"
"03/03/2017","9:00 p.m.","1st Half","03:15","28-24","Kent St.","Pippen, Danny","","Commits Foul","28","Avery, Jalen; Hall, Jimmy; Pippen, Danny; Walker, Jaylin; Zabo, Kevin","2:10"
"03/03/2017","9:00 p.m.","1st Half","03:15","28-24","Akron","Team","","Timeout","","Ivey, Jimond; Jackson, Antino; Johnson, Isaiah; Robotham, Noah; Utomi, Daniel","2:10"
"03/03/2017","9:00 p.m.","1st Half","03:15","29-24","Akron","Utomi, Daniel","made","Free Throw","","Ivey, Jimond; Jackson, Antino; Johnson, Isaiah; Robotham, Noah; Utomi, Daniel","2:10"
"03/03/2017","9:00 p.m.","1st Half","03:15","30-24","Akron","Utomi, Daniel","made","Free Throw","","Ivey, Jimond; Jackson, Antino; Johnson, Isaiah; Robotham, Noah; Utomi, Daniel","2:10"
"03/03/2017","9:00 p.m.","1st Half","03:15","30-24","Akron","Williams, Josh","","Enters Game","","Ivey, Jimond; Jackson, Antino; Johnson, Isaiah; Robotham, Noah; Utomi, Daniel; Williams, Josh","0:00"
"03/03/2017","9:00 p.m.","1st Half","03:15","30-24","Akron","Dunn-Martin, Tavian","","Enters Game","","Dunn-Martin, Tavian; Ivey, Jimond; Jackson, Antino; Johnson, Isaiah; Robotham, Noah; Utomi, Daniel; Williams, Josh","0:00"
"03/03/2017","9:00 p.m.","1st Half","03:15","30-24","Akron","Ivey, Jimond","","Leaves Game","","Dunn-Martin, Tavian; Jackson, Antino; Johnson, Isaiah; Robotham, Noah; Utomi, Daniel; Williams, Josh","0:00"
"03/03/2017","9:00 p.m.","1st Half","03:15","30-24","Akron","Robotham, Noah","","Leaves Game","","Dunn-Martin, Tavian; Jackson, Antino; Johnson, Isaiah; Utomi, Daniel; Williams, Josh","0:00"
"03/03/2017","9:00 p.m.","1st Half","03:15","30-24","Kent St.","Edwin, Deon","","Enters Game","","Avery, Jalen; Edwin, Deon; Hall, Jimmy; Pippen, Danny; Walker, Jaylin; Zabo, Kevin","0:00"
"03/03/2017","9:00 p.m.","1st Half","03:15","30-24","Kent St.","Pippen, Danny","","Leaves Game","","Avery, Jalen; Edwin, Deon; Hall, Jimmy; Walker, Jaylin; Zabo, Kevin","0:00"
"03/03/2017","9:00 p.m.","1st Half","02:59","30-26","Kent St.","Edwin, Deon","made","Two Point Jumper","14","Avery, Jalen; Edwin, Deon; Hall, Jimmy; Walker, Jaylin; Zabo, Kevin","0:16"
"03/03/2017","9:00 p.m.","1st Half","02:43","30-26","Akron","Dunn-Martin, Tavian","missed","Two Point Jumper","14","Dunn-Martin, Tavian; Jackson, Antino; Johnson, Isaiah; Utomi, Daniel; Williams, Josh","0:32"
"03/03/2017","9:00 p.m.","1st Half","02:43","30-26","Akron","Johnson, Isaiah","","Offensive Rebound","","Dunn-Martin, Tavian; Jackson, Antino; Johnson, Isaiah; Utomi, Daniel; Williams, Josh","0:32"
"03/03/2017","9:00 p.m.","1st Half","02:37","30-26","Akron","Johnson, Isaiah","missed","Two Point Jumper","24","Dunn-Martin, Tavian; Jackson, Antino; Johnson, Isaiah; Utomi, Daniel; Williams, Josh","0:38"
"03/03/2017","9:00 p.m.","1st Half","02:37","30-26","Kent St.","Hall, Jimmy","","Blocked Shot","","Avery, Jalen; Edwin, Deon; Hall, Jimmy; Walker, Jaylin; Zabo, Kevin","0:38"
"03/03/2017","9:00 p.m.","1st Half","02:37","30-26","Kent St.","De La Rosa, Adonis","","Defensive Rebound","","Avery, Jalen; De La Rosa, Adonis; Edwin, Deon; Hall, Jimmy; Walker, Jaylin; Zabo, Kevin","0:00"
"03/03/2017","9:00 p.m.","1st Half","02:37","30-26","Akron","Ivey, Jimond","","Enters Game","","Dunn-Martin, Tavian; Ivey, Jimond; Jackson, Antino; Johnson, Isaiah; Utomi, Daniel; Williams, Josh","0:00"
"03/03/2017","9:00 p.m.","1st Half","02:37","30-26","Akron","Jackson, Antino","","Leaves Game","","Dunn-Martin, Tavian; Ivey, Jimond; Johnson, Isaiah; Utomi, Daniel; Williams, Josh","2:33"
"03/03/2017","9:00 p.m.","1st Half","02:25","30-26","Kent St.","Zabo, Kevin","","Commits Foul","18","Avery, Jalen; De La Rosa, Adonis; Edwin, Deon; Hall, Jimmy; Walker, Jaylin; Zabo, Kevin","0:12"
"03/03/2017","9:00 p.m.","1st Half","02:25","30-26","Akron","Williams, Josh","missed","Free Throw","","Dunn-Martin, Tavian; Ivey, Jimond; Johnson, Isaiah; Utomi, Daniel; Williams, Josh","2:45"
"03/03/2017","9:00 p.m.","1st Half","02:25","30-26","Kent St.","Walker, Jaylin","","Defensive Rebound","","Avery, Jalen; De La Rosa, Adonis; Edwin, Deon; Hall, Jimmy; Walker, Jaylin; Zabo, Kevin","0:12"
"03/03/2017","9:00 p.m.","1st Half","01:59","30-26","Kent St.","Walker, Jaylin","missed","Two Point Jumper","4","Avery, Jalen; De La Rosa, Adonis; Edwin, Deon; Hall, Jimmy; Walker, Jaylin; Zabo, Kevin","0:38"
"03/03/2017","9:00 p.m.","1st Half","01:59","30-26","Akron","Team","","Defensive Rebound","","Dunn-Martin, Tavian; Ivey, Jimond; Johnson, Isaiah; Utomi, Daniel; Williams, Josh","3:11"
"03/03/2017","9:00 p.m.","1st Half","01:40","30-26","Akron","Johnson, Isaiah","","Turnover","","Dunn-Martin, Tavian; Ivey, Jimond; Johnson, Isaiah; Utomi, Daniel; Williams, Josh","3:30"
"03/03/2017","9:00 p.m.","1st Half","01:31","30-26","Kent St.","Avery, Jalen","missed","Three Point Jumper","21","Avery, Jalen; De La Rosa, Adonis; Edwin, Deon; Hall, Jimmy; Walker, Jaylin; Zabo, Kevin","1:06"
"03/03/2017","9:00 p.m.","1st Half","01:31","30-26","Kent St.","Walker, Jaylin","","Offensive Rebound","","Avery, Jalen; De La Rosa, Adonis; Edwin, Deon; Hall, Jimmy; Walker, Jaylin; Zabo, Kevin","1:06"
"03/03/2017","9:00 p.m.","1st Half","01:10","30-28","Kent St.","Edwin, Deon","made","Two Point Jumper","9","Avery, Jalen; De La Rosa, Adonis; Edwin, Deon; Hall, Jimmy; Walker, Jaylin; Zabo, Kevin","1:27"
"03/03/2017","9:00 p.m.","1st Half","00:49","30-28","Akron","Williams, Josh","missed","Three Point Jumper","9","Dunn-Martin, Tavian; Ivey, Jimond; Johnson, Isaiah; Utomi, Daniel; Williams, Josh","4:21"
"03/03/2017","9:00 p.m.","1st Half","00:49","30-28","Kent St.","Walker, Jaylin","","Defensive Rebound","","Avery, Jalen; De La Rosa, Adonis; Edwin, Deon; Hall, Jimmy; Walker, Jaylin; Zabo, Kevin","1:48"
"03/03/2017","9:00 p.m.","1st Half","00:42","30-28","Kent St.","Team","","Second Timeout","","Avery, Jalen; De La Rosa, Adonis; Edwin, Deon; Hall, Jimmy; Walker, Jaylin; Zabo, Kevin","1:55"
"03/03/2017","9:00 p.m.","1st Half","00:42","30-28","Akron","Robotham, Noah","","Enters Game","","Dunn-Martin, Tavian; Ivey, Jimond; Johnson, Isaiah; Robotham, Noah; Utomi, Daniel; Williams, Josh","0:00"
"03/03/2017","9:00 p.m.","1st Half","00:42","30-28","Akron","Dunn-Martin, Tavian","","Leaves Game","","Ivey, Jimond; Johnson, Isaiah; Robotham, Noah; Utomi, Daniel; Williams, Josh","0:59"
"03/03/2017","9:00 p.m.","1st Half","00:20","30-28","Kent St.","Hall, Jimmy","missed","Two Point Jumper","1","Avery, Jalen; De La Rosa, Adonis; Edwin, Deon; Hall, Jimmy; Walker, Jaylin; Zabo, Kevin","2:17"
"03/03/2017","9:00 p.m.","1st Half","00:20","30-28","Akron","Utomi, Daniel","","Defensive Rebound","","Ivey, Jimond; Johnson, Isaiah; Robotham, Noah; Utomi, Daniel; Williams, Josh","1:21"
"03/03/2017","9:00 p.m.","1st Half","00:01","30-28","Kent St.","Edwin, Deon","","Commits Foul","11","Avery, Jalen; De La Rosa, Adonis; Edwin, Deon; Hall, Jimmy; Walker, Jaylin; Zabo, Kevin","2:36"
"03/03/2017","9:00 p.m.","1st Half","00:01","31-28","Akron","Johnson, Isaiah","made","Free Throw","","Ivey, Jimond; Johnson, Isaiah; Robotham, Noah; Utomi, Daniel; Williams, Josh","1:40"
"03/03/2017","9:00 p.m.","1st Half","00:01","32-28","Akron","Johnson, Isaiah","made","Free Throw","","Ivey, Jimond; Johnson, Isaiah; Robotham, Noah; Utomi, Daniel; Williams, Josh","1:40"
"03/03/2017","9:00 p.m.","2nd Half","20:00","32-28","Kent St.","Peterson, Mitch","","Enters Game","","Avery, Jalen; Edwin, Deon; Fleming, Jon; Hall, Jimmy; Peterson, Mitch; Walker, Jaylin","0:00"
"03/03/2017","9:00 p.m.","2nd Half","20:00","32-28","Kent St.","Fleming, Jon","","Leaves Game","","Avery, Jalen; Edwin, Deon; Hall, Jimmy; Peterson, Mitch; Walker, Jaylin","0:00"
"03/03/2017","9:00 p.m.","2nd Half","19:49","32-28","Akron","Jackson, Antino","missed","Three Point Jumper","19","Cheatham, Jr., Kwan; Ivey, Jimond; Jackson, Antino; Johnson, Isaiah; Robotham, Noah","0:11"
"03/03/2017","9:00 p.m.","2nd Half","19:49","32-28","Akron","Ivey, Jimond","","Offensive Rebound","","Cheatham, Jr., Kwan; Ivey, Jimond; Jackson, Antino; Johnson, Isaiah; Robotham, Noah","0:11"
"03/03/2017","9:00 p.m.","2nd Half","19:43","32-28","Akron","Ivey, Jimond","missed","Two Point Jumper","24","Cheatham, Jr., Kwan; Ivey, Jimond; Jackson, Antino; Johnson, Isaiah; Robotham, Noah","0:17"
"03/03/2017","9:00 p.m.","2nd Half","19:43","32-28","Akron","Ivey, Jimond","","Offensive Rebound","","Cheatham, Jr., Kwan; Ivey, Jimond; Jackson, Antino; Johnson, Isaiah; Robotham, Noah","0:17"
"03/03/2017","9:00 p.m.","2nd Half","19:43","32-28","Kent St.","Hall, Jimmy","","Commits Foul","","Avery, Jalen; Edwin, Deon; Hall, Jimmy; Peterson, Mitch; Walker, Jaylin","0:17"
"03/03/2017","9:00 p.m.","2nd Half","19:37","32-28","Akron","Jackson, Antino","missed","Three Point Jumper","24","Cheatham, Jr., Kwan; Ivey, Jimond; Jackson, Antino; Johnson, Isaiah; Robotham, Noah","0:23"
"03/03/2017","9:00 p.m.","2nd Half","19:37","32-28","Akron","Team","","Offensive Rebound","","Cheatham, Jr., Kwan; Ivey, Jimond; Jackson, Antino; Johnson, Isaiah; Robotham, Noah","0:23"
"03/03/2017","9:00 p.m.","2nd Half","19:27","32-28","Akron","Cheatham, Jr., Kwan","missed","Two Point Jumper","20","Cheatham, Jr., Kwan; Ivey, Jimond; Jackson, Antino; Johnson, Isaiah; Robotham, Noah","0:33"
"03/03/2017","9:00 p.m.","2nd Half","19:27","32-28","Akron","Johnson, Isaiah","","Offensive Rebound","","Cheatham, Jr., Kwan; Ivey, Jimond; Jackson, Antino; Johnson, Isaiah; Robotham, Noah","0:33"
"03/03/2017","9:00 p.m.","2nd Half","19:25","34-28","Akron","Johnson, Isaiah","made","Layup","28","Cheatham, Jr., Kwan; Ivey, Jimond; Jackson, Antino; Johnson, Isaiah; Robotham, Noah","0:35"
"03/03/2017","9:00 p.m.","2nd Half","19:11","34-28","Kent St.","Hall, Jimmy","missed","Three Point Jumper","16","Avery, Jalen; Edwin, Deon; Hall, Jimmy; Peterson, Mitch; Walker, Jaylin","0:49"
"03/03/2017","9:00 p.m.","2nd Half","19:11","34-28","Kent St.","Avery, Jalen","","Offensive Rebound","","Avery, Jalen; Edwin, Deon; Hall, Jimmy; Peterson, Mitch; Walker, Jaylin","0:49"
"03/03/2017","9:00 p.m.","2nd Half","18:59","34-28","Kent St.","Edwin, Deon","missed","Three Point Jumper","18","Avery, Jalen; Edwin, Deon; Hall, Jimmy; Peterson, Mitch; Walker, Jaylin","1:01"
"03/03/2017","9:00 p.m.","2nd Half","18:59","34-28","Akron","Ivey, Jimond","","Defensive Rebound","","Cheatham, Jr., Kwan; Ivey, Jimond; Jackson, Antino; Johnson, Isaiah; Robotham, Noah","1:01"
"03/03/2017","9:00 p.m.","2nd Half","18:45","34-28","Akron","Johnson, Isaiah","","Turnover","","Cheatham, Jr., Kwan; Ivey, Jimond; Jackson, Antino; Johnson, Isaiah; Robotham, Noah","1:15"
"03/03/2017","9:00 p.m.","2nd Half","18:44","34-28","Kent St.","Edwin, Deon","","Steal","","Avery, Jalen; Edwin, Deon; Hall, Jimmy; Peterson, Mitch; Walker, Jaylin","1:16"
"03/03/2017","9:00 p.m.","2nd Half","18:36","34-30","Kent St.","Edwin, Deon","made","Layup","21","Avery, Jalen; Edwin, Deon; Hall, Jimmy; Peterson, Mitch; Walker, Jaylin","1:24"
"03/03/2017","9:00 p.m.","2nd Half","18:36","34-30","Kent St.","Avery, Jalen","","Assist","","Avery, Jalen; Edwin, Deon; Hall, Jimmy; Peterson, Mitch; Walker, Jaylin","1:24"
"03/03/2017","9:00 p.m.","2nd Half","18:16","34-30","Akron","Cheatham, Jr., Kwan","missed","Three Point Jumper","10","Cheatham, Jr., Kwan; Ivey, Jimond; Jackson, Antino; Johnson, Isaiah; Robotham, Noah","1:44"
"03/03/2017","9:00 p.m.","2nd Half","18:16","34-30","Kent St.","Walker, Jaylin","","Defensive Rebound","","Avery, Jalen; Edwin, Deon; Hall, Jimmy; Peterson, Mitch; Walker, Jaylin","1:44"
"03/03/2017","9:00 p.m.","2nd Half","18:07","34-30","Akron","Ivey, Jimond","","Commits Foul","21","Cheatham, Jr., Kwan; Ivey, Jimond; Jackson, Antino; Johnson, Isaiah; Robotham, Noah","1:53"
"03/03/2017","9:00 p.m.","2nd Half","18:07","34-31","Kent St.","Hall, Jimmy","made","Free Throw","","Avery, Jalen; Edwin, Deon; Hall, Jimmy; Peterson, Mitch; Walker, Jaylin","1:53"
"03/03/2017","9:00 p.m.","2nd Half","18:07","34-32","Kent St.","Hall, Jimmy","made","Free Throw","","Avery, Jalen; Edwin, Deon; Hall, Jimmy; Peterson, Mitch; Walker, Jaylin","1:53"
"03/03/2017","9:00 p.m.","2nd Half","17:50","34-32","Akron","Jackson, Antino","missed","Layup","13","Cheatham, Jr., Kwan; Ivey, Jimond; Jackson, Antino; Johnson, Isaiah; Robotham, Noah","2:10"
"03/03/2017","9:00 p.m.","2nd Half","17:50","34-32","Kent St.","Edwin, Deon","","Defensive Rebound","","Avery, Jalen; Edwin, Deon; Hall, Jimmy; Peterson, Mitch; Walker, Jaylin","2:10"
"03/03/2017","9:00 p.m.","2nd Half","17:44","34-32","Akron","Ivey, Jimond","","Commits Foul","24","Cheatham, Jr., Kwan; Ivey, Jimond; Jackson, Antino; Johnson, Isaiah; Robotham, Noah","2:16"
"03/03/2017","9:00 p.m.","2nd Half","17:44","34-33","Kent St.","Edwin, Deon","made","Free Throw","","Avery, Jalen; Edwin, Deon; Hall, Jimmy; Peterson, Mitch; Walker, Jaylin","2:16"
"03/03/2017","9:00 p.m.","2nd Half","17:44","34-34","Kent St.","Edwin, Deon","made","Free Throw","","Avery, Jalen; Edwin, Deon; Hall, Jimmy; Peterson, Mitch; Walker, Jaylin","2:16"
"03/03/2017","9:00 p.m.","2nd Half","17:29","34-34","Akron","Robotham, Noah","missed","Two Point Jumper","15","Cheatham, Jr., Kwan; Ivey, Jimond; Jackson, Antino; Johnson, Isaiah; Robotham, Noah","2:31"
"03/03/2017","9:00 p.m.","2nd Half","17:29","34-34","Akron","Robotham, Noah","","Offensive Rebound","","Cheatham, Jr., Kwan; Ivey, Jimond; Jackson, Antino; Johnson, Isaiah; Robotham, Noah","2:31"
"03/03/2017","9:00 p.m.","2nd Half","17:24","36-34","Akron","Robotham, Noah","made","Layup","25","Cheatham, Jr., Kwan; Ivey, Jimond; Jackson, Antino; Johnson, Isaiah; Robotham, Noah","2:36"
"03/03/2017","9:00 p.m.","2nd Half","17:20","36-34","Akron","Johnson, Isaiah","","Commits Foul","26","Cheatham, Jr., Kwan; Ivey, Jimond; Jackson, Antino; Johnson, Isaiah; Robotham, Noah","2:40"
"03/03/2017","9:00 p.m.","2nd Half","17:08","36-37","Kent St.","Walker, Jaylin","made","Three Point Jumper","18","Avery, Jalen; Edwin, Deon; Hall, Jimmy; Peterson, Mitch; Walker, Jaylin","2:52"
"03/03/2017","9:00 p.m.","2nd Half","17:08","36-37","Kent St.","Hall, Jimmy","","Assist","","Avery, Jalen; Edwin, Deon; Hall, Jimmy; Peterson, Mitch; Walker, Jaylin","2:52"
"03/03/2017","9:00 p.m.","2nd Half","16:47","36-37","Akron","Johnson, Isaiah","","Turnover","","Cheatham, Jr., Kwan; Ivey, Jimond; Jackson, Antino; Johnson, Isaiah; Robotham, Noah","3:13"
"03/03/2017","9:00 p.m.","2nd Half","16:47","36-37","Kent St.","Walker, Jaylin","","Steal","","Avery, Jalen; Edwin, Deon; Hall, Jimmy; Peterson, Mitch; Walker, Jaylin","3:13"
"03/03/2017","9:00 p.m.","2nd Half","16:42","36-37","Kent St.","Avery, Jalen","missed","Layup","25","Avery, Jalen; Edwin, Deon; Hall, Jimmy; Peterson, Mitch; Walker, Jaylin","3:18"
"03/03/2017","9:00 p.m.","2nd Half","16:42","36-37","Akron","Ivey, Jimond","","Blocked Shot","","Cheatham, Jr., Kwan; Ivey, Jimond; Jackson, Antino; Johnson, Isaiah; Robotham, Noah","3:18"
"03/03/2017","9:00 p.m.","2nd Half","16:42","36-37","Kent St.","Hall, Jimmy","","Offensive Rebound","","Avery, Jalen; Edwin, Deon; Hall, Jimmy; Peterson, Mitch; Walker, Jaylin","3:18"
"03/03/2017","9:00 p.m.","2nd Half","16:42","36-37","Akron","Johnson, Isaiah","","Commits Foul","","Cheatham, Jr., Kwan; Ivey, Jimond; Jackson, Antino; Johnson, Isaiah; Robotham, Noah","3:18"
"03/03/2017","9:00 p.m.","2nd Half","16:42","36-37","Akron","Williams, Josh","","Enters Game","","Cheatham, Jr., Kwan; Ivey, Jimond; Jackson, Antino; Johnson, Isaiah; Robotham, Noah; Williams, Josh","0:00"
"03/03/2017","9:00 p.m.","2nd Half","16:42","36-37","Akron","Jackson, Antino","","Leaves Game","","Cheatham, Jr., Kwan; Ivey, Jimond; Johnson, Isaiah; Robotham, Noah; Williams, Josh","0:00"
"03/03/2017","9:00 p.m.","2nd Half","16:42","36-37","Kent St.","Ridenour, Desmond","","Enters Game","","Avery, Jalen; Edwin, Deon; Hall, Jimmy; Peterson, Mitch; Ridenour, Desmond; Walker, Jaylin","0:00"
"03/03/2017","9:00 p.m.","2nd Half","16:42","36-37","Kent St.","Peterson, Mitch","","Leaves Game","","Avery, Jalen; Edwin, Deon; Hall, Jimmy; Ridenour, Desmond; Walker, Jaylin","0:00"
"03/03/2017","9:00 p.m.","2nd Half","16:38","36-37","Kent St.","Walker, Jaylin","missed","Two Point Jumper","26","Avery, Jalen; Edwin, Deon; Hall, Jimmy; Ridenour, Desmond; Walker, Jaylin","0:04"
"03/03/2017","9:00 p.m.","2nd Half","16:38","36-37","Kent St.","Ridenour, Desmond","","Offensive Rebound","","Avery, Jalen; Edwin, Deon; Hall, Jimmy; Ridenour, Desmond; Walker, Jaylin","0:04"
"03/03/2017","9:00 p.m.","2nd Half","16:30","36-37","Kent St.","Walker, Jaylin","missed","Two Point Jumper","22","Avery, Jalen; Edwin, Deon; Hall, Jimmy; Ridenour, Desmond; Walker, Jaylin","0:12"
"03/03/2017","9:00 p.m.","2nd Half","16:30","36-37","Kent St.","Hall, Jimmy","","Offensive Rebound","","Avery, Jalen; Edwin, Deon; Hall, Jimmy; Ridenour, Desmond; Walker, Jaylin","0:12"
"03/03/2017","9:00 p.m.","2nd Half","16:25","36-37","Kent St.","Walker, Jaylin","missed","Two Point Jumper","25","Avery, Jalen; Edwin, Deon; Hall, Jimmy; Ridenour, Desmond; Walker, Jaylin","0:17"
"03/03/2017","9:00 p.m.","2nd Half","16:25","36-37","Akron","Johnson, Isaiah","","Defensive Rebound","","Cheatham, Jr., Kwan; Ivey, Jimond; Johnson, Isaiah; Robotham, Noah; Williams, Josh","0:17"
"03/03/2017","9:00 p.m.","2nd Half","16:19","38-37","Akron","Ivey, Jimond","made","Layup","24","Cheatham, Jr., Kwan; Ivey, Jimond; Johnson, Isaiah; Robotham, Noah; Williams, Josh","0:23"
"03/03/2017","9:00 p.m.","2nd Half","15:53","38-39","Kent St.","Walker, Jaylin","made","Two Point Jumper","4","Avery, Jalen; Edwin, Deon; Hall, Jimmy; Ridenour, Desmond; Walker, Jaylin","0:49"
"03/03/2017","9:00 p.m.","2nd Half","15:38","38-39","Akron","Robotham, Noah","missed","Three Point Jumper","15","Cheatham, Jr., Kwan; Ivey, Jimond; Johnson, Isaiah; Robotham, Noah; Williams, Josh","1:04"
"03/03/2017","9:00 p.m.","2nd Half","15:38","38-39","Akron","Johnson, Isaiah","","Offensive Rebound","","Cheatham, Jr., Kwan; Ivey, Jimond; Johnson, Isaiah; Robotham, Noah; Williams, Josh","1:04"
"03/03/2017","9:00 p.m.","2nd Half","15:32","40-39","Akron","Ivey, Jimond","made","Two Point Jumper","24","Cheatham, Jr., Kwan; Ivey, Jimond; Johnson, Isaiah; Robotham, Noah; Williams, Josh","1:10"
"03/03/2017","9:00 p.m.","2nd Half","15:32","40-39","Kent St.","Hall, Jimmy","","Commits Foul","","Avery, Jalen; Edwin, Deon; Hall, Jimmy; Ridenour, Desmond; Walker, Jaylin","1:10"
"03/03/2017","9:00 p.m.","2nd Half","15:32","40-39","Akron","Team","","Timeout","","Cheatham, Jr., Kwan; Ivey, Jimond; Johnson, Isaiah; Robotham, Noah; Williams, Josh","1:10"
"03/03/2017","9:00 p.m.","2nd Half","15:31","41-39","Akron","Ivey, Jimond","made","Free Throw","","Cheatham, Jr., Kwan; Ivey, Jimond; Johnson, Isaiah; Robotham, Noah; Williams, Josh","1:11"
"03/03/2017","9:00 p.m.","2nd Half","15:31","41-39","Akron","Dunn-Martin, Tavian","","Enters Game","","Cheatham, Jr., Kwan; Dunn-Martin, Tavian; Ivey, Jimond; Johnson, Isaiah; Robotham, Noah; Williams, Josh","0:00"
"03/03/2017","9:00 p.m.","2nd Half","15:31","41-39","Akron","Olojakpoke, Emmanuel","","Enters Game","","Cheatham, Jr., Kwan; Dunn-Martin, Tavian; Ivey, Jimond; Johnson, Isaiah; Olojakpoke, Emmanuel; Robotham, Noah; Williams, Josh","0:00"
"03/03/2017","9:00 p.m.","2nd Half","15:31","41-39","Akron","Robotham, Noah","","Leaves Game","","Cheatham, Jr., Kwan; Dunn-Martin, Tavian; Ivey, Jimond; Johnson, Isaiah; Olojakpoke, Emmanuel; Williams, Josh","0:00"
"03/03/2017","9:00 p.m.","2nd Half","15:31","41-39","Akron","Johnson, Isaiah","","Leaves Game","","Cheatham, Jr., Kwan; Dunn-Martin, Tavian; Ivey, Jimond; Olojakpoke, Emmanuel; Williams, Josh","0:00"
"03/03/2017","9:00 p.m.","2nd Half","15:31","41-39","Kent St.","Zabo, Kevin","","Enters Game","","Avery, Jalen; Edwin, Deon; Hall, Jimmy; Ridenour, Desmond; Walker, Jaylin; Zabo, Kevin","0:00"
"03/03/2017","9:00 p.m.","2nd Half","15:31","41-39","Kent St.","De La Rosa, Adonis","","Enters Game","","Avery, Jalen; De La Rosa, Adonis; Edwin, Deon; Hall, Jimmy; Ridenour, Desmond; Walker, Jaylin; Zabo, Kevin","0:00"
"03/03/2017","9:00 p.m.","2nd Half","15:31","41-39","Kent St.","Avery, Jalen","","Leaves Game","","De La Rosa, Adonis; Edwin, Deon; Hall, Jimmy; Ridenour, Desmond; Walker, Jaylin; Zabo, Kevin","0:00"
"03/03/2017","9:00 p.m.","2nd Half","15:31","41-39","Kent St.","Hall, Jimmy","","Leaves Game","","De La Rosa, Adonis; Edwin, Deon; Ridenour, Desmond; Walker, Jaylin; Zabo, Kevin","0:00"
"03/03/2017","9:00 p.m.","2nd Half","15:08","41-39","Kent St.","Ridenour, Desmond","","Turnover","","De La Rosa, Adonis; Edwin, Deon; Ridenour, Desmond; Walker, Jaylin; Zabo, Kevin","0:23"
"03/03/2017","9:00 p.m.","2nd Half","14:48","41-39","Akron","Utomi, Daniel","missed","Layup","10","Cheatham, Jr., Kwan; Dunn-Martin, Tavian; Ivey, Jimond; Olojakpoke, Emmanuel; Utomi, Daniel; Williams, Josh","0:00"
"03/03/2017","9:00 p.m.","2nd Half","14:48","41-39","Kent St.","Edwin, Deon","","Defensive Rebound","","De La Rosa, Adonis; Edwin, Deon; Ridenour, Desmond; Walker, Jaylin; Zabo, Kevin","0:43"
"03/03/2017","9:00 p.m.","2nd Half","14:42","41-39","Kent St.","Edwin, Deon","missed","Layup","24","De La Rosa, Adonis; Edwin, Deon; Ridenour, Desmond; Walker, Jaylin; Zabo, Kevin","0:49"
"03/03/2017","9:00 p.m.","2nd Half","14:42","41-39","Kent St.","De La Rosa, Adonis","","Offensive Rebound","","De La Rosa, Adonis; Edwin, Deon; Ridenour, Desmond; Walker, Jaylin; Zabo, Kevin","0:49"
"03/03/2017","9:00 p.m.","2nd Half","14:40","41-39","Kent St.","De La Rosa, Adonis","missed","Tip In","28","De La Rosa, Adonis; Edwin, Deon; Ridenour, Desmond; Walker, Jaylin; Zabo, Kevin","0:51"
"03/03/2017","9:00 p.m.","2nd Half","14:40","41-39","Akron","Olojakpoke, Emmanuel","","Defensive Rebound","","Cheatham, Jr., Kwan; Dunn-Martin, Tavian; Ivey, Jimond; Olojakpoke, Emmanuel; Utomi, Daniel; Williams, Josh","0:08"
"03/03/2017","9:00 p.m.","2nd Half","14:32","41-39","Akron","Williams, Josh","missed","Two Point Jumper","22","Cheatham, Jr., Kwan; Dunn-Martin, Tavian; Ivey, Jimond; Olojakpoke, Emmanuel; Utomi, Daniel; Williams, Josh","0:16"
"03/03/2017","9:00 p.m.","2nd Half","14:32","41-39","Kent St.","Walker, Jaylin","","Defensive Rebound","","De La Rosa, Adonis; Edwin, Deon; Ridenour, Desmond; Walker, Jaylin; Zabo, Kevin","0:59"
"03/03/2017","9:00 p.m.","2nd Half","14:09","41-39","Akron","Olojakpoke, Emmanuel","","Commits Foul","7","Cheatham, Jr., Kwan; Dunn-Martin, Tavian; Ivey, Jimond; Olojakpoke, Emmanuel; Utomi, Daniel; Williams, Josh","0:39"
"03/03/2017","9:00 p.m.","2nd Half","14:06","41-39","Akron","Jackson, Antino","","Enters Game","","Cheatham, Jr., Kwan; Dunn-Martin, Tavian; Ivey, Jimond; Jackson, Antino; Olojakpoke, Emmanuel; Utomi, Daniel; Williams, Josh","0:00"
"03/03/2017","9:00 p.m.","2nd Half","14:06","41-39","Akron","Utomi, Daniel","","Enters Game","","Cheatham, Jr., Kwan; Dunn-Martin, Tavian; Ivey, Jimond; Jackson, Antino; Olojakpoke, Emmanuel; Utomi, Daniel; Williams, Josh","0:00"
"03/03/2017","9:00 p.m.","2nd Half","14:06","41-39","Akron","Johnson, Isaiah","","Enters Game","","Cheatham, Jr., Kwan; Dunn-Martin, Tavian; Ivey, Jimond; Jackson, Antino; Johnson, Isaiah; Olojakpoke, Emmanuel; Utomi, Daniel; Williams, Josh","0:00"
"03/03/2017","9:00 p.m.","2nd Half","14:06","41-39","Akron","Ivey, Jimond","","Leaves Game","","Cheatham, Jr., Kwan; Dunn-Martin, Tavian; Jackson, Antino; Johnson, Isaiah; Olojakpoke, Emmanuel; Utomi, Daniel; Williams, Josh","0:00"
"03/03/2017","9:00 p.m.","2nd Half","14:06","41-39","Akron","Cheatham, Jr., Kwan","","Leaves Game","","Dunn-Martin, Tavian; Jackson, Antino; Johnson, Isaiah; Olojakpoke, Emmanuel; Utomi, Daniel; Williams, Josh","0:00"
"03/03/2017","9:00 p.m.","2nd Half","14:06","41-39","Akron","Olojakpoke, Emmanuel","","Leaves Game","","Dunn-Martin, Tavian; Jackson, Antino; Johnson, Isaiah; Utomi, Daniel; Williams, Josh","0:00"
"03/03/2017","9:00 p.m.","2nd Half","14:05","41-39","Kent St.","Walker, Jaylin","missed","Three Point Jumper","26","De La Rosa, Adonis; Edwin, Deon; Ridenour, Desmond; Walker, Jaylin; Zabo, Kevin","1:26"
"03/03/2017","9:00 p.m.","2nd Half","14:05","41-39","Akron","Team","","Defensive Rebound","","Dunn-Martin, Tavian; Jackson, Antino; Johnson, Isaiah; Utomi, Daniel; Williams, Josh","0:01"
"03/03/2017","9:00 p.m.","2nd Half","14:02","41-39","Kent St.","Peterson, Mitch","","Enters Game","","De La Rosa, Adonis; Edwin, Deon; Peterson, Mitch; Ridenour, Desmond; Walker, Jaylin; Zabo, Kevin","0:00"
"03/03/2017","9:00 p.m.","2nd Half","14:02","41-39","Kent St.","Walker, Jaylin","","Leaves Game","","De La Rosa, Adonis; Edwin, Deon; Peterson, Mitch; Ridenour, Desmond; Zabo, Kevin","0:00"
"03/03/2017","9:00 p.m.","2nd Half","13:37","44-39","Akron","Utomi, Daniel","made","Three Point Jumper","2","Dunn-Martin, Tavian; Jackson, Antino; Johnson, Isaiah; Utomi, Daniel; Williams, Josh","0:29"
"03/03/2017","9:00 p.m.","2nd Half","13:37","44-39","Akron","Jackson, Antino","","Assist","","Dunn-Martin, Tavian; Jackson, Antino; Johnson, Isaiah; Utomi, Daniel; Williams, Josh","0:29"
"03/03/2017","9:00 p.m.","2nd Half","13:13","44-39","Akron","Dunn-Martin, Tavian","","Commits Foul","6","Dunn-Martin, Tavian; Jackson, Antino; Johnson, Isaiah; Utomi, Daniel; Williams, Josh","0:53"
"03/03/2017","9:00 p.m.","2nd Half","13:13","44-39","Kent St.","Pippen, Danny","","Enters Game","","De La Rosa, Adonis; Edwin, Deon; Peterson, Mitch; Pippen, Danny; Ridenour, Desmond; Zabo, Kevin","0:00"
"03/03/2017","9:00 p.m.","2nd Half","13:13","44-39","Kent St.","Ridenour, Desmond","","Leaves Game","","De La Rosa, Adonis; Edwin, Deon; Peterson, Mitch; Pippen, Danny; Zabo, Kevin","0:00"
"03/03/2017","9:00 p.m.","2nd Half","13:06","44-39","Kent St.","Zabo, Kevin","missed","Three Point Jumper","23","De La Rosa, Adonis; Edwin, Deon; Peterson, Mitch; Pippen, Danny; Zabo, Kevin","0:07"
"03/03/2017","9:00 p.m.","2nd Half","13:06","44-39","Akron","Utomi, Daniel","","Defensive Rebound","","Dunn-Martin, Tavian; Jackson, Antino; Johnson, Isaiah; Utomi, Daniel; Williams, Josh","1:00"
"03/03/2017","9:00 p.m.","2nd Half","12:52","44-39","Akron","Utomi, Daniel","missed","Three Point Jumper","16","Dunn-Martin, Tavian; Jackson, Antino; Johnson, Isaiah; Utomi, Daniel; Williams, Josh","1:14"
"03/03/2017","9:00 p.m.","2nd Half","12:52","44-39","Kent St.","Edwin, Deon","","Defensive Rebound","","De La Rosa, Adonis; Edwin, Deon; Peterson, Mitch; Pippen, Danny; Zabo, Kevin","0:21"
"03/03/2017","9:00 p.m.","2nd Half","12:37","44-39","Kent St.","Pippen, Danny","missed","Two Point Jumper","15","De La Rosa, Adonis; Edwin, Deon; Peterson, Mitch; Pippen, Danny; Zabo, Kevin","0:36"
"03/03/2017","9:00 p.m.","2nd Half","12:37","44-39","Akron","Johnson, Isaiah","","Blocked Shot","","Dunn-Martin, Tavian; Jackson, Antino; Johnson, Isaiah; Utomi, Daniel; Williams, Josh","1:29"
"03/03/2017","9:00 p.m.","2nd Half","12:35","44-39","Akron","Johnson, Isaiah","","Defensive Rebound","","Dunn-Martin, Tavian; Jackson, Antino; Johnson, Isaiah; Utomi, Daniel; Williams, Josh","1:31"
"03/03/2017","9:00 p.m.","2nd Half","12:25","44-39","Akron","Jackson, Antino","","Turnover","","Dunn-Martin, Tavian; Jackson, Antino; Johnson, Isaiah; Utomi, Daniel; Williams, Josh","1:41"
"03/03/2017","9:00 p.m.","2nd Half","12:25","44-39","Akron","Jackson, Antino","","Commits Foul","","Dunn-Martin, Tavian; Jackson, Antino; Johnson, Isaiah; Utomi, Daniel; Williams, Josh","1:41"
"03/03/2017","9:00 p.m.","2nd Half","12:25","44-39","Akron","Robotham, Noah","","Enters Game","","Dunn-Martin, Tavian; Jackson, Antino; Johnson, Isaiah; Robotham, Noah; Utomi, Daniel; Williams, Josh","0:00"
"03/03/2017","9:00 p.m.","2nd Half","12:25","44-39","Akron","Dunn-Martin, Tavian","","Leaves Game","","Jackson, Antino; Johnson, Isaiah; Robotham, Noah; Utomi, Daniel; Williams, Josh","0:00"
"03/03/2017","9:00 p.m.","2nd Half","12:25","44-39","Kent St.","Hall, Jimmy","","Enters Game","","De La Rosa, Adonis; Edwin, Deon; Hall, Jimmy; Peterson, Mitch; Pippen, Danny; Zabo, Kevin","0:00"
"03/03/2017","9:00 p.m.","2nd Half","12:25","44-39","Kent St.","Avery, Jalen","","Enters Game","","Avery, Jalen; De La Rosa, Adonis; Edwin, Deon; Hall, Jimmy; Peterson, Mitch; Pippen, Danny; Zabo, Kevin","0:00"
"03/03/2017","9:00 p.m.","2nd Half","12:25","44-39","Kent St.","Walker, Jaylin","","Enters Game","","Avery, Jalen; De La Rosa, Adonis; Edwin, Deon; Hall, Jimmy; Peterson, Mitch; Pippen, Danny; Walker, Jaylin; Zabo, Kevin","0:00"
"03/03/2017","9:00 p.m.","2nd Half","12:25","44-39","Kent St.","Zabo, Kevin","","Leaves Game","","Avery, Jalen; De La Rosa, Adonis; Edwin, Deon; Hall, Jimmy; Peterson, Mitch; Pippen, Danny; Walker, Jaylin","0:00"
"03/03/2017","9:00 p.m.","2nd Half","12:25","44-39","Kent St.","Edwin, Deon","","Leaves Game","","Avery, Jalen; De La Rosa, Adonis; Hall, Jimmy; Peterson, Mitch; Pippen, Danny; Walker, Jaylin","0:00"
"03/03/2017","9:00 p.m.","2nd Half","12:25","44-39","Kent St.","De La Rosa, Adonis","","Leaves Game","","Avery, Jalen; Hall, Jimmy; Peterson, Mitch; Pippen, Danny; Walker, Jaylin","0:00"
"03/03/2017","9:00 p.m.","2nd Half","12:07","44-41","Kent St.","Hall, Jimmy","made","Two Point Jumper","12","Avery, Jalen; Hall, Jimmy; Peterson, Mitch; Pippen, Danny; Walker, Jaylin","0:18"
"03/03/2017","9:00 p.m.","2nd Half","11:43","44-41","Akron","Johnson, Isaiah","missed","Layup","6","Jackson, Antino; Johnson, Isaiah; Robotham, Noah; Utomi, Daniel; Williams, Josh","0:42"
"03/03/2017","9:00 p.m.","2nd Half","11:43","44-41","Kent St.","Hall, Jimmy","","Defensive Rebound","","Avery, Jalen; Hall, Jimmy; Peterson, Mitch; Pippen, Danny; Walker, Jaylin","0:42"
"03/03/2017","9:00 p.m.","2nd Half","11:35","44-41","Kent St.","Walker, Jaylin","missed","Three Point Jumper","22","Avery, Jalen; Hall, Jimmy; Peterson, Mitch; Pippen, Danny; Walker, Jaylin","0:50"
"03/03/2017","9:00 p.m.","2nd Half","11:35","44-41","Akron","Utomi, Daniel","","Defensive Rebound","","Jackson, Antino; Johnson, Isaiah; Robotham, Noah; Utomi, Daniel; Williams, Josh","0:50"
"03/03/2017","9:00 p.m.","2nd Half","11:13","44-41","Kent St.","Pippen, Danny","","Commits Foul","8","Avery, Jalen; Hall, Jimmy; Peterson, Mitch; Pippen, Danny; Walker, Jaylin","1:12"
"03/03/2017","9:00 p.m.","2nd Half","11:13","44-41","Akron","Team","","Timeout","","Jackson, Antino; Johnson, Isaiah; Robotham, Noah; Utomi, Daniel; Williams, Josh","1:12"
"03/03/2017","9:00 p.m.","2nd Half","11:13","44-41","Akron","Jackson, Antino","missed","Free Throw","","Jackson, Antino; Johnson, Isaiah; Robotham, Noah; Utomi, Daniel; Williams, Josh","1:12"
"03/03/2017","9:00 p.m.","2nd Half","11:13","44-41","Akron","Team","","Deadball Rebound","","Jackson, Antino; Johnson, Isaiah; Robotham, Noah; Utomi, Daniel; Williams, Josh","1:12"
"03/03/2017","9:00 p.m.","2nd Half","11:13","45-41","Akron","Jackson, Antino","made","Free Throw","","Jackson, Antino; Johnson, Isaiah; Robotham, Noah; Utomi, Daniel; Williams, Josh","1:12"
"03/03/2017","9:00 p.m.","2nd Half","11:13","45-41","Akron","Ivey, Jimond","","Enters Game","","Ivey, Jimond; Jackson, Antino; Johnson, Isaiah; Robotham, Noah; Utomi, Daniel; Williams, Josh","0:00"
"03/03/2017","9:00 p.m.","2nd Half","11:13","45-41","Akron","Williams, Josh","","Leaves Game","","Ivey, Jimond; Jackson, Antino; Johnson, Isaiah; Robotham, Noah; Utomi, Daniel","0:00"
"03/03/2017","9:00 p.m.","2nd Half","11:13","45-41","Kent St.","Edwin, Deon","","Enters Game","","Avery, Jalen; Edwin, Deon; Hall, Jimmy; Peterson, Mitch; Pippen, Danny; Walker, Jaylin","0:00"
"03/03/2017","9:00 p.m.","2nd Half","11:13","45-41","Kent St.","Pippen, Danny","","Leaves Game","","Avery, Jalen; Edwin, Deon; Hall, Jimmy; Peterson, Mitch; Walker, Jaylin","3:18"
"03/03/2017","9:00 p.m.","2nd Half","10:55","45-41","Kent St.","Peterson, Mitch","","Turnover","","Avery, Jalen; Edwin, Deon; Hall, Jimmy; Peterson, Mitch; Walker, Jaylin","3:36"
"03/03/2017","9:00 p.m.","2nd Half","10:54","45-41","Akron","Robotham, Noah","","Steal","","Ivey, Jimond; Jackson, Antino; Johnson, Isaiah; Robotham, Noah; Utomi, Daniel","0:19"
"03/03/2017","9:00 p.m.","2nd Half","10:49","47-41","Akron","Ivey, Jimond","made","Layup","24","Ivey, Jimond; Jackson, Antino; Johnson, Isaiah; Robotham, Noah; Utomi, Daniel","0:24"
"03/03/2017","9:00 p.m.","2nd Half","10:49","47-41","Akron","Utomi, Daniel","","Assist","","Ivey, Jimond; Jackson, Antino; Johnson, Isaiah; Robotham, Noah; Utomi, Daniel","0:24"
"03/03/2017","9:00 p.m.","2nd Half","10:28","47-43","Kent St.","Edwin, Deon","made","Layup","9","Avery, Jalen; Edwin, Deon; Hall, Jimmy; Peterson, Mitch; Walker, Jaylin","4:03"
"03/03/2017","9:00 p.m.","2nd Half","10:28","47-43","Kent St.","Hall, Jimmy","","Assist","","Avery, Jalen; Edwin, Deon; Hall, Jimmy; Peterson, Mitch; Walker, Jaylin","4:03"
"03/03/2017","9:00 p.m.","2nd Half","09:44","47-43","Akron","Team","","Turnover","","Ivey, Jimond; Jackson, Antino; Johnson, Isaiah; Robotham, Noah; Utomi, Daniel","1:29"
"03/03/2017","9:00 p.m.","2nd Half","09:34","47-43","Kent St.","Hall, Jimmy","missed","Two Point Jumper","20","Avery, Jalen; Edwin, Deon; Hall, Jimmy; Peterson, Mitch; Walker, Jaylin","4:57"
"03/03/2017","9:00 p.m.","2nd Half","09:34","47-43","Kent St.","Team","","Offensive Rebound","","Avery, Jalen; Edwin, Deon; Hall, Jimmy; Peterson, Mitch; Walker, Jaylin","4:57"
"03/03/2017","9:00 p.m.","2nd Half","09:28","47-45","Kent St.","Walker, Jaylin","made","Layup","24","Avery, Jalen; Edwin, Deon; Hall, Jimmy; Peterson, Mitch; Walker, Jaylin","5:03"
"03/03/2017","9:00 p.m.","2nd Half","09:04","47-45","Akron","Utomi, Daniel","missed","Two Point Jumper","6","Ivey, Jimond; Jackson, Antino; Johnson, Isaiah; Robotham, Noah; Utomi, Daniel","2:09"
"03/03/2017","9:00 p.m.","2nd Half","09:04","47-45","Kent St.","Hall, Jimmy","","Defensive Rebound","","Avery, Jalen; Edwin, Deon; Hall, Jimmy; Peterson, Mitch; Walker, Jaylin","5:27"
"03/03/2017","9:00 p.m.","2nd Half","08:53","47-45","Kent St.","Edwin, Deon","missed","Three Point Jumper","19","Avery, Jalen; Edwin, Deon; Hall, Jimmy; Peterson, Mitch; Walker, Jaylin","5:38"
"03/03/2017","9:00 p.m.","2nd Half","08:53","47-45","Akron","Ivey, Jimond","","Defensive Rebound","","Ivey, Jimond; Jackson, Antino; Johnson, Isaiah; Robotham, Noah; Utomi, Daniel","2:20"
"03/03/2017","9:00 p.m.","2nd Half","08:34","50-45","Akron","Utomi, Daniel","made","Three Point Jumper","11","Ivey, Jimond; Jackson, Antino; Johnson, Isaiah; Robotham, Noah; Utomi, Daniel","2:39"
"03/03/2017","9:00 p.m.","2nd Half","08:34","50-45","Akron","Jackson, Antino","","Assist","","Ivey, Jimond; Jackson, Antino; Johnson, Isaiah; Robotham, Noah; Utomi, Daniel","2:39"
"03/03/2017","9:00 p.m.","2nd Half","08:05","50-45","Kent St.","Walker, Jaylin","missed","Three Point Jumper","1","Avery, Jalen; Edwin, Deon; Hall, Jimmy; Peterson, Mitch; Walker, Jaylin","6:26"
"03/03/2017","9:00 p.m.","2nd Half","08:05","50-45","Akron","Utomi, Daniel","","Defensive Rebound","","Ivey, Jimond; Jackson, Antino; Johnson, Isaiah; Robotham, Noah; Utomi, Daniel","3:08"
"03/03/2017","9:00 p.m.","2nd Half","07:40","50-45","Akron","Utomi, Daniel","missed","Three Point Jumper","5","Ivey, Jimond; Jackson, Antino; Johnson, Isaiah; Robotham, Noah; Utomi, Daniel","3:33"
"03/03/2017","9:00 p.m.","2nd Half","07:40","50-45","Akron","Johnson, Isaiah","","Offensive Rebound","","Ivey, Jimond; Jackson, Antino; Johnson, Isaiah; Robotham, Noah; Utomi, Daniel","3:33"
"03/03/2017","9:00 p.m.","2nd Half","07:36","52-45","Akron","Johnson, Isaiah","made","Layup","26","Ivey, Jimond; Jackson, Antino; Johnson, Isaiah; Robotham, Noah; Utomi, Daniel","3:37"
"03/03/2017","9:00 p.m.","2nd Half","07:23","52-47","Kent St.","Avery, Jalen","made","Layup","17","Avery, Jalen; Edwin, Deon; Hall, Jimmy; Peterson, Mitch; Walker, Jaylin","7:08"
"03/03/2017","9:00 p.m.","2nd Half","06:51","52-47","Akron","Utomi, Daniel","missed","Three Point Jumper","0","Ivey, Jimond; Jackson, Antino; Johnson, Isaiah; Robotham, Noah; Utomi, Daniel","4:22"
"03/03/2017","9:00 p.m.","2nd Half","06:51","52-47","Kent St.","Walker, Jaylin","","Defensive Rebound","","Avery, Jalen; Edwin, Deon; Hall, Jimmy; Peterson, Mitch; Walker, Jaylin","7:40"
"03/03/2017","9:00 p.m.","2nd Half","06:42","52-47","Akron","Johnson, Isaiah","","Commits Foul","21","Ivey, Jimond; Jackson, Antino; Johnson, Isaiah; Robotham, Noah; Utomi, Daniel","4:31"
"03/03/2017","9:00 p.m.","2nd Half","06:42","52-47","Kent St.","Team","","Media Timeout","","Avery, Jalen; Edwin, Deon; Hall, Jimmy; Peterson, Mitch; Walker, Jaylin","7:49"
"03/03/2017","9:00 p.m.","2nd Half","06:42","52-47","Kent St.","Walker, Jaylin","missed","Free Throw","","Avery, Jalen; Edwin, Deon; Hall, Jimmy; Peterson, Mitch; Walker, Jaylin","7:49"
"03/03/2017","9:00 p.m.","2nd Half","06:42","52-47","Kent St.","Team","","Deadball Rebound","","Avery, Jalen; Edwin, Deon; Hall, Jimmy; Peterson, Mitch; Walker, Jaylin","7:49"
"03/03/2017","9:00 p.m.","2nd Half","06:42","52-48","Kent St.","Walker, Jaylin","made","Free Throw","","Avery, Jalen; Edwin, Deon; Hall, Jimmy; Peterson, Mitch; Walker, Jaylin","7:49"
"03/03/2017","9:00 p.m.","2nd Half","06:42","52-48","Akron","Cheatham, Jr., Kwan","","Enters Game","","Cheatham, Jr., Kwan; Ivey, Jimond; Jackson, Antino; Johnson, Isaiah; Robotham, Noah; Utomi, Daniel","0:00"
"03/03/2017","9:00 p.m.","2nd Half","06:42","52-48","Akron","Johnson, Isaiah","","Leaves Game","","Cheatham, Jr., Kwan; Ivey, Jimond; Jackson, Antino; Robotham, Noah; Utomi, Daniel","0:00"
"03/03/2017","9:00 p.m.","2nd Half","06:42","52-48","Kent St.","Zabo, Kevin","","Enters Game","","Avery, Jalen; Edwin, Deon; Hall, Jimmy; Peterson, Mitch; Walker, Jaylin; Zabo, Kevin","0:00"
"03/03/2017","9:00 p.m.","2nd Half","06:42","52-48","Kent St.","Peterson, Mitch","","Leaves Game","","Avery, Jalen; Edwin, Deon; Hall, Jimmy; Walker, Jaylin; Zabo, Kevin","0:00"
"03/03/2017","9:00 p.m.","2nd Half","06:27","52-48","Kent St.","Avery, Jalen","","Commits Foul","15","Avery, Jalen; Edwin, Deon; Hall, Jimmy; Walker, Jaylin; Zabo, Kevin","0:15"
"03/03/2017","9:00 p.m.","2nd Half","06:17","52-48","Kent St.","Zabo, Kevin","","Commits Foul","20","Avery, Jalen; Edwin, Deon; Hall, Jimmy; Walker, Jaylin; Zabo, Kevin","0:25"
"03/03/2017","9:00 p.m.","2nd Half","06:17","53-48","Akron","Cheatham, Jr., Kwan","made","Free Throw","","Cheatham, Jr., Kwan; Ivey, Jimond; Jackson, Antino; Robotham, Noah; Utomi, Daniel","0:25"
"03/03/2017","9:00 p.m.","2nd Half","06:17","54-48","Akron","Cheatham, Jr., Kwan","made","Free Throw","","Cheatham, Jr., Kwan; Ivey, Jimond; Jackson, Antino; Robotham, Noah; Utomi, Daniel","0:25"
"03/03/2017","9:00 p.m.","2nd Half","05:59","54-48","Kent St.","Hall, Jimmy","missed","Layup","12","Avery, Jalen; Edwin, Deon; Hall, Jimmy; Walker, Jaylin; Zabo, Kevin","0:43"
"03/03/2017","9:00 p.m.","2nd Half","05:59","54-48","Akron","Cheatham, Jr., Kwan","","Blocked Shot","","Cheatham, Jr., Kwan; Ivey, Jimond; Jackson, Antino; Robotham, Noah; Utomi, Daniel","0:43"
"03/03/2017","9:00 p.m.","2nd Half","05:57","54-48","Kent St.","Hall, Jimmy","","Offensive Rebound","","Avery, Jalen; Edwin, Deon; Hall, Jimmy; Walker, Jaylin; Zabo, Kevin","0:45"
"03/03/2017","9:00 p.m.","2nd Half","05:54","54-50","Kent St.","Hall, Jimmy","made","Two Point Jumper","25","Avery, Jalen; Edwin, Deon; Hall, Jimmy; Walker, Jaylin; Zabo, Kevin","0:48"
"03/03/2017","9:00 p.m.","2nd Half","05:34","56-50","Akron","Utomi, Daniel","made","Two Point Jumper","10","Cheatham, Jr., Kwan; Ivey, Jimond; Jackson, Antino; Robotham, Noah; Utomi, Daniel","1:08"
"03/03/2017","9:00 p.m.","2nd Half","05:23","56-50","Akron","Cheatham, Jr., Kwan","","Commits Foul","19","Cheatham, Jr., Kwan; Ivey, Jimond; Jackson, Antino; Robotham, Noah; Utomi, Daniel","1:19"
"03/03/2017","9:00 p.m.","2nd Half","05:23","56-50","Kent St.","Avery, Jalen","missed","Free Throw","","Avery, Jalen; Edwin, Deon; Hall, Jimmy; Walker, Jaylin; Zabo, Kevin","1:19"
"03/03/2017","9:00 p.m.","2nd Half","05:23","56-50","Kent St.","Team","","Deadball Rebound","","Avery, Jalen; Edwin, Deon; Hall, Jimmy; Walker, Jaylin; Zabo, Kevin","1:19"
"03/03/2017","9:00 p.m.","2nd Half","05:23","56-51","Kent St.","Avery, Jalen","made","Free Throw","","Avery, Jalen; Edwin, Deon; Hall, Jimmy; Walker, Jaylin; Zabo, Kevin","1:19"
"03/03/2017","9:00 p.m.","2nd Half","05:23","56-51","Kent St.","Ridenour, Desmond","","Enters Game","","Avery, Jalen; Edwin, Deon; Hall, Jimmy; Ridenour, Desmond; Walker, Jaylin; Zabo, Kevin","0:00"
"03/03/2017","9:00 p.m.","2nd Half","05:23","56-51","Kent St.","Zabo, Kevin","","Leaves Game","","Avery, Jalen; Edwin, Deon; Hall, Jimmy; Ridenour, Desmond; Walker, Jaylin","1:11"
"03/03/2017","9:00 p.m.","2nd Half","05:06","56-51","Kent St.","Ridenour, Desmond","","Commits Foul","13","Avery, Jalen; Edwin, Deon; Hall, Jimmy; Ridenour, Desmond; Walker, Jaylin","1:28"
"03/03/2017","9:00 p.m.","2nd Half","05:06","56-51","Akron","Williams, Josh","","Enters Game","","Cheatham, Jr., Kwan; Ivey, Jimond; Jackson, Antino; Robotham, Noah; Utomi, Daniel; Williams, Josh","0:00"
"03/03/2017","9:00 p.m.","2nd Half","05:06","56-51","Akron","Robotham, Noah","","Leaves Game","","Cheatham, Jr., Kwan; Ivey, Jimond; Jackson, Antino; Utomi, Daniel; Williams, Josh","0:00"
"03/03/2017","9:00 p.m.","2nd Half","04:58","56-51","Akron","Cheatham, Jr., Kwan","","Turnover","","Cheatham, Jr., Kwan; Ivey, Jimond; Jackson, Antino; Utomi, Daniel; Williams, Josh","0:08"
"03/03/2017","9:00 p.m.","2nd Half","04:57","56-51","Kent St.","Walker, Jaylin","","Steal","","Avery, Jalen; Edwin, Deon; Hall, Jimmy; Ridenour, Desmond; Walker, Jaylin","1:37"
"03/03/2017","9:00 p.m.","2nd Half","04:55","56-53","Kent St.","Walker, Jaylin","made","Two Point Jumper","27","Avery, Jalen; Edwin, Deon; Hall, Jimmy; Ridenour, Desmond; Walker, Jaylin","1:39"
"03/03/2017","9:00 p.m.","2nd Half","04:30","56-53","Akron","Utomi, Daniel","missed","Two Point Jumper","5","Cheatham, Jr., Kwan; Ivey, Jimond; Jackson, Antino; Utomi, Daniel; Williams, Josh","0:36"
"03/03/2017","9:00 p.m.","2nd Half","04:30","56-53","Kent St.","Edwin, Deon","","Defensive Rebound","","Avery, Jalen; Edwin, Deon; Hall, Jimmy; Ridenour, Desmond; Walker, Jaylin","2:04"
"03/03/2017","9:00 p.m.","2nd Half","04:17","56-53","Kent St.","Edwin, Deon","","Turnover","","Avery, Jalen; Edwin, Deon; Hall, Jimmy; Ridenour, Desmond; Walker, Jaylin","2:17"
"03/03/2017","9:00 p.m.","2nd Half","04:17","56-53","Akron","Cheatham, Jr., Kwan","","Steal","","Cheatham, Jr., Kwan; Ivey, Jimond; Jackson, Antino; Utomi, Daniel; Williams, Josh","0:49"
"03/03/2017","9:00 p.m.","2nd Half","04:14","56-53","Kent St.","Avery, Jalen","","Commits Foul","27","Avery, Jalen; Edwin, Deon; Hall, Jimmy; Ridenour, Desmond; Walker, Jaylin","2:20"
"03/03/2017","9:00 p.m.","2nd Half","04:14","56-53","Akron","Robotham, Noah","","Enters Game","","Cheatham, Jr., Kwan; Ivey, Jimond; Jackson, Antino; Robotham, Noah; Utomi, Daniel; Williams, Josh","0:00"
"03/03/2017","9:00 p.m.","2nd Half","04:14","56-53","Akron","Johnson, Isaiah","","Enters Game","","Cheatham, Jr., Kwan; Ivey, Jimond; Jackson, Antino; Johnson, Isaiah; Robotham, Noah; Utomi, Daniel; Williams, Josh","0:00"
"03/03/2017","9:00 p.m.","2nd Half","04:14","56-53","Akron","Jackson, Antino","","Leaves Game","","Cheatham, Jr., Kwan; Ivey, Jimond; Johnson, Isaiah; Robotham, Noah; Utomi, Daniel; Williams, Josh","0:00"
"03/03/2017","9:00 p.m.","2nd Half","04:14","56-53","Akron","Utomi, Daniel","","Leaves Game","","Cheatham, Jr., Kwan; Ivey, Jimond; Johnson, Isaiah; Robotham, Noah; Williams, Josh","1:11"
"03/03/2017","9:00 p.m.","2nd Half","04:07","56-53","Kent St.","Ridenour, Desmond","","Commits Foul","23","Avery, Jalen; Edwin, Deon; Hall, Jimmy; Ridenour, Desmond; Walker, Jaylin","2:27"
"03/03/2017","9:00 p.m.","2nd Half","04:07","56-53","Akron","Robotham, Noah","missed","Free Throw","","Cheatham, Jr., Kwan; Ivey, Jimond; Johnson, Isaiah; Robotham, Noah; Williams, Josh","1:18"
"03/03/2017","9:00 p.m.","2nd Half","04:07","56-53","Akron","Cheatham, Jr., Kwan","","Offensive Rebound","","Cheatham, Jr., Kwan; Ivey, Jimond; Johnson, Isaiah; Robotham, Noah; Williams, Josh","1:18"
"03/03/2017","9:00 p.m.","2nd Half","04:07","56-53","Kent St.","Peterson, Mitch","","Enters Game","","Avery, Jalen; Edwin, Deon; Hall, Jimmy; Peterson, Mitch; Ridenour, Desmond; Walker, Jaylin","0:00"
"03/03/2017","9:00 p.m.","2nd Half","04:07","56-53","Kent St.","Ridenour, Desmond","","Leaves Game","","Avery, Jalen; Edwin, Deon; Hall, Jimmy; Peterson, Mitch; Walker, Jaylin","7:49"
"03/03/2017","9:00 p.m.","2nd Half","04:05","56-53","Akron","Cheatham, Jr., Kwan","missed","Layup","28","Cheatham, Jr., Kwan; Ivey, Jimond; Johnson, Isaiah; Robotham, Noah; Williams, Josh","1:20"
"03/03/2017","9:00 p.m.","2nd Half","04:05","56-53","Kent St.","Hall, Jimmy","","Defensive Rebound","","Avery, Jalen; Edwin, Deon; Hall, Jimmy; Peterson, Mitch; Walker, Jaylin","7:51"
"03/03/2017","9:00 p.m.","2nd Half","04:01","56-53","Kent St.","Hall, Jimmy","","Turnover","","Avery, Jalen; Edwin, Deon; Hall, Jimmy; Peterson, Mitch; Walker, Jaylin","7:55"
"03/03/2017","9:00 p.m.","2nd Half","03:56","56-53","Akron","Robotham, Noah","missed","Layup","25","Cheatham, Jr., Kwan; Ivey, Jimond; Johnson, Isaiah; Robotham, Noah; Williams, Josh","1:29"
"03/03/2017","9:00 p.m.","2nd Half","03:56","56-53","Akron","Ivey, Jimond","","Offensive Rebound","","Cheatham, Jr., Kwan; Ivey, Jimond; Johnson, Isaiah; Robotham, Noah; Williams, Josh","1:29"
"03/03/2017","9:00 p.m.","2nd Half","03:52","56-53","Akron","Ivey, Jimond","missed","Layup","26","Cheatham, Jr., Kwan; Ivey, Jimond; Johnson, Isaiah; Robotham, Noah; Williams, Josh","1:33"
"03/03/2017","9:00 p.m.","2nd Half","03:52","56-53","Akron","Ivey, Jimond","","Offensive Rebound","","Cheatham, Jr., Kwan; Ivey, Jimond; Johnson, Isaiah; Robotham, Noah; Williams, Josh","1:33"
"03/03/2017","9:00 p.m.","2nd Half","03:48","59-53","Akron","Robotham, Noah","made","Three Point Jumper","26","Cheatham, Jr., Kwan; Ivey, Jimond; Johnson, Isaiah; Robotham, Noah; Williams, Josh","1:37"
"03/03/2017","9:00 p.m.","2nd Half","03:37","59-53","Kent St.","Peterson, Mitch","missed","Layup","19","Avery, Jalen; Edwin, Deon; Hall, Jimmy; Peterson, Mitch; Walker, Jaylin","8:19"
"03/03/2017","9:00 p.m.","2nd Half","03:37","59-53","Kent St.","Edwin, Deon","","Offensive Rebound","","Avery, Jalen; Edwin, Deon; Hall, Jimmy; Peterson, Mitch; Walker, Jaylin","8:19"
"03/03/2017","9:00 p.m.","2nd Half","03:37","59-53","Akron","Cheatham, Jr., Kwan","","Commits Foul","","Cheatham, Jr., Kwan; Ivey, Jimond; Johnson, Isaiah; Robotham, Noah; Williams, Josh","1:48"
"03/03/2017","9:00 p.m.","2nd Half","03:37","59-53","Kent St.","Team","","Timeout","","Avery, Jalen; Edwin, Deon; Hall, Jimmy; Peterson, Mitch; Walker, Jaylin","8:19"
"03/03/2017","9:00 p.m.","2nd Half","03:37","59-53","Kent St.","Edwin, Deon","missed","Free Throw","","Avery, Jalen; Edwin, Deon; Hall, Jimmy; Peterson, Mitch; Walker, Jaylin","8:19"
"03/03/2017","9:00 p.m.","2nd Half","03:37","59-53","Kent St.","Team","","Deadball Rebound","","Avery, Jalen; Edwin, Deon; Hall, Jimmy; Peterson, Mitch; Walker, Jaylin","8:19"
"03/03/2017","9:00 p.m.","2nd Half","03:37","59-53","Kent St.","Edwin, Deon","missed","Free Throw","","Avery, Jalen; Edwin, Deon; Hall, Jimmy; Peterson, Mitch; Walker, Jaylin","8:19"
"03/03/2017","9:00 p.m.","2nd Half","03:37","59-53","Akron","Ivey, Jimond","","Defensive Rebound","","Cheatham, Jr., Kwan; Ivey, Jimond; Johnson, Isaiah; Robotham, Noah; Williams, Josh","1:48"
"03/03/2017","9:00 p.m.","2nd Half","03:36","61-53","Akron","Johnson, Isaiah","made","Layup","29","Cheatham, Jr., Kwan; Ivey, Jimond; Johnson, Isaiah; Robotham, Noah; Williams, Josh","1:49"
"03/03/2017","9:00 p.m.","2nd Half","03:32","61-53","Kent St.","Walker, Jaylin","","Commits Foul","26","Avery, Jalen; Edwin, Deon; Hall, Jimmy; Peterson, Mitch; Walker, Jaylin","8:24"
"03/03/2017","9:00 p.m.","2nd Half","03:29","61-53","Akron","Johnson, Isaiah","missed","Free Throw","","Cheatham, Jr., Kwan; Ivey, Jimond; Johnson, Isaiah; Robotham, Noah; Williams, Josh","1:56"
"03/03/2017","9:00 p.m.","2nd Half","03:29","61-53","Kent St.","Hall, Jimmy","","Defensive Rebound","","Avery, Jalen; Edwin, Deon; Hall, Jimmy; Peterson, Mitch; Walker, Jaylin","8:27"
"03/03/2017","9:00 p.m.","2nd Half","02:58","61-53","Kent St.","Peterson, Mitch","missed","Three Point Jumper","0","Avery, Jalen; Edwin, Deon; Hall, Jimmy; Peterson, Mitch; Walker, Jaylin","8:58"
"03/03/2017","9:00 p.m.","2nd Half","02:58","61-53","Akron","Johnson, Isaiah","","Defensive Rebound","","Cheatham, Jr., Kwan; Ivey, Jimond; Johnson, Isaiah; Robotham, Noah; Williams, Josh","2:27"
"03/03/2017","9:00 p.m.","2nd Half","02:27","63-53","Akron","Robotham, Noah","made","Two Point Jumper","0","Cheatham, Jr., Kwan; Ivey, Jimond; Johnson, Isaiah; Robotham, Noah; Williams, Josh","2:58"
"03/03/2017","9:00 p.m.","2nd Half","02:13","63-53","Kent St.","Walker, Jaylin","","Turnover","","Avery, Jalen; Edwin, Deon; Hall, Jimmy; Peterson, Mitch; Walker, Jaylin","9:43"
"03/03/2017","9:00 p.m.","2nd Half","02:12","63-53","Akron","Ivey, Jimond","","Steal","","Cheatham, Jr., Kwan; Ivey, Jimond; Johnson, Isaiah; Robotham, Noah; Williams, Josh","3:13"
"03/03/2017","9:00 p.m.","2nd Half","01:45","66-53","Akron","Ivey, Jimond","made","Three Point Jumper","2","Cheatham, Jr., Kwan; Ivey, Jimond; Johnson, Isaiah; Robotham, Noah; Williams, Josh","3:40"
"03/03/2017","9:00 p.m.","2nd Half","01:45","66-53","Akron","Johnson, Isaiah","","Assist","","Cheatham, Jr., Kwan; Ivey, Jimond; Johnson, Isaiah; Robotham, Noah; Williams, Josh","3:40"
"03/03/2017","9:00 p.m.","2nd Half","01:40","66-53","Akron","Team","","Second Timeout","","Cheatham, Jr., Kwan; Ivey, Jimond; Johnson, Isaiah; Robotham, Noah; Williams, Josh","3:45"
"03/03/2017","9:00 p.m.","2nd Half","01:27","66-55","Kent St.","Avery, Jalen","made","Two Point Jumper","12","Avery, Jalen; Edwin, Deon; Hall, Jimmy; Peterson, Mitch; Walker, Jaylin","10:29"
"03/03/2017","9:00 p.m.","2nd Half","01:27","66-55","Akron","Ivey, Jimond","","Commits Foul","","Cheatham, Jr., Kwan; Ivey, Jimond; Johnson, Isaiah; Robotham, Noah; Williams, Josh","3:58"
"03/03/2017","9:00 p.m.","2nd Half","01:27","66-56","Kent St.","Avery, Jalen","made","Free Throw","","Avery, Jalen; Edwin, Deon; Hall, Jimmy; Peterson, Mitch; Walker, Jaylin","10:29"
"03/03/2017","9:00 p.m.","2nd Half","01:27","66-56","Akron","Jackson, Antino","","Enters Game","","Cheatham, Jr., Kwan; Ivey, Jimond; Jackson, Antino; Johnson, Isaiah; Robotham, Noah; Williams, Josh","0:00"
"03/03/2017","9:00 p.m.","2nd Half","01:27","66-56","Akron","Williams, Josh","","Leaves Game","","Cheatham, Jr., Kwan; Ivey, Jimond; Jackson, Antino; Johnson, Isaiah; Robotham, Noah","3:18"
"03/03/2017","9:00 p.m.","2nd Half","01:27","66-56","Kent St.","Ridenour, Desmond","","Enters Game","","Avery, Jalen; Edwin, Deon; Hall, Jimmy; Peterson, Mitch; Ridenour, Desmond; Walker, Jaylin","0:00"
"03/03/2017","9:00 p.m.","2nd Half","01:27","66-56","Kent St.","Avery, Jalen","","Leaves Game","","Edwin, Deon; Hall, Jimmy; Peterson, Mitch; Ridenour, Desmond; Walker, Jaylin","0:00"
"03/03/2017","9:00 p.m.","2nd Half","00:58","66-56","Akron","Johnson, Isaiah","","Turnover","","Cheatham, Jr., Kwan; Ivey, Jimond; Jackson, Antino; Johnson, Isaiah; Robotham, Noah","3:47"
"03/03/2017","9:00 p.m.","2nd Half","00:58","66-56","Kent St.","Avery, Jalen","","Enters Game","","Avery, Jalen; Edwin, Deon; Hall, Jimmy; Peterson, Mitch; Ridenour, Desmond; Walker, Jaylin","0:00"
"03/03/2017","9:00 p.m.","2nd Half","00:58","66-56","Kent St.","Ridenour, Desmond","","Leaves Game","","Avery, Jalen; Edwin, Deon; Hall, Jimmy; Peterson, Mitch; Walker, Jaylin","10:29"
"03/03/2017","9:00 p.m.","2nd Half","00:50","66-56","Kent St.","Avery, Jalen","","Turnover","","Avery, Jalen; Edwin, Deon; Hall, Jimmy; Peterson, Mitch; Walker, Jaylin","10:37"
"03/03/2017","9:00 p.m.","2nd Half","00:50","66-56","Kent St.","Ridenour, Desmond","","Enters Game","","Avery, Jalen; Edwin, Deon; Hall, Jimmy; Peterson, Mitch; Ridenour, Desmond; Walker, Jaylin","0:00"
"03/03/2017","9:00 p.m.","2nd Half","00:50","66-56","Kent St.","Avery, Jalen","","Leaves Game","","Edwin, Deon; Hall, Jimmy; Peterson, Mitch; Ridenour, Desmond; Walker, Jaylin","0:29"
"03/03/2017","9:00 p.m.","2nd Half","00:24","66-56","Akron","Robotham, Noah","","Turnover","","Cheatham, Jr., Kwan; Ivey, Jimond; Jackson, Antino; Johnson, Isaiah; Robotham, Noah","4:21"
"03/03/2017","9:00 p.m.","2nd Half","00:23","66-56","Kent St.","Peterson, Mitch","","Steal","","Edwin, Deon; Hall, Jimmy; Peterson, Mitch; Ridenour, Desmond; Walker, Jaylin","0:56"
"03/03/2017","9:00 p.m.","2nd Half","00:20","66-56","Kent St.","Peterson, Mitch","missed","Two Point Jumper","26","Edwin, Deon; Hall, Jimmy; Peterson, Mitch; Ridenour, Desmond; Walker, Jaylin","0:59"
"03/03/2017","9:00 p.m.","2nd Half","00:20","66-56","Kent St.","Team","","Offensive Rebound","","Edwin, Deon; Hall, Jimmy; Peterson, Mitch; Ridenour, Desmond; Walker, Jaylin","0:59"
"03/03/2017","9:00 p.m.","2nd Half","00:18","66-56","Akron","Utomi, Daniel","","Enters Game","","Cheatham, Jr., Kwan; Ivey, Jimond; Jackson, Antino; Johnson, Isaiah; Robotham, Noah; Utomi, Daniel","0:00"
"03/03/2017","9:00 p.m.","2nd Half","00:18","66-56","Akron","Olojakpoke, Emmanuel","","Enters Game","","Cheatham, Jr., Kwan; Ivey, Jimond; Jackson, Antino; Johnson, Isaiah; Olojakpoke, Emmanuel; Robotham, Noah; Utomi, Daniel","0:00"
"03/03/2017","9:00 p.m.","2nd Half","00:18","66-56","Akron","Johnson, Isaiah","","Leaves Game","","Cheatham, Jr., Kwan; Ivey, Jimond; Jackson, Antino; Olojakpoke, Emmanuel; Robotham, Noah; Utomi, Daniel","0:00"
"03/03/2017","9:00 p.m.","2nd Half","00:18","66-56","Akron","Cheatham, Jr., Kwan","","Leaves Game","","Ivey, Jimond; Jackson, Antino; Olojakpoke, Emmanuel; Robotham, Noah; Utomi, Daniel","0:00"
"03/03/2017","9:00 p.m.","2nd Half","00:18","66-56","Kent St.","Fleming, Jon","","Enters Game","","Edwin, Deon; Fleming, Jon; Hall, Jimmy; Peterson, Mitch; Ridenour, Desmond; Walker, Jaylin","0:00"
"03/03/2017","9:00 p.m.","2nd Half","00:18","66-56","Kent St.","Zabo, Kevin","","Enters Game","","Edwin, Deon; Fleming, Jon; Hall, Jimmy; Peterson, Mitch; Ridenour, Desmond; Walker, Jaylin; Zabo, Kevin","0:00"
"03/03/2017","9:00 p.m.","2nd Half","00:18","66-56","Kent St.","Avery, Jalen","","Enters Game","","Avery, Jalen; Edwin, Deon; Fleming, Jon; Hall, Jimmy; Peterson, Mitch; Ridenour, Desmond; Walker, Jaylin; Zabo, Kevin","0:00"
"03/03/2017","9:00 p.m.","2nd Half","00:18","66-56","Kent St.","De La Rosa, Adonis","","Enters Game","","Avery, Jalen; De La Rosa, Adonis; Edwin, Deon; Fleming, Jon; Hall, Jimmy; Peterson, Mitch; Ridenour, Desmond; Walker, Jaylin; Zabo, Kevin","0:00"
"03/03/2017","9:00 p.m.","2nd Half","00:18","66-56","Kent St.","Hall, Jimmy","","Leaves Game","","Avery, Jalen; De La Rosa, Adonis; Edwin, Deon; Fleming, Jon; Peterson, Mitch; Ridenour, Desmond; Walker, Jaylin; Zabo, Kevin","0:00"
"03/03/2017","9:00 p.m.","2nd Half","00:18","66-56","Kent St.","Edwin, Deon","","Leaves Game","","Avery, Jalen; De La Rosa, Adonis; Fleming, Jon; Peterson, Mitch; Ridenour, Desmond; Walker, Jaylin; Zabo, Kevin","0:00"
"03/03/2017","9:00 p.m.","2nd Half","00:18","66-56","Kent St.","Ridenour, Desmond","","Leaves Game","","Avery, Jalen; De La Rosa, Adonis; Fleming, Jon; Peterson, Mitch; Walker, Jaylin; Zabo, Kevin","0:00"
"03/03/2017","9:00 p.m.","2nd Half","00:18","66-56","Kent St.","Walker, Jaylin","","Leaves Game","","Avery, Jalen; De La Rosa, Adonis; Fleming, Jon; Peterson, Mitch; Zabo, Kevin","0:00"
"03/03/2017","9:00 p.m.","2nd Half","00:16","66-56","Kent St.","Avery, Jalen","missed","Three Point Jumper","26","Avery, Jalen; De La Rosa, Adonis; Fleming, Jon; Peterson, Mitch; Zabo, Kevin","0:02"
"03/03/2017","9:00 p.m.","2nd Half","00:16","66-56","Akron","Robotham, Noah","","Defensive Rebound","","Ivey, Jimond; Jackson, Antino; Olojakpoke, Emmanuel; Robotham, Noah; Utomi, Daniel","0:02"
