"Time","Akron","Score","Mercer"
"19:45","JACKSON,ANTINO Commits Foul","35-27",""
"19:29","","35-27","RINGER,DESMOND missed Layup"
"19:29","","35-27","RINGER,DESMOND Offensive Rebound"
"19:27","","35-27","RINGER,DESMOND missed Layup"
"19:27","","35-27","RINGER,DESMOND Offensive Rebound"
"19:24","","35-29","RINGER,DESMOND made Layup"
"18:51","ROBOTHAM,NOAH made Three Point Jumper","38-29",""
"18:19","","38-31","RINGER,DESMOND made Layup"
"18:02","JACKSON,ANTINO made Layup","40-31",""
"17:47","","40-31","STRAWBERRY,JORDAN Turnover"
"17:32","JACKSON,ANTINO Turnover","40-31",""
"17:19","","40-33","RINGER,DESMOND made Layup"
"17:06","CHEATHAM,JR, KWAN missed Three Point Jumper","40-33",""
"17:06","JOHNSON,ISAIAH Offensive Rebound","40-33",""
"16:52","JOHNSON,ISAIAH missed Layup","40-33",""
"16:52","","40-33","JELKS,STEPHON Defensive Rebound"
"16:47","","40-33","HOLLAND,RIA'N missed Three Point Jumper"
"16:47","JACKSON,ANTINO Blocked Shot","40-33",""
"16:43","CHEATHAM,JR, KWAN Defensive Rebound","40-33",""
"16:31","JACKSON,ANTINO made Two Point Jumper","42-33",""
"16:15","ROBOTHAM,NOAH Commits Foul","42-33",""
"16:15","HUGHES,MICHAEL Enters Game","42-33",""
"16:15","JOHNSON,ISAIAH Leaves Game","42-33",""
"16:15","","42-33","KILBY,CORY Enters Game"
"16:15","","42-33","RIVERS,DEMETRE Leaves Game"
"16:06","","42-35","RINGER,DESMOND made Layup"
"16:06","","42-35","STRAWBERRY,JORDAN Assist"
"15:46","HUGHES,MICHAEL missed Two Point Jumper","42-35",""
"15:46","","42-35","JELKS,STEPHON Defensive Rebound"
"15:32","","42-35","KILBY,CORY Turnover"
"15:32","TEAM Media Timeout","42-35",""
"15:16","JACKSON,ANTINO missed Three Point Jumper","42-35",""
"15:16","","42-35","KILBY,CORY Defensive Rebound"
"14:52","","42-35","STRAWBERRY,JORDAN missed Three Point Jumper"
"14:52","","42-35","STRAWBERRY,JORDAN Offensive Rebound"
"14:29","CHEATHAM,JR, KWAN Commits Foul","42-35",""
"14:29","DUNN-MARTIN,TAVIAN Enters Game","42-35",""
"14:29","IVEY,JIMOND Enters Game","42-35",""
"14:29","WILLIAMS,JOSH Leaves Game","42-35",""
"14:29","ROBOTHAM,NOAH Leaves Game","42-35",""
"14:18","","42-35","RINGER,DESMOND missed Layup"
"14:18","","42-35","TEAM Offensive Rebound"
"14:17","CHEATHAM,JR, KWAN Commits Foul","42-35",""
"14:17","WILLIAMS,JOSH Enters Game","42-35",""
"14:17","OLOJAKPOKE,EMMANUEL Enters Game","42-35",""
"14:17","CHEATHAM,JR, KWAN Leaves Game","42-35",""
"14:17","HUGHES,MICHAEL Leaves Game","42-35",""
"14:17","","42-35","RIVERS,DEMETRE Enters Game"
"14:17","","42-35","KILBY,CORY Leaves Game"
"14:11","","42-35","RINGER,DESMOND missed Two Point Jumper"
"14:11","TEAM Defensive Rebound","42-35",""
"13:53","","42-35","RINGER,DESMOND Commits Foul"
"13:53","OLOJAKPOKE,EMMANUEL missed Free Throw","42-35",""
"13:53","TEAM Deadball Rebound","42-35",""
"13:53","OLOJAKPOKE,EMMANUEL made Free Throw","43-35",""
"13:53","","43-35","FISHLER,ANDREW Enters Game"
"13:53","","43-35","RINGER,DESMOND Leaves Game"
"13:29","DUNN-MARTIN,TAVIAN Commits Foul","43-35",""
"13:29","","43-36","STRAWBERRY,JORDAN made Free Throw"
"13:29","","43-37","STRAWBERRY,JORDAN made Free Throw"
"13:17","JACKSON,ANTINO Turnover","43-37",""
"13:17","ROBOTHAM,NOAH Enters Game","43-37",""
"13:17","JACKSON,ANTINO Leaves Game","43-37",""
"13:02","","43-37","STRAWBERRY,JORDAN missed Two Point Jumper"
"13:02","IVEY,JIMOND Defensive Rebound","43-37",""
"12:40","CHEATHAM,JR, KWAN missed Layup","43-37",""
"12:40","","43-37","TEAM Defensive Rebound"
"12:40","JOHNSON,ISAIAH Enters Game","43-37",""
"12:40","OLOJAKPOKE,EMMANUEL Leaves Game","43-37",""
"12:28","","43-37","FISHLER,ANDREW missed Layup"
"12:28","","43-37","FISHLER,ANDREW Offensive Rebound"
"12:26","","43-39","FISHLER,ANDREW made Layup"
"12:03","","43-39","FISHLER,ANDREW Commits Foul"
"12:03","JOHNSON,ISAIAH made Free Throw","44-39",""
"12:03","JOHNSON,ISAIAH made Free Throw","45-39",""
"11:47","IVEY,JIMOND Commits Foul","45-39",""
"11:47","","45-39","TEAM  Timeout"
"11:47","","45-40","HOLLAND,RIA'N made Free Throw"
"11:47","","45-41","HOLLAND,RIA'N made Free Throw"
"11:47","CHEATHAM,JR, KWAN Enters Game","45-41",""
"11:47","DUNN-MARTIN,TAVIAN Leaves Game","45-41",""
"11:26","JOHNSON,ISAIAH missed Layup","45-41",""
"11:26","JOHNSON,ISAIAH Offensive Rebound","45-41",""
"11:25","JOHNSON,ISAIAH made Layup","47-41",""
"11:24","","47-41","FISHLER,ANDREW Commits Foul"
"11:24","JOHNSON,ISAIAH missed Free Throw","47-41",""
"11:24","","47-41","RINGER,DESMOND Defensive Rebound"
"11:24","","47-41","RINGER,DESMOND Enters Game"
"11:24","","47-41","FISHLER,ANDREW Leaves Game"
"11:04","","47-41","HOLLAND,RIA'N missed Three Point Jumper"
"11:04","","47-41","JELKS,STEPHON Offensive Rebound"
"10:59","","47-44","RIVERS,DEMETRE made Three Point Jumper"
"10:59","","47-44","STRAWBERRY,JORDAN Assist"
"10:41","JOHNSON,ISAIAH made Layup","49-44",""
"10:11","","49-44","STRAWBERRY,JORDAN Turnover"
"10:11","","49-44","LEWIS,RASHAD Enters Game"
"10:11","","49-44","JOHNSON,RYAN Enters Game"
"10:11","","49-44","JELKS,STEPHON Leaves Game"
"10:11","","49-44","STRAWBERRY,JORDAN Leaves Game"
"09:52","IVEY,JIMOND made Three Point Jumper","52-44",""
"09:52","WILLIAMS,JOSH Assist","52-44",""
"09:22","","52-44","JOHNSON,RYAN missed Two Point Jumper"
"09:22","","52-44","RINGER,DESMOND Offensive Rebound"
"09:20","","52-44","RINGER,DESMOND missed Layup"
"09:20","CHEATHAM,JR, KWAN Defensive Rebound","52-44",""
"09:13","WILLIAMS,JOSH missed Three Point Jumper","52-44",""
"09:13","","52-44","HOLLAND,RIA'N Defensive Rebound"
"09:10","IVEY,JIMOND Commits Foul","52-44",""
"09:10","","52-45","HOLLAND,RIA'N made Free Throw"
"09:10","","52-45","HOLLAND,RIA'N missed Free Throw"
"09:10","CHEATHAM,JR, KWAN Defensive Rebound","52-45",""
"09:10","JACKSON,ANTINO Enters Game","52-45",""
"09:10","ROBOTHAM,NOAH Leaves Game","52-45",""
"08:54","JOHNSON,ISAIAH missed Layup","52-45",""
"08:54","","52-45","JOHNSON,RYAN Defensive Rebound"
"08:40","","52-47","RINGER,DESMOND made Layup"
"08:40","","52-47","HOLLAND,RIA'N Assist"
"08:20","WILLIAMS,JOSH made Three Point Jumper","55-47",""
"08:20","CHEATHAM,JR, KWAN Assist","55-47",""
"07:48","","55-50","RIVERS,DEMETRE made Three Point Jumper"
"07:48","","55-50","HOLLAND,RIA'N Assist"
"07:10","","55-50","RIVERS,DEMETRE Commits Foul"
"07:10","TEAM Media Timeout","55-50",""
"07:10","JOHNSON,ISAIAH made Free Throw","56-50",""
"07:10","JOHNSON,ISAIAH made Free Throw","57-50",""
"07:10","HUGHES,MICHAEL Enters Game","57-50",""
"07:10","JACKSON,AARON Enters Game","57-50",""
"07:10","JOHNSON,ISAIAH Leaves Game","57-50",""
"07:10","CHEATHAM,JR, KWAN Leaves Game","57-50",""
"07:10","","57-50","N'GANGA,JJ Enters Game"
"07:10","","57-50","STRAWBERRY,JORDAN Enters Game"
"07:10","","57-50","RINGER,DESMOND Leaves Game"
"07:10","","57-50","LEWIS,RASHAD Leaves Game"
"06:59","","57-53","HOLLAND,RIA'N made Three Point Jumper"
"06:40","JACKSON,ANTINO made Three Point Jumper","60-53",""
"06:26","","60-53","JOHNSON,RYAN missed Three Point Jumper"
"06:26","HUGHES,MICHAEL Defensive Rebound","60-53",""
"06:09","HUGHES,MICHAEL missed Two Point Jumper","60-53",""
"06:09","","60-53","STRAWBERRY,JORDAN Defensive Rebound"
"05:56","","60-53","RIVERS,DEMETRE missed Three Point Jumper"
"05:56","","60-53","N'GANGA,JJ Offensive Rebound"
"05:49","","60-55","HOLLAND,RIA'N made Layup"
"05:49","HUGHES,MICHAEL Commits Foul","60-55",""
"05:49","","60-56","HOLLAND,RIA'N made Free Throw"
"05:49","ROBOTHAM,NOAH Enters Game","60-56",""
"05:49","CHEATHAM,JR, KWAN Enters Game","60-56",""
"05:49","HUGHES,MICHAEL Leaves Game","60-56",""
"05:49","IVEY,JIMOND Leaves Game","60-56",""
"05:49","","60-56","RINGER,DESMOND Enters Game"
"05:49","","60-56","JELKS,STEPHON Enters Game"
"05:49","","60-56","N'GANGA,JJ Leaves Game"
"05:49","","60-56","JOHNSON,RYAN Leaves Game"
"05:34","JACKSON,ANTINO made Layup","62-56",""
"05:03","JACKSON,AARON Commits Foul","62-56",""
"05:03","","62-57","RIVERS,DEMETRE made Free Throw"
"05:03","","62-58","RIVERS,DEMETRE made Free Throw"
"05:03","JOHNSON,ISAIAH Enters Game","62-58",""
"05:03","JACKSON,AARON Leaves Game","62-58",""
"05:03","","62-58","FISHLER,ANDREW Enters Game"
"05:03","","62-58","RINGER,DESMOND Leaves Game"
"04:45","CHEATHAM,JR, KWAN Turnover","62-58",""
"04:45","","62-58","RINGER,DESMOND Enters Game"
"04:45","","62-58","FISHLER,ANDREW Leaves Game"
"04:30","","62-61","HOLLAND,RIA'N made Three Point Jumper"
"04:30","","62-61","RINGER,DESMOND Assist"
"04:04","CHEATHAM,JR, KWAN Turnover","62-61",""
"04:02","","62-61","JELKS,STEPHON Steal"
"03:35","","62-61","RINGER,DESMOND missed Layup"
"03:35","JOHNSON,ISAIAH Blocked Shot","62-61",""
"03:34","","62-61","RIVERS,DEMETRE Offensive Rebound"
"03:34","JACKSON,ANTINO Commits Foul","62-61",""
"03:34","","62-61","TEAM Media Timeout"
"03:34","","62-61","RIVERS,DEMETRE missed Free Throw"
"03:34","","62-61","TEAM Deadball Rebound"
"03:34","","62-61","RIVERS,DEMETRE missed Free Throw"
"03:34","TEAM Defensive Rebound","62-61",""
"03:34","IVEY,JIMOND Enters Game","62-61",""
"03:34","WILLIAMS,JOSH Leaves Game","62-61",""
"03:12","","62-61","RINGER,DESMOND Commits Foul"
"03:12","JOHNSON,ISAIAH made Free Throw","63-61",""
"03:12","JOHNSON,ISAIAH missed Free Throw","63-61",""
"03:12","","63-61","RINGER,DESMOND Defensive Rebound"
"02:53","","63-61","HOLLAND,RIA'N missed Three Point Jumper"
"02:53","JOHNSON,ISAIAH Defensive Rebound","63-61",""
"02:50","","63-61","HOLLAND,RIA'N Commits Foul"
"02:21","JOHNSON,ISAIAH Turnover","63-61",""
"01:59","","63-63","RINGER,DESMOND made Layup"
"01:59","","63-63","RIVERS,DEMETRE Assist"
"01:32","JOHNSON,ISAIAH made Layup","65-63",""
"01:20","","65-63","TEAM 30 Second Timeout"
"01:20","","65-63","TEAM Media Timeout"
"01:10","","65-63","STRAWBERRY,JORDAN missed Two Point Jumper"
"01:10","JACKSON,ANTINO Defensive Rebound","65-63",""
"00:38","IVEY,JIMOND missed Two Point Jumper","65-63",""
"00:38","JOHNSON,ISAIAH Offensive Rebound","65-63",""
"00:09","","65-63","RIVERS,DEMETRE Commits Foul"
"00:09","ROBOTHAM,NOAH missed Free Throw","65-63",""
"00:09","","65-63","JELKS,STEPHON Defensive Rebound"
"00:01","","65-63","TEAM Team Timeout"
"End of 2nd Half"
