"Time","Widener","Score","Arcadia"
"19:45","MCMAHON,RYAN missed Three Point Jumper","0-0",""
"19:45","","0-0","THOMPSON,BRANDON Defensive Rebound"
"19:36","","0-0","SCOTT,JOSH missed Two Point Jumper"
"19:36","SAMBO,SARDAYAH Defensive Rebound","0-0",""
"19:30","FENDER,JOHN made Layup","2-0",""
"19:00","","2-0","PIERFY,PHIL Turnover"
"18:41","GREEN,KENDALL made Three Point Jumper","5-0",""
"18:41","MCMAHON,RYAN Assist","5-0",""
"18:24","","5-0","PIERFY,PHIL missed Layup"
"18:24","","5-0","SLONE,EVAN Offensive Rebound"
"18:21","","5-0","SLONE,EVAN missed Layup"
"18:21","GREEN,KENDALL Blocked Shot","5-0",""
"18:21","SMITH,SAM Defensive Rebound","5-0",""
"18:12","GREEN,KENDALL made Two Point Jumper","7-0",""
"17:42","","7-2","SLONE,EVAN made Layup"
"17:42","","7-2","SCOTT,JOSH Assist"
"17:16","FENDER,JOHN Commits Foul","7-2",""
"17:16","FENDER,JOHN Turnover","7-2",""
"16:56","","7-4","PIERFY,PHIL made Layup"
"16:56","","7-4","THOMPSON,BRANDON Assist"
"16:30","SMITH,SAM missed Three Point Jumper","7-4",""
"16:30","","7-4","SLONE,EVAN Defensive Rebound"
"16:21","","7-4","SCOTT,JOSH missed Three Point Jumper"
"16:21","","7-4","SLONE,EVAN Offensive Rebound"
"16:20","SAMBO,SARDAYAH Commits Foul","7-4",""
"16:09","","7-4","KELLEY,RYAN missed Three Point Jumper"
"16:09","MCMAHON,RYAN Defensive Rebound","7-4",""
"15:58","GREEN,KENDALL made Three Point Jumper","10-4",""
"15:58","MCMAHON,RYAN Assist","10-4",""
"15:32","","10-6","SLONE,EVAN made Layup"
"15:07","JACKSON,NICK Enters Game","10-6",""
"15:07","SAMBO,SARDAYAH Leaves Game","10-6",""
"15:04","GREEN,KENDALL missed Two Point Jumper","10-6",""
"15:04","","10-6","SLONE,EVAN Defensive Rebound"
"14:53","","10-8","PIERFY,PHIL made Layup"
"14:31","MCMAHON,RYAN missed Layup","10-8",""
"14:31","","10-8","KELLEY,RYAN Defensive Rebound"
"14:24","","10-11","PIERFY,PHIL made Three Point Jumper"
"14:24","","10-11","KELLEY,RYAN Assist"
"14:22","TEAM 30 Second Timeout","10-11",""
"14:22","LAVERTY,CONNOR Enters Game","10-11",""
"14:22","FENDER,JOHN Leaves Game","10-11",""
"14:22","","10-11","GRAY,KELSEY Enters Game"
"14:22","","10-11","REILLY,KYLE Enters Game"
"14:22","","10-11","THOMPSON,BRANDON Leaves Game"
"13:54","SMITH,SAM missed Two Point Jumper","10-11",""
"13:54","JACKSON,NICK Offensive Rebound","10-11",""
"13:50","","10-11","PIERFY,PHIL Commits Foul"
"13:50","JACKSON,NICK made Free Throw","11-11",""
"13:50","JACKSON,NICK made Free Throw","12-11",""
"13:38","JACKSON,NICK Commits Foul","12-11",""
"13:32","","12-11","KELLEY,RYAN Turnover"
"13:04","JACKSON,NICK Turnover","12-11",""
"13:04","","12-11","REILLY,KYLE Steal"
"13:04","SAMBO,SARDAYAH Enters Game","12-11",""
"13:04","GREEN,KENDALL Leaves Game","12-11",""
"12:48","","12-13","KELLEY,RYAN made Layup"
"12:27","JACKSON,NICK missed Three Point Jumper","12-13",""
"12:27","","12-13","GRAY,KELSEY Defensive Rebound"
"12:14","","12-13","GRAY,KELSEY missed Three Point Jumper"
"12:14","SAMBO,SARDAYAH Defensive Rebound","12-13",""
"12:00","","12-13","SCOTT,JOSH Commits Foul"
"12:00","BOYD,ELIJAH Enters Game","12-13",""
"12:00","JACKSON,NICK Leaves Game","12-13",""
"12:00","","12-13","DERR,WILL Enters Game"
"12:00","","12-13","PIERFY,PHIL Leaves Game"
"11:50","","12-13","THOMPSON,BRANDON Enters Game"
"11:50","","12-13","SANDERS,JORDAN Enters Game"
"11:50","","12-13","SCOTT,JOSH Leaves Game"
"11:38","MCMAHON,RYAN missed Layup","12-13",""
"11:38","","12-13","GRAY,KELSEY Defensive Rebound"
"11:32","","12-15","THOMPSON,BRANDON made Layup"
"11:32","BOYD,ELIJAH Commits Foul","12-15",""
"11:32","","12-16","THOMPSON,BRANDON made Free Throw"
"11:32","GREEN,KENDALL Enters Game","12-16",""
"11:32","MCMAHON,RYAN Leaves Game","12-16",""
"11:06","","12-16","DERR,WILL missed Layup"
"11:06","SAMBO,SARDAYAH Blocked Shot","12-16",""
"11:06","SAMBO,SARDAYAH Defensive Rebound","12-16",""
"10:47","","12-16","REILLY,KYLE missed Two Point Jumper"
"10:47","LAVERTY,CONNOR Defensive Rebound","12-16",""
"10:35","LAVERTY,CONNOR missed Two Point Jumper","12-16",""
"10:35","","12-16","SANDERS,JORDAN Defensive Rebound"
"10:14","","12-16","GRAY,KELSEY Turnover"
"10:14","FENDER,JOHN Enters Game","12-16",""
"10:14","LAVERTY,CONNOR Leaves Game","12-16",""
"10:14","","12-16","GRAY,KELSEY Leaves Game"
"09:53","","12-16","SLONE,EVAN Commits Foul"
"09:53","SAMBO,SARDAYAH made Free Throw","13-16",""
"09:53","SAMBO,SARDAYAH missed Free Throw","13-16",""
"09:53","","13-16","DERR,WILL Defensive Rebound"
"09:32","","13-16","SANDERS,JORDAN Turnover"
"09:30","FENDER,JOHN Steal","13-16",""
"09:28","FENDER,JOHN made Layup","15-16",""
"09:12","","15-16","THOMPSON,BRANDON missed Layup"
"09:12","BOYD,ELIJAH Defensive Rebound","15-16",""
"09:00","SMITH,SAM made Three Point Jumper","18-16",""
"09:00","FENDER,JOHN Assist","18-16",""
"08:58","SAMBO,SARDAYAH Commits Foul","18-16",""
"08:58","JACKSON,NICK Enters Game","18-16",""
"08:58","MCMAHON,RYAN Enters Game","18-16",""
"08:58","","18-16","SCOTT,JOSH Enters Game"
"08:39","","18-16","SLONE,EVAN missed Layup"
"08:39","GREEN,KENDALL Defensive Rebound","18-16",""
"08:29","JACKSON,NICK made Layup","20-16",""
"08:29","FENDER,JOHN Assist","20-16",""
"08:13","","20-16","SLONE,EVAN missed Layup"
"08:13","","20-16","SLONE,EVAN Offensive Rebound"
"08:11","","20-18","SLONE,EVAN made Layup"
"08:01","GREEN,KENDALL made Three Point Jumper","23-18",""
"08:01","JACKSON,NICK Assist","23-18",""
"07:46","","23-21","KELLEY,RYAN made Three Point Jumper"
"07:46","","23-21","SCOTT,JOSH Assist"
"07:43","","23-21","TEAM 30 Second Timeout"
"07:32","","23-21","SLONE,EVAN Commits Foul"
"07:32","FENDER,JOHN missed Free Throw","23-21",""
"07:32","TEAM Deadball Rebound","23-21",""
"07:32","FENDER,JOHN made Free Throw","24-21",""
"07:32","","24-21","PIERFY,PHIL Enters Game"
"07:32","","24-21","ANDERSON-MARROW,E Enters Game"
"07:32","","24-21","SANDERS,JORDAN Leaves Game"
"07:17","","24-24","THOMPSON,BRANDON made Three Point Jumper"
"07:17","","24-24","KELLEY,RYAN Assist"
"06:45","SMITH,SAM missed Two Point Jumper","24-24",""
"06:45","","24-24","ANDERSON-MARROW,E Defensive Rebound"
"06:37","","24-24","PIERFY,PHIL missed Layup"
"06:37","MCMAHON,RYAN Blocked Shot","24-24",""
"06:37","TEAM Defensive Rebound","24-24",""
"06:13","FENDER,JOHN made Layup","26-24",""
"06:00","","26-24","SCOTT,JOSH missed Three Point Jumper"
"06:00","FENDER,JOHN Defensive Rebound","26-24",""
"05:40","GREEN,KENDALL missed Three Point Jumper","26-24",""
"05:40","MCMAHON,RYAN Offensive Rebound","26-24",""
"05:38","MCMAHON,RYAN made Layup","28-24",""
"05:19","","28-26","SCOTT,JOSH made Two Point Jumper"
"05:19","","28-26","THOMPSON,BRANDON Assist"
"05:02","","28-26","THOMPSON,BRANDON Commits Foul"
"05:02","","28-26","RIVERA,JASON Enters Game"
"05:02","","28-26","SCOTT,JOSH Leaves Game"
"04:47","","28-26","ANDERSON-MARROW,E Commits Foul"
"04:47","FENDER,JOHN made Free Throw","29-26",""
"04:47","FENDER,JOHN made Free Throw","30-26",""
"04:47","","30-26","ANDERSON-MARROW,E Leaves Game"
"04:26","","30-28","REILLY,KYLE made Layup"
"04:10","FENDER,JOHN made Layup","32-28",""
"04:10","","32-28","RIVERA,JASON Commits Foul"
"04:10","FENDER,JOHN missed Free Throw","32-28",""
"04:10","","32-28","PIERFY,PHIL Defensive Rebound"
"03:47","","32-30","RIVERA,JASON made Two Point Jumper"
"03:35","","32-30","REILLY,KYLE Commits Foul"
"03:35","GREEN,KENDALL made Free Throw","33-30",""
"03:35","GREEN,KENDALL made Free Throw","34-30",""
"03:35","LAVERTY,CONNOR Enters Game","34-30",""
"03:35","JACKSON,NICK Leaves Game","34-30",""
"03:35","","34-30","GRAY,KELSEY Enters Game"
"03:35","","34-30","SCOTT,JOSH Enters Game"
"03:35","","34-30","THOMPSON,BRANDON Leaves Game"
"03:06","LAVERTY,CONNOR Commits Foul","34-30",""
"03:06","","34-30","SANDERS,JORDAN Enters Game"
"03:06","","34-30","RIVERA,JASON Leaves Game"
"03:02","","34-32","REILLY,KYLE made Layup"
"03:02","","34-32","SANDERS,JORDAN Assist"
"02:46","FENDER,JOHN Turnover","34-32",""
"02:26","","34-32","GRAY,KELSEY missed Two Point Jumper"
"02:26","FENDER,JOHN Defensive Rebound","34-32",""
"02:03","FENDER,JOHN missed Three Point Jumper","34-32",""
"02:03","","34-32","SCOTT,JOSH Defensive Rebound"
"01:48","","34-32","REILLY,KYLE missed Three Point Jumper"
"01:48","MCMAHON,RYAN Defensive Rebound","34-32",""
"01:42","LAVERTY,CONNOR made Layup","36-32",""
"01:35","LAVERTY,CONNOR Commits Foul","36-32",""
"01:35","","36-33","SCOTT,JOSH made Free Throw"
"01:35","","36-33","SCOTT,JOSH missed Free Throw"
"01:35","FENDER,JOHN Defensive Rebound","36-33",""
"01:35","LAVERTY,CONNOR Leaves Game","36-33",""
"01:13","GREEN,KENDALL missed Two Point Jumper","36-33",""
"01:13","","36-33","REILLY,KYLE Defensive Rebound"
"00:53","","36-35","GRAY,KELSEY made Layup"
"00:53","","36-35","SANDERS,JORDAN Assist"
"00:32","SMITH,SAM Turnover","36-35",""
"00:32","","36-35","THOMPSON,BRANDON Enters Game"
"00:32","","36-35","SANDERS,JORDAN Leaves Game"
"00:32","","36-35","GRAY,KELSEY Leaves Game"
"00:05","BOYD,ELIJAH Commits Foul","36-35",""
"00:05","","36-35","REILLY,KYLE missed Free Throw"
"00:05","TEAM Defensive Rebound","36-35",""
"End of 1st Half"
