"Time","Akron","Score","Bowling Green"
"19:45","CHEATHAM,JR, KWAN made Three Point Jumper","3-0",""
"19:45","ROBOTHAM,NOAH Assist","3-0",""
"19:23","JOHNSON,ISAIAH Commits Foul","3-0",""
"19:23","","3-0","WIGGINS,DEMAJEO missed Free Throw"
"19:23","","3-0","TEAM Deadball Rebound"
"19:23","","3-1","WIGGINS,DEMAJEO made Free Throw"
"18:54","CHEATHAM,JR, KWAN made Three Point Jumper","6-1",""
"18:54","JOHNSON,ISAIAH Assist","6-1",""
"18:37","CHEATHAM,JR, KWAN Commits Foul","6-1",""
"18:30","","6-3","DENNY,ZACK made Layup"
"18:12","JACKSON,ANTINO Turnover","6-3",""
"17:57","","6-5","ALCEGAIRE,WES made Layup"
"17:42","IVEY,JIMOND missed Three Point Jumper","6-5",""
"17:42","","6-5","WIGGINS,DEMAJEO Defensive Rebound"
"17:32","","6-5","DENNY,ZACK missed Two Point Jumper"
"17:32","JOHNSON,ISAIAH Defensive Rebound","6-5",""
"17:23","ROBOTHAM,NOAH missed Two Point Jumper","6-5",""
"17:23","","6-5","WIGGINS,DEMAJEO Defensive Rebound"
"17:15","","6-5","CALDWELL,RODRICK Turnover"
"17:15","","6-5","CALDWELL,RODRICK Commits Foul"
"17:03","JOHNSON,ISAIAH missed Layup","6-5",""
"17:03","","6-5","WIGGINS,DEMAJEO Blocked Shot"
"17:02","","6-5","FRYE,DYLAN Defensive Rebound"
"16:56","","6-5","CALDWELL,RODRICK missed Three Point Jumper"
"16:56","IVEY,JIMOND Defensive Rebound","6-5",""
"16:47","IVEY,JIMOND made Layup","8-5",""
"16:22","","8-5","WIGGINS,DEMAJEO missed Layup"
"16:22","JOHNSON,ISAIAH Blocked Shot","8-5",""
"16:20","JOHNSON,ISAIAH Defensive Rebound","8-5",""
"16:10","","8-5","CALDWELL,RODRICK Commits Foul"
"16:10","UTOMI,DANIEL Enters Game","8-5",""
"16:10","OLOJAKPOKE,EMMANUEL Enters Game","8-5",""
"16:10","CHEATHAM,JR, KWAN Leaves Game","8-5",""
"16:10","JOHNSON,ISAIAH Leaves Game","8-5",""
"16:10","","8-5","ALI,ISMAIL Enters Game"
"16:10","","8-5","CALDWELL,RODRICK Leaves Game"
"16:03","ROBOTHAM,NOAH made Three Point Jumper","11-5",""
"15:44","","11-5","TEAM Media Timeout"
"15:28","","11-7","FRYE,DYLAN made Two Point Jumper"
"15:28","","11-7","ALCEGAIRE,WES Assist"
"15:17","UTOMI,DANIEL Turnover","11-7",""
"15:17","UTOMI,DANIEL Commits Foul","11-7",""
"15:17","","11-7","WORRELL,RASHEED Enters Game"
"15:17","","11-7","WIGGINS,DEMAJEO Leaves Game"
"14:57","","11-10","DENNY,ZACK made Three Point Jumper"
"14:57","","11-10","ALI,ISMAIL Assist"
"14:47","JACKSON,ANTINO missed Three Point Jumper","11-10",""
"14:47","","11-10","ALI,ISMAIL Defensive Rebound"
"14:45","","11-10","LILLARD,ANTWON Enters Game"
"14:45","","11-10","DENNY,ZACK Leaves Game"
"14:28","","11-12","WORRELL,RASHEED made Two Point Jumper"
"14:10","UTOMI,DANIEL missed Three Point Jumper","11-12",""
"14:10","","11-12","ALI,ISMAIL Defensive Rebound"
"14:02","","11-14","ALCEGAIRE,WES made Layup"
"13:47","","11-14","WORRELL,RASHEED Commits Foul"
"13:47","JOHNSON,ISAIAH Enters Game","11-14",""
"13:47","DUNN-MARTIN,TAVIAN Enters Game","11-14",""
"13:47","CHEATHAM,JR, KWAN Enters Game","11-14",""
"13:47","IVEY,JIMOND Leaves Game","11-14",""
"13:47","ROBOTHAM,NOAH Leaves Game","11-14",""
"13:47","OLOJAKPOKE,EMMANUEL Leaves Game","11-14",""
"13:33","","11-14","WORRELL,RASHEED Commits Foul"
"13:33","","11-14","WIGGINS,DEMAJEO Enters Game"
"13:33","","11-14","WORRELL,RASHEED Leaves Game"
"13:28","JACKSON,ANTINO Turnover","11-14",""
"13:27","","11-14","ALI,ISMAIL Steal"
"13:23","","11-17","FRYE,DYLAN made Three Point Jumper"
"13:23","","11-17","ALI,ISMAIL Assist"
"13:08","DUNN-MARTIN,TAVIAN missed Three Point Jumper","11-17",""
"13:08","","11-17","LILLARD,ANTWON Defensive Rebound"
"13:01","","11-17","WIGGINS,DEMAJEO Turnover"
"13:00","CHEATHAM,JR, KWAN Steal","11-17",""
"12:46","","11-17","FRYE,DYLAN Commits Foul"
"12:46","JACKSON,AARON Enters Game","11-17",""
"12:46","UTOMI,DANIEL Leaves Game","11-17",""
"12:46","","11-17","DENNY,ZACK Enters Game"
"12:46","","11-17","FRYE,DYLAN Leaves Game"
"12:37","CHEATHAM,JR, KWAN missed Three Point Jumper","11-17",""
"12:37","JOHNSON,ISAIAH Offensive Rebound","11-17",""
"12:32","JOHNSON,ISAIAH missed Layup","11-17",""
"12:32","","11-17","ALI,ISMAIL Blocked Shot"
"12:30","","11-17","LILLARD,ANTWON Defensive Rebound"
"12:22","","11-19","ALI,ISMAIL made Layup"
"12:07","ROBOTHAM,NOAH Enters Game","11-19",""
"12:07","JACKSON,ANTINO Leaves Game","11-19",""
"12:07","","11-19","FOX,MATT Enters Game"
"12:07","","11-19","ALCEGAIRE,WES Leaves Game"
"11:52","JOHNSON,ISAIAH Turnover","11-19",""
"11:52","","11-19","TEAM Media Timeout"
"11:36","","11-19","DENNY,ZACK missed Three Point Jumper"
"11:36","JACKSON,AARON Defensive Rebound","11-19",""
"11:18","DUNN-MARTIN,TAVIAN made Three Point Jumper","14-19",""
"11:18","JOHNSON,ISAIAH Assist","14-19",""
"10:57","","14-19","DENNY,ZACK missed Layup"
"10:57","CHEATHAM,JR, KWAN Defensive Rebound","14-19",""
"10:42","IVEY,JIMOND Enters Game","14-19",""
"10:42","JACKSON,AARON Leaves Game","14-19",""
"10:42","","14-19","FRYE,DYLAN Enters Game"
"10:42","","14-19","LILLARD,ANTWON Leaves Game"
"10:31","DUNN-MARTIN,TAVIAN missed Three Point Jumper","14-19",""
"10:31","","14-19","DENNY,ZACK Defensive Rebound"
"10:23","","14-19","FRYE,DYLAN Turnover"
"10:22","ROBOTHAM,NOAH Steal","14-19",""
"10:11","CHEATHAM,JR, KWAN missed Two Point Jumper","14-19",""
"10:11","JOHNSON,ISAIAH Offensive Rebound","14-19",""
"10:07","JOHNSON,ISAIAH missed Layup","14-19",""
"10:07","","14-19","WIGGINS,DEMAJEO Blocked Shot"
"10:06","","14-19","DENNY,ZACK Defensive Rebound"
"10:02","","14-19","FOX,MATT missed Three Point Jumper"
"10:02","IVEY,JIMOND Defensive Rebound","14-19",""
"09:53","IVEY,JIMOND missed Three Point Jumper","14-19",""
"09:53","JOHNSON,ISAIAH Offensive Rebound","14-19",""
"09:47","JOHNSON,ISAIAH Turnover","14-19",""
"09:46","","14-19","DENNY,ZACK Steal"
"09:43","","14-21","DENNY,ZACK made Layup"
"09:20","CHEATHAM,JR, KWAN missed Three Point Jumper","14-21",""
"09:20","","14-21","TEAM Defensive Rebound"
"09:18","JACKSON,ANTINO Enters Game","14-21",""
"09:18","DUNN-MARTIN,TAVIAN Leaves Game","14-21",""
"09:18","","14-21","ALCEGAIRE,WES Enters Game"
"09:18","","14-21","WIGGINS,DEMAJEO Leaves Game"
"09:06","IVEY,JIMOND Commits Foul","14-21",""
"09:06","","14-22","DENNY,ZACK made Free Throw"
"09:06","","14-23","DENNY,ZACK made Free Throw"
"09:04","","14-23","DENNY,ZACK Commits Foul"
"08:48","IVEY,JIMOND missed Three Point Jumper","14-23",""
"08:48","","14-23","FOX,MATT Defensive Rebound"
"08:47","CHEATHAM,JR, KWAN Commits Foul","14-23",""
"08:47","UTOMI,DANIEL Enters Game","14-23",""
"08:47","OLOJAKPOKE,EMMANUEL Enters Game","14-23",""
"08:47","JOHNSON,ISAIAH Leaves Game","14-23",""
"08:47","CHEATHAM,JR, KWAN Leaves Game","14-23",""
"08:25","UTOMI,DANIEL Commits Foul","14-23",""
"08:25","ROBOTHAM,NOAH Commits Foul","14-23",""
"08:25","","14-24","FRYE,DYLAN made Free Throw"
"08:25","","14-24","FRYE,DYLAN missed Free Throw"
"08:25","TEAM Defensive Rebound","14-24",""
"08:03","ROBOTHAM,NOAH missed Layup","14-24",""
"08:03","","14-24","DENNY,ZACK Defensive Rebound"
"07:57","","14-26","FRYE,DYLAN made Two Point Jumper"
"07:45","OLOJAKPOKE,EMMANUEL missed Layup","14-26",""
"07:45","","14-26","ALCEGAIRE,WES Defensive Rebound"
"07:36","","14-26","ALCEGAIRE,WES missed Three Point Jumper"
"07:36","UTOMI,DANIEL Defensive Rebound","14-26",""
"07:24","OLOJAKPOKE,EMMANUEL made Dunk","16-26",""
"07:24","JACKSON,ANTINO Assist","16-26",""
"07:05","","16-26","ALCEGAIRE,WES missed Layup"
"07:05","OLOJAKPOKE,EMMANUEL Defensive Rebound","16-26",""
"06:57","JACKSON,ANTINO missed Layup","16-26",""
"06:57","","16-26","FOX,MATT Defensive Rebound"
"06:34","","16-26","DENNY,ZACK missed Three Point Jumper"
"06:34","","16-26","FOX,MATT Offensive Rebound"
"06:31","","16-26","TEAM Media Timeout"
"06:31","JACKSON,AARON Enters Game","16-26",""
"06:31","UTOMI,DANIEL Leaves Game","16-26",""
"06:31","","16-26","WIGGINS,DEMAJEO Enters Game"
"06:31","","16-26","ALCEGAIRE,WES Leaves Game"
"06:21","","16-26","DENNY,ZACK Turnover"
"06:19","JACKSON,AARON Steal","16-26",""
"06:15","JACKSON,ANTINO missed Three Point Jumper","16-26",""
"06:15","","16-26","DENNY,ZACK Defensive Rebound"
"05:54","","16-28","DENNY,ZACK made Two Point Jumper"
"05:27","JACKSON,ANTINO missed Layup","16-28",""
"05:27","JACKSON,AARON Offensive Rebound","16-28",""
"05:22","JACKSON,AARON missed Layup","16-28",""
"05:22","","16-28","WIGGINS,DEMAJEO Defensive Rebound"
"05:17","","16-28","DENNY,ZACK missed Two Point Jumper"
"05:17","JACKSON,AARON Defensive Rebound","16-28",""
"04:52","","16-28","FOX,MATT Commits Foul"
"04:52","JACKSON,AARON made Free Throw","17-28",""
"04:52","JACKSON,AARON made Free Throw","18-28",""
"04:52","UTOMI,DANIEL Enters Game","18-28",""
"04:52","DUNN-MARTIN,TAVIAN Enters Game","18-28",""
"04:52","JOHNSON,ISAIAH Enters Game","18-28",""
"04:52","JACKSON,AARON Leaves Game","18-28",""
"04:52","JACKSON,ANTINO Leaves Game","18-28",""
"04:52","OLOJAKPOKE,EMMANUEL Leaves Game","18-28",""
"04:39","","18-28","FRYE,DYLAN missed Three Point Jumper"
"04:39","JOHNSON,ISAIAH Defensive Rebound","18-28",""
"04:30","DUNN-MARTIN,TAVIAN missed Two Point Jumper","18-28",""
"04:30","","18-28","DENNY,ZACK Defensive Rebound"
"04:23","","18-30","FRYE,DYLAN made Layup"
"04:23","","18-30","DENNY,ZACK Assist"
"04:00","DUNN-MARTIN,TAVIAN made Three Point Jumper","21-30",""
"04:00","IVEY,JIMOND Assist","21-30",""
"03:37","","21-30","DENNY,ZACK Turnover"
"03:36","IVEY,JIMOND Steal","21-30",""
"03:31","ROBOTHAM,NOAH made Layup","23-30",""
"03:31","DUNN-MARTIN,TAVIAN Assist","23-30",""
"03:31","","23-30","ALI,ISMAIL Commits Foul"
"03:31","TEAM Media Timeout","23-30",""
"03:31","ROBOTHAM,NOAH made Free Throw","24-30",""
"03:18","","24-32","FRYE,DYLAN made Layup"
"03:03","DUNN-MARTIN,TAVIAN missed Three Point Jumper","24-32",""
"03:03","IVEY,JIMOND Offensive Rebound","24-32",""
"02:47","JOHNSON,ISAIAH made Layup","26-32",""
"02:46","","26-32","ALCEGAIRE,WES Enters Game"
"02:46","","26-32","LILLARD,ANTWON Enters Game"
"02:46","","26-32","FRYE,DYLAN Leaves Game"
"02:46","","26-32","DENNY,ZACK Leaves Game"
"02:22","","26-32","WIGGINS,DEMAJEO missed Layup"
"02:22","JOHNSON,ISAIAH Blocked Shot","26-32",""
"02:20","ROBOTHAM,NOAH Defensive Rebound","26-32",""
"02:05","JOHNSON,ISAIAH Turnover","26-32",""
"01:42","","26-32","ALCEGAIRE,WES missed Three Point Jumper"
"01:42","","26-32","WIGGINS,DEMAJEO Offensive Rebound"
"01:40","","26-34","WIGGINS,DEMAJEO made Layup"
"01:16","DUNN-MARTIN,TAVIAN made Three Point Jumper","29-34",""
"01:16","JOHNSON,ISAIAH Assist","29-34",""
"00:55","","29-36","LILLARD,ANTWON made Two Point Jumper"
"00:32","DUNN-MARTIN,TAVIAN missed Three Point Jumper","29-36",""
"00:32","","29-36","WIGGINS,DEMAJEO Defensive Rebound"
"00:09","","29-36","ALI,ISMAIL Turnover"
"00:07","ROBOTHAM,NOAH Steal","29-36",""
"00:02","ROBOTHAM,NOAH missed Layup","29-36",""
"00:01","","29-36","FOX,MATT Defensive Rebound"
"End of 1st Half"
