"Date","Time","Period","Time Left","Score","Team","Player","Status","Action","Shot Clock","Lineup","Lineup Time"
"01/25/2017","8 p.m.","1st Half","19:32","0-0","Arcadia","Slone, Evan","missed","Layup","2","Slone, Evan","0:28"
"01/25/2017","8 p.m.","1st Half","19:32","0-0","Albright","Oplinger, Garrett","","Defensive Rebound","","Oplinger, Garrett","0:28"
"01/25/2017","8 p.m.","1st Half","19:18","0-0","Albright","Oplinger, Garrett","missed","Three Point Jumper","16","Oplinger, Garrett","0:42"
"01/25/2017","8 p.m.","1st Half","19:18","0-0","Arcadia","Team","","Defensive Rebound","","Slone, Evan","0:42"
"01/25/2017","8 p.m.","1st Half","19:00","0-0","Arcadia","Pierfy, Phil","missed","Three Point Jumper","12","Pierfy, Phil; Slone, Evan","0:00"
"01/25/2017","8 p.m.","1st Half","19:00","0-0","Albright","Clark, Jayson","","Defensive Rebound","","Clark, Jayson; Oplinger, Garrett","0:00"
"01/25/2017","8 p.m.","1st Half","18:49","0-2","Albright","Ringgold, Omari","made","Two Point Jumper","19","Clark, Jayson; Oplinger, Garrett; Ringgold, Omari","0:00"
"01/25/2017","8 p.m.","1st Half","18:47","0-2","Arcadia","Scott, Josh","","Commits Foul","28","Pierfy, Phil; Scott, Josh; Slone, Evan","0:00"
"01/25/2017","8 p.m.","1st Half","18:47","0-3","Albright","Ringgold, Omari","made","Free Throw","","Clark, Jayson; Oplinger, Garrett; Ringgold, Omari","0:02"
"01/25/2017","8 p.m.","1st Half","18:32","3-3","Arcadia","Scott, Josh","made","Three Point Jumper","15","Pierfy, Phil; Scott, Josh; Slone, Evan","0:15"
"01/25/2017","8 p.m.","1st Half","18:32","3-3","Arcadia","Sanders, Jordan","","Assist","","Pierfy, Phil; Sanders, Jordan; Scott, Josh; Slone, Evan","0:00"
"01/25/2017","8 p.m.","1st Half","18:13","3-3","Albright","Ringgold, Omari","missed","Three Point Jumper","11","Clark, Jayson; Oplinger, Garrett; Ringgold, Omari","0:36"
"01/25/2017","8 p.m.","1st Half","18:13","3-3","Arcadia","Team","","Defensive Rebound","","Pierfy, Phil; Sanders, Jordan; Scott, Josh; Slone, Evan","0:19"
"01/25/2017","8 p.m.","1st Half","17:48","5-3","Arcadia","Slone, Evan","made","Layup","5","Pierfy, Phil; Sanders, Jordan; Scott, Josh; Slone, Evan","0:44"
"01/25/2017","8 p.m.","1st Half","17:48","5-3","Arcadia","Pierfy, Phil","","Assist","","Pierfy, Phil; Sanders, Jordan; Scott, Josh; Slone, Evan","0:44"
"01/25/2017","8 p.m.","1st Half","17:30","5-3","Albright","Rowles, Fred","","Turnover","","Clark, Jayson; Oplinger, Garrett; Ringgold, Omari; Rowles, Fred","0:00"
"01/25/2017","8 p.m.","1st Half","17:28","5-3","Arcadia","Kelley, Ryan","","Steal","","Kelley, Ryan; Pierfy, Phil; Sanders, Jordan; Scott, Josh; Slone, Evan","0:00"
"01/25/2017","8 p.m.","1st Half","17:22","7-3","Arcadia","Kelley, Ryan","made","Layup","22","Kelley, Ryan; Pierfy, Phil; Sanders, Jordan; Scott, Josh; Slone, Evan","0:06"
"01/25/2017","8 p.m.","1st Half","17:09","7-3","Albright","Clark, Jayson","missed","Two Point Jumper","17","Clark, Jayson; Oplinger, Garrett; Ringgold, Omari; Rowles, Fred","0:21"
"01/25/2017","8 p.m.","1st Half","17:09","7-3","Arcadia","Scott, Josh","","Defensive Rebound","","Kelley, Ryan; Pierfy, Phil; Sanders, Jordan; Scott, Josh; Slone, Evan","0:19"
"01/25/2017","8 p.m.","1st Half","16:59","7-3","Arcadia","Kelley, Ryan","missed","Layup","20","Kelley, Ryan; Pierfy, Phil; Sanders, Jordan; Scott, Josh; Slone, Evan","0:29"
"01/25/2017","8 p.m.","1st Half","16:59","7-3","Albright","Rowles, Fred","","Defensive Rebound","","Clark, Jayson; Oplinger, Garrett; Ringgold, Omari; Rowles, Fred","0:31"
"01/25/2017","8 p.m.","1st Half","16:42","7-3","Albright","Smith, Dejuan","","Turnover","","Clark, Jayson; Oplinger, Garrett; Ringgold, Omari; Rowles, Fred; Smith, Dejuan","0:00"
"01/25/2017","8 p.m.","1st Half","16:41","7-3","Arcadia","Pierfy, Phil","","Steal","","Kelley, Ryan; Pierfy, Phil; Sanders, Jordan; Scott, Josh; Slone, Evan","0:47"
"01/25/2017","8 p.m.","1st Half","16:35","7-3","Arcadia","Sanders, Jordan","missed","Two Point Jumper","23","Kelley, Ryan; Pierfy, Phil; Sanders, Jordan; Scott, Josh; Slone, Evan","0:53"
"01/25/2017","8 p.m.","1st Half","16:35","7-3","Arcadia","Pierfy, Phil","","Offensive Rebound","","Kelley, Ryan; Pierfy, Phil; Sanders, Jordan; Scott, Josh; Slone, Evan","0:53"
"01/25/2017","8 p.m.","1st Half","16:28","7-3","Arcadia","Pierfy, Phil","missed","Layup","23","Kelley, Ryan; Pierfy, Phil; Sanders, Jordan; Scott, Josh; Slone, Evan","1:00"
"01/25/2017","8 p.m.","1st Half","16:28","7-3","Albright","Smith, Dejuan","","Defensive Rebound","","Clark, Jayson; Oplinger, Garrett; Ringgold, Omari; Rowles, Fred; Smith, Dejuan","0:14"
"01/25/2017","8 p.m.","1st Half","16:14","7-3","Arcadia","Pierfy, Phil","","Commits Foul","16","Kelley, Ryan; Pierfy, Phil; Sanders, Jordan; Scott, Josh; Slone, Evan","1:14"
"01/25/2017","8 p.m.","1st Half","16:14","7-4","Albright","Smith, Dejuan","made","Free Throw","","Clark, Jayson; Oplinger, Garrett; Ringgold, Omari; Rowles, Fred; Smith, Dejuan","0:28"
"01/25/2017","8 p.m.","1st Half","16:14","7-5","Albright","Smith, Dejuan","made","Free Throw","","Clark, Jayson; Oplinger, Garrett; Ringgold, Omari; Rowles, Fred; Smith, Dejuan","0:28"
"01/25/2017","8 p.m.","1st Half","15:59","9-5","Arcadia","Slone, Evan","made","Layup","15","Kelley, Ryan; Pierfy, Phil; Sanders, Jordan; Scott, Josh; Slone, Evan","1:29"
"01/25/2017","8 p.m.","1st Half","15:50","9-5","Albright","Ringgold, Omari","missed","Two Point Jumper","21","Clark, Jayson; Oplinger, Garrett; Ringgold, Omari; Rowles, Fred; Smith, Dejuan","0:52"
"01/25/2017","8 p.m.","1st Half","15:50","9-5","Arcadia","Scott, Josh","","Defensive Rebound","","Kelley, Ryan; Pierfy, Phil; Sanders, Jordan; Scott, Josh; Slone, Evan","1:38"
"01/25/2017","8 p.m.","1st Half","15:43","12-5","Arcadia","Kelley, Ryan","made","Three Point Jumper","23","Kelley, Ryan; Pierfy, Phil; Sanders, Jordan; Scott, Josh; Slone, Evan","1:45"
"01/25/2017","8 p.m.","1st Half","15:43","12-5","Arcadia","Scott, Josh","","Assist","","Kelley, Ryan; Pierfy, Phil; Sanders, Jordan; Scott, Josh; Slone, Evan","1:45"
"01/25/2017","8 p.m.","1st Half","15:40","12-5","Albright","Team","","Second Timeout","","Clark, Jayson; Oplinger, Garrett; Ringgold, Omari; Rowles, Fred; Smith, Dejuan","1:02"
"01/25/2017","8 p.m.","1st Half","15:29","12-7","Albright","Smith, Dejuan","made","Two Point Jumper","16","Clark, Jayson; Oplinger, Garrett; Ringgold, Omari; Rowles, Fred; Smith, Dejuan","1:13"
"01/25/2017","8 p.m.","1st Half","15:29","12-7","Albright","Clark, Jayson","","Assist","","Clark, Jayson; Oplinger, Garrett; Ringgold, Omari; Rowles, Fred; Smith, Dejuan","1:13"
"01/25/2017","8 p.m.","1st Half","15:06","12-7","Albright","Rowles, Fred","","Commits Foul","7","Clark, Jayson; Oplinger, Garrett; Ringgold, Omari; Rowles, Fred; Smith, Dejuan","1:36"
"01/25/2017","8 p.m.","1st Half","15:01","12-7","Arcadia","Kelley, Ryan","missed","Layup","25","Kelley, Ryan; Pierfy, Phil; Sanders, Jordan; Scott, Josh; Slone, Evan","2:27"
"01/25/2017","8 p.m.","1st Half","15:01","12-7","Albright","Oplinger, Garrett","","Defensive Rebound","","Clark, Jayson; Oplinger, Garrett; Ringgold, Omari; Rowles, Fred; Smith, Dejuan","1:41"
"01/25/2017","8 p.m.","1st Half","14:44","12-7","Albright","Ringgold, Omari","missed","Three Point Jumper","13","Clark, Jayson; Oplinger, Garrett; Ringgold, Omari; Rowles, Fred; Smith, Dejuan","1:58"
"01/25/2017","8 p.m.","1st Half","14:44","12-7","Arcadia","Sanders, Jordan","","Defensive Rebound","","Kelley, Ryan; Pierfy, Phil; Sanders, Jordan; Scott, Josh; Slone, Evan","2:44"
"01/25/2017","8 p.m.","1st Half","14:29","12-7","Arcadia","Pierfy, Phil","missed","Layup","15","Kelley, Ryan; Pierfy, Phil; Sanders, Jordan; Scott, Josh; Slone, Evan","2:59"
"01/25/2017","8 p.m.","1st Half","14:29","12-7","Albright","Smith, Dejuan","","Defensive Rebound","","Clark, Jayson; Oplinger, Garrett; Ringgold, Omari; Rowles, Fred; Smith, Dejuan","2:13"
"01/25/2017","8 p.m.","1st Half","14:16","12-7","Albright","Oplinger, Garrett","missed","Three Point Jumper","17","Clark, Jayson; Oplinger, Garrett; Ringgold, Omari; Rowles, Fred; Smith, Dejuan","2:26"
"01/25/2017","8 p.m.","1st Half","14:16","12-7","Arcadia","Sanders, Jordan","","Defensive Rebound","","Kelley, Ryan; Pierfy, Phil; Sanders, Jordan; Scott, Josh; Slone, Evan","3:12"
"01/25/2017","8 p.m.","1st Half","14:07","14-7","Arcadia","Pierfy, Phil","made","Layup","21","Kelley, Ryan; Pierfy, Phil; Sanders, Jordan; Scott, Josh; Slone, Evan","3:21"
"01/25/2017","8 p.m.","1st Half","14:07","14-7","Arcadia","Sanders, Jordan","","Assist","","Kelley, Ryan; Pierfy, Phil; Sanders, Jordan; Scott, Josh; Slone, Evan","3:21"
"01/25/2017","8 p.m.","1st Half","13:50","14-7","Albright","Rowles, Fred","missed","Three Point Jumper","13","Clark, Jayson; Oplinger, Garrett; Ringgold, Omari; Rowles, Fred; Smith, Dejuan","2:52"
"01/25/2017","8 p.m.","1st Half","13:50","14-7","Arcadia","Scott, Josh","","Defensive Rebound","","Kelley, Ryan; Pierfy, Phil; Sanders, Jordan; Scott, Josh; Slone, Evan","3:38"
"01/25/2017","8 p.m.","1st Half","13:43","14-7","Arcadia","Scott, Josh","missed","Three Point Jumper","23","Kelley, Ryan; Pierfy, Phil; Sanders, Jordan; Scott, Josh; Slone, Evan","3:45"
"01/25/2017","8 p.m.","1st Half","13:43","14-7","Albright","Rowles, Fred","","Defensive Rebound","","Clark, Jayson; Oplinger, Garrett; Ringgold, Omari; Rowles, Fred; Smith, Dejuan","2:59"
"01/25/2017","8 p.m.","1st Half","13:27","14-7","Arcadia","Kelley, Ryan","","Commits Foul","14","Kelley, Ryan; Pierfy, Phil; Sanders, Jordan; Scott, Josh; Slone, Evan","4:01"
"01/25/2017","8 p.m.","1st Half","13:27","14-8","Albright","Clark, Jayson","made","Free Throw","","Clark, Jayson; Oplinger, Garrett; Ringgold, Omari; Rowles, Fred; Smith, Dejuan","3:15"
"01/25/2017","8 p.m.","1st Half","13:27","14-8","Albright","Clark, Jayson","missed","Free Throw","","Clark, Jayson; Oplinger, Garrett; Ringgold, Omari; Rowles, Fred; Smith, Dejuan","3:15"
"01/25/2017","8 p.m.","1st Half","13:27","14-8","Arcadia","Slone, Evan","","Defensive Rebound","","Kelley, Ryan; Pierfy, Phil; Sanders, Jordan; Scott, Josh; Slone, Evan","4:01"
"01/25/2017","8 p.m.","1st Half","13:27","14-8","Arcadia","Rivera, Jason","","Enters Game","","Kelley, Ryan; Pierfy, Phil; Rivera, Jason; Sanders, Jordan; Scott, Josh; Slone, Evan","0:00"
"01/25/2017","8 p.m.","1st Half","13:27","14-8","Arcadia","Anderson-Marrow, Emmanuel","","Enters Game","","Anderson-Marrow, Emmanuel; Kelley, Ryan; Pierfy, Phil; Rivera, Jason; Sanders, Jordan; Scott, Josh; Slone, Evan","0:00"
"01/25/2017","8 p.m.","1st Half","13:27","14-8","Arcadia","Pierfy, Phil","","Leaves Game","","Anderson-Marrow, Emmanuel; Kelley, Ryan; Rivera, Jason; Sanders, Jordan; Scott, Josh; Slone, Evan","0:00"
"01/25/2017","8 p.m.","1st Half","13:27","14-8","Arcadia","Sanders, Jordan","","Leaves Game","","Anderson-Marrow, Emmanuel; Kelley, Ryan; Rivera, Jason; Scott, Josh; Slone, Evan","0:00"
"01/25/2017","8 p.m.","1st Half","13:27","14-8","Albright","Rappoport, Jared","","Enters Game","","Clark, Jayson; Oplinger, Garrett; Rappoport, Jared; Ringgold, Omari; Rowles, Fred; Smith, Dejuan","0:00"
"01/25/2017","8 p.m.","1st Half","13:27","14-8","Albright","Calloway, Jaylin","","Enters Game","","Calloway, Jaylin; Clark, Jayson; Oplinger, Garrett; Rappoport, Jared; Ringgold, Omari; Rowles, Fred; Smith, Dejuan","0:00"
"01/25/2017","8 p.m.","1st Half","13:27","14-8","Albright","Rowles, Fred","","Leaves Game","","Calloway, Jaylin; Clark, Jayson; Oplinger, Garrett; Rappoport, Jared; Ringgold, Omari; Smith, Dejuan","0:00"
"01/25/2017","8 p.m.","1st Half","13:27","14-8","Albright","Ringgold, Omari","","Leaves Game","","Calloway, Jaylin; Clark, Jayson; Oplinger, Garrett; Rappoport, Jared; Smith, Dejuan","0:00"
"01/25/2017","8 p.m.","1st Half","13:11","14-8","Arcadia","Anderson-Marrow, Emmanuel","missed","Two Point Jumper","14","Anderson-Marrow, Emmanuel; Kelley, Ryan; Rivera, Jason; Scott, Josh; Slone, Evan","0:16"
"01/25/2017","8 p.m.","1st Half","13:11","14-8","Albright","Smith, Dejuan","","Defensive Rebound","","Calloway, Jaylin; Clark, Jayson; Oplinger, Garrett; Rappoport, Jared; Smith, Dejuan","0:16"
"01/25/2017","8 p.m.","1st Half","13:03","14-8","Albright","Calloway, Jaylin","missed","Three Point Jumper","22","Calloway, Jaylin; Clark, Jayson; Oplinger, Garrett; Rappoport, Jared; Smith, Dejuan","0:24"
"01/25/2017","8 p.m.","1st Half","13:03","14-8","Arcadia","Team","","Defensive Rebound","","Anderson-Marrow, Emmanuel; Kelley, Ryan; Rivera, Jason; Scott, Josh; Slone, Evan","0:24"
"01/25/2017","8 p.m.","1st Half","13:00","14-8","Albright","Stern, Damon","","Enters Game","","Calloway, Jaylin; Clark, Jayson; Oplinger, Garrett; Rappoport, Jared; Smith, Dejuan; Stern, Damon","0:00"
"01/25/2017","8 p.m.","1st Half","13:00","14-8","Albright","Clark, Jayson","","Leaves Game","","Calloway, Jaylin; Oplinger, Garrett; Rappoport, Jared; Smith, Dejuan; Stern, Damon","0:00"
"01/25/2017","8 p.m.","1st Half","12:42","14-8","Arcadia","Anderson-Marrow, Emmanuel","missed","Three Point Jumper","9","Anderson-Marrow, Emmanuel; Kelley, Ryan; Rivera, Jason; Scott, Josh; Slone, Evan","0:45"
"01/25/2017","8 p.m.","1st Half","12:42","14-8","Arcadia","Team","","Offensive Rebound","","Anderson-Marrow, Emmanuel; Kelley, Ryan; Rivera, Jason; Scott, Josh; Slone, Evan","0:45"
"01/25/2017","8 p.m.","1st Half","12:34","14-8","Arcadia","Slone, Evan","","Turnover","","Anderson-Marrow, Emmanuel; Kelley, Ryan; Rivera, Jason; Scott, Josh; Slone, Evan","0:53"
"01/25/2017","8 p.m.","1st Half","12:34","14-8","Arcadia","Slone, Evan","","Commits Foul","","Anderson-Marrow, Emmanuel; Kelley, Ryan; Rivera, Jason; Scott, Josh; Slone, Evan","0:53"
"01/25/2017","8 p.m.","1st Half","12:34","14-8","Arcadia","Derr, Will","","Enters Game","","Anderson-Marrow, Emmanuel; Derr, Will; Kelley, Ryan; Rivera, Jason; Scott, Josh; Slone, Evan","0:00"
"01/25/2017","8 p.m.","1st Half","12:34","14-8","Arcadia","Slone, Evan","","Leaves Game","","Anderson-Marrow, Emmanuel; Derr, Will; Kelley, Ryan; Rivera, Jason; Scott, Josh","0:00"
"01/25/2017","8 p.m.","1st Half","12:17","14-8","Albright","Stern, Damon","missed","Three Point Jumper","13","Calloway, Jaylin; Oplinger, Garrett; Rappoport, Jared; Smith, Dejuan; Stern, Damon","0:43"
"01/25/2017","8 p.m.","1st Half","12:17","14-8","Arcadia","Scott, Josh","","Defensive Rebound","","Anderson-Marrow, Emmanuel; Derr, Will; Kelley, Ryan; Rivera, Jason; Scott, Josh","0:17"
"01/25/2017","8 p.m.","1st Half","12:09","16-8","Arcadia","Scott, Josh","made","Two Point Jumper","22","Anderson-Marrow, Emmanuel; Derr, Will; Kelley, Ryan; Rivera, Jason; Scott, Josh","0:25"
"01/25/2017","8 p.m.","1st Half","11:55","16-10","Albright","Rappoport, Jared","made","Layup","16","Calloway, Jaylin; Oplinger, Garrett; Rappoport, Jared; Smith, Dejuan; Stern, Damon","1:05"
"01/25/2017","8 p.m.","1st Half","11:28","16-10","Arcadia","Kelley, Ryan","","Turnover","","Anderson-Marrow, Emmanuel; Derr, Will; Kelley, Ryan; Rivera, Jason; Scott, Josh","1:06"
"01/25/2017","8 p.m.","1st Half","11:28","16-10","Arcadia","Sanders, Jordan","","Enters Game","","Anderson-Marrow, Emmanuel; Derr, Will; Kelley, Ryan; Rivera, Jason; Sanders, Jordan; Scott, Josh","0:00"
"01/25/2017","8 p.m.","1st Half","11:28","16-10","Arcadia","Kelley, Ryan","","Leaves Game","","Anderson-Marrow, Emmanuel; Derr, Will; Rivera, Jason; Sanders, Jordan; Scott, Josh","0:00"
"01/25/2017","8 p.m.","1st Half","11:09","16-10","Albright","Calloway, Jaylin","missed","Three Point Jumper","11","Calloway, Jaylin; Oplinger, Garrett; Rappoport, Jared; Smith, Dejuan; Stern, Damon","1:51"
"01/25/2017","8 p.m.","1st Half","11:09","16-10","Arcadia","Scott, Josh","","Defensive Rebound","","Anderson-Marrow, Emmanuel; Derr, Will; Rivera, Jason; Sanders, Jordan; Scott, Josh","0:19"
"01/25/2017","8 p.m.","1st Half","11:01","16-10","Arcadia","Rivera, Jason","missed","Two Point Jumper","22","Anderson-Marrow, Emmanuel; Derr, Will; Rivera, Jason; Sanders, Jordan; Scott, Josh","0:27"
"01/25/2017","8 p.m.","1st Half","11:01","16-10","Albright","Smith, Dejuan","","Defensive Rebound","","Calloway, Jaylin; Oplinger, Garrett; Rappoport, Jared; Smith, Dejuan; Stern, Damon","1:59"
"01/25/2017","8 p.m.","1st Half","10:56","16-10","Arcadia","Rivera, Jason","","Commits Foul","25","Anderson-Marrow, Emmanuel; Derr, Will; Rivera, Jason; Sanders, Jordan; Scott, Josh","0:32"
"01/25/2017","8 p.m.","1st Half","10:56","16-10","Arcadia","Sellers, Tyson","","Enters Game","","Anderson-Marrow, Emmanuel; Derr, Will; Rivera, Jason; Sanders, Jordan; Scott, Josh; Sellers, Tyson","0:00"
"01/25/2017","8 p.m.","1st Half","10:56","16-10","Arcadia","Scott, Josh","","Leaves Game","","Anderson-Marrow, Emmanuel; Derr, Will; Rivera, Jason; Sanders, Jordan; Sellers, Tyson","0:00"
"01/25/2017","8 p.m.","1st Half","10:56","16-10","Albright","Rowles, Fred","","Enters Game","","Calloway, Jaylin; Oplinger, Garrett; Rappoport, Jared; Rowles, Fred; Smith, Dejuan; Stern, Damon","0:00"
"01/25/2017","8 p.m.","1st Half","10:56","16-10","Albright","Oplinger, Garrett","","Leaves Game","","Calloway, Jaylin; Rappoport, Jared; Rowles, Fred; Smith, Dejuan; Stern, Damon","0:00"
"01/25/2017","8 p.m.","1st Half","10:46","16-12","Albright","Rappoport, Jared","made","Layup","20","Calloway, Jaylin; Rappoport, Jared; Rowles, Fred; Smith, Dejuan; Stern, Damon","0:10"
"01/25/2017","8 p.m.","1st Half","10:46","16-12","Albright","Smith, Dejuan","","Assist","","Calloway, Jaylin; Rappoport, Jared; Rowles, Fred; Smith, Dejuan; Stern, Damon","0:10"
"01/25/2017","8 p.m.","1st Half","10:20","18-12","Arcadia","Sellers, Tyson","made","Layup","4","Anderson-Marrow, Emmanuel; Derr, Will; Rivera, Jason; Sanders, Jordan; Sellers, Tyson","0:36"
"01/25/2017","8 p.m.","1st Half","10:03","18-14","Albright","Rowles, Fred","made","Two Point Jumper","13","Calloway, Jaylin; Rappoport, Jared; Rowles, Fred; Smith, Dejuan; Stern, Damon","0:53"
"01/25/2017","8 p.m.","1st Half","10:03","18-14","Albright","Smith, Dejuan","","Assist","","Calloway, Jaylin; Rappoport, Jared; Rowles, Fred; Smith, Dejuan; Stern, Damon","0:53"
"01/25/2017","8 p.m.","1st Half","09:49","21-14","Arcadia","Sanders, Jordan","made","Three Point Jumper","16","Anderson-Marrow, Emmanuel; Derr, Will; Rivera, Jason; Sanders, Jordan; Sellers, Tyson","1:07"
"01/25/2017","8 p.m.","1st Half","09:24","21-14","Albright","Smith, Dejuan","missed","Three Point Jumper","5","Calloway, Jaylin; Rappoport, Jared; Rowles, Fred; Smith, Dejuan; Stern, Damon","1:32"
"01/25/2017","8 p.m.","1st Half","09:24","21-14","Arcadia","Derr, Will","","Defensive Rebound","","Anderson-Marrow, Emmanuel; Derr, Will; Rivera, Jason; Sanders, Jordan; Sellers, Tyson","1:32"
"01/25/2017","8 p.m.","1st Half","09:13","21-14","Albright","Rappoport, Jared","","Commits Foul","19","Calloway, Jaylin; Rappoport, Jared; Rowles, Fred; Smith, Dejuan; Stern, Damon","1:43"
"01/25/2017","8 p.m.","1st Half","09:13","21-14","Arcadia","Pierfy, Phil","","Enters Game","","Anderson-Marrow, Emmanuel; Derr, Will; Pierfy, Phil; Rivera, Jason; Sanders, Jordan; Sellers, Tyson","0:00"
"01/25/2017","8 p.m.","1st Half","09:13","21-14","Arcadia","Anderson-Marrow, Emmanuel","","Leaves Game","","Derr, Will; Pierfy, Phil; Rivera, Jason; Sanders, Jordan; Sellers, Tyson","0:00"
"01/25/2017","8 p.m.","1st Half","09:13","21-14","Albright","Ringgold, Omari","","Enters Game","","Calloway, Jaylin; Rappoport, Jared; Ringgold, Omari; Rowles, Fred; Smith, Dejuan; Stern, Damon","0:00"
"01/25/2017","8 p.m.","1st Half","09:13","21-14","Albright","Lindsay, Brandon","","Enters Game","","Calloway, Jaylin; Lindsay, Brandon; Rappoport, Jared; Ringgold, Omari; Rowles, Fred; Smith, Dejuan; Stern, Damon","0:00"
"01/25/2017","8 p.m.","1st Half","09:13","21-14","Albright","Smith, Dejuan","","Leaves Game","","Calloway, Jaylin; Lindsay, Brandon; Rappoport, Jared; Ringgold, Omari; Rowles, Fred; Stern, Damon","0:00"
"01/25/2017","8 p.m.","1st Half","09:13","21-14","Albright","Calloway, Jaylin","","Leaves Game","","Lindsay, Brandon; Rappoport, Jared; Ringgold, Omari; Rowles, Fred; Stern, Damon","0:00"
"01/25/2017","8 p.m.","1st Half","09:09","21-14","Albright","Lindsay, Brandon","","Commits Foul","26","Lindsay, Brandon; Rappoport, Jared; Ringgold, Omari; Rowles, Fred; Stern, Damon","0:04"
"01/25/2017","8 p.m.","1st Half","09:05","21-14","Arcadia","Derr, Will","missed","Two Point Jumper","26","Derr, Will; Pierfy, Phil; Rivera, Jason; Sanders, Jordan; Sellers, Tyson","0:08"
"01/25/2017","8 p.m.","1st Half","09:05","21-14","Albright","Rowles, Fred","","Defensive Rebound","","Lindsay, Brandon; Rappoport, Jared; Ringgold, Omari; Rowles, Fred; Stern, Damon","0:08"
"01/25/2017","8 p.m.","1st Half","08:58","21-17","Albright","Lindsay, Brandon","made","Three Point Jumper","23","Lindsay, Brandon; Rappoport, Jared; Ringgold, Omari; Rowles, Fred; Stern, Damon","0:15"
"01/25/2017","8 p.m.","1st Half","08:58","21-17","Albright","Stern, Damon","","Assist","","Lindsay, Brandon; Rappoport, Jared; Ringgold, Omari; Rowles, Fred; Stern, Damon","0:15"
"01/25/2017","8 p.m.","1st Half","08:30","21-17","Arcadia","Rivera, Jason","","Turnover","","Derr, Will; Pierfy, Phil; Rivera, Jason; Sanders, Jordan; Sellers, Tyson","0:43"
"01/25/2017","8 p.m.","1st Half","08:30","21-17","Arcadia","Slone, Evan","","Enters Game","","Derr, Will; Pierfy, Phil; Rivera, Jason; Sanders, Jordan; Sellers, Tyson; Slone, Evan","0:00"
"01/25/2017","8 p.m.","1st Half","08:30","21-17","Arcadia","Kelley, Ryan","","Enters Game","","Derr, Will; Kelley, Ryan; Pierfy, Phil; Rivera, Jason; Sanders, Jordan; Sellers, Tyson; Slone, Evan","0:00"
"01/25/2017","8 p.m.","1st Half","08:30","21-17","Arcadia","Rivera, Jason","","Leaves Game","","Derr, Will; Kelley, Ryan; Pierfy, Phil; Sanders, Jordan; Sellers, Tyson; Slone, Evan","0:00"
"01/25/2017","8 p.m.","1st Half","08:30","21-17","Arcadia","Derr, Will","","Leaves Game","","Kelley, Ryan; Pierfy, Phil; Sanders, Jordan; Sellers, Tyson; Slone, Evan","0:00"
"01/25/2017","8 p.m.","1st Half","08:14","21-17","Albright","Rappoport, Jared","missed","Two Point Jumper","14","Lindsay, Brandon; Rappoport, Jared; Ringgold, Omari; Rowles, Fred; Stern, Damon","0:59"
"01/25/2017","8 p.m.","1st Half","08:14","21-17","Arcadia","Pierfy, Phil","","Defensive Rebound","","Kelley, Ryan; Pierfy, Phil; Sanders, Jordan; Sellers, Tyson; Slone, Evan","0:16"
"01/25/2017","8 p.m.","1st Half","08:03","21-17","Arcadia","Pierfy, Phil","","Turnover","","Kelley, Ryan; Pierfy, Phil; Sanders, Jordan; Sellers, Tyson; Slone, Evan","0:27"
"01/25/2017","8 p.m.","1st Half","08:01","21-17","Albright","Rowles, Fred","","Steal","","Lindsay, Brandon; Rappoport, Jared; Ringgold, Omari; Rowles, Fred; Stern, Damon","1:12"
"01/25/2017","8 p.m.","1st Half","07:52","21-17","Albright","Stern, Damon","missed","Three Point Jumper","19","Lindsay, Brandon; Rappoport, Jared; Ringgold, Omari; Rowles, Fred; Stern, Damon","1:21"
"01/25/2017","8 p.m.","1st Half","07:52","21-17","Albright","Lindsay, Brandon","","Offensive Rebound","","Lindsay, Brandon; Rappoport, Jared; Ringgold, Omari; Rowles, Fred; Stern, Damon","1:21"
"01/25/2017","8 p.m.","1st Half","07:37","21-20","Albright","Stern, Damon","made","Three Point Jumper","15","Lindsay, Brandon; Rappoport, Jared; Ringgold, Omari; Rowles, Fred; Stern, Damon","1:36"
"01/25/2017","8 p.m.","1st Half","07:37","21-20","Albright","Rowles, Fred","","Assist","","Lindsay, Brandon; Rappoport, Jared; Ringgold, Omari; Rowles, Fred; Stern, Damon","1:36"
"01/25/2017","8 p.m.","1st Half","07:18","21-20","Arcadia","Slone, Evan","","Turnover","","Kelley, Ryan; Pierfy, Phil; Sanders, Jordan; Sellers, Tyson; Slone, Evan","1:12"
"01/25/2017","8 p.m.","1st Half","07:18","21-20","Arcadia","Scott, Josh","","Enters Game","","Kelley, Ryan; Pierfy, Phil; Sanders, Jordan; Scott, Josh; Sellers, Tyson; Slone, Evan","0:00"
"01/25/2017","8 p.m.","1st Half","07:18","21-20","Arcadia","Sanders, Jordan","","Leaves Game","","Kelley, Ryan; Pierfy, Phil; Scott, Josh; Sellers, Tyson; Slone, Evan","0:00"
"01/25/2017","8 p.m.","1st Half","06:59","21-20","Albright","Lindsay, Brandon","missed","Layup","11","Lindsay, Brandon; Rappoport, Jared; Ringgold, Omari; Rowles, Fred; Stern, Damon","2:14"
"01/25/2017","8 p.m.","1st Half","06:59","21-20","Arcadia","Sellers, Tyson","","Defensive Rebound","","Kelley, Ryan; Pierfy, Phil; Scott, Josh; Sellers, Tyson; Slone, Evan","0:19"
"01/25/2017","8 p.m.","1st Half","06:52","24-20","Arcadia","Sellers, Tyson","made","Three Point Jumper","23","Kelley, Ryan; Pierfy, Phil; Scott, Josh; Sellers, Tyson; Slone, Evan","0:26"
"01/25/2017","8 p.m.","1st Half","06:52","24-20","Arcadia","Kelley, Ryan","","Assist","","Kelley, Ryan; Pierfy, Phil; Scott, Josh; Sellers, Tyson; Slone, Evan","0:26"
"01/25/2017","8 p.m.","1st Half","06:36","24-20","Arcadia","Pierfy, Phil","","Commits Foul","14","Kelley, Ryan; Pierfy, Phil; Scott, Josh; Sellers, Tyson; Slone, Evan","0:42"
"01/25/2017","8 p.m.","1st Half","06:36","24-21","Albright","Rappoport, Jared","made","Free Throw","","Lindsay, Brandon; Rappoport, Jared; Ringgold, Omari; Rowles, Fred; Stern, Damon","2:37"
"01/25/2017","8 p.m.","1st Half","06:36","24-22","Albright","Rappoport, Jared","made","Free Throw","","Lindsay, Brandon; Rappoport, Jared; Ringgold, Omari; Rowles, Fred; Stern, Damon","2:37"
"01/25/2017","8 p.m.","1st Half","06:36","24-22","Arcadia","Anderson-Marrow, Emmanuel","","Enters Game","","Anderson-Marrow, Emmanuel; Kelley, Ryan; Pierfy, Phil; Scott, Josh; Sellers, Tyson; Slone, Evan","0:00"
"01/25/2017","8 p.m.","1st Half","06:36","24-22","Arcadia","Patel, Kishan","","Enters Game","","Anderson-Marrow, Emmanuel; Kelley, Ryan; Patel, Kishan; Pierfy, Phil; Scott, Josh; Sellers, Tyson; Slone, Evan","0:00"
"01/25/2017","8 p.m.","1st Half","06:36","24-22","Arcadia","Sellers, Tyson","","Leaves Game","","Anderson-Marrow, Emmanuel; Kelley, Ryan; Patel, Kishan; Pierfy, Phil; Scott, Josh; Slone, Evan","0:00"
"01/25/2017","8 p.m.","1st Half","06:36","24-22","Arcadia","Pierfy, Phil","","Leaves Game","","Anderson-Marrow, Emmanuel; Kelley, Ryan; Patel, Kishan; Scott, Josh; Slone, Evan","0:00"
"01/25/2017","8 p.m.","1st Half","06:24","24-22","Albright","Rappoport, Jared","","Commits Foul","18","Lindsay, Brandon; Rappoport, Jared; Ringgold, Omari; Rowles, Fred; Stern, Damon","2:49"
"01/25/2017","8 p.m.","1st Half","06:24","25-22","Arcadia","Slone, Evan","made","Free Throw","","Anderson-Marrow, Emmanuel; Kelley, Ryan; Patel, Kishan; Scott, Josh; Slone, Evan","0:12"
"01/25/2017","8 p.m.","1st Half","06:24","26-22","Arcadia","Slone, Evan","made","Free Throw","","Anderson-Marrow, Emmanuel; Kelley, Ryan; Patel, Kishan; Scott, Josh; Slone, Evan","0:12"
"01/25/2017","8 p.m.","1st Half","06:24","26-22","Albright","Oplinger, Garrett","","Enters Game","","Lindsay, Brandon; Oplinger, Garrett; Rappoport, Jared; Ringgold, Omari; Rowles, Fred; Stern, Damon","0:00"
"01/25/2017","8 p.m.","1st Half","06:24","26-22","Albright","Rappoport, Jared","","Leaves Game","","Lindsay, Brandon; Oplinger, Garrett; Ringgold, Omari; Rowles, Fred; Stern, Damon","0:00"
"01/25/2017","8 p.m.","1st Half","06:15","26-22","Arcadia","Patel, Kishan","","Commits Foul","21","Anderson-Marrow, Emmanuel; Kelley, Ryan; Patel, Kishan; Scott, Josh; Slone, Evan","0:21"
"01/25/2017","8 p.m.","1st Half","06:15","26-23","Albright","Ringgold, Omari","made","Free Throw","","Lindsay, Brandon; Oplinger, Garrett; Ringgold, Omari; Rowles, Fred; Stern, Damon","0:09"
"01/25/2017","8 p.m.","1st Half","06:15","26-24","Albright","Ringgold, Omari","made","Free Throw","","Lindsay, Brandon; Oplinger, Garrett; Ringgold, Omari; Rowles, Fred; Stern, Damon","0:09"
"01/25/2017","8 p.m.","1st Half","06:05","26-24","Albright","Stern, Damon","","Commits Foul","20","Lindsay, Brandon; Oplinger, Garrett; Ringgold, Omari; Rowles, Fred; Stern, Damon","0:19"
"01/25/2017","8 p.m.","1st Half","05:55","26-24","Albright","Oplinger, Garrett","","Commits Foul","20","Lindsay, Brandon; Oplinger, Garrett; Ringgold, Omari; Rowles, Fred; Stern, Damon","0:29"
"01/25/2017","8 p.m.","1st Half","05:52","26-24","Arcadia","Scott, Josh","missed","Two Point Jumper","27","Anderson-Marrow, Emmanuel; Kelley, Ryan; Patel, Kishan; Scott, Josh; Slone, Evan","0:44"
"01/25/2017","8 p.m.","1st Half","05:52","26-24","Albright","Oplinger, Garrett","","Defensive Rebound","","Lindsay, Brandon; Oplinger, Garrett; Ringgold, Omari; Rowles, Fred; Stern, Damon","0:32"
"01/25/2017","8 p.m.","1st Half","05:35","26-24","Albright","Rowles, Fred","missed","Layup","13","Lindsay, Brandon; Oplinger, Garrett; Ringgold, Omari; Rowles, Fred; Stern, Damon","0:49"
"01/25/2017","8 p.m.","1st Half","05:35","26-24","Albright","Rowles, Fred","","Offensive Rebound","","Lindsay, Brandon; Oplinger, Garrett; Ringgold, Omari; Rowles, Fred; Stern, Damon","0:49"
"01/25/2017","8 p.m.","1st Half","05:33","26-26","Albright","Rowles, Fred","made","Layup","28","Lindsay, Brandon; Oplinger, Garrett; Ringgold, Omari; Rowles, Fred; Stern, Damon","0:51"
"01/25/2017","8 p.m.","1st Half","05:33","26-26","Arcadia","Anderson-Marrow, Emmanuel","","Commits Foul","","Anderson-Marrow, Emmanuel; Kelley, Ryan; Patel, Kishan; Scott, Josh; Slone, Evan","1:03"
"01/25/2017","8 p.m.","1st Half","05:33","26-26","Albright","Rowles, Fred","missed","Free Throw","","Lindsay, Brandon; Oplinger, Garrett; Ringgold, Omari; Rowles, Fred; Stern, Damon","0:51"
"01/25/2017","8 p.m.","1st Half","05:33","26-26","Arcadia","Slone, Evan","","Defensive Rebound","","Anderson-Marrow, Emmanuel; Kelley, Ryan; Patel, Kishan; Scott, Josh; Slone, Evan","1:03"
"01/25/2017","8 p.m.","1st Half","05:33","26-26","Albright","Smith, Dejuan","","Enters Game","","Lindsay, Brandon; Oplinger, Garrett; Ringgold, Omari; Rowles, Fred; Smith, Dejuan; Stern, Damon","0:00"
"01/25/2017","8 p.m.","1st Half","05:33","26-26","Albright","Clark, Jayson","","Enters Game","","Clark, Jayson; Lindsay, Brandon; Oplinger, Garrett; Ringgold, Omari; Rowles, Fred; Smith, Dejuan; Stern, Damon","0:00"
"01/25/2017","8 p.m.","1st Half","05:33","26-26","Albright","Stern, Damon","","Leaves Game","","Clark, Jayson; Lindsay, Brandon; Oplinger, Garrett; Ringgold, Omari; Rowles, Fred; Smith, Dejuan","0:00"
"01/25/2017","8 p.m.","1st Half","05:33","26-26","Albright","Lindsay, Brandon","","Leaves Game","","Clark, Jayson; Oplinger, Garrett; Ringgold, Omari; Rowles, Fred; Smith, Dejuan","3:15"
"01/25/2017","8 p.m.","1st Half","05:14","26-26","Arcadia","Scott, Josh","missed","Layup","11","Anderson-Marrow, Emmanuel; Kelley, Ryan; Patel, Kishan; Scott, Josh; Slone, Evan","1:22"
"01/25/2017","8 p.m.","1st Half","05:14","26-26","Albright","Oplinger, Garrett","","Defensive Rebound","","Clark, Jayson; Oplinger, Garrett; Ringgold, Omari; Rowles, Fred; Smith, Dejuan","3:34"
"01/25/2017","8 p.m.","1st Half","04:56","26-26","Albright","Rowles, Fred","missed","Three Point Jumper","12","Clark, Jayson; Oplinger, Garrett; Ringgold, Omari; Rowles, Fred; Smith, Dejuan","3:52"
"01/25/2017","8 p.m.","1st Half","04:56","26-26","Arcadia","Anderson-Marrow, Emmanuel","","Defensive Rebound","","Anderson-Marrow, Emmanuel; Kelley, Ryan; Patel, Kishan; Scott, Josh; Slone, Evan","1:40"
"01/25/2017","8 p.m.","1st Half","04:46","26-26","Arcadia","Scott, Josh","","Turnover","","Anderson-Marrow, Emmanuel; Kelley, Ryan; Patel, Kishan; Scott, Josh; Slone, Evan","1:50"
"01/25/2017","8 p.m.","1st Half","04:46","26-26","Albright","Rowles, Fred","","Steal","","Clark, Jayson; Oplinger, Garrett; Ringgold, Omari; Rowles, Fred; Smith, Dejuan","4:02"
"01/25/2017","8 p.m.","1st Half","04:27","26-26","Albright","Smith, Dejuan","missed","Two Point Jumper","11","Clark, Jayson; Oplinger, Garrett; Ringgold, Omari; Rowles, Fred; Smith, Dejuan","4:21"
"01/25/2017","8 p.m.","1st Half","04:27","26-26","Arcadia","Anderson-Marrow, Emmanuel","","Defensive Rebound","","Anderson-Marrow, Emmanuel; Kelley, Ryan; Patel, Kishan; Scott, Josh; Slone, Evan","2:09"
"01/25/2017","8 p.m.","1st Half","04:07","26-26","Arcadia","Slone, Evan","","Turnover","","Anderson-Marrow, Emmanuel; Kelley, Ryan; Patel, Kishan; Scott, Josh; Slone, Evan","2:29"
"01/25/2017","8 p.m.","1st Half","04:07","26-26","Arcadia","Team","","Team Timeout","","Anderson-Marrow, Emmanuel; Kelley, Ryan; Patel, Kishan; Scott, Josh; Slone, Evan","2:29"
"01/25/2017","8 p.m.","1st Half","03:38","26-28","Albright","Ringgold, Omari","made","Layup","1","Clark, Jayson; Oplinger, Garrett; Ringgold, Omari; Rowles, Fred; Smith, Dejuan","5:10"
"01/25/2017","8 p.m.","1st Half","03:38","26-28","Arcadia","Patel, Kishan","","Commits Foul","","Anderson-Marrow, Emmanuel; Kelley, Ryan; Patel, Kishan; Scott, Josh; Slone, Evan","2:58"
"01/25/2017","8 p.m.","1st Half","03:38","26-28","Albright","Ringgold, Omari","missed","Free Throw","","Clark, Jayson; Oplinger, Garrett; Ringgold, Omari; Rowles, Fred; Smith, Dejuan","5:10"
"01/25/2017","8 p.m.","1st Half","03:38","26-28","Arcadia","Kelley, Ryan","","Defensive Rebound","","Anderson-Marrow, Emmanuel; Kelley, Ryan; Patel, Kishan; Scott, Josh; Slone, Evan","2:58"
"01/25/2017","8 p.m.","1st Half","03:22","28-28","Arcadia","Slone, Evan","made","Layup","14","Anderson-Marrow, Emmanuel; Kelley, Ryan; Patel, Kishan; Scott, Josh; Slone, Evan","3:14"
"01/25/2017","8 p.m.","1st Half","03:21","28-28","Arcadia","Scott, Josh","","Assist","","Anderson-Marrow, Emmanuel; Kelley, Ryan; Patel, Kishan; Scott, Josh; Slone, Evan","3:15"
"01/25/2017","8 p.m.","1st Half","03:21","28-28","Arcadia","Rivera, Jason","","Enters Game","","Anderson-Marrow, Emmanuel; Kelley, Ryan; Patel, Kishan; Rivera, Jason; Scott, Josh; Slone, Evan","0:00"
"01/25/2017","8 p.m.","1st Half","03:21","28-28","Arcadia","Patel, Kishan","","Leaves Game","","Anderson-Marrow, Emmanuel; Kelley, Ryan; Rivera, Jason; Scott, Josh; Slone, Evan","0:53"
"01/25/2017","8 p.m.","1st Half","03:07","28-28","Albright","Ringgold, Omari","","Turnover","","Clark, Jayson; Oplinger, Garrett; Ringgold, Omari; Rowles, Fred; Smith, Dejuan","5:41"
"01/25/2017","8 p.m.","1st Half","03:06","28-28","Arcadia","Scott, Josh","","Steal","","Anderson-Marrow, Emmanuel; Kelley, Ryan; Rivera, Jason; Scott, Josh; Slone, Evan","1:08"
"01/25/2017","8 p.m.","1st Half","03:02","30-28","Arcadia","Scott, Josh","made","Layup","25","Anderson-Marrow, Emmanuel; Kelley, Ryan; Rivera, Jason; Scott, Josh; Slone, Evan","1:12"
"01/25/2017","8 p.m.","1st Half","02:44","30-28","Arcadia","Rivera, Jason","","Commits Foul","12","Anderson-Marrow, Emmanuel; Kelley, Ryan; Rivera, Jason; Scott, Josh; Slone, Evan","1:30"
"01/25/2017","8 p.m.","1st Half","02:44","30-29","Albright","Rowles, Fred","made","Free Throw","","Clark, Jayson; Oplinger, Garrett; Ringgold, Omari; Rowles, Fred; Smith, Dejuan","6:04"
"01/25/2017","8 p.m.","1st Half","02:44","30-30","Albright","Rowles, Fred","made","Free Throw","","Clark, Jayson; Oplinger, Garrett; Ringgold, Omari; Rowles, Fred; Smith, Dejuan","6:04"
"01/25/2017","8 p.m.","1st Half","02:44","30-30","Arcadia","Sellers, Tyson","","Enters Game","","Anderson-Marrow, Emmanuel; Kelley, Ryan; Rivera, Jason; Scott, Josh; Sellers, Tyson; Slone, Evan","0:00"
"01/25/2017","8 p.m.","1st Half","02:44","30-30","Arcadia","Anderson-Marrow, Emmanuel","","Leaves Game","","Kelley, Ryan; Rivera, Jason; Scott, Josh; Sellers, Tyson; Slone, Evan","0:00"
"01/25/2017","8 p.m.","1st Half","02:15","32-30","Arcadia","Kelley, Ryan","made","Layup","1","Kelley, Ryan; Rivera, Jason; Scott, Josh; Sellers, Tyson; Slone, Evan","0:29"
"01/25/2017","8 p.m.","1st Half","01:56","32-33","Albright","Oplinger, Garrett","made","Three Point Jumper","11","Clark, Jayson; Oplinger, Garrett; Ringgold, Omari; Rowles, Fred; Smith, Dejuan","6:52"
"01/25/2017","8 p.m.","1st Half","01:56","32-33","Albright","Smith, Dejuan","","Assist","","Clark, Jayson; Oplinger, Garrett; Ringgold, Omari; Rowles, Fred; Smith, Dejuan","6:52"
"01/25/2017","8 p.m.","1st Half","01:28","34-33","Arcadia","Rivera, Jason","made","Layup","2","Kelley, Ryan; Rivera, Jason; Scott, Josh; Sellers, Tyson; Slone, Evan","1:16"
"01/25/2017","8 p.m.","1st Half","01:09","34-33","Albright","Ringgold, Omari","missed","Three Point Jumper","11","Clark, Jayson; Oplinger, Garrett; Ringgold, Omari; Rowles, Fred; Smith, Dejuan","7:39"
"01/25/2017","8 p.m.","1st Half","01:09","34-33","Arcadia","Sellers, Tyson","","Defensive Rebound","","Kelley, Ryan; Rivera, Jason; Scott, Josh; Sellers, Tyson; Slone, Evan","1:35"
"01/25/2017","8 p.m.","1st Half","01:00","34-33","Albright","Smith, Dejuan","","Commits Foul","21","Clark, Jayson; Oplinger, Garrett; Ringgold, Omari; Rowles, Fred; Smith, Dejuan","7:48"
"01/25/2017","8 p.m.","1st Half","01:00","35-33","Arcadia","Sellers, Tyson","made","Free Throw","","Kelley, Ryan; Rivera, Jason; Scott, Josh; Sellers, Tyson; Slone, Evan","1:44"
"01/25/2017","8 p.m.","1st Half","01:00","35-33","Arcadia","Sellers, Tyson","missed","Free Throw","","Kelley, Ryan; Rivera, Jason; Scott, Josh; Sellers, Tyson; Slone, Evan","1:44"
"01/25/2017","8 p.m.","1st Half","01:00","35-33","Albright","Team","","Deadball Rebound","","Clark, Jayson; Oplinger, Garrett; Ringgold, Omari; Rowles, Fred; Smith, Dejuan","7:48"
"01/25/2017","8 p.m.","1st Half","01:00","35-33","Albright","Stern, Damon","","Enters Game","","Clark, Jayson; Oplinger, Garrett; Ringgold, Omari; Rowles, Fred; Smith, Dejuan; Stern, Damon","0:00"
"01/25/2017","8 p.m.","1st Half","01:00","35-33","Albright","Clark, Jayson","","Leaves Game","","Oplinger, Garrett; Ringgold, Omari; Rowles, Fred; Smith, Dejuan; Stern, Damon","0:00"
"01/25/2017","8 p.m.","1st Half","00:49","35-33","Albright","Ringgold, Omari","missed","Three Point Jumper","19","Oplinger, Garrett; Ringgold, Omari; Rowles, Fred; Smith, Dejuan; Stern, Damon","0:11"
"01/25/2017","8 p.m.","1st Half","00:49","35-33","Albright","Rowles, Fred","","Offensive Rebound","","Oplinger, Garrett; Ringgold, Omari; Rowles, Fred; Smith, Dejuan; Stern, Damon","0:11"
"01/25/2017","8 p.m.","1st Half","00:44","35-33","Albright","Rowles, Fred","missed","Layup","25","Oplinger, Garrett; Ringgold, Omari; Rowles, Fred; Smith, Dejuan; Stern, Damon","0:16"
"01/25/2017","8 p.m.","1st Half","00:44","35-33","Albright","Rowles, Fred","","Offensive Rebound","","Oplinger, Garrett; Ringgold, Omari; Rowles, Fred; Smith, Dejuan; Stern, Damon","0:16"
"01/25/2017","8 p.m.","1st Half","00:41","35-35","Albright","Rowles, Fred","made","Layup","27","Oplinger, Garrett; Ringgold, Omari; Rowles, Fred; Smith, Dejuan; Stern, Damon","0:19"
"01/25/2017","8 p.m.","1st Half","00:35","35-35","Albright","Oplinger, Garrett","","Commits Foul","24","Oplinger, Garrett; Ringgold, Omari; Rowles, Fred; Smith, Dejuan; Stern, Damon","0:25"
"01/25/2017","8 p.m.","1st Half","00:35","36-35","Arcadia","Slone, Evan","made","Free Throw","","Kelley, Ryan; Rivera, Jason; Scott, Josh; Sellers, Tyson; Slone, Evan","2:09"
"01/25/2017","8 p.m.","1st Half","00:35","36-35","Arcadia","Slone, Evan","missed","Free Throw","","Kelley, Ryan; Rivera, Jason; Scott, Josh; Sellers, Tyson; Slone, Evan","2:09"
"01/25/2017","8 p.m.","1st Half","00:35","36-35","Albright","Smith, Dejuan","","Defensive Rebound","","Oplinger, Garrett; Ringgold, Omari; Rowles, Fred; Smith, Dejuan; Stern, Damon","0:25"
"01/25/2017","8 p.m.","1st Half","00:35","36-35","Arcadia","Sanders, Jordan","","Enters Game","","Kelley, Ryan; Rivera, Jason; Sanders, Jordan; Scott, Josh; Sellers, Tyson; Slone, Evan","0:00"
"01/25/2017","8 p.m.","1st Half","00:35","36-35","Arcadia","Kelley, Ryan","","Leaves Game","","Rivera, Jason; Sanders, Jordan; Scott, Josh; Sellers, Tyson; Slone, Evan","0:00"
"01/25/2017","8 p.m.","1st Half","00:35","36-35","Albright","Lindsay, Brandon","","Enters Game","","Lindsay, Brandon; Oplinger, Garrett; Ringgold, Omari; Rowles, Fred; Smith, Dejuan; Stern, Damon","0:00"
"01/25/2017","8 p.m.","1st Half","00:35","36-35","Albright","Oplinger, Garrett","","Leaves Game","","Lindsay, Brandon; Ringgold, Omari; Rowles, Fred; Smith, Dejuan; Stern, Damon","0:00"
"01/25/2017","8 p.m.","1st Half","00:10","36-35","Albright","Smith, Dejuan","missed","Three Point Jumper","5","Lindsay, Brandon; Ringgold, Omari; Rowles, Fred; Smith, Dejuan; Stern, Damon","0:25"
"01/25/2017","8 p.m.","1st Half","00:10","36-35","Arcadia","Scott, Josh","","Defensive Rebound","","Rivera, Jason; Sanders, Jordan; Scott, Josh; Sellers, Tyson; Slone, Evan","0:25"
"01/25/2017","8 p.m.","1st Half","00:02","36-35","Arcadia","Scott, Josh","","Turnover","","Rivera, Jason; Sanders, Jordan; Scott, Josh; Sellers, Tyson; Slone, Evan","0:33"
"01/25/2017","8 p.m.","1st Half","00:02","36-35","Albright","Rowles, Fred","","Steal","","Lindsay, Brandon; Ringgold, Omari; Rowles, Fred; Smith, Dejuan; Stern, Damon","0:33"
"01/25/2017","8 p.m.","1st Half","00:02","36-35","Arcadia","Anderson-Marrow, Emmanuel","","Enters Game","","Anderson-Marrow, Emmanuel; Rivera, Jason; Sanders, Jordan; Scott, Josh; Sellers, Tyson; Slone, Evan","0:00"
"01/25/2017","8 p.m.","1st Half","00:02","36-35","Arcadia","Slone, Evan","","Leaves Game","","Anderson-Marrow, Emmanuel; Rivera, Jason; Sanders, Jordan; Scott, Josh; Sellers, Tyson","0:00"
"01/25/2017","8 p.m.","2nd Half","19:44","38-35","Arcadia","Scott, Josh","made","Layup","14","Scott, Josh","0:16"
"01/25/2017","8 p.m.","2nd Half","19:26","38-35","Albright","Rowles, Fred","","Turnover","","Rowles, Fred","0:34"
"01/25/2017","8 p.m.","2nd Half","19:25","38-35","Arcadia","Kelley, Ryan","","Steal","","Kelley, Ryan; Scott, Josh","0:00"
"01/25/2017","8 p.m.","2nd Half","19:14","38-35","Arcadia","Scott, Josh","missed","Two Point Jumper","18","Kelley, Ryan; Scott, Josh","0:11"
"01/25/2017","8 p.m.","2nd Half","19:14","38-35","Albright","Rowles, Fred","","Defensive Rebound","","Rowles, Fred","0:46"
"01/25/2017","8 p.m.","2nd Half","18:57","38-35","Albright","Ringgold, Omari","missed","Two Point Jumper","13","Ringgold, Omari; Rowles, Fred","0:00"
"01/25/2017","8 p.m.","2nd Half","18:57","38-35","Arcadia","Scott, Josh","","Defensive Rebound","","Kelley, Ryan; Scott, Josh","0:28"
"01/25/2017","8 p.m.","2nd Half","18:49","38-35","Albright","Smith, Dejuan","","Commits Foul","22","Ringgold, Omari; Rowles, Fred; Smith, Dejuan","0:00"
"01/25/2017","8 p.m.","2nd Half","18:49","39-35","Arcadia","Scott, Josh","made","Free Throw","","Kelley, Ryan; Scott, Josh","0:36"
"01/25/2017","8 p.m.","2nd Half","18:49","39-35","Arcadia","Scott, Josh","missed","Free Throw","","Kelley, Ryan; Scott, Josh","0:36"
"01/25/2017","8 p.m.","2nd Half","18:49","39-35","Albright","Rowles, Fred","","Defensive Rebound","","Ringgold, Omari; Rowles, Fred; Smith, Dejuan","0:00"
"01/25/2017","8 p.m.","2nd Half","18:19","39-37","Albright","Ringgold, Omari","made","Layup","0","Ringgold, Omari; Rowles, Fred; Smith, Dejuan","0:30"
"01/25/2017","8 p.m.","2nd Half","18:12","39-37","Arcadia","Kelley, Ryan","missed","Two Point Jumper","23","Kelley, Ryan; Scott, Josh","1:13"
"01/25/2017","8 p.m.","2nd Half","18:12","39-37","Albright","Rowles, Fred","","Defensive Rebound","","Ringgold, Omari; Rowles, Fred; Smith, Dejuan","0:37"
"01/25/2017","8 p.m.","2nd Half","18:00","39-39","Albright","Clark, Jayson","made","Layup","18","Clark, Jayson; Ringgold, Omari; Rowles, Fred; Smith, Dejuan","0:00"
"01/25/2017","8 p.m.","2nd Half","18:00","39-39","Arcadia","Scott, Josh","","Commits Foul","","Kelley, Ryan; Scott, Josh","1:25"
"01/25/2017","8 p.m.","2nd Half","18:00","39-40","Albright","Clark, Jayson","made","Free Throw","","Clark, Jayson; Ringgold, Omari; Rowles, Fred; Smith, Dejuan","0:00"
"01/25/2017","8 p.m.","2nd Half","17:47","39-40","Arcadia","Slone, Evan","","Turnover","","Kelley, Ryan; Scott, Josh; Slone, Evan","0:00"
"01/25/2017","8 p.m.","2nd Half","17:46","39-40","Albright","Smith, Dejuan","","Steal","","Clark, Jayson; Ringgold, Omari; Rowles, Fred; Smith, Dejuan","0:14"
"01/25/2017","8 p.m.","2nd Half","17:42","39-40","Albright","Clark, Jayson","","Turnover","","Clark, Jayson; Ringgold, Omari; Rowles, Fred; Smith, Dejuan","0:18"
"01/25/2017","8 p.m.","2nd Half","17:42","39-40","Albright","Clark, Jayson","","Commits Foul","","Clark, Jayson; Ringgold, Omari; Rowles, Fred; Smith, Dejuan","0:18"
"01/25/2017","8 p.m.","2nd Half","17:16","42-40","Arcadia","Scott, Josh","made","Three Point Jumper","4","Kelley, Ryan; Scott, Josh; Slone, Evan","0:31"
"01/25/2017","8 p.m.","2nd Half","17:16","42-40","Arcadia","Pierfy, Phil","","Assist","","Kelley, Ryan; Pierfy, Phil; Scott, Josh; Slone, Evan","0:00"
"01/25/2017","8 p.m.","2nd Half","17:00","42-40","Arcadia","Scott, Josh","","Commits Foul","14","Kelley, Ryan; Pierfy, Phil; Scott, Josh; Slone, Evan","0:16"
"01/25/2017","8 p.m.","2nd Half","17:00","42-40","Arcadia","Sellers, Tyson","","Enters Game","","Kelley, Ryan; Pierfy, Phil; Scott, Josh; Sellers, Tyson; Slone, Evan","0:00"
"01/25/2017","8 p.m.","2nd Half","17:00","42-40","Arcadia","Scott, Josh","","Leaves Game","","Kelley, Ryan; Pierfy, Phil; Sellers, Tyson; Slone, Evan","0:00"
"01/25/2017","8 p.m.","2nd Half","16:55","42-40","Albright","Smith, Dejuan","","Turnover","","Clark, Jayson; Ringgold, Omari; Rowles, Fred; Smith, Dejuan","1:05"
"01/25/2017","8 p.m.","2nd Half","16:55","42-40","Arcadia","Rivera, Jason","","Enters Game","","Kelley, Ryan; Pierfy, Phil; Rivera, Jason; Sellers, Tyson; Slone, Evan","0:00"
"01/25/2017","8 p.m.","2nd Half","16:55","42-40","Arcadia","Sanders, Jordan","","Leaves Game","","Kelley, Ryan; Pierfy, Phil; Rivera, Jason; Sellers, Tyson; Slone, Evan","0:00"
"01/25/2017","8 p.m.","2nd Half","16:40","44-40","Arcadia","Pierfy, Phil","made","Layup","15","Kelley, Ryan; Pierfy, Phil; Rivera, Jason; Sellers, Tyson; Slone, Evan","0:15"
"01/25/2017","8 p.m.","2nd Half","16:25","44-40","Albright","Smith, Dejuan","missed","Three Point Jumper","15","Clark, Jayson; Ringgold, Omari; Rowles, Fred; Smith, Dejuan","1:35"
"01/25/2017","8 p.m.","2nd Half","16:25","44-40","Arcadia","Rivera, Jason","","Defensive Rebound","","Kelley, Ryan; Pierfy, Phil; Rivera, Jason; Sellers, Tyson; Slone, Evan","0:30"
"01/25/2017","8 p.m.","2nd Half","16:04","44-40","Albright","Oplinger, Garrett","","Commits Foul","9","Clark, Jayson; Oplinger, Garrett; Ringgold, Omari; Rowles, Fred; Smith, Dejuan","0:00"
"01/25/2017","8 p.m.","2nd Half","16:04","45-40","Arcadia","Slone, Evan","made","Free Throw","","Kelley, Ryan; Pierfy, Phil; Rivera, Jason; Sellers, Tyson; Slone, Evan","0:51"
"01/25/2017","8 p.m.","2nd Half","16:04","46-40","Arcadia","Slone, Evan","made","Free Throw","","Kelley, Ryan; Pierfy, Phil; Rivera, Jason; Sellers, Tyson; Slone, Evan","0:51"
"01/25/2017","8 p.m.","2nd Half","16:04","46-40","Albright","Rappoport, Jared","","Enters Game","","Clark, Jayson; Oplinger, Garrett; Rappoport, Jared; Ringgold, Omari; Rowles, Fred; Smith, Dejuan","0:00"
"01/25/2017","8 p.m.","2nd Half","16:04","46-40","Albright","Oplinger, Garrett","","Leaves Game","","Clark, Jayson; Rappoport, Jared; Ringgold, Omari; Rowles, Fred; Smith, Dejuan","0:00"
"01/25/2017","8 p.m.","2nd Half","15:55","46-40","Arcadia","Rivera, Jason","","Commits Foul","21","Kelley, Ryan; Pierfy, Phil; Rivera, Jason; Sellers, Tyson; Slone, Evan","1:00"
"01/25/2017","8 p.m.","2nd Half","15:39","46-40","Albright","Ringgold, Omari","missed","Three Point Jumper","14","Clark, Jayson; Rappoport, Jared; Ringgold, Omari; Rowles, Fred; Smith, Dejuan","0:25"
"01/25/2017","8 p.m.","2nd Half","15:39","46-40","Arcadia","Pierfy, Phil","","Defensive Rebound","","Kelley, Ryan; Pierfy, Phil; Rivera, Jason; Sellers, Tyson; Slone, Evan","1:16"
"01/25/2017","8 p.m.","2nd Half","15:23","46-40","Arcadia","Slone, Evan","missed","Layup","14","Kelley, Ryan; Pierfy, Phil; Rivera, Jason; Sellers, Tyson; Slone, Evan","1:32"
"01/25/2017","8 p.m.","2nd Half","15:23","46-40","Arcadia","Rivera, Jason","","Offensive Rebound","","Kelley, Ryan; Pierfy, Phil; Rivera, Jason; Sellers, Tyson; Slone, Evan","1:32"
"01/25/2017","8 p.m.","2nd Half","15:19","46-40","Albright","Rowles, Fred","","Commits Foul","26","Clark, Jayson; Rappoport, Jared; Ringgold, Omari; Rowles, Fred; Smith, Dejuan","0:45"
"01/25/2017","8 p.m.","2nd Half","15:19","46-40","Arcadia","Rivera, Jason","missed","Free Throw","","Kelley, Ryan; Pierfy, Phil; Rivera, Jason; Sellers, Tyson; Slone, Evan","1:36"
"01/25/2017","8 p.m.","2nd Half","15:19","46-40","Arcadia","Team","","Deadball Rebound","","Kelley, Ryan; Pierfy, Phil; Rivera, Jason; Sellers, Tyson; Slone, Evan","1:36"
"01/25/2017","8 p.m.","2nd Half","15:19","47-40","Arcadia","Rivera, Jason","made","Free Throw","","Kelley, Ryan; Pierfy, Phil; Rivera, Jason; Sellers, Tyson; Slone, Evan","1:36"
"01/25/2017","8 p.m.","2nd Half","15:08","47-42","Albright","Rowles, Fred","made","Layup","19","Clark, Jayson; Rappoport, Jared; Ringgold, Omari; Rowles, Fred; Smith, Dejuan","0:56"
"01/25/2017","8 p.m.","2nd Half","14:56","47-42","Arcadia","Rivera, Jason","missed","Three Point Jumper","18","Kelley, Ryan; Pierfy, Phil; Rivera, Jason; Sellers, Tyson; Slone, Evan","1:59"
"01/25/2017","8 p.m.","2nd Half","14:56","47-42","Albright","Smith, Dejuan","","Defensive Rebound","","Clark, Jayson; Rappoport, Jared; Ringgold, Omari; Rowles, Fred; Smith, Dejuan","1:08"
"01/25/2017","8 p.m.","2nd Half","14:45","47-42","Albright","Rowles, Fred","","Turnover","","Clark, Jayson; Rappoport, Jared; Ringgold, Omari; Rowles, Fred; Smith, Dejuan","1:19"
"01/25/2017","8 p.m.","2nd Half","14:45","47-42","Albright","Rowles, Fred","","Commits Foul","","Clark, Jayson; Rappoport, Jared; Ringgold, Omari; Rowles, Fred; Smith, Dejuan","1:19"
"01/25/2017","8 p.m.","2nd Half","14:45","47-42","Arcadia","Team","","Second Timeout","","Kelley, Ryan; Pierfy, Phil; Rivera, Jason; Sellers, Tyson; Slone, Evan","2:10"
"01/25/2017","8 p.m.","2nd Half","14:13","47-42","Arcadia","Pierfy, Phil","missed","Layup","0","Kelley, Ryan; Pierfy, Phil; Rivera, Jason; Sellers, Tyson; Slone, Evan","2:42"
"01/25/2017","8 p.m.","2nd Half","14:13","47-42","Albright","Rowles, Fred","","Defensive Rebound","","Clark, Jayson; Rappoport, Jared; Ringgold, Omari; Rowles, Fred; Smith, Dejuan","1:51"
"01/25/2017","8 p.m.","2nd Half","14:03","47-45","Albright","Ringgold, Omari","made","Three Point Jumper","20","Clark, Jayson; Rappoport, Jared; Ringgold, Omari; Rowles, Fred; Smith, Dejuan","2:01"
"01/25/2017","8 p.m.","2nd Half","14:03","47-45","Albright","Smith, Dejuan","","Assist","","Clark, Jayson; Rappoport, Jared; Ringgold, Omari; Rowles, Fred; Smith, Dejuan","2:01"
"01/25/2017","8 p.m.","2nd Half","13:37","47-45","Arcadia","Kelley, Ryan","","Turnover","","Kelley, Ryan; Pierfy, Phil; Rivera, Jason; Sellers, Tyson; Slone, Evan","3:18"
"01/25/2017","8 p.m.","2nd Half","13:37","47-45","Arcadia","Kelley, Ryan","","Commits Foul","","Kelley, Ryan; Pierfy, Phil; Rivera, Jason; Sellers, Tyson; Slone, Evan","3:18"
"01/25/2017","8 p.m.","2nd Half","13:20","47-48","Albright","Clark, Jayson","made","Three Point Jumper","13","Clark, Jayson; Rappoport, Jared; Ringgold, Omari; Rowles, Fred; Smith, Dejuan","2:44"
"01/25/2017","8 p.m.","2nd Half","13:20","47-48","Albright","Rowles, Fred","","Assist","","Clark, Jayson; Rappoport, Jared; Ringgold, Omari; Rowles, Fred; Smith, Dejuan","2:44"
"01/25/2017","8 p.m.","2nd Half","13:02","47-48","Albright","Rappoport, Jared","","Commits Foul","12","Clark, Jayson; Rappoport, Jared; Ringgold, Omari; Rowles, Fred; Smith, Dejuan","3:02"
"01/25/2017","8 p.m.","2nd Half","13:02","48-48","Arcadia","Slone, Evan","made","Free Throw","","Kelley, Ryan; Pierfy, Phil; Rivera, Jason; Sellers, Tyson; Slone, Evan","3:53"
"01/25/2017","8 p.m.","2nd Half","13:02","49-48","Arcadia","Slone, Evan","made","Free Throw","","Kelley, Ryan; Pierfy, Phil; Rivera, Jason; Sellers, Tyson; Slone, Evan","3:53"
"01/25/2017","8 p.m.","2nd Half","13:02","49-48","Arcadia","Anderson-Marrow, Emmanuel","","Enters Game","","Anderson-Marrow, Emmanuel; Kelley, Ryan; Pierfy, Phil; Rivera, Jason; Sellers, Tyson; Slone, Evan","0:00"
"01/25/2017","8 p.m.","2nd Half","13:02","49-48","Arcadia","Pierfy, Phil","","Leaves Game","","Anderson-Marrow, Emmanuel; Kelley, Ryan; Rivera, Jason; Sellers, Tyson; Slone, Evan","0:00"
"01/25/2017","8 p.m.","2nd Half","12:42","49-48","Albright","Ringgold, Omari","","Turnover","","Clark, Jayson; Rappoport, Jared; Ringgold, Omari; Rowles, Fred; Smith, Dejuan","3:22"
"01/25/2017","8 p.m.","2nd Half","12:42","49-48","Arcadia","Slone, Evan","","Steal","","Anderson-Marrow, Emmanuel; Kelley, Ryan; Rivera, Jason; Sellers, Tyson; Slone, Evan","0:20"
"01/25/2017","8 p.m.","2nd Half","12:42","49-48","Arcadia","Sanders, Jordan","","Enters Game","","Anderson-Marrow, Emmanuel; Kelley, Ryan; Rivera, Jason; Sanders, Jordan; Sellers, Tyson; Slone, Evan","0:00"
"01/25/2017","8 p.m.","2nd Half","12:42","49-48","Arcadia","Kelley, Ryan","","Leaves Game","","Anderson-Marrow, Emmanuel; Rivera, Jason; Sanders, Jordan; Sellers, Tyson; Slone, Evan","0:00"
"01/25/2017","8 p.m.","2nd Half","12:42","49-48","Albright","Lindsay, Brandon","","Enters Game","","Clark, Jayson; Lindsay, Brandon; Rappoport, Jared; Ringgold, Omari; Rowles, Fred; Smith, Dejuan","0:00"
"01/25/2017","8 p.m.","2nd Half","12:42","49-48","Albright","Rowles, Fred","","Leaves Game","","Clark, Jayson; Lindsay, Brandon; Rappoport, Jared; Ringgold, Omari; Smith, Dejuan","0:00"
"01/25/2017","8 p.m.","2nd Half","12:18","49-48","Arcadia","Slone, Evan","missed","Layup","6","Anderson-Marrow, Emmanuel; Rivera, Jason; Sanders, Jordan; Sellers, Tyson; Slone, Evan","0:24"
"01/25/2017","8 p.m.","2nd Half","12:18","49-48","Arcadia","Sellers, Tyson","","Offensive Rebound","","Anderson-Marrow, Emmanuel; Rivera, Jason; Sanders, Jordan; Sellers, Tyson; Slone, Evan","0:24"
"01/25/2017","8 p.m.","2nd Half","12:15","49-48","Arcadia","Sellers, Tyson","missed","Layup","27","Anderson-Marrow, Emmanuel; Rivera, Jason; Sanders, Jordan; Sellers, Tyson; Slone, Evan","0:27"
"01/25/2017","8 p.m.","2nd Half","12:15","49-48","Albright","Rappoport, Jared","","Blocked Shot","","Clark, Jayson; Lindsay, Brandon; Rappoport, Jared; Ringgold, Omari; Smith, Dejuan","0:27"
"01/25/2017","8 p.m.","2nd Half","12:13","49-48","Albright","Ringgold, Omari","","Defensive Rebound","","Clark, Jayson; Lindsay, Brandon; Rappoport, Jared; Ringgold, Omari; Smith, Dejuan","0:29"
"01/25/2017","8 p.m.","2nd Half","12:08","49-48","Albright","Ringgold, Omari","missed","Layup","23","Clark, Jayson; Lindsay, Brandon; Rappoport, Jared; Ringgold, Omari; Smith, Dejuan","0:34"
"01/25/2017","8 p.m.","2nd Half","12:08","49-48","Arcadia","Anderson-Marrow, Emmanuel","","Blocked Shot","","Anderson-Marrow, Emmanuel; Rivera, Jason; Sanders, Jordan; Sellers, Tyson; Slone, Evan","0:34"
"01/25/2017","8 p.m.","2nd Half","12:07","49-48","Arcadia","Slone, Evan","","Defensive Rebound","","Anderson-Marrow, Emmanuel; Rivera, Jason; Sanders, Jordan; Sellers, Tyson; Slone, Evan","0:35"
"01/25/2017","8 p.m.","2nd Half","11:56","49-48","Arcadia","Rivera, Jason","missed","Two Point Jumper","18","Anderson-Marrow, Emmanuel; Rivera, Jason; Sanders, Jordan; Sellers, Tyson; Slone, Evan","0:46"
"01/25/2017","8 p.m.","2nd Half","11:56","49-48","Albright","Smith, Dejuan","","Defensive Rebound","","Clark, Jayson; Lindsay, Brandon; Rappoport, Jared; Ringgold, Omari; Smith, Dejuan","0:46"
"01/25/2017","8 p.m.","2nd Half","11:47","49-48","Albright","Lindsay, Brandon","missed","Three Point Jumper","21","Clark, Jayson; Lindsay, Brandon; Rappoport, Jared; Ringgold, Omari; Smith, Dejuan","0:55"
"01/25/2017","8 p.m.","2nd Half","11:47","49-48","Albright","Rappoport, Jared","","Offensive Rebound","","Clark, Jayson; Lindsay, Brandon; Rappoport, Jared; Ringgold, Omari; Smith, Dejuan","0:55"
"01/25/2017","8 p.m.","2nd Half","11:42","49-50","Albright","Rappoport, Jared","made","Layup","25","Clark, Jayson; Lindsay, Brandon; Rappoport, Jared; Ringgold, Omari; Smith, Dejuan","1:00"
"01/25/2017","8 p.m.","2nd Half","11:21","49-50","Arcadia","Sanders, Jordan","missed","Layup","9","Anderson-Marrow, Emmanuel; Rivera, Jason; Sanders, Jordan; Sellers, Tyson; Slone, Evan","1:21"
"01/25/2017","8 p.m.","2nd Half","11:21","49-50","Albright","Rappoport, Jared","","Defensive Rebound","","Clark, Jayson; Lindsay, Brandon; Rappoport, Jared; Ringgold, Omari; Smith, Dejuan","1:21"
"01/25/2017","8 p.m.","2nd Half","11:04","49-50","Arcadia","Slone, Evan","","Commits Foul","13","Anderson-Marrow, Emmanuel; Rivera, Jason; Sanders, Jordan; Sellers, Tyson; Slone, Evan","1:38"
"01/25/2017","8 p.m.","2nd Half","11:04","49-51","Albright","Rappoport, Jared","made","Free Throw","","Clark, Jayson; Lindsay, Brandon; Rappoport, Jared; Ringgold, Omari; Smith, Dejuan","1:38"
"01/25/2017","8 p.m.","2nd Half","11:04","49-51","Albright","Rappoport, Jared","missed","Free Throw","","Clark, Jayson; Lindsay, Brandon; Rappoport, Jared; Ringgold, Omari; Smith, Dejuan","1:38"
"01/25/2017","8 p.m.","2nd Half","11:04","49-51","Arcadia","Patel, Kishan","","Defensive Rebound","","Anderson-Marrow, Emmanuel; Patel, Kishan; Rivera, Jason; Sanders, Jordan; Sellers, Tyson; Slone, Evan","0:00"
"01/25/2017","8 p.m.","2nd Half","11:04","49-51","Arcadia","Scott, Josh","","Enters Game","","Anderson-Marrow, Emmanuel; Patel, Kishan; Rivera, Jason; Sanders, Jordan; Scott, Josh; Sellers, Tyson; Slone, Evan","0:00"
"01/25/2017","8 p.m.","2nd Half","11:04","49-51","Arcadia","Patel, Kishan","","Enters Game","","Anderson-Marrow, Emmanuel; Patel, Kishan; Rivera, Jason; Sanders, Jordan; Scott, Josh; Sellers, Tyson; Slone, Evan","0:00"
"01/25/2017","8 p.m.","2nd Half","11:04","49-51","Arcadia","Pierfy, Phil","","Enters Game","","Anderson-Marrow, Emmanuel; Patel, Kishan; Pierfy, Phil; Rivera, Jason; Sanders, Jordan; Scott, Josh; Sellers, Tyson; Slone, Evan","0:00"
"01/25/2017","8 p.m.","2nd Half","11:04","49-51","Arcadia","Sellers, Tyson","","Leaves Game","","Anderson-Marrow, Emmanuel; Patel, Kishan; Pierfy, Phil; Rivera, Jason; Sanders, Jordan; Scott, Josh; Slone, Evan","0:00"
"01/25/2017","8 p.m.","2nd Half","11:04","49-51","Arcadia","Slone, Evan","","Leaves Game","","Anderson-Marrow, Emmanuel; Patel, Kishan; Pierfy, Phil; Rivera, Jason; Sanders, Jordan; Scott, Josh","0:00"
"01/25/2017","8 p.m.","2nd Half","11:04","49-51","Arcadia","Rivera, Jason","","Leaves Game","","Anderson-Marrow, Emmanuel; Patel, Kishan; Pierfy, Phil; Sanders, Jordan; Scott, Josh","0:00"
"01/25/2017","8 p.m.","2nd Half","11:04","49-51","Albright","Stern, Damon","","Enters Game","","Clark, Jayson; Lindsay, Brandon; Rappoport, Jared; Ringgold, Omari; Smith, Dejuan; Stern, Damon","0:00"
"01/25/2017","8 p.m.","2nd Half","11:04","49-51","Albright","Calloway, Jaylin","","Enters Game","","Calloway, Jaylin; Clark, Jayson; Lindsay, Brandon; Rappoport, Jared; Ringgold, Omari; Smith, Dejuan; Stern, Damon","0:00"
"01/25/2017","8 p.m.","2nd Half","11:04","49-51","Albright","Smith, Dejuan","","Leaves Game","","Calloway, Jaylin; Clark, Jayson; Lindsay, Brandon; Rappoport, Jared; Ringgold, Omari; Stern, Damon","0:00"
"01/25/2017","8 p.m.","2nd Half","11:04","49-51","Albright","Clark, Jayson","","Leaves Game","","Calloway, Jaylin; Lindsay, Brandon; Rappoport, Jared; Ringgold, Omari; Stern, Damon","0:00"
"01/25/2017","8 p.m.","2nd Half","10:47","49-51","Arcadia","Anderson-Marrow, Emmanuel","missed","Two Point Jumper","13","Anderson-Marrow, Emmanuel; Patel, Kishan; Pierfy, Phil; Sanders, Jordan; Scott, Josh","0:17"
"01/25/2017","8 p.m.","2nd Half","10:47","49-51","Albright","Lindsay, Brandon","","Defensive Rebound","","Calloway, Jaylin; Lindsay, Brandon; Rappoport, Jared; Ringgold, Omari; Stern, Damon","0:17"
"01/25/2017","8 p.m.","2nd Half","10:39","49-51","Albright","Ringgold, Omari","missed","Three Point Jumper","22","Calloway, Jaylin; Lindsay, Brandon; Rappoport, Jared; Ringgold, Omari; Stern, Damon","0:25"
"01/25/2017","8 p.m.","2nd Half","10:39","49-51","Arcadia","Sanders, Jordan","","Defensive Rebound","","Anderson-Marrow, Emmanuel; Patel, Kishan; Pierfy, Phil; Sanders, Jordan; Scott, Josh","0:25"
"01/25/2017","8 p.m.","2nd Half","10:21","49-51","Albright","Rappoport, Jared","","Commits Foul","12","Calloway, Jaylin; Lindsay, Brandon; Rappoport, Jared; Ringgold, Omari; Stern, Damon","0:43"
"01/25/2017","8 p.m.","2nd Half","10:21","49-51","Arcadia","Pierfy, Phil","missed","Free Throw","","Anderson-Marrow, Emmanuel; Patel, Kishan; Pierfy, Phil; Sanders, Jordan; Scott, Josh","0:43"
"01/25/2017","8 p.m.","2nd Half","10:21","49-51","Arcadia","Team","","Deadball Rebound","","Anderson-Marrow, Emmanuel; Patel, Kishan; Pierfy, Phil; Sanders, Jordan; Scott, Josh","0:43"
"01/25/2017","8 p.m.","2nd Half","10:21","50-51","Arcadia","Pierfy, Phil","made","Free Throw","","Anderson-Marrow, Emmanuel; Patel, Kishan; Pierfy, Phil; Sanders, Jordan; Scott, Josh","0:43"
"01/25/2017","8 p.m.","2nd Half","10:21","50-51","Albright","Rowles, Fred","","Enters Game","","Calloway, Jaylin; Lindsay, Brandon; Rappoport, Jared; Ringgold, Omari; Rowles, Fred; Stern, Damon","0:00"
"01/25/2017","8 p.m.","2nd Half","10:21","50-51","Albright","Rappoport, Jared","","Leaves Game","","Calloway, Jaylin; Lindsay, Brandon; Ringgold, Omari; Rowles, Fred; Stern, Damon","0:00"
"01/25/2017","8 p.m.","2nd Half","10:01","50-51","Albright","Calloway, Jaylin","missed","Three Point Jumper","10","Calloway, Jaylin; Lindsay, Brandon; Ringgold, Omari; Rowles, Fred; Stern, Damon","0:20"
"01/25/2017","8 p.m.","2nd Half","10:01","50-51","Arcadia","Pierfy, Phil","","Defensive Rebound","","Anderson-Marrow, Emmanuel; Patel, Kishan; Pierfy, Phil; Sanders, Jordan; Scott, Josh","1:03"
"01/25/2017","8 p.m.","2nd Half","09:52","50-51","Arcadia","Patel, Kishan","","Turnover","","Anderson-Marrow, Emmanuel; Patel, Kishan; Pierfy, Phil; Sanders, Jordan; Scott, Josh","1:12"
"01/25/2017","8 p.m.","2nd Half","09:33","50-54","Albright","Rowles, Fred","made","Three Point Jumper","11","Calloway, Jaylin; Lindsay, Brandon; Ringgold, Omari; Rowles, Fred; Stern, Damon","0:48"
"01/25/2017","8 p.m.","2nd Half","09:33","50-54","Albright","Lindsay, Brandon","","Assist","","Calloway, Jaylin; Lindsay, Brandon; Ringgold, Omari; Rowles, Fred; Stern, Damon","0:48"
"01/25/2017","8 p.m.","2nd Half","09:18","50-54","Arcadia","Patel, Kishan","missed","Three Point Jumper","15","Anderson-Marrow, Emmanuel; Patel, Kishan; Pierfy, Phil; Sanders, Jordan; Scott, Josh","1:46"
"01/25/2017","8 p.m.","2nd Half","09:18","50-54","Albright","Rowles, Fred","","Defensive Rebound","","Calloway, Jaylin; Lindsay, Brandon; Ringgold, Omari; Rowles, Fred; Stern, Damon","1:03"
"01/25/2017","8 p.m.","2nd Half","09:06","50-54","Albright","Stern, Damon","","Turnover","","Calloway, Jaylin; Lindsay, Brandon; Ringgold, Omari; Rowles, Fred; Stern, Damon","1:15"
"01/25/2017","8 p.m.","2nd Half","09:06","50-54","Arcadia","Kelley, Ryan","","Enters Game","","Anderson-Marrow, Emmanuel; Kelley, Ryan; Patel, Kishan; Pierfy, Phil; Sanders, Jordan; Scott, Josh","0:00"
"01/25/2017","8 p.m.","2nd Half","09:06","50-54","Arcadia","Patel, Kishan","","Leaves Game","","Anderson-Marrow, Emmanuel; Kelley, Ryan; Pierfy, Phil; Sanders, Jordan; Scott, Josh","0:00"
"01/25/2017","8 p.m.","2nd Half","08:46","50-54","Albright","Ringgold, Omari","","Commits Foul","10","Calloway, Jaylin; Lindsay, Brandon; Ringgold, Omari; Rowles, Fred; Stern, Damon","1:35"
"01/25/2017","8 p.m.","2nd Half","08:46","51-54","Arcadia","Anderson-Marrow, Emmanuel","made","Free Throw","","Anderson-Marrow, Emmanuel; Kelley, Ryan; Pierfy, Phil; Sanders, Jordan; Scott, Josh","0:20"
"01/25/2017","8 p.m.","2nd Half","08:46","51-54","Arcadia","Anderson-Marrow, Emmanuel","missed","Free Throw","","Anderson-Marrow, Emmanuel; Kelley, Ryan; Pierfy, Phil; Sanders, Jordan; Scott, Josh","0:20"
"01/25/2017","8 p.m.","2nd Half","08:46","51-54","Albright","Rowles, Fred","","Defensive Rebound","","Calloway, Jaylin; Lindsay, Brandon; Ringgold, Omari; Rowles, Fred; Stern, Damon","1:35"
"01/25/2017","8 p.m.","2nd Half","08:35","51-54","Albright","Rowles, Fred","missed","Layup","19","Calloway, Jaylin; Lindsay, Brandon; Ringgold, Omari; Rowles, Fred; Stern, Damon","1:46"
"01/25/2017","8 p.m.","2nd Half","08:35","51-54","Arcadia","Anderson-Marrow, Emmanuel","","Blocked Shot","","Anderson-Marrow, Emmanuel; Kelley, Ryan; Pierfy, Phil; Sanders, Jordan; Scott, Josh","0:31"
"01/25/2017","8 p.m.","2nd Half","08:33","51-54","Arcadia","Pierfy, Phil","","Defensive Rebound","","Anderson-Marrow, Emmanuel; Kelley, Ryan; Pierfy, Phil; Sanders, Jordan; Scott, Josh","0:33"
"01/25/2017","8 p.m.","2nd Half","08:28","51-54","Arcadia","Kelley, Ryan","missed","Layup","23","Anderson-Marrow, Emmanuel; Kelley, Ryan; Pierfy, Phil; Sanders, Jordan; Scott, Josh","0:38"
"01/25/2017","8 p.m.","2nd Half","08:28","51-54","Albright","Team","","Deadball Rebound","","Calloway, Jaylin; Lindsay, Brandon; Ringgold, Omari; Rowles, Fred; Stern, Damon","1:53"
"01/25/2017","8 p.m.","2nd Half","08:26","51-54","Arcadia","Pierfy, Phil","","Commits Foul","28","Anderson-Marrow, Emmanuel; Kelley, Ryan; Pierfy, Phil; Sanders, Jordan; Scott, Josh","0:40"
"01/25/2017","8 p.m.","2nd Half","08:26","51-54","Albright","Smith, Dejuan","","Enters Game","","Calloway, Jaylin; Lindsay, Brandon; Ringgold, Omari; Rowles, Fred; Smith, Dejuan; Stern, Damon","0:00"
"01/25/2017","8 p.m.","2nd Half","08:26","51-54","Albright","Calloway, Jaylin","","Leaves Game","","Lindsay, Brandon; Ringgold, Omari; Rowles, Fred; Smith, Dejuan; Stern, Damon","0:00"
"01/25/2017","8 p.m.","2nd Half","08:08","51-54","Albright","Smith, Dejuan","","Turnover","","Lindsay, Brandon; Ringgold, Omari; Rowles, Fred; Smith, Dejuan; Stern, Damon","0:18"
"01/25/2017","8 p.m.","2nd Half","07:49","51-54","Arcadia","Kelley, Ryan","","Turnover","","Anderson-Marrow, Emmanuel; Kelley, Ryan; Pierfy, Phil; Sanders, Jordan; Scott, Josh","1:17"
"01/25/2017","8 p.m.","2nd Half","07:48","51-54","Albright","Stern, Damon","","Steal","","Lindsay, Brandon; Ringgold, Omari; Rowles, Fred; Smith, Dejuan; Stern, Damon","0:38"
"01/25/2017","8 p.m.","2nd Half","07:42","51-56","Albright","Rowles, Fred","made","Two Point Jumper","23","Lindsay, Brandon; Ringgold, Omari; Rowles, Fred; Smith, Dejuan; Stern, Damon","0:44"
"01/25/2017","8 p.m.","2nd Half","07:42","51-56","Albright","Stern, Damon","","Assist","","Lindsay, Brandon; Ringgold, Omari; Rowles, Fred; Smith, Dejuan; Stern, Damon","0:44"
"01/25/2017","8 p.m.","2nd Half","07:26","51-56","Arcadia","Slone, Evan","","Enters Game","","Anderson-Marrow, Emmanuel; Kelley, Ryan; Pierfy, Phil; Sanders, Jordan; Scott, Josh; Slone, Evan","0:00"
"01/25/2017","8 p.m.","2nd Half","07:26","51-56","Arcadia","Anderson-Marrow, Emmanuel","","Leaves Game","","Kelley, Ryan; Pierfy, Phil; Sanders, Jordan; Scott, Josh; Slone, Evan","0:00"
"01/25/2017","8 p.m.","2nd Half","07:25","53-56","Arcadia","Pierfy, Phil","made","Layup","13","Kelley, Ryan; Pierfy, Phil; Sanders, Jordan; Scott, Josh; Slone, Evan","0:01"
"01/25/2017","8 p.m.","2nd Half","07:25","53-56","Arcadia","Sanders, Jordan","","Assist","","Kelley, Ryan; Pierfy, Phil; Sanders, Jordan; Scott, Josh; Slone, Evan","0:01"
"01/25/2017","8 p.m.","2nd Half","07:05","53-59","Albright","Lindsay, Brandon","made","Three Point Jumper","10","Lindsay, Brandon; Ringgold, Omari; Rowles, Fred; Smith, Dejuan; Stern, Damon","1:21"
"01/25/2017","8 p.m.","2nd Half","07:05","53-59","Albright","Stern, Damon","","Assist","","Lindsay, Brandon; Ringgold, Omari; Rowles, Fred; Smith, Dejuan; Stern, Damon","1:21"
"01/25/2017","8 p.m.","2nd Half","06:59","53-59","Albright","Team","","Team Timeout","","Lindsay, Brandon; Ringgold, Omari; Rowles, Fred; Smith, Dejuan; Stern, Damon","1:27"
"01/25/2017","8 p.m.","2nd Half","06:44","53-59","Albright","Rowles, Fred","","Commits Foul","9","Lindsay, Brandon; Ringgold, Omari; Rowles, Fred; Smith, Dejuan; Stern, Damon","1:42"
"01/25/2017","8 p.m.","2nd Half","06:44","54-59","Arcadia","Pierfy, Phil","made","Free Throw","","Kelley, Ryan; Pierfy, Phil; Sanders, Jordan; Scott, Josh; Slone, Evan","0:42"
"01/25/2017","8 p.m.","2nd Half","06:44","55-59","Arcadia","Pierfy, Phil","made","Free Throw","","Kelley, Ryan; Pierfy, Phil; Sanders, Jordan; Scott, Josh; Slone, Evan","0:42"
"01/25/2017","8 p.m.","2nd Half","06:44","55-59","Arcadia","Anderson-Marrow, Emmanuel","","Enters Game","","Anderson-Marrow, Emmanuel; Kelley, Ryan; Pierfy, Phil; Sanders, Jordan; Scott, Josh; Slone, Evan","0:00"
"01/25/2017","8 p.m.","2nd Half","06:44","55-59","Arcadia","Pierfy, Phil","","Leaves Game","","Anderson-Marrow, Emmanuel; Kelley, Ryan; Sanders, Jordan; Scott, Josh; Slone, Evan","0:00"
"01/25/2017","8 p.m.","2nd Half","06:44","55-59","Albright","Oplinger, Garrett","","Enters Game","","Lindsay, Brandon; Oplinger, Garrett; Ringgold, Omari; Rowles, Fred; Smith, Dejuan; Stern, Damon","0:00"
"01/25/2017","8 p.m.","2nd Half","06:44","55-59","Albright","Rowles, Fred","","Leaves Game","","Lindsay, Brandon; Oplinger, Garrett; Ringgold, Omari; Smith, Dejuan; Stern, Damon","0:00"
"01/25/2017","8 p.m.","2nd Half","06:19","55-59","Albright","Lindsay, Brandon","missed","Three Point Jumper","5","Lindsay, Brandon; Oplinger, Garrett; Ringgold, Omari; Smith, Dejuan; Stern, Damon","0:25"
"01/25/2017","8 p.m.","2nd Half","06:19","55-59","Albright","Oplinger, Garrett","","Offensive Rebound","","Lindsay, Brandon; Oplinger, Garrett; Ringgold, Omari; Smith, Dejuan; Stern, Damon","0:25"
"01/25/2017","8 p.m.","2nd Half","06:08","55-59","Arcadia","Sanders, Jordan","","Commits Foul","19","Anderson-Marrow, Emmanuel; Kelley, Ryan; Sanders, Jordan; Scott, Josh; Slone, Evan","0:36"
"01/25/2017","8 p.m.","2nd Half","06:08","55-60","Albright","Smith, Dejuan","made","Free Throw","","Lindsay, Brandon; Oplinger, Garrett; Ringgold, Omari; Smith, Dejuan; Stern, Damon","0:36"
"01/25/2017","8 p.m.","2nd Half","06:08","55-61","Albright","Smith, Dejuan","made","Free Throw","","Lindsay, Brandon; Oplinger, Garrett; Ringgold, Omari; Smith, Dejuan; Stern, Damon","0:36"
"01/25/2017","8 p.m.","2nd Half","06:08","55-61","Arcadia","Pierfy, Phil","","Enters Game","","Anderson-Marrow, Emmanuel; Kelley, Ryan; Pierfy, Phil; Sanders, Jordan; Scott, Josh; Slone, Evan","0:00"
"01/25/2017","8 p.m.","2nd Half","06:08","55-61","Arcadia","Anderson-Marrow, Emmanuel","","Leaves Game","","Kelley, Ryan; Pierfy, Phil; Sanders, Jordan; Scott, Josh; Slone, Evan","0:42"
"01/25/2017","8 p.m.","2nd Half","06:08","55-61","Albright","Rappoport, Jared","","Enters Game","","Lindsay, Brandon; Oplinger, Garrett; Rappoport, Jared; Ringgold, Omari; Smith, Dejuan; Stern, Damon","0:00"
"01/25/2017","8 p.m.","2nd Half","06:08","55-61","Albright","Lindsay, Brandon","","Leaves Game","","Oplinger, Garrett; Rappoport, Jared; Ringgold, Omari; Smith, Dejuan; Stern, Damon","0:00"
"01/25/2017","8 p.m.","2nd Half","05:58","57-61","Arcadia","Pierfy, Phil","made","Layup","20","Kelley, Ryan; Pierfy, Phil; Sanders, Jordan; Scott, Josh; Slone, Evan","0:52"
"01/25/2017","8 p.m.","2nd Half","05:58","57-61","Arcadia","Sanders, Jordan","","Assist","","Kelley, Ryan; Pierfy, Phil; Sanders, Jordan; Scott, Josh; Slone, Evan","0:52"
"01/25/2017","8 p.m.","2nd Half","05:29","57-61","Albright","Smith, Dejuan","","Turnover","","Oplinger, Garrett; Rappoport, Jared; Ringgold, Omari; Smith, Dejuan; Stern, Damon","0:39"
"01/25/2017","8 p.m.","2nd Half","05:28","57-61","Arcadia","Pierfy, Phil","","Steal","","Kelley, Ryan; Pierfy, Phil; Sanders, Jordan; Scott, Josh; Slone, Evan","1:22"
"01/25/2017","8 p.m.","2nd Half","05:24","57-61","Albright","Oplinger, Garrett","","Commits Foul","25","Oplinger, Garrett; Rappoport, Jared; Ringgold, Omari; Smith, Dejuan; Stern, Damon","0:44"
"01/25/2017","8 p.m.","2nd Half","05:24","58-61","Arcadia","Kelley, Ryan","made","Free Throw","","Kelley, Ryan; Pierfy, Phil; Sanders, Jordan; Scott, Josh; Slone, Evan","1:26"
"01/25/2017","8 p.m.","2nd Half","05:24","59-61","Arcadia","Kelley, Ryan","made","Free Throw","","Kelley, Ryan; Pierfy, Phil; Sanders, Jordan; Scott, Josh; Slone, Evan","1:26"
"01/25/2017","8 p.m.","2nd Half","05:12","59-61","Albright","Stern, Damon","","Turnover","","Oplinger, Garrett; Rappoport, Jared; Ringgold, Omari; Smith, Dejuan; Stern, Damon","0:56"
"01/25/2017","8 p.m.","2nd Half","05:10","59-61","Arcadia","Slone, Evan","","Steal","","Kelley, Ryan; Pierfy, Phil; Sanders, Jordan; Scott, Josh; Slone, Evan","1:40"
"01/25/2017","8 p.m.","2nd Half","05:09","61-61","Arcadia","Slone, Evan","made","Layup","27","Kelley, Ryan; Pierfy, Phil; Sanders, Jordan; Scott, Josh; Slone, Evan","1:41"
"01/25/2017","8 p.m.","2nd Half","04:45","61-63","Albright","Smith, Dejuan","made","Two Point Jumper","6","Oplinger, Garrett; Rappoport, Jared; Ringgold, Omari; Smith, Dejuan; Stern, Damon","1:23"
"01/25/2017","8 p.m.","2nd Half","04:32","61-63","Arcadia","Kelley, Ryan","missed","Three Point Jumper","17","Kelley, Ryan; Pierfy, Phil; Sanders, Jordan; Scott, Josh; Slone, Evan","2:18"
"01/25/2017","8 p.m.","2nd Half","04:32","61-63","Albright","Rappoport, Jared","","Defensive Rebound","","Oplinger, Garrett; Rappoport, Jared; Ringgold, Omari; Smith, Dejuan; Stern, Damon","1:36"
"01/25/2017","8 p.m.","2nd Half","04:07","61-63","Albright","Smith, Dejuan","","Turnover","","Oplinger, Garrett; Rappoport, Jared; Ringgold, Omari; Smith, Dejuan; Stern, Damon","2:01"
"01/25/2017","8 p.m.","2nd Half","04:07","61-63","Albright","Smith, Dejuan","","Commits Foul","","Oplinger, Garrett; Rappoport, Jared; Ringgold, Omari; Smith, Dejuan; Stern, Damon","2:01"
"01/25/2017","8 p.m.","2nd Half","04:07","61-63","Albright","Clark, Jayson","","Enters Game","","Clark, Jayson; Oplinger, Garrett; Rappoport, Jared; Ringgold, Omari; Smith, Dejuan; Stern, Damon","0:00"
"01/25/2017","8 p.m.","2nd Half","04:07","61-63","Albright","Stern, Damon","","Leaves Game","","Clark, Jayson; Oplinger, Garrett; Rappoport, Jared; Ringgold, Omari; Smith, Dejuan","0:00"
"01/25/2017","8 p.m.","2nd Half","03:46","61-63","Arcadia","Pierfy, Phil","missed","Three Point Jumper","9","Kelley, Ryan; Pierfy, Phil; Sanders, Jordan; Scott, Josh; Slone, Evan","3:04"
"01/25/2017","8 p.m.","2nd Half","03:46","61-63","Albright","Smith, Dejuan","","Defensive Rebound","","Clark, Jayson; Oplinger, Garrett; Rappoport, Jared; Ringgold, Omari; Smith, Dejuan","0:21"
"01/25/2017","8 p.m.","2nd Half","03:39","61-66","Albright","Oplinger, Garrett","made","Three Point Jumper","23","Clark, Jayson; Oplinger, Garrett; Rappoport, Jared; Ringgold, Omari; Smith, Dejuan","0:28"
"01/25/2017","8 p.m.","2nd Half","03:39","61-66","Albright","Smith, Dejuan","","Assist","","Clark, Jayson; Oplinger, Garrett; Rappoport, Jared; Ringgold, Omari; Smith, Dejuan","0:28"
"01/25/2017","8 p.m.","2nd Half","03:26","61-66","Albright","Clark, Jayson","","Commits Foul","17","Clark, Jayson; Oplinger, Garrett; Rappoport, Jared; Ringgold, Omari; Smith, Dejuan","0:41"
"01/25/2017","8 p.m.","2nd Half","03:26","62-66","Arcadia","Kelley, Ryan","made","Free Throw","","Kelley, Ryan; Pierfy, Phil; Sanders, Jordan; Scott, Josh; Slone, Evan","3:24"
"01/25/2017","8 p.m.","2nd Half","03:26","63-66","Arcadia","Kelley, Ryan","made","Free Throw","","Kelley, Ryan; Pierfy, Phil; Sanders, Jordan; Scott, Josh; Slone, Evan","3:24"
"01/25/2017","8 p.m.","2nd Half","03:26","63-66","Arcadia","Anderson-Marrow, Emmanuel","","Enters Game","","Anderson-Marrow, Emmanuel; Kelley, Ryan; Pierfy, Phil; Sanders, Jordan; Scott, Josh; Slone, Evan","0:00"
"01/25/2017","8 p.m.","2nd Half","03:26","63-66","Arcadia","Pierfy, Phil","","Leaves Game","","Anderson-Marrow, Emmanuel; Kelley, Ryan; Sanders, Jordan; Scott, Josh; Slone, Evan","0:36"
"01/25/2017","8 p.m.","2nd Half","03:26","63-66","Albright","Rowles, Fred","","Enters Game","","Clark, Jayson; Oplinger, Garrett; Rappoport, Jared; Ringgold, Omari; Rowles, Fred; Smith, Dejuan","0:00"
"01/25/2017","8 p.m.","2nd Half","03:26","63-66","Albright","Rappoport, Jared","","Leaves Game","","Clark, Jayson; Oplinger, Garrett; Ringgold, Omari; Rowles, Fred; Smith, Dejuan","0:00"
"01/25/2017","8 p.m.","2nd Half","03:15","63-66","Arcadia","Sanders, Jordan","","Commits Foul","19","Anderson-Marrow, Emmanuel; Kelley, Ryan; Sanders, Jordan; Scott, Josh; Slone, Evan","0:47"
"01/25/2017","8 p.m.","2nd Half","03:15","63-67","Albright","Smith, Dejuan","made","Free Throw","","Clark, Jayson; Oplinger, Garrett; Ringgold, Omari; Rowles, Fred; Smith, Dejuan","0:11"
"01/25/2017","8 p.m.","2nd Half","03:15","63-68","Albright","Smith, Dejuan","made","Free Throw","","Clark, Jayson; Oplinger, Garrett; Ringgold, Omari; Rowles, Fred; Smith, Dejuan","0:11"
"01/25/2017","8 p.m.","2nd Half","03:15","63-68","Arcadia","Pierfy, Phil","","Enters Game","","Anderson-Marrow, Emmanuel; Kelley, Ryan; Pierfy, Phil; Sanders, Jordan; Scott, Josh; Slone, Evan","0:00"
"01/25/2017","8 p.m.","2nd Half","03:15","63-68","Arcadia","Anderson-Marrow, Emmanuel","","Leaves Game","","Kelley, Ryan; Pierfy, Phil; Sanders, Jordan; Scott, Josh; Slone, Evan","3:24"
"01/25/2017","8 p.m.","2nd Half","02:56","65-68","Arcadia","Scott, Josh","made","Two Point Jumper","11","Kelley, Ryan; Pierfy, Phil; Sanders, Jordan; Scott, Josh; Slone, Evan","3:43"
"01/25/2017","8 p.m.","2nd Half","02:53","65-68","Arcadia","Team","","Team Timeout","","Kelley, Ryan; Pierfy, Phil; Sanders, Jordan; Scott, Josh; Slone, Evan","3:46"
"01/25/2017","8 p.m.","2nd Half","02:53","65-68","Arcadia","Rivera, Jason","","Enters Game","","Kelley, Ryan; Pierfy, Phil; Rivera, Jason; Sanders, Jordan; Scott, Josh; Slone, Evan","0:00"
"01/25/2017","8 p.m.","2nd Half","02:53","65-68","Arcadia","Pierfy, Phil","","Leaves Game","","Kelley, Ryan; Rivera, Jason; Sanders, Jordan; Scott, Josh; Slone, Evan","0:00"
"01/25/2017","8 p.m.","2nd Half","02:35","65-68","Albright","Smith, Dejuan","missed","Two Point Jumper","9","Clark, Jayson; Oplinger, Garrett; Ringgold, Omari; Rowles, Fred; Smith, Dejuan","0:51"
"01/25/2017","8 p.m.","2nd Half","02:35","65-68","Arcadia","Kelley, Ryan","","Defensive Rebound","","Kelley, Ryan; Rivera, Jason; Sanders, Jordan; Scott, Josh; Slone, Evan","0:18"
"01/25/2017","8 p.m.","2nd Half","02:15","65-68","Arcadia","Slone, Evan","missed","Layup","10","Kelley, Ryan; Rivera, Jason; Sanders, Jordan; Scott, Josh; Slone, Evan","0:38"
"01/25/2017","8 p.m.","2nd Half","02:15","65-68","Albright","Oplinger, Garrett","","Defensive Rebound","","Clark, Jayson; Oplinger, Garrett; Ringgold, Omari; Rowles, Fred; Smith, Dejuan","1:11"
"01/25/2017","8 p.m.","2nd Half","01:52","65-68","Arcadia","Slone, Evan","","Commits Foul","7","Kelley, Ryan; Rivera, Jason; Sanders, Jordan; Scott, Josh; Slone, Evan","1:01"
"01/25/2017","8 p.m.","2nd Half","01:52","65-68","Albright","Rowles, Fred","missed","Free Throw","","Clark, Jayson; Oplinger, Garrett; Ringgold, Omari; Rowles, Fred; Smith, Dejuan","1:34"
"01/25/2017","8 p.m.","2nd Half","01:52","65-68","Arcadia","Pierfy, Phil","","Defensive Rebound","","Kelley, Ryan; Pierfy, Phil; Rivera, Jason; Sanders, Jordan; Scott, Josh; Slone, Evan","0:00"
"01/25/2017","8 p.m.","2nd Half","01:52","65-68","Arcadia","Pierfy, Phil","","Enters Game","","Kelley, Ryan; Pierfy, Phil; Rivera, Jason; Sanders, Jordan; Scott, Josh; Slone, Evan","0:00"
"01/25/2017","8 p.m.","2nd Half","01:52","65-68","Arcadia","Rivera, Jason","","Leaves Game","","Kelley, Ryan; Pierfy, Phil; Sanders, Jordan; Scott, Josh; Slone, Evan","3:46"
"01/25/2017","8 p.m.","2nd Half","01:35","65-68","Arcadia","Scott, Josh","missed","Three Point Jumper","13","Kelley, Ryan; Pierfy, Phil; Sanders, Jordan; Scott, Josh; Slone, Evan","4:03"
"01/25/2017","8 p.m.","2nd Half","01:35","65-68","Albright","Oplinger, Garrett","","Defensive Rebound","","Clark, Jayson; Oplinger, Garrett; Ringgold, Omari; Rowles, Fred; Smith, Dejuan","1:51"
"01/25/2017","8 p.m.","2nd Half","01:13","65-68","Arcadia","Scott, Josh","","Commits Foul","8","Kelley, Ryan; Pierfy, Phil; Sanders, Jordan; Scott, Josh; Slone, Evan","4:25"
"01/25/2017","8 p.m.","2nd Half","01:13","65-68","Arcadia","Team","","Second Timeout","","Kelley, Ryan; Pierfy, Phil; Sanders, Jordan; Scott, Josh; Slone, Evan","4:25"
"01/25/2017","8 p.m.","2nd Half","01:13","65-68","Albright","Smith, Dejuan","missed","Free Throw","","Clark, Jayson; Oplinger, Garrett; Ringgold, Omari; Rowles, Fred; Smith, Dejuan","2:13"
"01/25/2017","8 p.m.","2nd Half","01:13","65-68","Albright","Team","","Deadball Rebound","","Clark, Jayson; Oplinger, Garrett; Ringgold, Omari; Rowles, Fred; Smith, Dejuan","2:13"
"01/25/2017","8 p.m.","2nd Half","01:13","65-69","Albright","Smith, Dejuan","made","Free Throw","","Clark, Jayson; Oplinger, Garrett; Ringgold, Omari; Rowles, Fred; Smith, Dejuan","2:13"
"01/25/2017","8 p.m.","2nd Half","01:06","65-69","Albright","Oplinger, Garrett","","Commits Foul","23","Clark, Jayson; Oplinger, Garrett; Ringgold, Omari; Rowles, Fred; Smith, Dejuan","2:20"
"01/25/2017","8 p.m.","2nd Half","01:06","66-69","Arcadia","Scott, Josh","made","Free Throw","","Kelley, Ryan; Pierfy, Phil; Sanders, Jordan; Scott, Josh; Slone, Evan","4:32"
"01/25/2017","8 p.m.","2nd Half","01:06","67-69","Arcadia","Scott, Josh","made","Free Throw","","Kelley, Ryan; Pierfy, Phil; Sanders, Jordan; Scott, Josh; Slone, Evan","4:32"
"01/25/2017","8 p.m.","2nd Half","01:06","67-69","Arcadia","Rivera, Jason","","Enters Game","","Kelley, Ryan; Pierfy, Phil; Rivera, Jason; Sanders, Jordan; Scott, Josh; Slone, Evan","0:00"
"01/25/2017","8 p.m.","2nd Half","01:06","67-69","Arcadia","Pierfy, Phil","","Leaves Game","","Kelley, Ryan; Rivera, Jason; Sanders, Jordan; Scott, Josh; Slone, Evan","1:01"
"01/25/2017","8 p.m.","2nd Half","01:06","67-69","Albright","Lindsay, Brandon","","Enters Game","","Clark, Jayson; Lindsay, Brandon; Oplinger, Garrett; Ringgold, Omari; Rowles, Fred; Smith, Dejuan","0:00"
"01/25/2017","8 p.m.","2nd Half","01:06","67-69","Albright","Oplinger, Garrett","","Leaves Game","","Clark, Jayson; Lindsay, Brandon; Ringgold, Omari; Rowles, Fred; Smith, Dejuan","0:00"
"01/25/2017","8 p.m.","2nd Half","00:43","67-69","Arcadia","Scott, Josh","","Commits Foul","7","Kelley, Ryan; Rivera, Jason; Sanders, Jordan; Scott, Josh; Slone, Evan","1:24"
"01/25/2017","8 p.m.","2nd Half","00:43","67-70","Albright","Rowles, Fred","made","Free Throw","","Clark, Jayson; Lindsay, Brandon; Ringgold, Omari; Rowles, Fred; Smith, Dejuan","0:23"
"01/25/2017","8 p.m.","2nd Half","00:43","67-70","Arcadia","Team","","Team Timeout","","Kelley, Ryan; Rivera, Jason; Sanders, Jordan; Scott, Josh; Slone, Evan","1:24"
"01/25/2017","8 p.m.","2nd Half","00:43","67-71","Albright","Rowles, Fred","made","Free Throw","","Clark, Jayson; Lindsay, Brandon; Ringgold, Omari; Rowles, Fred; Smith, Dejuan","0:23"
"01/25/2017","8 p.m.","2nd Half","00:43","67-71","Arcadia","Sellers, Tyson","","Enters Game","","Kelley, Ryan; Rivera, Jason; Sanders, Jordan; Scott, Josh; Sellers, Tyson; Slone, Evan","0:00"
"01/25/2017","8 p.m.","2nd Half","00:43","67-71","Arcadia","Pierfy, Phil","","Enters Game","","Kelley, Ryan; Pierfy, Phil; Rivera, Jason; Sanders, Jordan; Scott, Josh; Sellers, Tyson; Slone, Evan","0:00"
"01/25/2017","8 p.m.","2nd Half","00:43","67-71","Arcadia","Scott, Josh","","Leaves Game","","Kelley, Ryan; Pierfy, Phil; Rivera, Jason; Sanders, Jordan; Sellers, Tyson; Slone, Evan","0:00"
"01/25/2017","8 p.m.","2nd Half","00:43","67-71","Arcadia","Rivera, Jason","","Leaves Game","","Kelley, Ryan; Pierfy, Phil; Sanders, Jordan; Sellers, Tyson; Slone, Evan","0:00"
"01/25/2017","8 p.m.","2nd Half","00:43","67-71","Albright","Rappoport, Jared","","Enters Game","","Clark, Jayson; Lindsay, Brandon; Rappoport, Jared; Ringgold, Omari; Rowles, Fred; Smith, Dejuan","0:00"
"01/25/2017","8 p.m.","2nd Half","00:43","67-71","Albright","Lindsay, Brandon","","Leaves Game","","Clark, Jayson; Rappoport, Jared; Ringgold, Omari; Rowles, Fred; Smith, Dejuan","3:22"
"01/25/2017","8 p.m.","2nd Half","00:38","67-71","Arcadia","Pierfy, Phil","missed","Three Point Jumper","25","Kelley, Ryan; Pierfy, Phil; Sanders, Jordan; Sellers, Tyson; Slone, Evan","0:05"
"01/25/2017","8 p.m.","2nd Half","00:38","67-71","Albright","Rappoport, Jared","","Defensive Rebound","","Clark, Jayson; Rappoport, Jared; Ringgold, Omari; Rowles, Fred; Smith, Dejuan","3:27"
"01/25/2017","8 p.m.","2nd Half","00:33","67-71","Arcadia","Slone, Evan","","Commits Foul","25","Kelley, Ryan; Pierfy, Phil; Sanders, Jordan; Sellers, Tyson; Slone, Evan","0:10"
"01/25/2017","8 p.m.","2nd Half","00:33","67-72","Albright","Rappoport, Jared","made","Free Throw","","Clark, Jayson; Rappoport, Jared; Ringgold, Omari; Rowles, Fred; Smith, Dejuan","3:32"
"01/25/2017","8 p.m.","2nd Half","00:33","67-73","Albright","Rappoport, Jared","made","Free Throw","","Clark, Jayson; Rappoport, Jared; Ringgold, Omari; Rowles, Fred; Smith, Dejuan","3:32"
"01/25/2017","8 p.m.","2nd Half","00:26","67-73","Arcadia","Team","","Team Timeout","","Kelley, Ryan; Pierfy, Phil; Sanders, Jordan; Sellers, Tyson; Slone, Evan","0:17"
"01/25/2017","8 p.m.","2nd Half","00:18","67-73","Arcadia","Kelley, Ryan","missed","Three Point Jumper","15","Kelley, Ryan; Pierfy, Phil; Sanders, Jordan; Sellers, Tyson; Slone, Evan","0:25"
"01/25/2017","8 p.m.","2nd Half","00:18","67-73","Albright","Rowles, Fred","","Defensive Rebound","","Clark, Jayson; Rappoport, Jared; Ringgold, Omari; Rowles, Fred; Smith, Dejuan","3:47"
"01/25/2017","8 p.m.","2nd Half","00:09","67-73","Arcadia","Pierfy, Phil","","Commits Foul","21","Kelley, Ryan; Pierfy, Phil; Sanders, Jordan; Sellers, Tyson; Slone, Evan","0:34"
"01/25/2017","8 p.m.","2nd Half","00:09","67-73","Albright","Smith, Dejuan","missed","Free Throw","","Clark, Jayson; Rappoport, Jared; Ringgold, Omari; Rowles, Fred; Smith, Dejuan","3:56"
"01/25/2017","8 p.m.","2nd Half","00:09","67-73","Albright","Team","","Deadball Rebound","","Clark, Jayson; Rappoport, Jared; Ringgold, Omari; Rowles, Fred; Smith, Dejuan","3:56"
"01/25/2017","8 p.m.","2nd Half","00:09","67-74","Albright","Smith, Dejuan","made","Free Throw","","Clark, Jayson; Rappoport, Jared; Ringgold, Omari; Rowles, Fred; Smith, Dejuan","3:56"
"01/25/2017","8 p.m.","2nd Half","00:09","67-74","Arcadia","Anderson-Marrow, Emmanuel","","Enters Game","","Anderson-Marrow, Emmanuel; Kelley, Ryan; Pierfy, Phil; Sanders, Jordan; Sellers, Tyson; Slone, Evan","0:00"
"01/25/2017","8 p.m.","2nd Half","00:09","67-74","Arcadia","Slone, Evan","","Leaves Game","","Anderson-Marrow, Emmanuel; Kelley, Ryan; Pierfy, Phil; Sanders, Jordan; Sellers, Tyson","0:00"
"01/25/2017","8 p.m.","2nd Half","00:04","69-74","Arcadia","Sanders, Jordan","made","Layup","25","Anderson-Marrow, Emmanuel; Kelley, Ryan; Pierfy, Phil; Sanders, Jordan; Sellers, Tyson","0:05"
"01/25/2017","8 p.m.","2nd Half","00:03","69-74","Arcadia","Kelley, Ryan","","Commits Foul","29","Anderson-Marrow, Emmanuel; Kelley, Ryan; Pierfy, Phil; Sanders, Jordan; Sellers, Tyson","0:06"
"01/25/2017","8 p.m.","2nd Half","00:03","69-75","Albright","Rowles, Fred","made","Free Throw","","Clark, Jayson; Rappoport, Jared; Ringgold, Omari; Rowles, Fred; Smith, Dejuan","4:02"
"01/25/2017","8 p.m.","2nd Half","00:03","69-76","Albright","Rowles, Fred","made","Free Throw","","Clark, Jayson; Rappoport, Jared; Ringgold, Omari; Rowles, Fred; Smith, Dejuan","4:02"
"01/25/2017","8 p.m.","2nd Half","00:01","69-76","Arcadia","Anderson-Marrow, Emmanuel","missed","Three Point Jumper","28","Anderson-Marrow, Emmanuel; Kelley, Ryan; Pierfy, Phil; Sanders, Jordan; Sellers, Tyson","0:08"
"01/25/2017","8 p.m.","2nd Half","00:01","69-76","Albright","Rappoport, Jared","","Defensive Rebound","","Clark, Jayson; Rappoport, Jared; Ringgold, Omari; Rowles, Fred; Smith, Dejuan","4:04"
