"Time","Akron","Score","Ohio"
"19:52","ROBOTHAM,NOAH missed Three Point Jumper","27-32",""
"19:52","","27-32","KAMINSKI,KENNY Defensive Rebound"
"19:34","","27-32","KAMINSKI,KENNY missed Three Point Jumper"
"19:34","CHEATHAM,JR, KWAN Defensive Rebound","27-32",""
"19:22","JACKSON,ANTINO made Three Point Jumper","30-32",""
"18:59","","30-32","KAMINSKI,KENNY missed Three Point Jumper"
"18:59","ROBOTHAM,NOAH Defensive Rebound","30-32",""
"18:52","JACKSON,ANTINO made Three Point Jumper","33-32",""
"18:52","ROBOTHAM,NOAH Assist","33-32",""
"18:36","","33-34","SIMMONS,JAARON made Layup"
"18:25","JACKSON,ANTINO missed Three Point Jumper","33-34",""
"18:25","JOHNSON,ISAIAH Offensive Rebound","33-34",""
"18:23","","33-34","CARTER,JASON Commits Foul"
"18:23","JOHNSON,ISAIAH missed Free Throw","33-34",""
"18:23","TEAM Deadball Rebound","33-34",""
"18:23","JOHNSON,ISAIAH made Free Throw","34-34",""
"18:15","ROBOTHAM,NOAH Commits Foul","34-34",""
"18:04","","34-37","DARTIS,JORDAN made Three Point Jumper"
"18:04","","34-37","SIMMONS,JAARON Assist"
"17:51","IVEY,JIMOND made Layup","36-37",""
"17:38","","36-39","CARTER,JASON made Layup"
"17:38","","36-39","BLOCK,GAVIN Assist"
"17:17","","36-39","CARTER,JASON Commits Foul"
"17:17","","36-39","TAYLOR,DOUG Enters Game"
"17:17","","36-39","CARTER,JASON Leaves Game"
"17:06","ROBOTHAM,NOAH made Two Point Jumper","38-39",""
"16:40","ROBOTHAM,NOAH Commits Foul","38-39",""
"16:40","JACKSON,ANTINO Commits Foul","38-39",""
"16:37","","38-39","KAMINSKI,KENNY Turnover"
"16:37","IVEY,JIMOND Steal","38-39",""
"16:37","","38-39","KAMINSKI,KENNY Commits Foul"
"16:27","JOHNSON,ISAIAH made Layup","40-39",""
"16:27","CHEATHAM,JR, KWAN Assist","40-39",""
"16:13","","40-39","SIMMONS,JAARON Turnover"
"15:58","JOHNSON,ISAIAH Turnover","40-39",""
"15:58","JOHNSON,ISAIAH Commits Foul","40-39",""
"15:58","","40-39","TEAM Media Timeout"
"15:58","OLOJAKPOKE,EMMANUEL Enters Game","40-39",""
"15:58","JOHNSON,ISAIAH Leaves Game","40-39",""
"15:46","CHEATHAM,JR, KWAN Commits Foul","40-39",""
"15:28","","40-39","BLOCK,GAVIN Turnover"
"15:12","IVEY,JIMOND made Dunk","42-39",""
"15:12","JACKSON,ANTINO Assist","42-39",""
"14:53","","42-39","KAMINSKI,KENNY missed Three Point Jumper"
"14:53","CHEATHAM,JR, KWAN Defensive Rebound","42-39",""
"14:41","JACKSON,ANTINO missed Three Point Jumper","42-39",""
"14:41","OLOJAKPOKE,EMMANUEL Offensive Rebound","42-39",""
"14:30","","42-39","KAMINSKI,KENNY Commits Foul"
"14:30","","42-39","LASTER,MIKE Enters Game"
"14:30","","42-39","KAMINSKI,KENNY Leaves Game"
"14:19","JACKSON,ANTINO Turnover","42-39",""
"14:17","","42-39","TAYLOR,DOUG Steal"
"14:01","","42-42","BLOCK,GAVIN made Three Point Jumper"
"14:01","","42-42","LASTER,MIKE Assist"
"13:47","IVEY,JIMOND made Three Point Jumper","45-42",""
"13:47","ROBOTHAM,NOAH Assist","45-42",""
"13:30","","45-42","BLOCK,GAVIN Turnover"
"13:30","","45-42","BLOCK,GAVIN Commits Foul"
"13:30","WILLIAMS,JOSH Enters Game","45-42",""
"13:30","HUGHES,MICHAEL Enters Game","45-42",""
"13:30","OLOJAKPOKE,EMMANUEL Leaves Game","45-42",""
"13:30","ROBOTHAM,NOAH Leaves Game","45-42",""
"13:15","WILLIAMS,JOSH made Three Point Jumper","48-42",""
"13:15","JACKSON,ANTINO Assist","48-42",""
"13:10","","48-42","TEAM 30 Second Timeout"
"13:10","","48-42","CARTER,JASON Enters Game"
"13:10","","48-42","TAYLOR,DOUG Leaves Game"
"12:57","","48-44","CARTER,JASON made Dunk"
"12:42","","48-44","BLOCK,GAVIN Commits Foul"
"12:42","JACKSON,ANTINO made Free Throw","49-44",""
"12:42","JACKSON,ANTINO missed Free Throw","49-44",""
"12:42","","49-44","LASTER,MIKE Defensive Rebound"
"12:32","","49-44","SIMMONS,JAARON Turnover"
"12:30","HUGHES,MICHAEL Steal","49-44",""
"12:28","WILLIAMS,JOSH missed Three Point Jumper","49-44",""
"12:28","","49-44","CARTER,JASON Defensive Rebound"
"12:27","HUGHES,MICHAEL Commits Foul","49-44",""
"12:27","","49-45","CARTER,JASON made Free Throw"
"12:27","","49-46","CARTER,JASON made Free Throw"
"12:27","OLOJAKPOKE,EMMANUEL Enters Game","49-46",""
"12:27","HUGHES,MICHAEL Leaves Game","49-46",""
"12:27","","49-46","KAMINSKI,KENNY Enters Game"
"12:27","","49-46","BLOCK,GAVIN Leaves Game"
"12:13","IVEY,JIMOND missed Three Point Jumper","49-46",""
"12:13","","49-46","DARTIS,JORDAN Defensive Rebound"
"12:04","","49-46","LASTER,MIKE Turnover"
"12:02","CHEATHAM,JR, KWAN Steal","49-46",""
"11:51","JACKSON,ANTINO missed Two Point Jumper","49-46",""
"11:51","","49-46","SIMMONS,JAARON Defensive Rebound"
"11:42","OLOJAKPOKE,EMMANUEL Commits Foul","49-46",""
"11:42","","49-47","DARTIS,JORDAN made Free Throw"
"11:42","","49-48","DARTIS,JORDAN made Free Throw"
"11:42","ROBOTHAM,NOAH Enters Game","49-48",""
"11:42","JACKSON,ANTINO Leaves Game","49-48",""
"11:42","","49-48","TAYLOR,DOUG Enters Game"
"11:42","","49-48","CARTER,JASON Leaves Game"
"11:40","CHEATHAM,JR, KWAN missed Three Point Jumper","49-48",""
"11:40","","49-48","SIMMONS,JAARON Defensive Rebound"
"11:25","","49-48","KAMINSKI,KENNY missed Layup"
"11:25","CHEATHAM,JR, KWAN Blocked Shot","49-48",""
"11:25","","49-48","TAYLOR,DOUG Offensive Rebound"
"11:25","OLOJAKPOKE,EMMANUEL Commits Foul","49-48",""
"11:25","","49-49","KAMINSKI,KENNY made Free Throw"
"11:25","","49-50","KAMINSKI,KENNY made Free Throw"
"11:07","OLOJAKPOKE,EMMANUEL made Dunk","51-50",""
"11:07","ROBOTHAM,NOAH Assist","51-50",""
"10:44","","51-52","TAYLOR,DOUG made Layup"
"10:44","","51-52","SIMMONS,JAARON Assist"
"10:25","OLOJAKPOKE,EMMANUEL missed Layup","51-52",""
"10:25","CHEATHAM,JR, KWAN Offensive Rebound","51-52",""
"10:24","CHEATHAM,JR, KWAN made Layup","53-52",""
"10:24","","53-52","TAYLOR,DOUG Commits Foul"
"10:24","CHEATHAM,JR, KWAN made Free Throw","54-52",""
"10:24","UTOMI,DANIEL Enters Game","54-52",""
"10:24","OLOJAKPOKE,EMMANUEL Leaves Game","54-52",""
"10:03","","54-52","LASTER,MIKE missed Three Point Jumper"
"10:03","UTOMI,DANIEL Defensive Rebound","54-52",""
"09:49","CHEATHAM,JR, KWAN missed Layup","54-52",""
"09:49","","54-52","TAYLOR,DOUG Defensive Rebound"
"09:44","HUGHES,MICHAEL Enters Game","54-52",""
"09:44","CHEATHAM,JR, KWAN Leaves Game","54-52",""
"09:44","","54-52","BLOCK,GAVIN Enters Game"
"09:44","","54-52","CARTER,JASON Enters Game"
"09:44","","54-52","TAYLOR,DOUG Leaves Game"
"09:44","","54-52","KAMINSKI,KENNY Leaves Game"
"09:21","HUGHES,MICHAEL Commits Foul","54-52",""
"09:21","","54-53","CARTER,JASON made Free Throw"
"09:21","","54-53","CARTER,JASON missed Free Throw"
"09:21","IVEY,JIMOND Defensive Rebound","54-53",""
"09:21","JACKSON,ANTINO Enters Game","54-53",""
"09:21","WILLIAMS,JOSH Leaves Game","54-53",""
"09:09","UTOMI,DANIEL missed Three Point Jumper","54-53",""
"09:09","HUGHES,MICHAEL Offensive Rebound","54-53",""
"09:07","","54-53","CARTER,JASON Commits Foul"
"09:07","HUGHES,MICHAEL made Free Throw","55-53",""
"09:07","HUGHES,MICHAEL made Free Throw","56-53",""
"09:07","WILLIAMS,JOSH Enters Game","56-53",""
"09:07","IVEY,JIMOND Leaves Game","56-53",""
"09:07","","56-53","TAYLOR,DOUG Enters Game"
"09:07","","56-53","CARTER,JASON Leaves Game"
"08:53","","56-56","SIMMONS,JAARON made Three Point Jumper"
"08:35","","56-56","BLOCK,GAVIN Commits Foul"
"08:35","JACKSON,ANTINO made Free Throw","57-56",""
"08:35","JACKSON,ANTINO made Free Throw","58-56",""
"08:35","CHEATHAM,JR, KWAN Enters Game","58-56",""
"08:35","OLOJAKPOKE,EMMANUEL Enters Game","58-56",""
"08:35","HUGHES,MICHAEL Leaves Game","58-56",""
"08:35","UTOMI,DANIEL Leaves Game","58-56",""
"08:35","","58-56","KAMINSKI,KENNY Enters Game"
"08:35","","58-56","BLOCK,GAVIN Leaves Game"
"08:19","","58-56","KAMINSKI,KENNY missed Three Point Jumper"
"08:19","JACKSON,ANTINO Defensive Rebound","58-56",""
"08:08","WILLIAMS,JOSH made Three Point Jumper","61-56",""
"08:08","JACKSON,ANTINO Assist","61-56",""
"07:53","","61-58","SIMMONS,JAARON made Layup"
"07:28","ROBOTHAM,NOAH missed Three Point Jumper","61-58",""
"07:28","","61-58","TEAM Defensive Rebound"
"07:27","","61-58","TEAM Media Timeout"
"07:12","","61-58","KAMINSKI,KENNY Turnover"
"07:12","IVEY,JIMOND Enters Game","61-58",""
"07:12","ROBOTHAM,NOAH Leaves Game","61-58",""
"07:00","OLOJAKPOKE,EMMANUEL made Layup","63-58",""
"06:45","","63-58","LASTER,MIKE Turnover"
"06:30","WILLIAMS,JOSH missed Three Point Jumper","63-58",""
"06:30","","63-58","LASTER,MIKE Defensive Rebound"
"06:14","","63-61","SIMMONS,JAARON made Three Point Jumper"
"05:54","JACKSON,ANTINO missed Three Point Jumper","63-61",""
"05:54","","63-61","TEAM Defensive Rebound"
"05:54","ROBOTHAM,NOAH Enters Game","63-61",""
"05:54","WILLIAMS,JOSH Leaves Game","63-61",""
"05:54","","63-61","BLOCK,GAVIN Enters Game"
"05:54","","63-61","LASTER,MIKE Leaves Game"
"05:30","OLOJAKPOKE,EMMANUEL Commits Foul","63-61",""
"05:30","","63-62","TAYLOR,DOUG made Free Throw"
"05:30","","63-63","TAYLOR,DOUG made Free Throw"
"05:30","JOHNSON,ISAIAH Enters Game","63-63",""
"05:30","WILLIAMS,JOSH Enters Game","63-63",""
"05:30","JACKSON,ANTINO Leaves Game","63-63",""
"05:30","OLOJAKPOKE,EMMANUEL Leaves Game","63-63",""
"05:11","WILLIAMS,JOSH missed Three Point Jumper","63-63",""
"05:11","","63-63","SIMMONS,JAARON Defensive Rebound"
"05:04","","63-63","SIMMONS,JAARON missed Layup"
"05:04","CHEATHAM,JR, KWAN Defensive Rebound","63-63",""
"04:54","CHEATHAM,JR, KWAN missed Three Point Jumper","63-63",""
"04:54","","63-63","KAMINSKI,KENNY Defensive Rebound"
"04:31","","63-66","DARTIS,JORDAN made Three Point Jumper"
"04:06","JOHNSON,ISAIAH missed Layup","63-66",""
"04:06","","63-66","KAMINSKI,KENNY Defensive Rebound"
"03:57","","63-66","DARTIS,JORDAN missed Two Point Jumper"
"03:57","IVEY,JIMOND Defensive Rebound","63-66",""
"03:34","CHEATHAM,JR, KWAN made Layup","65-66",""
"03:04","","65-68","SIMMONS,JAARON made Layup"
"02:50","","65-68","BLOCK,GAVIN Commits Foul"
"02:50","TEAM Media Timeout","65-68",""
"02:49","CHEATHAM,JR, KWAN missed Free Throw","65-68",""
"02:49","TEAM Deadball Rebound","65-68",""
"02:49","CHEATHAM,JR, KWAN made Free Throw","66-68",""
"02:49","JACKSON,ANTINO Enters Game","66-68",""
"02:49","WILLIAMS,JOSH Leaves Game","66-68",""
"02:49","","66-68","CARTER,JASON Enters Game"
"02:49","","66-68","TAYLOR,DOUG Leaves Game"
"02:35","","66-71","KAMINSKI,KENNY made Three Point Jumper"
"02:35","","66-71","BLOCK,GAVIN Assist"
"02:19","JOHNSON,ISAIAH missed Layup","66-71",""
"02:19","","66-71","CARTER,JASON Defensive Rebound"
"01:56","","66-73","SIMMONS,JAARON made Layup"
"01:36","JOHNSON,ISAIAH made Layup","68-73",""
"01:36","","68-73","CARTER,JASON Commits Foul"
"01:36","JOHNSON,ISAIAH made Free Throw","69-73",""
"01:36","OLOJAKPOKE,EMMANUEL Enters Game","69-73",""
"01:36","JOHNSON,ISAIAH Leaves Game","69-73",""
"01:36","","69-73","TAYLOR,DOUG Enters Game"
"01:36","","69-73","CARTER,JASON Leaves Game"
"01:26","OLOJAKPOKE,EMMANUEL Commits Foul","69-73",""
"01:26","","69-74","SIMMONS,JAARON made Free Throw"
"01:26","","69-75","SIMMONS,JAARON made Free Throw"
"01:26","JOHNSON,ISAIAH Enters Game","69-75",""
"01:26","OLOJAKPOKE,EMMANUEL Leaves Game","69-75",""
"01:12","CHEATHAM,JR, KWAN missed Three Point Jumper","69-75",""
"01:12","","69-75","BLOCK,GAVIN Defensive Rebound"
"01:10","IVEY,JIMOND Commits Foul","69-75",""
"01:10","","69-75","BLOCK,GAVIN missed Free Throw"
"01:10","","69-75","TEAM Deadball Rebound"
"01:10","","69-76","BLOCK,GAVIN made Free Throw"
"01:10","WILLIAMS,JOSH Enters Game","69-76",""
"01:10","IVEY,JIMOND Leaves Game","69-76",""
"01:04","JACKSON,ANTINO missed Three Point Jumper","69-76",""
"01:04","","69-76","TEAM Defensive Rebound"
"01:04","IVEY,JIMOND Enters Game","69-76",""
"01:04","WILLIAMS,JOSH Leaves Game","69-76",""
"01:03","ROBOTHAM,NOAH Commits Foul","69-76",""
"01:03","","69-77","SIMMONS,JAARON made Free Throw"
"01:03","","69-78","SIMMONS,JAARON made Free Throw"
"01:03","WILLIAMS,JOSH Enters Game","69-78",""
"01:03","IVEY,JIMOND Leaves Game","69-78",""
"00:54","CHEATHAM,JR, KWAN missed Three Point Jumper","69-78",""
"00:54","WILLIAMS,JOSH Offensive Rebound","69-78",""
"00:51","CHEATHAM,JR, KWAN missed Three Point Jumper","69-78",""
"00:51","JACKSON,ANTINO Offensive Rebound","69-78",""
"00:43","","69-78","KAMINSKI,KENNY Commits Foul"
"00:43","JOHNSON,ISAIAH made Free Throw","70-78",""
"00:43","JOHNSON,ISAIAH missed Free Throw","70-78",""
"00:43","","70-78","TAYLOR,DOUG Defensive Rebound"
"00:43","IVEY,JIMOND Enters Game","70-78",""
"00:43","WILLIAMS,JOSH Leaves Game","70-78",""
"00:26","JACKSON,ANTINO Commits Foul","70-78",""
"00:26","","70-79","SIMMONS,JAARON made Free Throw"
"00:26","","70-80","SIMMONS,JAARON made Free Throw"
"00:20","CHEATHAM,JR, KWAN Turnover","70-80",""
"00:20","CHEATHAM,JR, KWAN Commits Foul","70-80",""
"00:20","TEAM 30 Second Timeout","70-80",""
"00:12","IVEY,JIMOND Commits Foul","70-80",""
"00:12","IVEY,JIMOND Commits Foul","70-80",""
"00:12","IVEY,JIMOND Commits Foul","70-80",""
"00:12","","70-81","SIMMONS,JAARON made Free Throw"
"00:12","","70-82","SIMMONS,JAARON made Free Throw"
"00:12","","70-83","SIMMONS,JAARON made Free Throw"
"00:12","JOHNSON,ISAIAH Commits Foul","70-83",""
"00:12","JOHNSON,ISAIAH Commits Foul","70-83",""
"00:12","","70-84","SIMMONS,JAARON made Free Throw"
"00:12","","70-84","SIMMONS,JAARON missed Free Throw"
"00:12","","70-84","TEAM Deadball Rebound"
"00:12","","70-85","SIMMONS,JAARON made Free Throw"
"00:12","TEAM 30 Second Timeout","70-85",""
"00:12","HUGHES,MICHAEL Enters Game","70-85",""
"00:12","WILLIAMS,JOSH Enters Game","70-85",""
"00:12","JOHNSON,ISAIAH Leaves Game","70-85",""
"00:12","IVEY,JIMOND Leaves Game","70-85",""
"00:12","","70-85","MCDONALD,JAYLIN Enters Game"
"00:12","","70-85","FRAYER,SAM Enters Game"
"00:12","","70-85","CRABTREE,DREW Enters Game"
"00:12","","70-85","BISUTTI,ANTONIO Enters Game"
"00:12","","70-85","DOZIER,ELLIS Enters Game"
"00:12","","70-85","KAMINSKI,KENNY Leaves Game"
"00:12","","70-85","BLOCK,GAVIN Leaves Game"
"00:12","","70-85","TAYLOR,DOUG Leaves Game"
"00:12","","70-85","SIMMONS,JAARON Leaves Game"
"00:12","","70-85","DARTIS,JORDAN Leaves Game"
"End of 2nd Half"
