"Date","Time","Period","Time Left","Score","Team","Player","Status","Action","Shot Clock","Lineup","Lineup Time"
"02/14/2017","7 p.m.","1st Half","19:32","0-0","Akron","Ivey, Jimond","missed","Three Point Jumper","2","Ivey, Jimond","0:28"
"02/14/2017","7 p.m.","1st Half","19:32","0-0","Toledo","Williams, Jonathan","","Defensive Rebound","","Williams, Jonathan","0:28"
"02/14/2017","7 p.m.","1st Half","19:28","0-0","Toledo","Williams, Jonathan","","Turnover","","Williams, Jonathan","0:32"
"02/14/2017","7 p.m.","1st Half","19:27","0-0","Akron","Ivey, Jimond","","Steal","","Ivey, Jimond","0:33"
"02/14/2017","7 p.m.","1st Half","19:23","0-3","Akron","Cheatham, Jr., Kwan","made","Three Point Jumper","25","Cheatham, Jr., Kwan; Ivey, Jimond","0:00"
"02/14/2017","7 p.m.","1st Half","19:23","0-3","Akron","Ivey, Jimond","","Assist","","Cheatham, Jr., Kwan; Ivey, Jimond","0:00"
"02/14/2017","7 p.m.","1st Half","18:57","3-3","Toledo","Sanford, Jaelan","made","Three Point Jumper","4","Sanford, Jaelan; Williams, Jonathan","0:00"
"02/14/2017","7 p.m.","1st Half","18:57","3-3","Toledo","Williams, Jonathan","","Assist","","Sanford, Jaelan; Williams, Jonathan","0:00"
"02/14/2017","7 p.m.","1st Half","18:43","3-3","Akron","Jackson, Antino","missed","Three Point Jumper","16","Cheatham, Jr., Kwan; Ivey, Jimond; Jackson, Antino","0:00"
"02/14/2017","7 p.m.","1st Half","18:43","3-3","Toledo","Taylor Jr., Steve","","Defensive Rebound","","Sanford, Jaelan; Taylor Jr., Steve; Williams, Jonathan","0:00"
"02/14/2017","7 p.m.","1st Half","18:33","3-3","Toledo","Williams, Jonathan","","Turnover","","Sanford, Jaelan; Taylor Jr., Steve; Williams, Jonathan","0:10"
"02/14/2017","7 p.m.","1st Half","18:10","3-3","Akron","Jackson, Antino","missed","Layup","7","Cheatham, Jr., Kwan; Ivey, Jimond; Jackson, Antino","0:33"
"02/14/2017","7 p.m.","1st Half","18:10","3-3","Toledo","Taylor Jr., Steve","","Defensive Rebound","","Sanford, Jaelan; Taylor Jr., Steve; Williams, Jonathan","0:33"
"02/14/2017","7 p.m.","1st Half","17:51","3-3","Toledo","Williams, Jonathan","missed","Three Point Jumper","11","Sanford, Jaelan; Taylor Jr., Steve; Williams, Jonathan","0:52"
"02/14/2017","7 p.m.","1st Half","17:51","3-3","Akron","Cheatham, Jr., Kwan","","Defensive Rebound","","Cheatham, Jr., Kwan; Ivey, Jimond; Jackson, Antino","0:52"
"02/14/2017","7 p.m.","1st Half","17:40","3-6","Akron","Cheatham, Jr., Kwan","made","Three Point Jumper","19","Cheatham, Jr., Kwan; Ivey, Jimond; Jackson, Antino","1:03"
"02/14/2017","7 p.m.","1st Half","17:40","3-6","Akron","Robotham, Noah","","Assist","","Cheatham, Jr., Kwan; Ivey, Jimond; Jackson, Antino; Robotham, Noah","0:00"
"02/14/2017","7 p.m.","1st Half","17:19","5-6","Toledo","Taylor Jr., Steve","made","Layup","9","Sanford, Jaelan; Taylor Jr., Steve; Williams, Jonathan","1:24"
"02/14/2017","7 p.m.","1st Half","16:58","5-6","Akron","Jackson, Antino","missed","Three Point Jumper","9","Cheatham, Jr., Kwan; Ivey, Jimond; Jackson, Antino; Robotham, Noah","0:42"
"02/14/2017","7 p.m.","1st Half","16:58","5-6","Toledo","Sanford, Jaelan","","Defensive Rebound","","Sanford, Jaelan; Taylor Jr., Steve; Williams, Jonathan","1:45"
"02/14/2017","7 p.m.","1st Half","16:51","5-6","Toledo","Williams, Jonathan","missed","Layup","23","Sanford, Jaelan; Taylor Jr., Steve; Williams, Jonathan","1:52"
"02/14/2017","7 p.m.","1st Half","16:51","5-6","Akron","Ivey, Jimond","","Defensive Rebound","","Cheatham, Jr., Kwan; Ivey, Jimond; Jackson, Antino; Robotham, Noah","0:49"
"02/14/2017","7 p.m.","1st Half","16:44","5-6","Akron","Ivey, Jimond","","Turnover","","Cheatham, Jr., Kwan; Ivey, Jimond; Jackson, Antino; Robotham, Noah","0:56"
"02/14/2017","7 p.m.","1st Half","16:34","7-6","Toledo","Taylor Jr., Steve","made","Layup","20","Sanford, Jaelan; Taylor Jr., Steve; Williams, Jonathan","2:09"
"02/14/2017","7 p.m.","1st Half","16:07","7-6","Akron","Johnson, Isaiah","","Turnover","","Cheatham, Jr., Kwan; Ivey, Jimond; Jackson, Antino; Johnson, Isaiah; Robotham, Noah","0:00"
"02/14/2017","7 p.m.","1st Half","15:53","7-6","Toledo","Taylor Jr., Steve","missed","Layup","16","Sanford, Jaelan; Taylor Jr., Steve; Williams, Jonathan","2:50"
"02/14/2017","7 p.m.","1st Half","15:53","7-6","Akron","Johnson, Isaiah","","Defensive Rebound","","Cheatham, Jr., Kwan; Ivey, Jimond; Jackson, Antino; Johnson, Isaiah; Robotham, Noah","0:14"
"02/14/2017","7 p.m.","1st Half","15:41","7-6","Akron","Cheatham, Jr., Kwan","missed","Three Point Jumper","18","Cheatham, Jr., Kwan; Ivey, Jimond; Jackson, Antino; Johnson, Isaiah; Robotham, Noah","0:26"
"02/14/2017","7 p.m.","1st Half","15:41","7-6","Akron","Robotham, Noah","","Offensive Rebound","","Cheatham, Jr., Kwan; Ivey, Jimond; Jackson, Antino; Johnson, Isaiah; Robotham, Noah","0:26"
"02/14/2017","7 p.m.","1st Half","15:37","7-6","Akron","Robotham, Noah","missed","Three Point Jumper","26","Cheatham, Jr., Kwan; Ivey, Jimond; Jackson, Antino; Johnson, Isaiah; Robotham, Noah","0:30"
"02/14/2017","7 p.m.","1st Half","15:37","7-6","Toledo","Lauf, Jordan","","Defensive Rebound","","Lauf, Jordan; Sanford, Jaelan; Taylor Jr., Steve; Williams, Jonathan","0:00"
"02/14/2017","7 p.m.","1st Half","15:06","7-6","Toledo","Williams, Jonathan","missed","Three Point Jumper","0","Lauf, Jordan; Sanford, Jaelan; Taylor Jr., Steve; Williams, Jonathan","0:31"
"02/14/2017","7 p.m.","1st Half","15:06","7-6","Toledo","Knapke, Luke","","Offensive Rebound","","Knapke, Luke; Lauf, Jordan; Sanford, Jaelan; Taylor Jr., Steve; Williams, Jonathan","0:00"
"02/14/2017","7 p.m.","1st Half","15:03","7-6","Toledo","Knapke, Luke","","Turnover","","Knapke, Luke; Lauf, Jordan; Sanford, Jaelan; Taylor Jr., Steve; Williams, Jonathan","0:03"
"02/14/2017","7 p.m.","1st Half","15:02","7-6","Akron","Johnson, Isaiah","","Steal","","Cheatham, Jr., Kwan; Ivey, Jimond; Jackson, Antino; Johnson, Isaiah; Robotham, Noah","1:05"
"02/14/2017","7 p.m.","1st Half","14:45","7-6","Akron","Robotham, Noah","missed","Three Point Jumper","12","Cheatham, Jr., Kwan; Ivey, Jimond; Jackson, Antino; Johnson, Isaiah; Robotham, Noah","1:22"
"02/14/2017","7 p.m.","1st Half","14:45","7-6","Toledo","Lauf, Jordan","","Defensive Rebound","","Knapke, Luke; Lauf, Jordan; Sanford, Jaelan; Taylor Jr., Steve; Williams, Jonathan","0:21"
"02/14/2017","7 p.m.","1st Half","14:35","7-6","Akron","Johnson, Isaiah","","Commits Foul","20","Cheatham, Jr., Kwan; Ivey, Jimond; Jackson, Antino; Johnson, Isaiah; Robotham, Noah","1:32"
"02/14/2017","7 p.m.","1st Half","14:35","7-6","Akron","Team","","Timeout","","Cheatham, Jr., Kwan; Ivey, Jimond; Jackson, Antino; Johnson, Isaiah; Robotham, Noah","1:32"
"02/14/2017","7 p.m.","1st Half","14:35","8-6","Toledo","Knapke, Luke","made","Free Throw","","Knapke, Luke; Lauf, Jordan; Sanford, Jaelan; Taylor Jr., Steve; Williams, Jonathan","0:31"
"02/14/2017","7 p.m.","1st Half","14:35","9-6","Toledo","Knapke, Luke","made","Free Throw","","Knapke, Luke; Lauf, Jordan; Sanford, Jaelan; Taylor Jr., Steve; Williams, Jonathan","0:31"
"02/14/2017","7 p.m.","1st Half","14:35","9-6","Akron","Olojakpoke, Emmanuel","","Enters Game","","Cheatham, Jr., Kwan; Ivey, Jimond; Jackson, Antino; Johnson, Isaiah; Olojakpoke, Emmanuel; Robotham, Noah","0:00"
"02/14/2017","7 p.m.","1st Half","14:35","9-6","Akron","Williams, Josh","","Enters Game","","Cheatham, Jr., Kwan; Ivey, Jimond; Jackson, Antino; Johnson, Isaiah; Olojakpoke, Emmanuel; Robotham, Noah; Williams, Josh","0:00"
"02/14/2017","7 p.m.","1st Half","14:35","9-6","Akron","Johnson, Isaiah","","Leaves Game","","Cheatham, Jr., Kwan; Ivey, Jimond; Jackson, Antino; Olojakpoke, Emmanuel; Robotham, Noah; Williams, Josh","0:00"
"02/14/2017","7 p.m.","1st Half","14:35","9-6","Akron","Jackson, Antino","","Leaves Game","","Cheatham, Jr., Kwan; Ivey, Jimond; Olojakpoke, Emmanuel; Robotham, Noah; Williams, Josh","0:00"
"02/14/2017","7 p.m.","1st Half","14:08","9-9","Akron","Williams, Josh","made","Three Point Jumper","3","Cheatham, Jr., Kwan; Ivey, Jimond; Olojakpoke, Emmanuel; Robotham, Noah; Williams, Josh","0:27"
"02/14/2017","7 p.m.","1st Half","13:45","9-9","Toledo","Sanford, Jaelan","missed","Three Point Jumper","7","Knapke, Luke; Lauf, Jordan; Sanford, Jaelan; Taylor Jr., Steve; Williams, Jonathan","1:21"
"02/14/2017","7 p.m.","1st Half","13:45","9-9","Akron","Ivey, Jimond","","Defensive Rebound","","Cheatham, Jr., Kwan; Ivey, Jimond; Olojakpoke, Emmanuel; Robotham, Noah; Williams, Josh","0:50"
"02/14/2017","7 p.m.","1st Half","13:31","9-12","Akron","Williams, Josh","made","Three Point Jumper","16","Cheatham, Jr., Kwan; Ivey, Jimond; Olojakpoke, Emmanuel; Robotham, Noah; Williams, Josh","1:04"
"02/14/2017","7 p.m.","1st Half","13:00","9-12","Toledo","Williams, Jonathan","missed","Layup","0","Knapke, Luke; Lauf, Jordan; Sanford, Jaelan; Taylor Jr., Steve; Williams, Jonathan","2:06"
"02/14/2017","7 p.m.","1st Half","13:00","9-12","Akron","Olojakpoke, Emmanuel","","Blocked Shot","","Cheatham, Jr., Kwan; Ivey, Jimond; Olojakpoke, Emmanuel; Robotham, Noah; Williams, Josh","1:35"
"02/14/2017","7 p.m.","1st Half","12:58","9-12","Akron","Robotham, Noah","","Defensive Rebound","","Cheatham, Jr., Kwan; Ivey, Jimond; Olojakpoke, Emmanuel; Robotham, Noah; Williams, Josh","1:37"
"02/14/2017","7 p.m.","1st Half","12:52","9-12","Akron","Williams, Josh","missed","Three Point Jumper","22","Cheatham, Jr., Kwan; Ivey, Jimond; Olojakpoke, Emmanuel; Robotham, Noah; Williams, Josh","1:43"
"02/14/2017","7 p.m.","1st Half","12:52","9-12","Akron","Cheatham, Jr., Kwan","","Offensive Rebound","","Cheatham, Jr., Kwan; Ivey, Jimond; Olojakpoke, Emmanuel; Robotham, Noah; Williams, Josh","1:43"
"02/14/2017","7 p.m.","1st Half","12:50","9-12","Akron","Cheatham, Jr., Kwan","missed","Layup","28","Cheatham, Jr., Kwan; Ivey, Jimond; Olojakpoke, Emmanuel; Robotham, Noah; Williams, Josh","1:45"
"02/14/2017","7 p.m.","1st Half","12:50","9-12","Toledo","Team","","Defensive Rebound","","Knapke, Luke; Lauf, Jordan; Sanford, Jaelan; Taylor Jr., Steve; Williams, Jonathan","2:16"
"02/14/2017","7 p.m.","1st Half","12:49","9-12","Toledo","Navigato, Nate","","Enters Game","","Knapke, Luke; Lauf, Jordan; Navigato, Nate; Sanford, Jaelan; Taylor Jr., Steve; Williams, Jonathan","0:00"
"02/14/2017","7 p.m.","1st Half","12:49","9-12","Toledo","Roberts, Justin","","Enters Game","","Knapke, Luke; Lauf, Jordan; Navigato, Nate; Roberts, Justin; Sanford, Jaelan; Taylor Jr., Steve; Williams, Jonathan","0:00"
"02/14/2017","7 p.m.","1st Half","12:49","9-12","Toledo","Sanford, Jaelan","","Leaves Game","","Knapke, Luke; Lauf, Jordan; Navigato, Nate; Roberts, Justin; Taylor Jr., Steve; Williams, Jonathan","0:00"
"02/14/2017","7 p.m.","1st Half","12:49","9-12","Toledo","Knapke, Luke","","Leaves Game","","Lauf, Jordan; Navigato, Nate; Roberts, Justin; Taylor Jr., Steve; Williams, Jonathan","0:00"
"02/14/2017","7 p.m.","1st Half","12:37","9-12","Toledo","Williams, Jonathan","missed","Layup","17","Lauf, Jordan; Navigato, Nate; Roberts, Justin; Taylor Jr., Steve; Williams, Jonathan","0:12"
"02/14/2017","7 p.m.","1st Half","12:37","9-12","Toledo","Williams, Jonathan","","Offensive Rebound","","Lauf, Jordan; Navigato, Nate; Roberts, Justin; Taylor Jr., Steve; Williams, Jonathan","0:12"
"02/14/2017","7 p.m.","1st Half","12:35","11-12","Toledo","Williams, Jonathan","made","Layup","28","Lauf, Jordan; Navigato, Nate; Roberts, Justin; Taylor Jr., Steve; Williams, Jonathan","0:14"
"02/14/2017","7 p.m.","1st Half","12:35","11-12","Akron","Williams, Josh","","Commits Foul","","Cheatham, Jr., Kwan; Ivey, Jimond; Olojakpoke, Emmanuel; Robotham, Noah; Williams, Josh","2:00"
"02/14/2017","7 p.m.","1st Half","12:35","12-12","Toledo","Williams, Jonathan","made","Free Throw","","Lauf, Jordan; Navigato, Nate; Roberts, Justin; Taylor Jr., Steve; Williams, Jonathan","0:14"
"02/14/2017","7 p.m.","1st Half","12:35","12-12","Akron","Dunn-Martin, Tavian","","Enters Game","","Cheatham, Jr., Kwan; Dunn-Martin, Tavian; Ivey, Jimond; Olojakpoke, Emmanuel; Robotham, Noah; Williams, Josh","0:00"
"02/14/2017","7 p.m.","1st Half","12:35","12-12","Akron","Robotham, Noah","","Leaves Game","","Cheatham, Jr., Kwan; Dunn-Martin, Tavian; Ivey, Jimond; Olojakpoke, Emmanuel; Williams, Josh","0:00"
"02/14/2017","7 p.m.","1st Half","12:16","12-12","Akron","Cheatham, Jr., Kwan","missed","Layup","11","Cheatham, Jr., Kwan; Dunn-Martin, Tavian; Ivey, Jimond; Olojakpoke, Emmanuel; Williams, Josh","0:19"
"02/14/2017","7 p.m.","1st Half","12:16","12-12","Toledo","Navigato, Nate","","Defensive Rebound","","Lauf, Jordan; Navigato, Nate; Roberts, Justin; Taylor Jr., Steve; Williams, Jonathan","0:33"
"02/14/2017","7 p.m.","1st Half","12:09","12-12","Akron","Olojakpoke, Emmanuel","","Commits Foul","23","Cheatham, Jr., Kwan; Dunn-Martin, Tavian; Ivey, Jimond; Olojakpoke, Emmanuel; Williams, Josh","0:26"
"02/14/2017","7 p.m.","1st Half","12:09","12-12","Akron","Utomi, Daniel","","Enters Game","","Cheatham, Jr., Kwan; Dunn-Martin, Tavian; Ivey, Jimond; Olojakpoke, Emmanuel; Utomi, Daniel; Williams, Josh","0:00"
"02/14/2017","7 p.m.","1st Half","12:09","12-12","Akron","Johnson, Isaiah","","Enters Game","","Cheatham, Jr., Kwan; Dunn-Martin, Tavian; Ivey, Jimond; Johnson, Isaiah; Olojakpoke, Emmanuel; Utomi, Daniel; Williams, Josh","0:00"
"02/14/2017","7 p.m.","1st Half","12:09","12-12","Akron","Jackson, Antino","","Enters Game","","Cheatham, Jr., Kwan; Dunn-Martin, Tavian; Ivey, Jimond; Jackson, Antino; Johnson, Isaiah; Olojakpoke, Emmanuel; Utomi, Daniel; Williams, Josh","0:00"
"02/14/2017","7 p.m.","1st Half","12:09","12-12","Akron","Ivey, Jimond","","Leaves Game","","Cheatham, Jr., Kwan; Dunn-Martin, Tavian; Jackson, Antino; Johnson, Isaiah; Olojakpoke, Emmanuel; Utomi, Daniel; Williams, Josh","0:00"
"02/14/2017","7 p.m.","1st Half","12:09","12-12","Akron","Cheatham, Jr., Kwan","","Leaves Game","","Dunn-Martin, Tavian; Jackson, Antino; Johnson, Isaiah; Olojakpoke, Emmanuel; Utomi, Daniel; Williams, Josh","0:00"
"02/14/2017","7 p.m.","1st Half","12:09","12-12","Akron","Olojakpoke, Emmanuel","","Leaves Game","","Dunn-Martin, Tavian; Jackson, Antino; Johnson, Isaiah; Utomi, Daniel; Williams, Josh","0:00"
"02/14/2017","7 p.m.","1st Half","11:54","14-12","Toledo","Taylor Jr., Steve","made","Layup","15","Lauf, Jordan; Navigato, Nate; Roberts, Justin; Taylor Jr., Steve; Williams, Jonathan","0:55"
"02/14/2017","7 p.m.","1st Half","11:34","14-14","Akron","Jackson, Antino","made","Layup","10","Dunn-Martin, Tavian; Jackson, Antino; Johnson, Isaiah; Utomi, Daniel; Williams, Josh","0:35"
"02/14/2017","7 p.m.","1st Half","11:34","14-14","Akron","Johnson, Isaiah","","Assist","","Dunn-Martin, Tavian; Jackson, Antino; Johnson, Isaiah; Utomi, Daniel; Williams, Josh","0:35"
"02/14/2017","7 p.m.","1st Half","11:17","17-14","Toledo","Lauf, Jordan","made","Three Point Jumper","13","Lauf, Jordan; Navigato, Nate; Roberts, Justin; Taylor Jr., Steve; Williams, Jonathan","1:32"
"02/14/2017","7 p.m.","1st Half","11:17","17-14","Toledo","Roberts, Justin","","Assist","","Lauf, Jordan; Navigato, Nate; Roberts, Justin; Taylor Jr., Steve; Williams, Jonathan","1:32"
"02/14/2017","7 p.m.","1st Half","10:55","17-14","Akron","Utomi, Daniel","missed","Three Point Jumper","8","Dunn-Martin, Tavian; Jackson, Antino; Johnson, Isaiah; Utomi, Daniel; Williams, Josh","1:14"
"02/14/2017","7 p.m.","1st Half","10:55","17-14","Toledo","Taylor Jr., Steve","","Defensive Rebound","","Lauf, Jordan; Navigato, Nate; Roberts, Justin; Taylor Jr., Steve; Williams, Jonathan","1:54"
"02/14/2017","7 p.m.","1st Half","10:48","17-14","Toledo","Lauf, Jordan","missed","Three Point Jumper","23","Lauf, Jordan; Navigato, Nate; Roberts, Justin; Taylor Jr., Steve; Williams, Jonathan","2:01"
"02/14/2017","7 p.m.","1st Half","10:48","17-14","Akron","Team","","Defensive Rebound","","Dunn-Martin, Tavian; Jackson, Antino; Johnson, Isaiah; Utomi, Daniel; Williams, Josh","1:21"
"02/14/2017","7 p.m.","1st Half","10:47","17-14","Akron","Team","","Media Timeout","","Dunn-Martin, Tavian; Jackson, Antino; Johnson, Isaiah; Utomi, Daniel; Williams, Josh","1:22"
"02/14/2017","7 p.m.","1st Half","10:47","17-14","Toledo","Knapke, Luke","","Enters Game","","Knapke, Luke; Lauf, Jordan; Navigato, Nate; Roberts, Justin; Taylor Jr., Steve; Williams, Jonathan","0:00"
"02/14/2017","7 p.m.","1st Half","10:47","17-14","Toledo","Sanford, Jaelan","","Enters Game","","Knapke, Luke; Lauf, Jordan; Navigato, Nate; Roberts, Justin; Sanford, Jaelan; Taylor Jr., Steve; Williams, Jonathan","0:00"
"02/14/2017","7 p.m.","1st Half","10:47","17-14","Toledo","Williams, Jonathan","","Leaves Game","","Knapke, Luke; Lauf, Jordan; Navigato, Nate; Roberts, Justin; Sanford, Jaelan; Taylor Jr., Steve","0:00"
"02/14/2017","7 p.m.","1st Half","10:47","17-14","Toledo","Taylor Jr., Steve","","Leaves Game","","Knapke, Luke; Lauf, Jordan; Navigato, Nate; Roberts, Justin; Sanford, Jaelan","0:00"
"02/14/2017","7 p.m.","1st Half","10:30","17-14","Toledo","Navigato, Nate","","Commits Foul","12","Knapke, Luke; Lauf, Jordan; Navigato, Nate; Roberts, Justin; Sanford, Jaelan","0:17"
"02/14/2017","7 p.m.","1st Half","10:30","17-14","Akron","Utomi, Daniel","missed","Free Throw","","Dunn-Martin, Tavian; Jackson, Antino; Johnson, Isaiah; Utomi, Daniel; Williams, Josh","1:39"
"02/14/2017","7 p.m.","1st Half","10:30","17-14","Akron","Team","","Deadball Rebound","","Dunn-Martin, Tavian; Jackson, Antino; Johnson, Isaiah; Utomi, Daniel; Williams, Josh","1:39"
"02/14/2017","7 p.m.","1st Half","10:30","17-15","Akron","Utomi, Daniel","made","Free Throw","","Dunn-Martin, Tavian; Jackson, Antino; Johnson, Isaiah; Utomi, Daniel; Williams, Josh","1:39"
"02/14/2017","7 p.m.","1st Half","10:16","17-15","Toledo","Knapke, Luke","","Turnover","","Knapke, Luke; Lauf, Jordan; Navigato, Nate; Roberts, Justin; Sanford, Jaelan","0:31"
"02/14/2017","7 p.m.","1st Half","10:04","17-15","Toledo","Knapke, Luke","","Commits Foul","18","Knapke, Luke; Lauf, Jordan; Navigato, Nate; Roberts, Justin; Sanford, Jaelan","0:43"
"02/14/2017","7 p.m.","1st Half","09:56","17-17","Akron","Williams, Josh","made","Two Point Jumper","22","Dunn-Martin, Tavian; Jackson, Antino; Johnson, Isaiah; Utomi, Daniel; Williams, Josh","2:13"
"02/14/2017","7 p.m.","1st Half","09:33","17-17","Toledo","Knapke, Luke","missed","Layup","7","Knapke, Luke; Lauf, Jordan; Navigato, Nate; Roberts, Justin; Sanford, Jaelan","1:14"
"02/14/2017","7 p.m.","1st Half","09:33","17-17","Akron","Williams, Josh","","Defensive Rebound","","Dunn-Martin, Tavian; Jackson, Antino; Johnson, Isaiah; Utomi, Daniel; Williams, Josh","2:36"
"02/14/2017","7 p.m.","1st Half","09:23","17-17","Akron","Williams, Josh","missed","Three Point Jumper","20","Dunn-Martin, Tavian; Jackson, Antino; Johnson, Isaiah; Utomi, Daniel; Williams, Josh","2:46"
"02/14/2017","7 p.m.","1st Half","09:23","17-17","Toledo","Navigato, Nate","","Defensive Rebound","","Knapke, Luke; Lauf, Jordan; Navigato, Nate; Roberts, Justin; Sanford, Jaelan","1:24"
"02/14/2017","7 p.m.","1st Half","09:09","20-17","Toledo","Sanford, Jaelan","made","Three Point Jumper","16","Knapke, Luke; Lauf, Jordan; Navigato, Nate; Roberts, Justin; Sanford, Jaelan","1:38"
"02/14/2017","7 p.m.","1st Half","08:52","20-17","Akron","Johnson, Isaiah","missed","Layup","13","Dunn-Martin, Tavian; Jackson, Antino; Johnson, Isaiah; Utomi, Daniel; Williams, Josh","3:17"
"02/14/2017","7 p.m.","1st Half","08:52","20-17","Akron","Johnson, Isaiah","","Offensive Rebound","","Dunn-Martin, Tavian; Jackson, Antino; Johnson, Isaiah; Utomi, Daniel; Williams, Josh","3:17"
"02/14/2017","7 p.m.","1st Half","08:50","20-19","Akron","Johnson, Isaiah","made","Layup","28","Dunn-Martin, Tavian; Jackson, Antino; Johnson, Isaiah; Utomi, Daniel; Williams, Josh","3:19"
"02/14/2017","7 p.m.","1st Half","08:50","20-19","Toledo","Lauf, Jordan","","Commits Foul","","Knapke, Luke; Lauf, Jordan; Navigato, Nate; Roberts, Justin; Sanford, Jaelan","1:57"
"02/14/2017","7 p.m.","1st Half","08:50","20-20","Akron","Johnson, Isaiah","made","Free Throw","","Dunn-Martin, Tavian; Jackson, Antino; Johnson, Isaiah; Utomi, Daniel; Williams, Josh","3:19"
"02/14/2017","7 p.m.","1st Half","08:50","20-20","Akron","Cheatham, Jr., Kwan","","Enters Game","","Cheatham, Jr., Kwan; Dunn-Martin, Tavian; Jackson, Antino; Johnson, Isaiah; Utomi, Daniel; Williams, Josh","0:00"
"02/14/2017","7 p.m.","1st Half","08:50","20-20","Akron","Robotham, Noah","","Enters Game","","Cheatham, Jr., Kwan; Dunn-Martin, Tavian; Jackson, Antino; Johnson, Isaiah; Robotham, Noah; Utomi, Daniel; Williams, Josh","0:00"
"02/14/2017","7 p.m.","1st Half","08:50","20-20","Akron","Utomi, Daniel","","Leaves Game","","Cheatham, Jr., Kwan; Dunn-Martin, Tavian; Jackson, Antino; Johnson, Isaiah; Robotham, Noah; Williams, Josh","0:00"
"02/14/2017","7 p.m.","1st Half","08:50","20-20","Akron","Dunn-Martin, Tavian","","Leaves Game","","Cheatham, Jr., Kwan; Jackson, Antino; Johnson, Isaiah; Robotham, Noah; Williams, Josh","0:00"
"02/14/2017","7 p.m.","1st Half","08:36","20-20","Toledo","Navigato, Nate","missed","Layup","16","Knapke, Luke; Lauf, Jordan; Navigato, Nate; Roberts, Justin; Sanford, Jaelan","2:11"
"02/14/2017","7 p.m.","1st Half","08:36","20-20","Akron","Team","","Defensive Rebound","","Cheatham, Jr., Kwan; Jackson, Antino; Johnson, Isaiah; Robotham, Noah; Williams, Josh","0:14"
"02/14/2017","7 p.m.","1st Half","08:36","20-20","Toledo","Williams, Jonathan","","Enters Game","","Knapke, Luke; Lauf, Jordan; Navigato, Nate; Roberts, Justin; Sanford, Jaelan; Williams, Jonathan","0:00"
"02/14/2017","7 p.m.","1st Half","08:36","20-20","Toledo","Taylor Jr., Steve","","Enters Game","","Knapke, Luke; Lauf, Jordan; Navigato, Nate; Roberts, Justin; Sanford, Jaelan; Taylor Jr., Steve; Williams, Jonathan","0:00"
"02/14/2017","7 p.m.","1st Half","08:36","20-20","Toledo","Knapke, Luke","","Leaves Game","","Lauf, Jordan; Navigato, Nate; Roberts, Justin; Sanford, Jaelan; Taylor Jr., Steve; Williams, Jonathan","0:00"
"02/14/2017","7 p.m.","1st Half","08:36","20-20","Toledo","Roberts, Justin","","Leaves Game","","Lauf, Jordan; Navigato, Nate; Sanford, Jaelan; Taylor Jr., Steve; Williams, Jonathan","0:00"
"02/14/2017","7 p.m.","1st Half","08:09","20-22","Akron","Jackson, Antino","made","Layup","3","Cheatham, Jr., Kwan; Jackson, Antino; Johnson, Isaiah; Robotham, Noah; Williams, Josh","0:41"
"02/14/2017","7 p.m.","1st Half","07:48","20-22","Akron","Williams, Josh","","Commits Foul","9","Cheatham, Jr., Kwan; Jackson, Antino; Johnson, Isaiah; Robotham, Noah; Williams, Josh","1:02"
"02/14/2017","7 p.m.","1st Half","07:48","20-22","Akron","Team","","Media Timeout","","Cheatham, Jr., Kwan; Jackson, Antino; Johnson, Isaiah; Robotham, Noah; Williams, Josh","1:02"
"02/14/2017","7 p.m.","1st Half","07:48","20-22","Toledo","Williams, Jonathan","missed","Free Throw","","Lauf, Jordan; Navigato, Nate; Sanford, Jaelan; Taylor Jr., Steve; Williams, Jonathan","0:48"
"02/14/2017","7 p.m.","1st Half","07:48","20-22","Toledo","Team","","Deadball Rebound","","Lauf, Jordan; Navigato, Nate; Sanford, Jaelan; Taylor Jr., Steve; Williams, Jonathan","0:48"
"02/14/2017","7 p.m.","1st Half","07:48","21-22","Toledo","Williams, Jonathan","made","Free Throw","","Lauf, Jordan; Navigato, Nate; Sanford, Jaelan; Taylor Jr., Steve; Williams, Jonathan","0:48"
"02/14/2017","7 p.m.","1st Half","07:48","21-22","Akron","Ivey, Jimond","","Enters Game","","Cheatham, Jr., Kwan; Ivey, Jimond; Jackson, Antino; Johnson, Isaiah; Robotham, Noah; Williams, Josh","0:00"
"02/14/2017","7 p.m.","1st Half","07:48","21-22","Akron","Williams, Josh","","Leaves Game","","Cheatham, Jr., Kwan; Ivey, Jimond; Jackson, Antino; Johnson, Isaiah; Robotham, Noah","1:32"
"02/14/2017","7 p.m.","1st Half","07:39","21-22","Akron","Ivey, Jimond","","Turnover","","Cheatham, Jr., Kwan; Ivey, Jimond; Jackson, Antino; Johnson, Isaiah; Robotham, Noah","1:41"
"02/14/2017","7 p.m.","1st Half","07:39","21-22","Akron","Ivey, Jimond","","Commits Foul","","Cheatham, Jr., Kwan; Ivey, Jimond; Jackson, Antino; Johnson, Isaiah; Robotham, Noah","1:41"
"02/14/2017","7 p.m.","1st Half","07:27","21-22","Toledo","Williams, Jonathan","","Turnover","","Lauf, Jordan; Navigato, Nate; Sanford, Jaelan; Taylor Jr., Steve; Williams, Jonathan","1:09"
"02/14/2017","7 p.m.","1st Half","07:13","21-22","Akron","Jackson, Antino","missed","Three Point Jumper","16","Cheatham, Jr., Kwan; Ivey, Jimond; Jackson, Antino; Johnson, Isaiah; Robotham, Noah","2:07"
"02/14/2017","7 p.m.","1st Half","07:13","21-22","Akron","Robotham, Noah","","Offensive Rebound","","Cheatham, Jr., Kwan; Ivey, Jimond; Jackson, Antino; Johnson, Isaiah; Robotham, Noah","2:07"
"02/14/2017","7 p.m.","1st Half","06:55","21-25","Akron","Jackson, Antino","made","Three Point Jumper","12","Cheatham, Jr., Kwan; Ivey, Jimond; Jackson, Antino; Johnson, Isaiah; Robotham, Noah","2:25"
"02/14/2017","7 p.m.","1st Half","06:55","21-25","Akron","Ivey, Jimond","","Assist","","Cheatham, Jr., Kwan; Ivey, Jimond; Jackson, Antino; Johnson, Isaiah; Robotham, Noah","2:25"
"02/14/2017","7 p.m.","1st Half","06:29","23-25","Toledo","Taylor Jr., Steve","made","Layup","4","Lauf, Jordan; Navigato, Nate; Sanford, Jaelan; Taylor Jr., Steve; Williams, Jonathan","2:07"
"02/14/2017","7 p.m.","1st Half","06:11","23-27","Akron","Johnson, Isaiah","made","Layup","12","Cheatham, Jr., Kwan; Ivey, Jimond; Jackson, Antino; Johnson, Isaiah; Robotham, Noah","3:09"
"02/14/2017","7 p.m.","1st Half","06:11","23-27","Akron","Cheatham, Jr., Kwan","","Assist","","Cheatham, Jr., Kwan; Ivey, Jimond; Jackson, Antino; Johnson, Isaiah; Robotham, Noah","3:09"
"02/14/2017","7 p.m.","1st Half","05:56","23-27","Toledo","Taylor Jr., Steve","","Turnover","","Lauf, Jordan; Navigato, Nate; Sanford, Jaelan; Taylor Jr., Steve; Williams, Jonathan","2:40"
"02/14/2017","7 p.m.","1st Half","05:37","23-27","Akron","Johnson, Isaiah","","Turnover","","Cheatham, Jr., Kwan; Ivey, Jimond; Jackson, Antino; Johnson, Isaiah; Robotham, Noah","3:43"
"02/14/2017","7 p.m.","1st Half","05:35","23-27","Toledo","Sanford, Jaelan","","Steal","","Lauf, Jordan; Navigato, Nate; Sanford, Jaelan; Taylor Jr., Steve; Williams, Jonathan","3:01"
"02/14/2017","7 p.m.","1st Half","05:34","25-27","Toledo","Williams, Jonathan","made","Layup","27","Lauf, Jordan; Navigato, Nate; Sanford, Jaelan; Taylor Jr., Steve; Williams, Jonathan","3:02"
"02/14/2017","7 p.m.","1st Half","05:34","25-27","Toledo","Lauf, Jordan","","Assist","","Lauf, Jordan; Navigato, Nate; Sanford, Jaelan; Taylor Jr., Steve; Williams, Jonathan","3:02"
"02/14/2017","7 p.m.","1st Half","05:16","25-27","Akron","Cheatham, Jr., Kwan","missed","Three Point Jumper","12","Cheatham, Jr., Kwan; Ivey, Jimond; Jackson, Antino; Johnson, Isaiah; Robotham, Noah","4:04"
"02/14/2017","7 p.m.","1st Half","05:16","25-27","Toledo","Taylor Jr., Steve","","Defensive Rebound","","Lauf, Jordan; Navigato, Nate; Sanford, Jaelan; Taylor Jr., Steve; Williams, Jonathan","3:20"
"02/14/2017","7 p.m.","1st Half","04:54","28-27","Toledo","Navigato, Nate","made","Three Point Jumper","8","Lauf, Jordan; Navigato, Nate; Sanford, Jaelan; Taylor Jr., Steve; Williams, Jonathan","3:42"
"02/14/2017","7 p.m.","1st Half","04:54","28-27","Toledo","Williams, Jonathan","","Assist","","Lauf, Jordan; Navigato, Nate; Sanford, Jaelan; Taylor Jr., Steve; Williams, Jonathan","3:42"
"02/14/2017","7 p.m.","1st Half","04:34","28-27","Toledo","Williams, Jonathan","","Commits Foul","10","Lauf, Jordan; Navigato, Nate; Sanford, Jaelan; Taylor Jr., Steve; Williams, Jonathan","4:02"
"02/14/2017","7 p.m.","1st Half","04:20","28-30","Akron","Jackson, Antino","made","Three Point Jumper","16","Cheatham, Jr., Kwan; Ivey, Jimond; Jackson, Antino; Johnson, Isaiah; Robotham, Noah","5:00"
"02/14/2017","7 p.m.","1st Half","04:20","28-30","Akron","Johnson, Isaiah","","Assist","","Cheatham, Jr., Kwan; Ivey, Jimond; Jackson, Antino; Johnson, Isaiah; Robotham, Noah","5:00"
"02/14/2017","7 p.m.","1st Half","03:57","28-30","Akron","Jackson, Antino","","Commits Foul","7","Cheatham, Jr., Kwan; Ivey, Jimond; Jackson, Antino; Johnson, Isaiah; Robotham, Noah","5:23"
"02/14/2017","7 p.m.","1st Half","03:57","28-30","Akron","Team","","Timeout","","Cheatham, Jr., Kwan; Ivey, Jimond; Jackson, Antino; Johnson, Isaiah; Robotham, Noah","5:23"
"02/14/2017","7 p.m.","1st Half","03:53","28-30","Toledo","Taylor Jr., Steve","","Turnover","","Lauf, Jordan; Navigato, Nate; Sanford, Jaelan; Taylor Jr., Steve; Williams, Jonathan","4:43"
"02/14/2017","7 p.m.","1st Half","03:36","28-30","Akron","Cheatham, Jr., Kwan","missed","Layup","13","Cheatham, Jr., Kwan; Ivey, Jimond; Jackson, Antino; Johnson, Isaiah; Robotham, Noah","5:44"
"02/14/2017","7 p.m.","1st Half","03:36","28-30","Toledo","Taylor Jr., Steve","","Defensive Rebound","","Lauf, Jordan; Navigato, Nate; Sanford, Jaelan; Taylor Jr., Steve; Williams, Jonathan","5:00"
"02/14/2017","7 p.m.","1st Half","03:11","28-30","Toledo","Taylor Jr., Steve","missed","Two Point Jumper","5","Lauf, Jordan; Navigato, Nate; Sanford, Jaelan; Taylor Jr., Steve; Williams, Jonathan","5:25"
"02/14/2017","7 p.m.","1st Half","03:11","28-30","Toledo","Lauf, Jordan","","Offensive Rebound","","Lauf, Jordan; Navigato, Nate; Sanford, Jaelan; Taylor Jr., Steve; Williams, Jonathan","5:25"
"02/14/2017","7 p.m.","1st Half","03:06","30-30","Toledo","Lauf, Jordan","made","Layup","25","Lauf, Jordan; Navigato, Nate; Sanford, Jaelan; Taylor Jr., Steve; Williams, Jonathan","5:30"
"02/14/2017","7 p.m.","1st Half","02:44","30-30","Akron","Johnson, Isaiah","missed","Layup","8","Cheatham, Jr., Kwan; Ivey, Jimond; Jackson, Antino; Johnson, Isaiah; Robotham, Noah","6:36"
"02/14/2017","7 p.m.","1st Half","02:44","30-30","Toledo","Taylor Jr., Steve","","Defensive Rebound","","Lauf, Jordan; Navigato, Nate; Sanford, Jaelan; Taylor Jr., Steve; Williams, Jonathan","5:52"
"02/14/2017","7 p.m.","1st Half","02:25","33-30","Toledo","Navigato, Nate","made","Three Point Jumper","11","Lauf, Jordan; Navigato, Nate; Sanford, Jaelan; Taylor Jr., Steve; Williams, Jonathan","6:11"
"02/14/2017","7 p.m.","1st Half","02:25","33-30","Toledo","Williams, Jonathan","","Assist","","Lauf, Jordan; Navigato, Nate; Sanford, Jaelan; Taylor Jr., Steve; Williams, Jonathan","6:11"
"02/14/2017","7 p.m.","1st Half","02:05","33-30","Akron","Robotham, Noah","missed","Layup","10","Cheatham, Jr., Kwan; Ivey, Jimond; Jackson, Antino; Johnson, Isaiah; Robotham, Noah","7:15"
"02/14/2017","7 p.m.","1st Half","02:05","33-30","Toledo","Taylor Jr., Steve","","Defensive Rebound","","Lauf, Jordan; Navigato, Nate; Sanford, Jaelan; Taylor Jr., Steve; Williams, Jonathan","6:31"
"02/14/2017","7 p.m.","1st Half","01:56","33-30","Toledo","Taylor Jr., Steve","missed","Three Point Jumper","21","Lauf, Jordan; Navigato, Nate; Sanford, Jaelan; Taylor Jr., Steve; Williams, Jonathan","6:40"
"02/14/2017","7 p.m.","1st Half","01:56","33-30","Akron","Ivey, Jimond","","Defensive Rebound","","Cheatham, Jr., Kwan; Ivey, Jimond; Jackson, Antino; Johnson, Isaiah; Robotham, Noah","7:24"
"02/14/2017","7 p.m.","1st Half","01:48","33-30","Akron","Ivey, Jimond","","Turnover","","Cheatham, Jr., Kwan; Ivey, Jimond; Jackson, Antino; Johnson, Isaiah; Robotham, Noah","7:32"
"02/14/2017","7 p.m.","1st Half","01:47","33-30","Toledo","Lauf, Jordan","","Steal","","Lauf, Jordan; Navigato, Nate; Sanford, Jaelan; Taylor Jr., Steve; Williams, Jonathan","6:49"
"02/14/2017","7 p.m.","1st Half","01:42","35-30","Toledo","Taylor Jr., Steve","made","Layup","24","Lauf, Jordan; Navigato, Nate; Sanford, Jaelan; Taylor Jr., Steve; Williams, Jonathan","6:54"
"02/14/2017","7 p.m.","1st Half","01:42","35-30","Toledo","Williams, Jonathan","","Assist","","Lauf, Jordan; Navigato, Nate; Sanford, Jaelan; Taylor Jr., Steve; Williams, Jonathan","6:54"
"02/14/2017","7 p.m.","1st Half","01:17","35-30","Akron","Johnson, Isaiah","missed","Layup","5","Cheatham, Jr., Kwan; Ivey, Jimond; Jackson, Antino; Johnson, Isaiah; Robotham, Noah","8:03"
"02/14/2017","7 p.m.","1st Half","01:17","35-30","Toledo","Lauf, Jordan","","Defensive Rebound","","Lauf, Jordan; Navigato, Nate; Sanford, Jaelan; Taylor Jr., Steve; Williams, Jonathan","7:19"
"02/14/2017","7 p.m.","1st Half","00:50","35-30","Toledo","Navigato, Nate","missed","Three Point Jumper","3","Lauf, Jordan; Navigato, Nate; Sanford, Jaelan; Taylor Jr., Steve; Williams, Jonathan","7:46"
"02/14/2017","7 p.m.","1st Half","00:50","35-30","Akron","Johnson, Isaiah","","Defensive Rebound","","Cheatham, Jr., Kwan; Ivey, Jimond; Jackson, Antino; Johnson, Isaiah; Robotham, Noah","8:30"
"02/14/2017","7 p.m.","1st Half","00:33","35-30","Akron","Team","","Second Timeout","","Cheatham, Jr., Kwan; Ivey, Jimond; Jackson, Antino; Johnson, Isaiah; Robotham, Noah","8:47"
"02/14/2017","7 p.m.","1st Half","00:33","35-30","Akron","Utomi, Daniel","","Enters Game","","Cheatham, Jr., Kwan; Ivey, Jimond; Jackson, Antino; Johnson, Isaiah; Robotham, Noah; Utomi, Daniel","0:00"
"02/14/2017","7 p.m.","1st Half","00:33","35-30","Akron","Johnson, Isaiah","","Leaves Game","","Cheatham, Jr., Kwan; Ivey, Jimond; Jackson, Antino; Robotham, Noah; Utomi, Daniel","0:00"
"02/14/2017","7 p.m.","1st Half","00:20","35-33","Akron","Ivey, Jimond","made","Three Point Jumper","0","Cheatham, Jr., Kwan; Ivey, Jimond; Jackson, Antino; Robotham, Noah; Utomi, Daniel","0:13"
"02/14/2017","7 p.m.","1st Half","00:20","35-33","Akron","Robotham, Noah","","Assist","","Cheatham, Jr., Kwan; Ivey, Jimond; Jackson, Antino; Robotham, Noah; Utomi, Daniel","0:13"
"02/14/2017","7 p.m.","1st Half","00:00","37-33","Toledo","Lauf, Jordan","made","Layup","10","Lauf, Jordan; Navigato, Nate; Sanford, Jaelan; Taylor Jr., Steve; Williams, Jonathan","8:36"
"02/14/2017","7 p.m.","1st Half","00:00","37-33","Toledo","Taylor Jr., Steve","","Assist","","Lauf, Jordan; Navigato, Nate; Sanford, Jaelan; Taylor Jr., Steve; Williams, Jonathan","8:36"
"02/14/2017","7 p.m.","2nd Half","19:36","37-33","Toledo","Knapke, Luke","missed","Three Point Jumper","6","Knapke, Luke","0:24"
"02/14/2017","7 p.m.","2nd Half","19:36","37-33","Akron","Ivey, Jimond","","Defensive Rebound","","Ivey, Jimond","0:24"
"02/14/2017","7 p.m.","2nd Half","19:23","37-33","Toledo","Knapke, Luke","","Commits Foul","17","Knapke, Luke","0:37"
"02/14/2017","7 p.m.","2nd Half","19:00","37-33","Akron","Robotham, Noah","missed","Three Point Jumper","7","Ivey, Jimond; Robotham, Noah","0:00"
"02/14/2017","7 p.m.","2nd Half","19:00","37-33","Toledo","Knapke, Luke","","Defensive Rebound","","Knapke, Luke","1:00"
"02/14/2017","7 p.m.","2nd Half","18:45","37-33","Akron","Ivey, Jimond","","Commits Foul","15","Ivey, Jimond; Robotham, Noah","0:15"
"02/14/2017","7 p.m.","2nd Half","18:32","37-33","Toledo","Taylor Jr., Steve","missed","Layup","17","Knapke, Luke; Taylor Jr., Steve","0:00"
"02/14/2017","7 p.m.","2nd Half","18:32","37-33","Akron","Johnson, Isaiah","","Blocked Shot","","Ivey, Jimond; Johnson, Isaiah; Robotham, Noah","0:00"
"02/14/2017","7 p.m.","2nd Half","18:30","37-33","Akron","Ivey, Jimond","","Defensive Rebound","","Ivey, Jimond; Johnson, Isaiah; Robotham, Noah","0:02"
"02/14/2017","7 p.m.","2nd Half","18:26","37-33","Akron","Ivey, Jimond","missed","Layup","24","Ivey, Jimond; Johnson, Isaiah; Robotham, Noah","0:06"
"02/14/2017","7 p.m.","2nd Half","18:26","37-33","Akron","Team","","Offensive Rebound","","Ivey, Jimond; Johnson, Isaiah; Robotham, Noah","0:06"
"02/14/2017","7 p.m.","2nd Half","18:13","37-33","Akron","Johnson, Isaiah","missed","Layup","17","Ivey, Jimond; Johnson, Isaiah; Robotham, Noah","0:19"
"02/14/2017","7 p.m.","2nd Half","18:13","37-33","Toledo","Taylor Jr., Steve","","Defensive Rebound","","Knapke, Luke; Taylor Jr., Steve","0:19"
"02/14/2017","7 p.m.","2nd Half","18:02","37-33","Toledo","Knapke, Luke","","Turnover","","Knapke, Luke; Taylor Jr., Steve","0:30"
"02/14/2017","7 p.m.","2nd Half","18:02","37-33","Toledo","Knapke, Luke","","Commits Foul","","Knapke, Luke; Taylor Jr., Steve","0:30"
"02/14/2017","7 p.m.","2nd Half","18:02","37-33","Toledo","Navigato, Nate","","Enters Game","","Knapke, Luke; Navigato, Nate; Taylor Jr., Steve","0:00"
"02/14/2017","7 p.m.","2nd Half","18:02","37-33","Toledo","Knapke, Luke","","Leaves Game","","Navigato, Nate; Taylor Jr., Steve","0:00"
"02/14/2017","7 p.m.","2nd Half","17:47","37-33","Akron","Robotham, Noah","missed","Layup","15","Ivey, Jimond; Johnson, Isaiah; Robotham, Noah","0:45"
"02/14/2017","7 p.m.","2nd Half","17:47","37-33","Toledo","Taylor Jr., Steve","","Defensive Rebound","","Navigato, Nate; Taylor Jr., Steve","0:15"
"02/14/2017","7 p.m.","2nd Half","17:25","39-33","Toledo","Williams, Jonathan","made","Layup","8","Navigato, Nate; Taylor Jr., Steve; Williams, Jonathan","0:00"
"02/14/2017","7 p.m.","2nd Half","17:04","39-33","Akron","Ivey, Jimond","missed","Layup","9","Ivey, Jimond; Johnson, Isaiah; Robotham, Noah","1:28"
"02/14/2017","7 p.m.","2nd Half","17:04","39-33","Toledo","Navigato, Nate","","Blocked Shot","","Navigato, Nate; Taylor Jr., Steve; Williams, Jonathan","0:21"
"02/14/2017","7 p.m.","2nd Half","17:04","39-33","Akron","Team","","Offensive Rebound","","Ivey, Jimond; Johnson, Isaiah; Robotham, Noah","1:28"
"02/14/2017","7 p.m.","2nd Half","16:54","39-33","Akron","Ivey, Jimond","missed","Three Point Jumper","20","Ivey, Jimond; Johnson, Isaiah; Robotham, Noah","1:38"
"02/14/2017","7 p.m.","2nd Half","16:54","39-33","Akron","Johnson, Isaiah","","Offensive Rebound","","Ivey, Jimond; Johnson, Isaiah; Robotham, Noah","1:38"
"02/14/2017","7 p.m.","2nd Half","16:49","39-33","Akron","Johnson, Isaiah","missed","Layup","25","Ivey, Jimond; Johnson, Isaiah; Robotham, Noah","1:43"
"02/14/2017","7 p.m.","2nd Half","16:49","39-33","Toledo","Taylor Jr., Steve","","Defensive Rebound","","Navigato, Nate; Taylor Jr., Steve; Williams, Jonathan","0:36"
"02/14/2017","7 p.m.","2nd Half","16:34","39-33","Akron","Cheatham, Jr., Kwan","","Commits Foul","15","Cheatham, Jr., Kwan; Ivey, Jimond; Johnson, Isaiah; Robotham, Noah","0:00"
"02/14/2017","7 p.m.","2nd Half","16:23","39-33","Toledo","Taylor Jr., Steve","missed","Layup","19","Navigato, Nate; Taylor Jr., Steve; Williams, Jonathan","1:02"
"02/14/2017","7 p.m.","2nd Half","16:23","39-33","Akron","Robotham, Noah","","Defensive Rebound","","Cheatham, Jr., Kwan; Ivey, Jimond; Johnson, Isaiah; Robotham, Noah","0:11"
"02/14/2017","7 p.m.","2nd Half","16:18","39-36","Akron","Cheatham, Jr., Kwan","made","Three Point Jumper","25","Cheatham, Jr., Kwan; Ivey, Jimond; Johnson, Isaiah; Robotham, Noah","0:16"
"02/14/2017","7 p.m.","2nd Half","16:18","39-36","Akron","Robotham, Noah","","Assist","","Cheatham, Jr., Kwan; Ivey, Jimond; Johnson, Isaiah; Robotham, Noah","0:16"
"02/14/2017","7 p.m.","2nd Half","15:48","39-36","Toledo","Williams, Jonathan","missed","Three Point Jumper","0","Navigato, Nate; Taylor Jr., Steve; Williams, Jonathan","1:37"
"02/14/2017","7 p.m.","2nd Half","15:48","39-36","Toledo","Lauf, Jordan","","Offensive Rebound","","Lauf, Jordan; Navigato, Nate; Taylor Jr., Steve; Williams, Jonathan","0:00"
"02/14/2017","7 p.m.","2nd Half","15:41","41-36","Toledo","Taylor Jr., Steve","made","Dunk","23","Lauf, Jordan; Navigato, Nate; Taylor Jr., Steve; Williams, Jonathan","0:07"
"02/14/2017","7 p.m.","2nd Half","15:41","41-36","Toledo","Williams, Jonathan","","Assist","","Lauf, Jordan; Navigato, Nate; Taylor Jr., Steve; Williams, Jonathan","0:07"
"02/14/2017","7 p.m.","2nd Half","15:22","41-36","Akron","Robotham, Noah","missed","Layup","11","Cheatham, Jr., Kwan; Ivey, Jimond; Johnson, Isaiah; Robotham, Noah","1:12"
"02/14/2017","7 p.m.","2nd Half","15:22","41-36","Toledo","Taylor Jr., Steve","","Defensive Rebound","","Lauf, Jordan; Navigato, Nate; Taylor Jr., Steve; Williams, Jonathan","0:26"
"02/14/2017","7 p.m.","2nd Half","14:59","44-36","Toledo","Navigato, Nate","made","Three Point Jumper","7","Lauf, Jordan; Navigato, Nate; Taylor Jr., Steve; Williams, Jonathan","0:49"
"02/14/2017","7 p.m.","2nd Half","14:34","44-36","Akron","Jackson, Antino","missed","Three Point Jumper","5","Cheatham, Jr., Kwan; Ivey, Jimond; Jackson, Antino; Johnson, Isaiah; Robotham, Noah","0:00"
"02/14/2017","7 p.m.","2nd Half","14:34","44-36","Toledo","Lauf, Jordan","","Defensive Rebound","","Lauf, Jordan; Navigato, Nate; Taylor Jr., Steve; Williams, Jonathan","1:14"
"02/14/2017","7 p.m.","2nd Half","14:29","44-36","Akron","Jackson, Antino","","Commits Foul","25","Cheatham, Jr., Kwan; Ivey, Jimond; Jackson, Antino; Johnson, Isaiah; Robotham, Noah","0:05"
"02/14/2017","7 p.m.","2nd Half","14:29","44-36","Akron","Team","","Media Timeout","","Cheatham, Jr., Kwan; Ivey, Jimond; Jackson, Antino; Johnson, Isaiah; Robotham, Noah","0:05"
"02/14/2017","7 p.m.","2nd Half","14:29","44-36","Toledo","Lauf, Jordan","missed","Free Throw","","Lauf, Jordan; Navigato, Nate; Taylor Jr., Steve; Williams, Jonathan","1:19"
"02/14/2017","7 p.m.","2nd Half","14:29","44-36","Toledo","Team","","Deadball Rebound","","Lauf, Jordan; Navigato, Nate; Taylor Jr., Steve; Williams, Jonathan","1:19"
"02/14/2017","7 p.m.","2nd Half","14:29","44-36","Toledo","Lauf, Jordan","missed","Free Throw","","Lauf, Jordan; Navigato, Nate; Taylor Jr., Steve; Williams, Jonathan","1:19"
"02/14/2017","7 p.m.","2nd Half","14:29","44-36","Akron","Cheatham, Jr., Kwan","","Defensive Rebound","","Cheatham, Jr., Kwan; Ivey, Jimond; Jackson, Antino; Johnson, Isaiah; Robotham, Noah","0:05"
"02/14/2017","7 p.m.","2nd Half","14:29","44-36","Akron","Dunn-Martin, Tavian","","Enters Game","","Cheatham, Jr., Kwan; Dunn-Martin, Tavian; Ivey, Jimond; Jackson, Antino; Johnson, Isaiah; Robotham, Noah","0:00"
"02/14/2017","7 p.m.","2nd Half","14:29","44-36","Akron","Olojakpoke, Emmanuel","","Enters Game","","Cheatham, Jr., Kwan; Dunn-Martin, Tavian; Ivey, Jimond; Jackson, Antino; Johnson, Isaiah; Olojakpoke, Emmanuel; Robotham, Noah","0:00"
"02/14/2017","7 p.m.","2nd Half","14:29","44-36","Akron","Williams, Josh","","Enters Game","","Cheatham, Jr., Kwan; Dunn-Martin, Tavian; Ivey, Jimond; Jackson, Antino; Johnson, Isaiah; Olojakpoke, Emmanuel; Robotham, Noah; Williams, Josh","0:00"
"02/14/2017","7 p.m.","2nd Half","14:29","44-36","Akron","Robotham, Noah","","Leaves Game","","Cheatham, Jr., Kwan; Dunn-Martin, Tavian; Ivey, Jimond; Jackson, Antino; Johnson, Isaiah; Olojakpoke, Emmanuel; Williams, Josh","0:00"
"02/14/2017","7 p.m.","2nd Half","14:29","44-36","Akron","Johnson, Isaiah","","Leaves Game","","Cheatham, Jr., Kwan; Dunn-Martin, Tavian; Ivey, Jimond; Jackson, Antino; Olojakpoke, Emmanuel; Williams, Josh","0:00"
"02/14/2017","7 p.m.","2nd Half","14:29","44-36","Akron","Jackson, Antino","","Leaves Game","","Cheatham, Jr., Kwan; Dunn-Martin, Tavian; Ivey, Jimond; Olojakpoke, Emmanuel; Williams, Josh","0:00"
"02/14/2017","7 p.m.","2nd Half","14:02","44-36","Akron","Williams, Josh","missed","Three Point Jumper","3","Cheatham, Jr., Kwan; Dunn-Martin, Tavian; Ivey, Jimond; Olojakpoke, Emmanuel; Williams, Josh","0:27"
"02/14/2017","7 p.m.","2nd Half","14:02","44-36","Toledo","Taylor Jr., Steve","","Defensive Rebound","","Lauf, Jordan; Navigato, Nate; Taylor Jr., Steve; Williams, Jonathan","1:46"
"02/14/2017","7 p.m.","2nd Half","13:43","44-36","Toledo","Sanford, Jaelan","","Turnover","","Lauf, Jordan; Navigato, Nate; Sanford, Jaelan; Taylor Jr., Steve; Williams, Jonathan","0:00"
"02/14/2017","7 p.m.","2nd Half","13:43","44-36","Toledo","Sanford, Jaelan","","Commits Foul","","Lauf, Jordan; Navigato, Nate; Sanford, Jaelan; Taylor Jr., Steve; Williams, Jonathan","0:00"
"02/14/2017","7 p.m.","2nd Half","13:43","44-36","Akron","Jackson, Antino","","Enters Game","","Cheatham, Jr., Kwan; Dunn-Martin, Tavian; Ivey, Jimond; Jackson, Antino; Olojakpoke, Emmanuel; Williams, Josh","0:00"
"02/14/2017","7 p.m.","2nd Half","13:43","44-36","Akron","Ivey, Jimond","","Leaves Game","","Cheatham, Jr., Kwan; Dunn-Martin, Tavian; Jackson, Antino; Olojakpoke, Emmanuel; Williams, Josh","0:00"
"02/14/2017","7 p.m.","2nd Half","13:26","44-38","Akron","Olojakpoke, Emmanuel","made","Dunk","13","Cheatham, Jr., Kwan; Dunn-Martin, Tavian; Jackson, Antino; Olojakpoke, Emmanuel; Williams, Josh","0:17"
"02/14/2017","7 p.m.","2nd Half","13:26","44-38","Akron","Jackson, Antino","","Assist","","Cheatham, Jr., Kwan; Dunn-Martin, Tavian; Jackson, Antino; Olojakpoke, Emmanuel; Williams, Josh","0:17"
"02/14/2017","7 p.m.","2nd Half","13:00","44-38","Toledo","Lauf, Jordan","missed","Layup","4","Lauf, Jordan; Navigato, Nate; Sanford, Jaelan; Taylor Jr., Steve; Williams, Jonathan","0:43"
"02/14/2017","7 p.m.","2nd Half","13:00","44-38","Akron","Cheatham, Jr., Kwan","","Defensive Rebound","","Cheatham, Jr., Kwan; Dunn-Martin, Tavian; Jackson, Antino; Olojakpoke, Emmanuel; Williams, Josh","0:43"
"02/14/2017","7 p.m.","2nd Half","12:56","44-38","Akron","Dunn-Martin, Tavian","","Turnover","","Cheatham, Jr., Kwan; Dunn-Martin, Tavian; Jackson, Antino; Olojakpoke, Emmanuel; Williams, Josh","0:47"
"02/14/2017","7 p.m.","2nd Half","12:55","44-38","Toledo","Sanford, Jaelan","","Steal","","Lauf, Jordan; Navigato, Nate; Sanford, Jaelan; Taylor Jr., Steve; Williams, Jonathan","0:48"
"02/14/2017","7 p.m.","2nd Half","12:42","44-38","Akron","Williams, Josh","","Commits Foul","16","Cheatham, Jr., Kwan; Dunn-Martin, Tavian; Jackson, Antino; Olojakpoke, Emmanuel; Williams, Josh","1:01"
"02/14/2017","7 p.m.","2nd Half","12:23","44-38","Toledo","Williams, Jonathan","missed","Layup","11","Lauf, Jordan; Navigato, Nate; Sanford, Jaelan; Taylor Jr., Steve; Williams, Jonathan","1:20"
"02/14/2017","7 p.m.","2nd Half","12:23","44-38","Akron","Olojakpoke, Emmanuel","","Blocked Shot","","Cheatham, Jr., Kwan; Dunn-Martin, Tavian; Jackson, Antino; Olojakpoke, Emmanuel; Williams, Josh","1:20"
"02/14/2017","7 p.m.","2nd Half","12:21","44-38","Akron","Jackson, Antino","","Defensive Rebound","","Cheatham, Jr., Kwan; Dunn-Martin, Tavian; Jackson, Antino; Olojakpoke, Emmanuel; Williams, Josh","1:22"
"02/14/2017","7 p.m.","2nd Half","12:17","44-38","Akron","Dunn-Martin, Tavian","missed","Three Point Jumper","24","Cheatham, Jr., Kwan; Dunn-Martin, Tavian; Jackson, Antino; Olojakpoke, Emmanuel; Williams, Josh","1:26"
"02/14/2017","7 p.m.","2nd Half","12:17","44-38","Akron","Cheatham, Jr., Kwan","","Offensive Rebound","","Cheatham, Jr., Kwan; Dunn-Martin, Tavian; Jackson, Antino; Olojakpoke, Emmanuel; Williams, Josh","1:26"
"02/14/2017","7 p.m.","2nd Half","12:11","44-38","Akron","Cheatham, Jr., Kwan","missed","Three Point Jumper","24","Cheatham, Jr., Kwan; Dunn-Martin, Tavian; Jackson, Antino; Olojakpoke, Emmanuel; Williams, Josh","1:32"
"02/14/2017","7 p.m.","2nd Half","12:11","44-38","Akron","Olojakpoke, Emmanuel","","Offensive Rebound","","Cheatham, Jr., Kwan; Dunn-Martin, Tavian; Jackson, Antino; Olojakpoke, Emmanuel; Williams, Josh","1:32"
"02/14/2017","7 p.m.","2nd Half","11:57","44-38","Akron","Jackson, Antino","missed","Two Point Jumper","16","Cheatham, Jr., Kwan; Dunn-Martin, Tavian; Jackson, Antino; Olojakpoke, Emmanuel; Williams, Josh","1:46"
"02/14/2017","7 p.m.","2nd Half","11:57","44-38","Toledo","Team","","Defensive Rebound","","Lauf, Jordan; Navigato, Nate; Sanford, Jaelan; Taylor Jr., Steve; Williams, Jonathan","1:46"
"02/14/2017","7 p.m.","2nd Half","11:55","44-38","Akron","Team","","Media Timeout","","Cheatham, Jr., Kwan; Dunn-Martin, Tavian; Jackson, Antino; Olojakpoke, Emmanuel; Williams, Josh","1:48"
"02/14/2017","7 p.m.","2nd Half","11:55","44-38","Toledo","Knapke, Luke","","Enters Game","","Knapke, Luke; Lauf, Jordan; Navigato, Nate; Sanford, Jaelan; Taylor Jr., Steve; Williams, Jonathan","0:00"
"02/14/2017","7 p.m.","2nd Half","11:55","44-38","Toledo","Taylor Jr., Steve","","Leaves Game","","Knapke, Luke; Lauf, Jordan; Navigato, Nate; Sanford, Jaelan; Williams, Jonathan","0:00"
"02/14/2017","7 p.m.","2nd Half","11:55","44-38","Akron","Utomi, Daniel","","Enters Game","","Cheatham, Jr., Kwan; Dunn-Martin, Tavian; Jackson, Antino; Olojakpoke, Emmanuel; Utomi, Daniel; Williams, Josh","0:00"
"02/14/2017","7 p.m.","2nd Half","11:55","44-38","Akron","Olojakpoke, Emmanuel","","Leaves Game","","Cheatham, Jr., Kwan; Dunn-Martin, Tavian; Jackson, Antino; Utomi, Daniel; Williams, Josh","0:00"
"02/14/2017","7 p.m.","2nd Half","11:35","46-38","Toledo","Williams, Jonathan","made","Layup","8","Knapke, Luke; Lauf, Jordan; Navigato, Nate; Sanford, Jaelan; Williams, Jonathan","0:20"
"02/14/2017","7 p.m.","2nd Half","11:03","46-38","Akron","Utomi, Daniel","missed","Three Point Jumper","0","Cheatham, Jr., Kwan; Dunn-Martin, Tavian; Jackson, Antino; Utomi, Daniel; Williams, Josh","0:52"
"02/14/2017","7 p.m.","2nd Half","11:03","46-38","Toledo","Knapke, Luke","","Defensive Rebound","","Knapke, Luke; Lauf, Jordan; Navigato, Nate; Sanford, Jaelan; Williams, Jonathan","0:52"
"02/14/2017","7 p.m.","2nd Half","10:36","49-38","Toledo","Navigato, Nate","made","Three Point Jumper","3","Knapke, Luke; Lauf, Jordan; Navigato, Nate; Sanford, Jaelan; Williams, Jonathan","1:19"
"02/14/2017","7 p.m.","2nd Half","10:36","49-38","Toledo","Williams, Jonathan","","Assist","","Knapke, Luke; Lauf, Jordan; Navigato, Nate; Sanford, Jaelan; Williams, Jonathan","1:19"
"02/14/2017","7 p.m.","2nd Half","10:13","49-38","Akron","Dunn-Martin, Tavian","missed","Three Point Jumper","7","Cheatham, Jr., Kwan; Dunn-Martin, Tavian; Jackson, Antino; Utomi, Daniel; Williams, Josh","1:42"
"02/14/2017","7 p.m.","2nd Half","10:13","49-38","Akron","Utomi, Daniel","","Offensive Rebound","","Cheatham, Jr., Kwan; Dunn-Martin, Tavian; Jackson, Antino; Utomi, Daniel; Williams, Josh","1:42"
"02/14/2017","7 p.m.","2nd Half","10:09","49-40","Akron","Cheatham, Jr., Kwan","made","Layup","26","Cheatham, Jr., Kwan; Dunn-Martin, Tavian; Jackson, Antino; Utomi, Daniel; Williams, Josh","1:46"
"02/14/2017","7 p.m.","2nd Half","10:05","49-40","Toledo","Navigato, Nate","","Commits Foul","26","Knapke, Luke; Lauf, Jordan; Navigato, Nate; Sanford, Jaelan; Williams, Jonathan","1:50"
"02/14/2017","7 p.m.","2nd Half","10:05","49-41","Akron","Cheatham, Jr., Kwan","made","Free Throw","","Cheatham, Jr., Kwan; Dunn-Martin, Tavian; Jackson, Antino; Utomi, Daniel; Williams, Josh","1:50"
"02/14/2017","7 p.m.","2nd Half","10:05","49-41","Toledo","Navigato, Nate","missed","Three Point Jumper","","Knapke, Luke; Lauf, Jordan; Navigato, Nate; Sanford, Jaelan; Williams, Jonathan","1:50"
"02/14/2017","7 p.m.","2nd Half","10:05","49-41","Akron","Ivey, Jimond","","Defensive Rebound","","Cheatham, Jr., Kwan; Dunn-Martin, Tavian; Ivey, Jimond; Jackson, Antino; Utomi, Daniel; Williams, Josh","0:00"
"02/14/2017","7 p.m.","2nd Half","10:05","49-41","Toledo","Roberts, Justin","","Enters Game","","Knapke, Luke; Lauf, Jordan; Navigato, Nate; Roberts, Justin; Sanford, Jaelan; Williams, Jonathan","0:00"
"02/14/2017","7 p.m.","2nd Half","10:05","49-41","Toledo","Taylor Jr., Steve","","Enters Game","","Knapke, Luke; Lauf, Jordan; Navigato, Nate; Roberts, Justin; Sanford, Jaelan; Taylor Jr., Steve; Williams, Jonathan","0:00"
"02/14/2017","7 p.m.","2nd Half","10:05","49-41","Toledo","Williams, Jonathan","","Leaves Game","","Knapke, Luke; Lauf, Jordan; Navigato, Nate; Roberts, Justin; Sanford, Jaelan; Taylor Jr., Steve","0:00"
"02/14/2017","7 p.m.","2nd Half","10:05","49-41","Toledo","Knapke, Luke","","Leaves Game","","Lauf, Jordan; Navigato, Nate; Roberts, Justin; Sanford, Jaelan; Taylor Jr., Steve","0:00"
"02/14/2017","7 p.m.","2nd Half","10:05","49-41","Akron","Ivey, Jimond","","Enters Game","","Cheatham, Jr., Kwan; Dunn-Martin, Tavian; Ivey, Jimond; Jackson, Antino; Utomi, Daniel; Williams, Josh","0:00"
"02/14/2017","7 p.m.","2nd Half","10:05","49-41","Akron","Johnson, Isaiah","","Enters Game","","Cheatham, Jr., Kwan; Dunn-Martin, Tavian; Ivey, Jimond; Jackson, Antino; Johnson, Isaiah; Utomi, Daniel; Williams, Josh","0:00"
"02/14/2017","7 p.m.","2nd Half","10:05","49-41","Akron","Jackson, Antino","","Leaves Game","","Cheatham, Jr., Kwan; Dunn-Martin, Tavian; Ivey, Jimond; Johnson, Isaiah; Utomi, Daniel; Williams, Josh","0:00"
"02/14/2017","7 p.m.","2nd Half","10:05","49-41","Akron","Utomi, Daniel","","Leaves Game","","Cheatham, Jr., Kwan; Dunn-Martin, Tavian; Ivey, Jimond; Johnson, Isaiah; Williams, Josh","0:00"
"02/14/2017","7 p.m.","2nd Half","09:40","49-41","Akron","Cheatham, Jr., Kwan","missed","Layup","5","Cheatham, Jr., Kwan; Dunn-Martin, Tavian; Ivey, Jimond; Johnson, Isaiah; Williams, Josh","0:25"
"02/14/2017","7 p.m.","2nd Half","09:40","49-41","Toledo","Lauf, Jordan","","Defensive Rebound","","Lauf, Jordan; Navigato, Nate; Roberts, Justin; Sanford, Jaelan; Taylor Jr., Steve","0:25"
"02/14/2017","7 p.m.","2nd Half","09:23","49-41","Toledo","Sanford, Jaelan","missed","Three Point Jumper","13","Lauf, Jordan; Navigato, Nate; Roberts, Justin; Sanford, Jaelan; Taylor Jr., Steve","0:42"
"02/14/2017","7 p.m.","2nd Half","09:23","49-41","Toledo","Taylor Jr., Steve","","Offensive Rebound","","Lauf, Jordan; Navigato, Nate; Roberts, Justin; Sanford, Jaelan; Taylor Jr., Steve","0:42"
"02/14/2017","7 p.m.","2nd Half","09:05","49-41","Akron","Cheatham, Jr., Kwan","","Commits Foul","12","Cheatham, Jr., Kwan; Dunn-Martin, Tavian; Ivey, Jimond; Johnson, Isaiah; Williams, Josh","1:00"
"02/14/2017","7 p.m.","2nd Half","09:05","50-41","Toledo","Taylor Jr., Steve","made","Free Throw","","Lauf, Jordan; Navigato, Nate; Roberts, Justin; Sanford, Jaelan; Taylor Jr., Steve","1:00"
"02/14/2017","7 p.m.","2nd Half","09:05","50-41","Toledo","Taylor Jr., Steve","missed","Free Throw","","Lauf, Jordan; Navigato, Nate; Roberts, Justin; Sanford, Jaelan; Taylor Jr., Steve","1:00"
"02/14/2017","7 p.m.","2nd Half","09:05","50-41","Akron","Cheatham, Jr., Kwan","","Defensive Rebound","","Cheatham, Jr., Kwan; Dunn-Martin, Tavian; Ivey, Jimond; Johnson, Isaiah; Williams, Josh","1:00"
"02/14/2017","7 p.m.","2nd Half","09:05","50-41","Akron","Robotham, Noah","","Enters Game","","Cheatham, Jr., Kwan; Dunn-Martin, Tavian; Ivey, Jimond; Johnson, Isaiah; Robotham, Noah; Williams, Josh","0:00"
"02/14/2017","7 p.m.","2nd Half","09:05","50-41","Akron","Dunn-Martin, Tavian","","Leaves Game","","Cheatham, Jr., Kwan; Ivey, Jimond; Johnson, Isaiah; Robotham, Noah; Williams, Josh","0:00"
"02/14/2017","7 p.m.","2nd Half","08:51","50-41","Akron","Johnson, Isaiah","missed","Layup","16","Cheatham, Jr., Kwan; Ivey, Jimond; Johnson, Isaiah; Robotham, Noah; Williams, Josh","0:14"
"02/14/2017","7 p.m.","2nd Half","08:51","50-41","Akron","Johnson, Isaiah","","Offensive Rebound","","Cheatham, Jr., Kwan; Ivey, Jimond; Johnson, Isaiah; Robotham, Noah; Williams, Josh","0:14"
"02/14/2017","7 p.m.","2nd Half","08:49","50-43","Akron","Johnson, Isaiah","made","Layup","28","Cheatham, Jr., Kwan; Ivey, Jimond; Johnson, Isaiah; Robotham, Noah; Williams, Josh","0:16"
"02/14/2017","7 p.m.","2nd Half","08:47","50-43","Toledo","Taylor Jr., Steve","","Commits Foul","28","Lauf, Jordan; Navigato, Nate; Roberts, Justin; Sanford, Jaelan; Taylor Jr., Steve","1:18"
"02/14/2017","7 p.m.","2nd Half","08:47","50-43","Akron","Johnson, Isaiah","missed","Free Throw","","Cheatham, Jr., Kwan; Ivey, Jimond; Johnson, Isaiah; Robotham, Noah; Williams, Josh","0:18"
"02/14/2017","7 p.m.","2nd Half","08:47","50-43","Akron","Cheatham, Jr., Kwan","","Offensive Rebound","","Cheatham, Jr., Kwan; Ivey, Jimond; Johnson, Isaiah; Robotham, Noah; Williams, Josh","0:18"
"02/14/2017","7 p.m.","2nd Half","08:47","50-45","Akron","Cheatham, Jr., Kwan","made","Layup","","Cheatham, Jr., Kwan; Ivey, Jimond; Johnson, Isaiah; Robotham, Noah; Williams, Josh","0:18"
"02/14/2017","7 p.m.","2nd Half","08:29","50-45","Toledo","Navigato, Nate","missed","Three Point Jumper","12","Lauf, Jordan; Navigato, Nate; Roberts, Justin; Sanford, Jaelan; Taylor Jr., Steve","1:36"
"02/14/2017","7 p.m.","2nd Half","08:29","50-45","Akron","Ivey, Jimond","","Defensive Rebound","","Cheatham, Jr., Kwan; Ivey, Jimond; Johnson, Isaiah; Robotham, Noah; Williams, Josh","0:36"
"02/14/2017","7 p.m.","2nd Half","08:12","50-47","Akron","Johnson, Isaiah","made","Layup","13","Cheatham, Jr., Kwan; Ivey, Jimond; Johnson, Isaiah; Robotham, Noah; Williams, Josh","0:53"
"02/14/2017","7 p.m.","2nd Half","08:12","50-47","Akron","Williams, Josh","","Assist","","Cheatham, Jr., Kwan; Ivey, Jimond; Johnson, Isaiah; Robotham, Noah; Williams, Josh","0:53"
"02/14/2017","7 p.m.","2nd Half","07:41","50-47","Akron","Ivey, Jimond","","Commits Foul","0","Cheatham, Jr., Kwan; Ivey, Jimond; Johnson, Isaiah; Robotham, Noah; Williams, Josh","1:24"
"02/14/2017","7 p.m.","2nd Half","07:41","50-47","Akron","Team","","Timeout","","Cheatham, Jr., Kwan; Ivey, Jimond; Johnson, Isaiah; Robotham, Noah; Williams, Josh","1:24"
"02/14/2017","7 p.m.","2nd Half","07:41","51-47","Toledo","Lauf, Jordan","made","Free Throw","","Lauf, Jordan; Navigato, Nate; Roberts, Justin; Sanford, Jaelan; Taylor Jr., Steve","2:24"
"02/14/2017","7 p.m.","2nd Half","07:41","52-47","Toledo","Lauf, Jordan","made","Free Throw","","Lauf, Jordan; Navigato, Nate; Roberts, Justin; Sanford, Jaelan; Taylor Jr., Steve","2:24"
"02/14/2017","7 p.m.","2nd Half","07:41","52-47","Toledo","Williams, Jonathan","","Enters Game","","Lauf, Jordan; Navigato, Nate; Roberts, Justin; Sanford, Jaelan; Taylor Jr., Steve; Williams, Jonathan","0:00"
"02/14/2017","7 p.m.","2nd Half","07:41","52-47","Toledo","Roberts, Justin","","Leaves Game","","Lauf, Jordan; Navigato, Nate; Sanford, Jaelan; Taylor Jr., Steve; Williams, Jonathan","1:48"
"02/14/2017","7 p.m.","2nd Half","07:28","52-49","Akron","Cheatham, Jr., Kwan","made","Two Point Jumper","17","Cheatham, Jr., Kwan; Ivey, Jimond; Johnson, Isaiah; Robotham, Noah; Williams, Josh","1:37"
"02/14/2017","7 p.m.","2nd Half","07:28","52-49","Akron","Robotham, Noah","","Assist","","Cheatham, Jr., Kwan; Ivey, Jimond; Johnson, Isaiah; Robotham, Noah; Williams, Josh","1:37"
"02/14/2017","7 p.m.","2nd Half","07:07","52-49","Toledo","Taylor Jr., Steve","missed","Layup","9","Lauf, Jordan; Navigato, Nate; Sanford, Jaelan; Taylor Jr., Steve; Williams, Jonathan","2:22"
"02/14/2017","7 p.m.","2nd Half","07:07","52-49","Akron","Johnson, Isaiah","","Defensive Rebound","","Cheatham, Jr., Kwan; Ivey, Jimond; Johnson, Isaiah; Robotham, Noah; Williams, Josh","1:58"
"02/14/2017","7 p.m.","2nd Half","06:46","52-51","Akron","Johnson, Isaiah","made","Layup","9","Cheatham, Jr., Kwan; Ivey, Jimond; Johnson, Isaiah; Robotham, Noah; Williams, Josh","2:19"
"02/14/2017","7 p.m.","2nd Half","06:22","52-51","Toledo","Taylor Jr., Steve","","Turnover","","Lauf, Jordan; Navigato, Nate; Sanford, Jaelan; Taylor Jr., Steve; Williams, Jonathan","3:07"
"02/14/2017","7 p.m.","2nd Half","06:11","52-53","Akron","Johnson, Isaiah","made","Layup","19","Cheatham, Jr., Kwan; Ivey, Jimond; Johnson, Isaiah; Robotham, Noah; Williams, Josh","2:54"
"02/14/2017","7 p.m.","2nd Half","06:11","52-53","Akron","Ivey, Jimond","","Assist","","Cheatham, Jr., Kwan; Ivey, Jimond; Johnson, Isaiah; Robotham, Noah; Williams, Josh","2:54"
"02/14/2017","7 p.m.","2nd Half","05:39","55-53","Toledo","Sanford, Jaelan","made","Three Point Jumper","0","Lauf, Jordan; Navigato, Nate; Sanford, Jaelan; Taylor Jr., Steve; Williams, Jonathan","3:50"
"02/14/2017","7 p.m.","2nd Half","05:39","55-53","Toledo","Williams, Jonathan","","Assist","","Lauf, Jordan; Navigato, Nate; Sanford, Jaelan; Taylor Jr., Steve; Williams, Jonathan","3:50"
"02/14/2017","7 p.m.","2nd Half","05:11","55-56","Akron","Ivey, Jimond","made","Three Point Jumper","2","Cheatham, Jr., Kwan; Ivey, Jimond; Johnson, Isaiah; Robotham, Noah; Williams, Josh","3:54"
"02/14/2017","7 p.m.","2nd Half","05:11","55-56","Akron","Cheatham, Jr., Kwan","","Assist","","Cheatham, Jr., Kwan; Ivey, Jimond; Johnson, Isaiah; Robotham, Noah; Williams, Josh","3:54"
"02/14/2017","7 p.m.","2nd Half","04:47","55-56","Toledo","Navigato, Nate","missed","Three Point Jumper","6","Lauf, Jordan; Navigato, Nate; Sanford, Jaelan; Taylor Jr., Steve; Williams, Jonathan","4:42"
"02/14/2017","7 p.m.","2nd Half","04:47","55-56","Akron","Robotham, Noah","","Defensive Rebound","","Cheatham, Jr., Kwan; Ivey, Jimond; Johnson, Isaiah; Robotham, Noah; Williams, Josh","4:18"
"02/14/2017","7 p.m.","2nd Half","04:41","55-59","Akron","Cheatham, Jr., Kwan","made","Three Point Jumper","24","Cheatham, Jr., Kwan; Ivey, Jimond; Johnson, Isaiah; Robotham, Noah; Williams, Josh","4:24"
"02/14/2017","7 p.m.","2nd Half","04:41","55-59","Akron","Robotham, Noah","","Assist","","Cheatham, Jr., Kwan; Ivey, Jimond; Johnson, Isaiah; Robotham, Noah; Williams, Josh","4:24"
"02/14/2017","7 p.m.","2nd Half","04:37","55-59","Toledo","Team","","Team Timeout","","Lauf, Jordan; Navigato, Nate; Sanford, Jaelan; Taylor Jr., Steve; Williams, Jonathan","4:52"
"02/14/2017","7 p.m.","2nd Half","04:37","55-59","Akron","Jackson, Antino","","Enters Game","","Cheatham, Jr., Kwan; Ivey, Jimond; Jackson, Antino; Johnson, Isaiah; Robotham, Noah; Williams, Josh","0:00"
"02/14/2017","7 p.m.","2nd Half","04:37","55-59","Akron","Williams, Josh","","Leaves Game","","Cheatham, Jr., Kwan; Ivey, Jimond; Jackson, Antino; Johnson, Isaiah; Robotham, Noah","0:05"
"02/14/2017","7 p.m.","2nd Half","04:18","55-59","Akron","Johnson, Isaiah","","Commits Foul","7","Cheatham, Jr., Kwan; Ivey, Jimond; Jackson, Antino; Johnson, Isaiah; Robotham, Noah","0:24"
"02/14/2017","7 p.m.","2nd Half","04:18","55-59","Toledo","Taylor Jr., Steve","missed","Free Throw","","Lauf, Jordan; Navigato, Nate; Sanford, Jaelan; Taylor Jr., Steve; Williams, Jonathan","5:11"
"02/14/2017","7 p.m.","2nd Half","04:18","55-59","Toledo","Team","","Deadball Rebound","","Lauf, Jordan; Navigato, Nate; Sanford, Jaelan; Taylor Jr., Steve; Williams, Jonathan","5:11"
"02/14/2017","7 p.m.","2nd Half","04:18","55-59","Toledo","Taylor Jr., Steve","missed","Free Throw","","Lauf, Jordan; Navigato, Nate; Sanford, Jaelan; Taylor Jr., Steve; Williams, Jonathan","5:11"
"02/14/2017","7 p.m.","2nd Half","04:18","55-59","Akron","Cheatham, Jr., Kwan","","Defensive Rebound","","Cheatham, Jr., Kwan; Ivey, Jimond; Jackson, Antino; Johnson, Isaiah; Robotham, Noah","0:24"
"02/14/2017","7 p.m.","2nd Half","04:01","55-59","Akron","Cheatham, Jr., Kwan","missed","Three Point Jumper","13","Cheatham, Jr., Kwan; Ivey, Jimond; Jackson, Antino; Johnson, Isaiah; Robotham, Noah","0:41"
"02/14/2017","7 p.m.","2nd Half","04:01","55-59","Toledo","Navigato, Nate","","Defensive Rebound","","Lauf, Jordan; Navigato, Nate; Sanford, Jaelan; Taylor Jr., Steve; Williams, Jonathan","5:28"
"02/14/2017","7 p.m.","2nd Half","03:43","55-59","Toledo","Taylor Jr., Steve","","Turnover","","Lauf, Jordan; Navigato, Nate; Sanford, Jaelan; Taylor Jr., Steve; Williams, Jonathan","5:46"
"02/14/2017","7 p.m.","2nd Half","03:43","55-59","Akron","Team","","Media Timeout","","Cheatham, Jr., Kwan; Ivey, Jimond; Jackson, Antino; Johnson, Isaiah; Robotham, Noah","0:59"
"02/14/2017","7 p.m.","2nd Half","03:30","55-61","Akron","Johnson, Isaiah","made","Layup","17","Cheatham, Jr., Kwan; Ivey, Jimond; Jackson, Antino; Johnson, Isaiah; Robotham, Noah","1:12"
"02/14/2017","7 p.m.","2nd Half","03:30","55-61","Akron","Ivey, Jimond","","Assist","","Cheatham, Jr., Kwan; Ivey, Jimond; Jackson, Antino; Johnson, Isaiah; Robotham, Noah","1:12"
"02/14/2017","7 p.m.","2nd Half","03:12","55-61","Toledo","Williams, Jonathan","missed","Layup","12","Lauf, Jordan; Navigato, Nate; Sanford, Jaelan; Taylor Jr., Steve; Williams, Jonathan","6:17"
"02/14/2017","7 p.m.","2nd Half","03:12","55-61","Akron","Johnson, Isaiah","","Blocked Shot","","Cheatham, Jr., Kwan; Ivey, Jimond; Jackson, Antino; Johnson, Isaiah; Robotham, Noah","1:30"
"02/14/2017","7 p.m.","2nd Half","03:12","55-61","Akron","Team","","Defensive Rebound","","Cheatham, Jr., Kwan; Ivey, Jimond; Jackson, Antino; Johnson, Isaiah; Robotham, Noah","1:30"
"02/14/2017","7 p.m.","2nd Half","02:49","55-63","Akron","Johnson, Isaiah","made","Layup","7","Cheatham, Jr., Kwan; Ivey, Jimond; Jackson, Antino; Johnson, Isaiah; Robotham, Noah","1:53"
"02/14/2017","7 p.m.","2nd Half","02:49","55-63","Akron","Jackson, Antino","","Assist","","Cheatham, Jr., Kwan; Ivey, Jimond; Jackson, Antino; Johnson, Isaiah; Robotham, Noah","1:53"
"02/14/2017","7 p.m.","2nd Half","02:49","55-63","Toledo","Taylor Jr., Steve","","Commits Foul","","Lauf, Jordan; Navigato, Nate; Sanford, Jaelan; Taylor Jr., Steve; Williams, Jonathan","6:40"
"02/14/2017","7 p.m.","2nd Half","02:49","55-64","Akron","Johnson, Isaiah","made","Free Throw","","Cheatham, Jr., Kwan; Ivey, Jimond; Jackson, Antino; Johnson, Isaiah; Robotham, Noah","1:53"
"02/14/2017","7 p.m.","2nd Half","02:49","55-64","Toledo","Knapke, Luke","","Enters Game","","Knapke, Luke; Lauf, Jordan; Navigato, Nate; Sanford, Jaelan; Taylor Jr., Steve; Williams, Jonathan","0:00"
"02/14/2017","7 p.m.","2nd Half","02:49","55-64","Toledo","Taylor Jr., Steve","","Leaves Game","","Knapke, Luke; Lauf, Jordan; Navigato, Nate; Sanford, Jaelan; Williams, Jonathan","1:50"
"02/14/2017","7 p.m.","2nd Half","02:29","55-64","Akron","Jackson, Antino","","Commits Foul","10","Cheatham, Jr., Kwan; Ivey, Jimond; Jackson, Antino; Johnson, Isaiah; Robotham, Noah","2:13"
"02/14/2017","7 p.m.","2nd Half","02:29","56-64","Toledo","Navigato, Nate","made","Free Throw","","Knapke, Luke; Lauf, Jordan; Navigato, Nate; Sanford, Jaelan; Williams, Jonathan","2:10"
"02/14/2017","7 p.m.","2nd Half","02:29","56-64","Toledo","Navigato, Nate","missed","Free Throw","","Knapke, Luke; Lauf, Jordan; Navigato, Nate; Sanford, Jaelan; Williams, Jonathan","2:10"
"02/14/2017","7 p.m.","2nd Half","02:29","56-64","Akron","Cheatham, Jr., Kwan","","Defensive Rebound","","Cheatham, Jr., Kwan; Ivey, Jimond; Jackson, Antino; Johnson, Isaiah; Robotham, Noah","2:13"
"02/14/2017","7 p.m.","2nd Half","02:04","56-64","Akron","Jackson, Antino","","Turnover","","Cheatham, Jr., Kwan; Ivey, Jimond; Jackson, Antino; Johnson, Isaiah; Robotham, Noah","2:38"
"02/14/2017","7 p.m.","2nd Half","01:54","56-64","Toledo","Williams, Jonathan","missed","Three Point Jumper","20","Knapke, Luke; Lauf, Jordan; Navigato, Nate; Sanford, Jaelan; Williams, Jonathan","2:45"
"02/14/2017","7 p.m.","2nd Half","01:54","56-64","Akron","Johnson, Isaiah","","Defensive Rebound","","Cheatham, Jr., Kwan; Ivey, Jimond; Jackson, Antino; Johnson, Isaiah; Robotham, Noah","2:48"
"02/14/2017","7 p.m.","2nd Half","01:53","56-64","Toledo","Lauf, Jordan","","Commits Foul","29","Knapke, Luke; Lauf, Jordan; Navigato, Nate; Sanford, Jaelan; Williams, Jonathan","2:46"
"02/14/2017","7 p.m.","2nd Half","01:53","56-64","Akron","Johnson, Isaiah","missed","Free Throw","","Cheatham, Jr., Kwan; Ivey, Jimond; Jackson, Antino; Johnson, Isaiah; Robotham, Noah","2:49"
"02/14/2017","7 p.m.","2nd Half","01:53","56-64","Toledo","Lauf, Jordan","","Defensive Rebound","","Knapke, Luke; Lauf, Jordan; Navigato, Nate; Sanford, Jaelan; Williams, Jonathan","2:46"
"02/14/2017","7 p.m.","2nd Half","01:44","59-64","Toledo","Knapke, Luke","made","Three Point Jumper","21","Knapke, Luke; Lauf, Jordan; Navigato, Nate; Sanford, Jaelan; Williams, Jonathan","2:55"
"02/14/2017","7 p.m.","2nd Half","01:44","59-64","Toledo","Navigato, Nate","","Assist","","Knapke, Luke; Lauf, Jordan; Navigato, Nate; Sanford, Jaelan; Williams, Jonathan","2:55"
"02/14/2017","7 p.m.","2nd Half","01:23","59-67","Akron","Jackson, Antino","made","Three Point Jumper","9","Cheatham, Jr., Kwan; Ivey, Jimond; Jackson, Antino; Johnson, Isaiah; Robotham, Noah","3:19"
"02/14/2017","7 p.m.","2nd Half","01:23","59-67","Akron","Cheatham, Jr., Kwan","","Assist","","Cheatham, Jr., Kwan; Ivey, Jimond; Jackson, Antino; Johnson, Isaiah; Robotham, Noah","3:19"
"02/14/2017","7 p.m.","2nd Half","01:16","59-67","Akron","Robotham, Noah","","Commits Foul","23","Cheatham, Jr., Kwan; Ivey, Jimond; Jackson, Antino; Johnson, Isaiah; Robotham, Noah","3:26"
"02/14/2017","7 p.m.","2nd Half","01:16","60-67","Toledo","Williams, Jonathan","made","Free Throw","","Knapke, Luke; Lauf, Jordan; Navigato, Nate; Sanford, Jaelan; Williams, Jonathan","3:23"
"02/14/2017","7 p.m.","2nd Half","01:16","61-67","Toledo","Williams, Jonathan","made","Free Throw","","Knapke, Luke; Lauf, Jordan; Navigato, Nate; Sanford, Jaelan; Williams, Jonathan","3:23"
"02/14/2017","7 p.m.","2nd Half","01:10","61-67","Toledo","Lauf, Jordan","","Commits Foul","24","Knapke, Luke; Lauf, Jordan; Navigato, Nate; Sanford, Jaelan; Williams, Jonathan","3:29"
"02/14/2017","7 p.m.","2nd Half","01:10","61-67","Akron","Johnson, Isaiah","missed","Free Throw","","Cheatham, Jr., Kwan; Ivey, Jimond; Jackson, Antino; Johnson, Isaiah; Robotham, Noah","3:32"
"02/14/2017","7 p.m.","2nd Half","01:10","61-67","Toledo","Knapke, Luke","","Defensive Rebound","","Knapke, Luke; Lauf, Jordan; Navigato, Nate; Sanford, Jaelan; Williams, Jonathan","3:29"
"02/14/2017","7 p.m.","2nd Half","01:03","63-67","Toledo","Lauf, Jordan","made","Layup","23","Knapke, Luke; Lauf, Jordan; Navigato, Nate; Sanford, Jaelan; Williams, Jonathan","3:36"
"02/14/2017","7 p.m.","2nd Half","01:03","63-67","Toledo","Sanford, Jaelan","","Assist","","Knapke, Luke; Lauf, Jordan; Navigato, Nate; Sanford, Jaelan; Williams, Jonathan","3:36"
"02/14/2017","7 p.m.","2nd Half","01:03","63-67","Toledo","Team","","Team Timeout","","Knapke, Luke; Lauf, Jordan; Navigato, Nate; Sanford, Jaelan; Williams, Jonathan","3:36"
"02/14/2017","7 p.m.","2nd Half","00:39","63-67","Toledo","Knapke, Luke","","Commits Foul","6","Knapke, Luke; Lauf, Jordan; Navigato, Nate; Sanford, Jaelan; Williams, Jonathan","4:00"
"02/14/2017","7 p.m.","2nd Half","00:39","63-67","Akron","Johnson, Isaiah","missed","Free Throw","","Cheatham, Jr., Kwan; Ivey, Jimond; Jackson, Antino; Johnson, Isaiah; Robotham, Noah","4:03"
"02/14/2017","7 p.m.","2nd Half","00:39","63-67","Toledo","Williams, Jonathan","","Defensive Rebound","","Knapke, Luke; Lauf, Jordan; Navigato, Nate; Sanford, Jaelan; Williams, Jonathan","4:00"
"02/14/2017","7 p.m.","2nd Half","00:31","63-67","Toledo","Williams, Jonathan","missed","Layup","22","Knapke, Luke; Lauf, Jordan; Navigato, Nate; Sanford, Jaelan; Williams, Jonathan","4:08"
"02/14/2017","7 p.m.","2nd Half","00:31","63-67","Akron","Cheatham, Jr., Kwan","","Defensive Rebound","","Cheatham, Jr., Kwan; Ivey, Jimond; Jackson, Antino; Johnson, Isaiah; Robotham, Noah","4:11"
"02/14/2017","7 p.m.","2nd Half","00:30","63-67","Toledo","Williams, Jonathan","","Commits Foul","29","Knapke, Luke; Lauf, Jordan; Navigato, Nate; Sanford, Jaelan; Williams, Jonathan","4:09"
"02/14/2017","7 p.m.","2nd Half","00:30","63-68","Akron","Cheatham, Jr., Kwan","made","Free Throw","","Cheatham, Jr., Kwan; Ivey, Jimond; Jackson, Antino; Johnson, Isaiah; Robotham, Noah","4:12"
"02/14/2017","7 p.m.","2nd Half","00:30","63-69","Akron","Cheatham, Jr., Kwan","made","Free Throw","","Cheatham, Jr., Kwan; Ivey, Jimond; Jackson, Antino; Johnson, Isaiah; Robotham, Noah","4:12"
"02/14/2017","7 p.m.","2nd Half","00:23","63-69","Toledo","Sanford, Jaelan","missed","Three Point Jumper","23","Knapke, Luke; Lauf, Jordan; Navigato, Nate; Sanford, Jaelan; Williams, Jonathan","4:16"
"02/14/2017","7 p.m.","2nd Half","00:23","63-69","Akron","Team","","Defensive Rebound","","Cheatham, Jr., Kwan; Ivey, Jimond; Jackson, Antino; Johnson, Isaiah; Robotham, Noah","4:19"
"02/14/2017","7 p.m.","2nd Half","00:23","63-69","Akron","Williams, Josh","","Enters Game","","Cheatham, Jr., Kwan; Ivey, Jimond; Jackson, Antino; Johnson, Isaiah; Robotham, Noah; Williams, Josh","0:00"
"02/14/2017","7 p.m.","2nd Half","00:23","63-69","Akron","Johnson, Isaiah","","Leaves Game","","Cheatham, Jr., Kwan; Ivey, Jimond; Jackson, Antino; Robotham, Noah; Williams, Josh","0:00"
"02/14/2017","7 p.m.","2nd Half","00:22","63-69","Toledo","Navigato, Nate","","Commits Foul","29","Knapke, Luke; Lauf, Jordan; Navigato, Nate; Sanford, Jaelan; Williams, Jonathan","4:17"
"02/14/2017","7 p.m.","2nd Half","00:22","63-70","Akron","Robotham, Noah","made","Free Throw","","Cheatham, Jr., Kwan; Ivey, Jimond; Jackson, Antino; Robotham, Noah; Williams, Josh","0:01"
"02/14/2017","7 p.m.","2nd Half","00:22","63-71","Akron","Robotham, Noah","made","Free Throw","","Cheatham, Jr., Kwan; Ivey, Jimond; Jackson, Antino; Robotham, Noah; Williams, Josh","0:01"
"02/14/2017","7 p.m.","2nd Half","00:22","63-71","Akron","Johnson, Isaiah","","Enters Game","","Cheatham, Jr., Kwan; Ivey, Jimond; Jackson, Antino; Johnson, Isaiah; Robotham, Noah; Williams, Josh","0:00"
"02/14/2017","7 p.m.","2nd Half","00:22","63-71","Akron","Williams, Josh","","Leaves Game","","Cheatham, Jr., Kwan; Ivey, Jimond; Jackson, Antino; Johnson, Isaiah; Robotham, Noah","4:19"
"02/14/2017","7 p.m.","2nd Half","00:18","63-71","Toledo","Williams, Jonathan","missed","Three Point Jumper","26","Knapke, Luke; Lauf, Jordan; Navigato, Nate; Sanford, Jaelan; Williams, Jonathan","4:21"
"02/14/2017","7 p.m.","2nd Half","00:18","63-71","Akron","Robotham, Noah","","Defensive Rebound","","Cheatham, Jr., Kwan; Ivey, Jimond; Jackson, Antino; Johnson, Isaiah; Robotham, Noah","4:23"
"02/14/2017","7 p.m.","2nd Half","00:11","63-71","Toledo","Team","","Second Timeout","","Knapke, Luke; Lauf, Jordan; Navigato, Nate; Sanford, Jaelan; Williams, Jonathan","4:28"
"02/14/2017","7 p.m.","2nd Half","00:11","63-71","Akron","Williams, Josh","","Enters Game","","Cheatham, Jr., Kwan; Ivey, Jimond; Jackson, Antino; Johnson, Isaiah; Robotham, Noah; Williams, Josh","0:00"
"02/14/2017","7 p.m.","2nd Half","00:11","63-71","Akron","Johnson, Isaiah","","Leaves Game","","Cheatham, Jr., Kwan; Ivey, Jimond; Jackson, Antino; Robotham, Noah; Williams, Josh","0:01"
"02/14/2017","7 p.m.","2nd Half","00:10","63-71","Toledo","Williams, Jonathan","","Commits Foul","22","Knapke, Luke; Lauf, Jordan; Navigato, Nate; Sanford, Jaelan; Williams, Jonathan","4:29"
"02/14/2017","7 p.m.","2nd Half","00:10","63-71","Akron","Jackson, Antino","missed","Free Throw","","Cheatham, Jr., Kwan; Ivey, Jimond; Jackson, Antino; Robotham, Noah; Williams, Josh","0:02"
"02/14/2017","7 p.m.","2nd Half","00:10","63-71","Akron","Team","","Deadball Rebound","","Cheatham, Jr., Kwan; Ivey, Jimond; Jackson, Antino; Robotham, Noah; Williams, Josh","0:02"
"02/14/2017","7 p.m.","2nd Half","00:10","63-71","Akron","Jackson, Antino","missed","Free Throw","","Cheatham, Jr., Kwan; Ivey, Jimond; Jackson, Antino; Robotham, Noah; Williams, Josh","0:02"
"02/14/2017","7 p.m.","2nd Half","00:10","63-71","Toledo","Knapke, Luke","","Defensive Rebound","","Knapke, Luke; Lauf, Jordan; Navigato, Nate; Sanford, Jaelan; Williams, Jonathan","4:29"
"02/14/2017","7 p.m.","2nd Half","00:10","63-71","Akron","Johnson, Isaiah","","Enters Game","","Cheatham, Jr., Kwan; Ivey, Jimond; Jackson, Antino; Johnson, Isaiah; Robotham, Noah; Williams, Josh","0:00"
"02/14/2017","7 p.m.","2nd Half","00:10","63-71","Akron","Williams, Josh","","Leaves Game","","Cheatham, Jr., Kwan; Ivey, Jimond; Jackson, Antino; Johnson, Isaiah; Robotham, Noah","4:30"
"02/14/2017","7 p.m.","2nd Half","00:04","63-71","Toledo","Williams, Jonathan","missed","Layup","24","Knapke, Luke; Lauf, Jordan; Navigato, Nate; Sanford, Jaelan; Williams, Jonathan","4:35"
"02/14/2017","7 p.m.","2nd Half","00:04","63-71","Toledo","Knapke, Luke","","Offensive Rebound","","Knapke, Luke; Lauf, Jordan; Navigato, Nate; Sanford, Jaelan; Williams, Jonathan","4:35"
"02/14/2017","7 p.m.","2nd Half","00:01","65-71","Toledo","Knapke, Luke","made","Layup","27","Knapke, Luke; Lauf, Jordan; Navigato, Nate; Sanford, Jaelan; Williams, Jonathan","4:38"
