"Time","Akron","Score","Western Mich."
"19:40","","0-2","DUGAN,SETH made Two Point Jumper"
"19:40","","0-2","WILDER,THOMAS Assist"
"19:16","JOHNSON,ISAIAH missed Two Point Jumper","0-2",""
"19:16","JOHNSON,ISAIAH Offensive Rebound","0-2",""
"19:13","JOHNSON,ISAIAH made Layup","2-2",""
"18:55","","2-2","DUGAN,SETH missed Two Point Jumper"
"18:55","CHEATHAM,JR, KWAN Defensive Rebound","2-2",""
"18:33","IVEY,JIMOND made Layup","4-2",""
"18:33","JACKSON,ANTINO Assist","4-2",""
"18:21","","4-2","WILDER,THOMAS missed Two Point Jumper"
"18:21","CHEATHAM,JR, KWAN Defensive Rebound","4-2",""
"18:10","IVEY,JIMOND made Three Point Jumper","7-2",""
"18:10","ROBOTHAM,NOAH Assist","7-2",""
"17:54","","7-4","JONES,REGGIE made Two Point Jumper"
"17:30","CHEATHAM,JR, KWAN made Two Point Jumper","9-4",""
"17:07","","9-4","HAYMOND,TUCKER missed Three Point Jumper"
"17:07","ROBOTHAM,NOAH Defensive Rebound","9-4",""
"17:00","ROBOTHAM,NOAH Turnover","9-4",""
"16:59","","9-4","DUGAN,SETH Steal"
"16:54","","9-4","JONES,REGGIE Turnover"
"16:30","ROBOTHAM,NOAH missed Three Point Jumper","9-4",""
"16:30","","9-4","HAYMOND,TUCKER Defensive Rebound"
"16:23","","9-4","WILDER,THOMAS Turnover"
"16:22","ROBOTHAM,NOAH Steal","9-4",""
"16:21","ROBOTHAM,NOAH made Layup","11-4",""
"16:06","CHEATHAM,JR, KWAN Commits Foul","11-4",""
"16:06","WILLIAMS,JOSH Enters Game","11-4",""
"16:06","OLOJAKPOKE,EMMANUEL Enters Game","11-4",""
"16:06","CHEATHAM,JR, KWAN Leaves Game","11-4",""
"16:06","JOHNSON,ISAIAH Leaves Game","11-4",""
"15:52","","11-4","HAYMOND,TUCKER missed Two Point Jumper"
"15:52","CHEATHAM,JR, KWAN Defensive Rebound","11-4",""
"15:37","","11-4","JONES,REGGIE Commits Foul"
"15:37","TEAM Media Timeout","11-4",""
"15:37","CHEATHAM,JR, KWAN Enters Game","11-4",""
"15:37","JACKSON,ANTINO Leaves Game","11-4",""
"15:35","IVEY,JIMOND missed Layup","11-4",""
"15:35","CHEATHAM,JR, KWAN Offensive Rebound","11-4",""
"15:32","WILLIAMS,JOSH made Three Point Jumper","14-4",""
"15:32","CHEATHAM,JR, KWAN Assist","14-4",""
"15:15","","14-7","WILDER,THOMAS made Three Point Jumper"
"15:15","","14-7","JONES,REGGIE Assist"
"15:00","OLOJAKPOKE,EMMANUEL made Dunk","16-7",""
"15:00","ROBOTHAM,NOAH Assist","16-7",""
"14:26","","16-7","TEAM Turnover"
"14:17","IVEY,JIMOND made Three Point Jumper","19-7",""
"14:09","","19-7","TEAM 20 Second Timeout"
"14:09","","19-7","LAMONT,DRAKE Enters Game"
"14:09","","19-7","MOORE,BRYCE Enters Game"
"14:09","","19-7","DUGAN,SETH Leaves Game"
"14:09","","19-7","JONES,REGGIE Leaves Game"
"13:52","","19-7","LAMONT,DRAKE missed Two Point Jumper"
"13:52","CHEATHAM,JR, KWAN Defensive Rebound","19-7",""
"13:37","WILLIAMS,JOSH missed Three Point Jumper","19-7",""
"13:37","","19-7","WILDER,THOMAS Defensive Rebound"
"13:24","WILLIAMS,JOSH Commits Foul","19-7",""
"13:24","JOHNSON,ISAIAH Enters Game","19-7",""
"13:24","UTOMI,DANIEL Enters Game","19-7",""
"13:24","JACKSON,ANTINO Enters Game","19-7",""
"13:24","ROBOTHAM,NOAH Leaves Game","19-7",""
"13:24","CHEATHAM,JR, KWAN Leaves Game","19-7",""
"13:24","OLOJAKPOKE,EMMANUEL Leaves Game","19-7",""
"13:23","","19-7","MOORE,BRYCE missed Two Point Jumper"
"13:23","JOHNSON,ISAIAH Defensive Rebound","19-7",""
"13:08","WILLIAMS,JOSH missed Three Point Jumper","19-7",""
"13:08","","19-7","LAMONT,DRAKE Defensive Rebound"
"12:56","IVEY,JIMOND Commits Foul","19-7",""
"12:56","","19-7","JOHNSON,BRANDON missed Free Throw"
"12:56","","19-7","TEAM Deadball Rebound"
"12:56","","19-8","JOHNSON,BRANDON made Free Throw"
"12:46","","19-8","MOORE,BRYCE Commits Foul"
"12:46","","19-8","DAVIS,JOSH Enters Game"
"12:46","","19-8","JOHNSON,BRANDON Leaves Game"
"12:33","WILLIAMS,JOSH made Three Point Jumper","22-8",""
"12:33","JOHNSON,ISAIAH Assist","22-8",""
"12:12","JACKSON,ANTINO Commits Foul","22-8",""
"12:05","","22-8","WILDER,THOMAS missed Layup"
"12:05","WILLIAMS,JOSH Blocked Shot","22-8",""
"12:03","IVEY,JIMOND Defensive Rebound","22-8",""
"11:55","UTOMI,DANIEL made Three Point Jumper","25-8",""
"11:55","JACKSON,ANTINO Assist","25-8",""
"11:30","UTOMI,DANIEL Commits Foul","25-8",""
"11:30","","25-8","TEAM Media Timeout"
"11:30","","25-9","WILDER,THOMAS made Free Throw"
"11:30","","25-10","WILDER,THOMAS made Free Throw"
"11:30","CHEATHAM,JR, KWAN Enters Game","25-10",""
"11:30","IVEY,JIMOND Leaves Game","25-10",""
"11:25","CHEATHAM,JR, KWAN made Three Point Jumper","28-10",""
"11:25","JACKSON,ANTINO Assist","28-10",""
"11:03","","28-12","DAVIS,JOSH made Two Point Jumper"
"10:35","UTOMI,DANIEL made Two Point Jumper","30-12",""
"10:14","","30-12","HAYMOND,TUCKER Turnover"
"10:14","","30-12","HAYMOND,TUCKER Commits Foul"
"10:14","ROBOTHAM,NOAH Enters Game","30-12",""
"10:14","IVEY,JIMOND Enters Game","30-12",""
"10:14","WILLIAMS,JOSH Leaves Game","30-12",""
"10:14","UTOMI,DANIEL Leaves Game","30-12",""
"10:14","","30-12","JONES,REGGIE Enters Game"
"10:14","","30-12","JOHNSON,BRANDON Enters Game"
"10:14","","30-12","HAYMOND,TUCKER Leaves Game"
"10:14","","30-12","MOORE,BRYCE Leaves Game"
"10:05","JACKSON,ANTINO made Three Point Jumper","33-12",""
"10:05","JOHNSON,ISAIAH Assist","33-12",""
"09:55","","33-12","TEAM 20 Second Timeout"
"09:41","IVEY,JIMOND Commits Foul","33-12",""
"09:41","WILLIAMS,JOSH Enters Game","33-12",""
"09:41","IVEY,JIMOND Leaves Game","33-12",""
"09:34","JOHNSON,ISAIAH Commits Foul","33-12",""
"09:34","","33-13","WILDER,THOMAS made Free Throw"
"09:34","","33-14","WILDER,THOMAS made Free Throw"
"09:18","WILLIAMS,JOSH made Three Point Jumper","36-14",""
"09:18","JACKSON,ANTINO Assist","36-14",""
"08:55","","36-16","LAMONT,DRAKE made Two Point Jumper"
"08:55","","36-16","DAVIS,JOSH Assist"
"08:38","CHEATHAM,JR, KWAN made Three Point Jumper","39-16",""
"08:17","","39-16","LAMONT,DRAKE missed Two Point Jumper"
"08:17","","39-16","TEAM Offensive Rebound"
"08:10","","39-16","DAVIS,JOSH missed Two Point Jumper"
"08:10","","39-16","LAMONT,DRAKE Offensive Rebound"
"08:06","","39-18","LAMONT,DRAKE made Layup"
"07:44","","39-18","DAVIS,JOSH Commits Foul"
"07:44","TEAM Media Timeout","39-18",""
"07:44","","39-18","DUGAN,SETH Enters Game"
"07:44","","39-18","LAMONT,DRAKE Leaves Game"
"07:29","CHEATHAM,JR, KWAN Turnover","39-18",""
"07:28","","39-18","WILDER,THOMAS Steal"
"07:22","","39-20","WILDER,THOMAS made Layup"
"07:22","JOHNSON,ISAIAH Commits Foul","39-20",""
"07:22","","39-20","WILDER,THOMAS missed Free Throw"
"07:22","CHEATHAM,JR, KWAN Defensive Rebound","39-20",""
"07:22","OLOJAKPOKE,EMMANUEL Enters Game","39-20",""
"07:22","JOHNSON,ISAIAH Leaves Game","39-20",""
"07:02","OLOJAKPOKE,EMMANUEL missed Two Point Jumper","39-20",""
"07:02","","39-20","DUGAN,SETH Defensive Rebound"
"06:56","","39-20","WILDER,THOMAS missed Three Point Jumper"
"06:56","WILLIAMS,JOSH Defensive Rebound","39-20",""
"06:52","","39-20","WILDER,THOMAS Commits Foul"
"06:52","WILLIAMS,JOSH missed Three Point Jumper","39-20",""
"06:52","","39-20","WILDER,THOMAS Defensive Rebound"
"06:52","","39-20","WILDER,THOMAS Turnover"
"06:52","WILLIAMS,JOSH Steal","39-20",""
"06:52","ROBOTHAM,NOAH made Layup","41-20",""
"06:52","WILLIAMS,JOSH Assist","41-20",""
"06:52","","41-20","JONES,REGGIE missed Layup"
"06:52","CHEATHAM,JR, KWAN Defensive Rebound","41-20",""
"06:52","ROBOTHAM,NOAH missed Layup","41-20",""
"06:52","","41-20","JOHNSON,BRANDON Defensive Rebound"
"06:44","","41-22","JOHNSON,BRANDON made Two Point Jumper"
"06:44","","41-22","DAVIS,JOSH Assist"
"06:21","CHEATHAM,JR, KWAN made Two Point Jumper","43-22",""
"06:21","ROBOTHAM,NOAH Assist","43-22",""
"06:04","","43-22","HAYMOND,TUCKER Enters Game"
"06:04","","43-22","DAVIS,JOSH Leaves Game"
"05:56","","43-22","DUGAN,SETH missed Layup"
"05:56","JACKSON,AARON Defensive Rebound","43-22",""
"05:46","CHEATHAM,JR, KWAN missed Three Point Jumper","43-22",""
"05:46","","43-22","JONES,REGGIE Defensive Rebound"
"05:37","","43-24","JOHNSON,BRANDON made Dunk"
"05:37","","43-24","JONES,REGGIE Assist"
"05:21","ROBOTHAM,NOAH made Two Point Jumper","45-24",""
"05:04","","45-24","JONES,REGGIE Turnover"
"04:00","JACKSON,AARON Enters Game","45-24",""
"04:00","UTOMI,DANIEL Enters Game","45-24",""
"04:00","DUNN-MARTIN,TAVIAN Enters Game","45-24",""
"04:00","WILLIAMS,JOSH Leaves Game","45-24",""
"04:00","JACKSON,ANTINO Leaves Game","45-24",""
"04:00","CHEATHAM,JR, KWAN Leaves Game","45-24",""
"04:00","","45-24","RANDALL,JARRIN Enters Game"
"04:00","","45-24","MOORE,BRYCE Enters Game"
"04:00","","45-24","WILDER,THOMAS Leaves Game"
"04:00","","45-24","JOHNSON,BRANDON Leaves Game"
"03:40","DUNN-MARTIN,TAVIAN missed Three Point Jumper","45-24",""
"03:40","","45-24","JONES,REGGIE Defensive Rebound"
"03:28","OLOJAKPOKE,EMMANUEL Commits Foul","45-24",""
"03:28","","45-24","TEAM Media Timeout"
"03:28","","45-25","HAYMOND,TUCKER made Free Throw"
"03:28","","45-25","HAYMOND,TUCKER missed Free Throw"
"03:28","CHEATHAM,JR, KWAN Defensive Rebound","45-25",""
"03:28","CHEATHAM,JR, KWAN Enters Game","45-25",""
"03:28","OLOJAKPOKE,EMMANUEL Leaves Game","45-25",""
"03:13","UTOMI,DANIEL missed Two Point Jumper","45-25",""
"03:13","","45-25","MOORE,BRYCE Defensive Rebound"
"02:49","","45-25","JONES,REGGIE missed Two Point Jumper"
"02:49","ROBOTHAM,NOAH Defensive Rebound","45-25",""
"02:38","CHEATHAM,JR, KWAN missed Three Point Jumper","45-25",""
"02:38","TEAM Deadball Rebound","45-25",""
"02:35","","45-25","MOORE,BRYCE Commits Foul"
"02:35","","45-25","WILDER,THOMAS Enters Game"
"02:35","","45-25","MOORE,BRYCE Leaves Game"
"02:19","UTOMI,DANIEL missed Two Point Jumper","45-25",""
"02:19","","45-25","HAYMOND,TUCKER Defensive Rebound"
"02:10","","45-28","WILDER,THOMAS made Three Point Jumper"
"02:10","","45-28","JONES,REGGIE Assist"
"01:46","CHEATHAM,JR, KWAN made Layup","47-28",""
"01:46","","47-28","DUGAN,SETH Commits Foul"
"01:46","CHEATHAM,JR, KWAN made Free Throw","48-28",""
"01:46","JACKSON,ANTINO Enters Game","48-28",""
"01:46","OLOJAKPOKE,EMMANUEL Enters Game","48-28",""
"01:46","WILLIAMS,JOSH Enters Game","48-28",""
"01:46","ROBOTHAM,NOAH Leaves Game","48-28",""
"01:46","CHEATHAM,JR, KWAN Leaves Game","48-28",""
"01:46","DUNN-MARTIN,TAVIAN Leaves Game","48-28",""
"01:46","","48-28","LAMONT,DRAKE Enters Game"
"01:46","","48-28","JOHNSON,BRANDON Enters Game"
"01:46","","48-28","RANDALL,JARRIN Leaves Game"
"01:46","","48-28","DUGAN,SETH Leaves Game"
"01:25","","48-28","WILDER,THOMAS missed Two Point Jumper"
"01:25","","48-28","TEAM Offensive Rebound"
"01:18","","48-31","JONES,REGGIE made Three Point Jumper"
"00:56","OLOJAKPOKE,EMMANUEL made Dunk","50-31",""
"00:56","JACKSON,ANTINO Assist","50-31",""
"00:39","","50-33","HAYMOND,TUCKER made Layup"
"00:38","OLOJAKPOKE,EMMANUEL Commits Foul","50-33",""
"00:38","","50-34","HAYMOND,TUCKER made Free Throw"
"00:38","ROBOTHAM,NOAH Enters Game","50-34",""
"00:38","JACKSON,AARON Leaves Game","50-34",""
"00:29","JACKSON,ANTINO Turnover","50-34",""
"00:06","","50-34","WILDER,THOMAS missed Two Point Jumper"
"00:06","OLOJAKPOKE,EMMANUEL Blocked Shot","50-34",""
"00:05","","50-34","WILDER,THOMAS Offensive Rebound"
"00:03","","50-34","LAMONT,DRAKE missed Two Point Jumper"
"00:03","CHEATHAM,JR, KWAN Defensive Rebound","50-34",""
"00:01","","50-34","DAVIS,JOSH Enters Game"
"00:01","","50-34","MOORE,BRYCE Enters Game"
"00:01","","50-34","LAMONT,DRAKE Leaves Game"
"00:01","","50-34","JOHNSON,BRANDON Leaves Game"
"00:00","ROBOTHAM,NOAH missed Layup","50-34",""
"00:00","","50-34","JOHNSON,BRANDON Blocked Shot"
"00:00","TEAM Offensive Rebound","50-34",""
"End of 1st Half"
