"Time","Akron","Score","Western Mich."
"19:49","JOHNSON,ISAIAH missed Two Point Jumper","50-34",""
"19:49","","50-34","DUGAN,SETH Blocked Shot"
"19:47","","50-34","DUGAN,SETH Defensive Rebound"
"19:23","","50-36","JONES,REGGIE made Two Point Jumper"
"18:59","","50-36","DUGAN,SETH Commits Foul"
"18:59","JOHNSON,ISAIAH missed Free Throw","50-36",""
"18:59","TEAM Deadball Rebound","50-36",""
"18:59","JOHNSON,ISAIAH made Free Throw","51-36",""
"18:44","","51-36","JOHNSON,BRANDON missed Two Point Jumper"
"18:44","","51-36","DUGAN,SETH Offensive Rebound"
"18:40","","51-38","HAYMOND,TUCKER made Two Point Jumper"
"18:40","","51-38","DUGAN,SETH Assist"
"18:22","CHEATHAM,JR, KWAN made Three Point Jumper","54-38",""
"18:22","JACKSON,ANTINO Assist","54-38",""
"18:03","","54-38","JONES,REGGIE missed Two Point Jumper"
"18:03","IVEY,JIMOND Defensive Rebound","54-38",""
"18:00","","54-38","HAYMOND,TUCKER Commits Foul"
"17:38","CHEATHAM,JR, KWAN made Two Point Jumper","56-38",""
"17:20","","56-38","JOHNSON,BRANDON missed Layup"
"17:20","","56-38","DUGAN,SETH Offensive Rebound"
"17:17","","56-38","DUGAN,SETH missed Two Point Jumper"
"17:17","JOHNSON,ISAIAH Blocked Shot","56-38",""
"17:15","","56-38","HAYMOND,TUCKER Offensive Rebound"
"17:07","","56-40","HAYMOND,TUCKER made Layup"
"16:55","ROBOTHAM,NOAH made Three Point Jumper","59-40",""
"16:55","JOHNSON,ISAIAH Assist","59-40",""
"16:34","","59-42","JOHNSON,BRANDON made Two Point Jumper"
"16:23","JACKSON,ANTINO made Layup","61-42",""
"16:12","JACKSON,ANTINO Commits Foul","61-42",""
"16:03","","61-44","JONES,REGGIE made Two Point Jumper"
"15:42","IVEY,JIMOND missed Two Point Jumper","61-44",""
"15:42","","61-44","HAYMOND,TUCKER Defensive Rebound"
"15:31","JACKSON,ANTINO Commits Foul","61-44",""
"15:31","","61-44","TEAM Media Timeout"
"15:31","WILLIAMS,JOSH Commits Foul","61-44",""
"15:31","WILLIAMS,JOSH Enters Game","61-44",""
"15:31","UTOMI,DANIEL Enters Game","61-44",""
"15:31","IVEY,JIMOND Leaves Game","61-44",""
"15:31","JACKSON,ANTINO Leaves Game","61-44",""
"15:30","","61-44","JONES,REGGIE missed Two Point Jumper"
"15:30","","61-44","JOHNSON,BRANDON Offensive Rebound"
"15:24","","61-46","JOHNSON,BRANDON made Layup"
"15:01","JOHNSON,ISAIAH made Layup","63-46",""
"14:45","","63-46","JOHNSON,BRANDON missed Layup"
"14:45","","63-46","DUGAN,SETH Offensive Rebound"
"14:41","","63-46","DUGAN,SETH missed Layup"
"14:41","ROBOTHAM,NOAH Defensive Rebound","63-46",""
"14:34","ROBOTHAM,NOAH missed Three Point Jumper","63-46",""
"14:34","","63-46","DUGAN,SETH Defensive Rebound"
"14:25","","63-46","DUGAN,SETH missed Two Point Jumper"
"14:25","","63-46","JOHNSON,BRANDON Offensive Rebound"
"14:24","ROBOTHAM,NOAH Commits Foul","63-46",""
"14:24","","63-46","LAMONT,DRAKE Enters Game"
"14:24","","63-46","DUGAN,SETH Leaves Game"
"14:19","","63-46","WILDER,THOMAS missed Three Point Jumper"
"14:19","JOHNSON,ISAIAH Defensive Rebound","63-46",""
"13:54","","63-46","LAMONT,DRAKE Commits Foul"
"13:49","JOHNSON,ISAIAH made Layup","65-46",""
"13:35","","65-46","JONES,REGGIE missed Two Point Jumper"
"13:35","","65-46","JOHNSON,BRANDON Offensive Rebound"
"13:31","","65-46","JONES,REGGIE missed Two Point Jumper"
"13:31","WILLIAMS,JOSH Defensive Rebound","65-46",""
"13:22","WILLIAMS,JOSH missed Three Point Jumper","65-46",""
"13:22","CHEATHAM,JR, KWAN Offensive Rebound","65-46",""
"13:13","JOHNSON,ISAIAH missed Layup","65-46",""
"13:13","","65-46","LAMONT,DRAKE Defensive Rebound"
"13:07","ROBOTHAM,NOAH Commits Foul","65-46",""
"13:07","JACKSON,ANTINO Enters Game","65-46",""
"13:07","IVEY,JIMOND Enters Game","65-46",""
"13:07","OLOJAKPOKE,EMMANUEL Enters Game","65-46",""
"13:07","CHEATHAM,JR, KWAN Leaves Game","65-46",""
"13:07","ROBOTHAM,NOAH Leaves Game","65-46",""
"13:07","JOHNSON,ISAIAH Leaves Game","65-46",""
"13:07","","65-46","MOORE,BRYCE Enters Game"
"13:07","","65-46","JONES,REGGIE Leaves Game"
"12:45","","65-46","LAMONT,DRAKE missed Two Point Jumper"
"12:45","","65-46","HAYMOND,TUCKER Offensive Rebound"
"12:37","","65-46","MOORE,BRYCE missed Two Point Jumper"
"12:37","IVEY,JIMOND Defensive Rebound","65-46",""
"12:34","","65-46","JOHNSON,BRANDON Commits Foul"
"12:34","","65-46","DAVIS,JOSH Enters Game"
"12:34","","65-46","JOHNSON,BRANDON Leaves Game"
"12:20","IVEY,JIMOND Turnover","65-46",""
"12:04","","65-46","HAYMOND,TUCKER missed Two Point Jumper"
"12:04","OLOJAKPOKE,EMMANUEL Blocked Shot","65-46",""
"12:03","","65-46","TEAM Offensive Rebound"
"11:55","OLOJAKPOKE,EMMANUEL Commits Foul","65-46",""
"11:55","","65-46","TEAM Media Timeout"
"11:55","","65-46","LAMONT,DRAKE missed Free Throw"
"11:55","","65-46","TEAM Deadball Rebound"
"11:55","","65-47","LAMONT,DRAKE made Free Throw"
"11:35","","65-47","DAVIS,JOSH Commits Foul"
"11:35","IVEY,JIMOND made Free Throw","66-47",""
"11:35","IVEY,JIMOND made Free Throw","67-47",""
"11:25","","67-47","MOORE,BRYCE missed Three Point Jumper"
"11:25","","67-47","HAYMOND,TUCKER Offensive Rebound"
"11:20","","67-49","HAYMOND,TUCKER made Layup"
"11:09","","67-49","WILDER,THOMAS Commits Foul"
"11:09","JACKSON,ANTINO made Free Throw","68-49",""
"11:09","JACKSON,ANTINO made Free Throw","69-49",""
"11:09","JOHNSON,ISAIAH Enters Game","69-49",""
"11:09","CHEATHAM,JR, KWAN Enters Game","69-49",""
"11:09","OLOJAKPOKE,EMMANUEL Leaves Game","69-49",""
"11:09","UTOMI,DANIEL Leaves Game","69-49",""
"10:50","","69-49","HAYMOND,TUCKER missed Three Point Jumper"
"10:50","JACKSON,ANTINO Defensive Rebound","69-49",""
"10:41","WILLIAMS,JOSH missed Three Point Jumper","69-49",""
"10:41","","69-49","WILDER,THOMAS Defensive Rebound"
"10:34","","69-51","DAVIS,JOSH made Two Point Jumper"
"10:34","","69-51","WILDER,THOMAS Assist"
"10:10","","69-51","LAMONT,DRAKE Commits Foul"
"10:10","JOHNSON,ISAIAH made Free Throw","70-51",""
"10:10","JOHNSON,ISAIAH missed Free Throw","70-51",""
"10:10","","70-51","JOHNSON,BRANDON Defensive Rebound"
"10:10","ROBOTHAM,NOAH Enters Game","70-51",""
"10:10","WILLIAMS,JOSH Leaves Game","70-51",""
"10:10","","70-51","DUGAN,SETH Enters Game"
"10:10","","70-51","JOHNSON,BRANDON Enters Game"
"10:10","","70-51","HAYMOND,TUCKER Leaves Game"
"10:10","","70-51","LAMONT,DRAKE Leaves Game"
"09:48","","70-53","WILDER,THOMAS made Layup"
"09:22","CHEATHAM,JR, KWAN missed Two Point Jumper","70-53",""
"09:22","","70-53","JOHNSON,BRANDON Defensive Rebound"
"09:14","IVEY,JIMOND Commits Foul","70-53",""
"09:14","","70-54","WILDER,THOMAS made Free Throw"
"09:14","","70-55","WILDER,THOMAS made Free Throw"
"09:14","","70-55","RANDALL,JARRIN Enters Game"
"09:14","","70-55","WILDER,THOMAS Leaves Game"
"09:00","JOHNSON,ISAIAH Turnover","70-55",""
"08:47","","70-55","DAVIS,JOSH missed Three Point Jumper"
"08:47","JOHNSON,ISAIAH Defensive Rebound","70-55",""
"08:35","JACKSON,ANTINO made Three Point Jumper","73-55",""
"08:18","CHEATHAM,JR, KWAN Commits Foul","73-55",""
"08:18","","73-56","JOHNSON,BRANDON made Free Throw"
"08:18","","73-57","JOHNSON,BRANDON made Free Throw"
"08:18","","73-57","JONES,REGGIE Enters Game"
"08:18","","73-57","DAVIS,JOSH Leaves Game"
"08:06","JOHNSON,ISAIAH Turnover","73-57",""
"07:53","","73-57","JOHNSON,BRANDON missed Two Point Jumper"
"07:53","IVEY,JIMOND Defensive Rebound","73-57",""
"07:38","CHEATHAM,JR, KWAN Turnover","73-57",""
"07:38","CHEATHAM,JR, KWAN Commits Foul","73-57",""
"07:38","","73-57","TEAM Media Timeout"
"07:38","","73-57","WILDER,THOMAS Enters Game"
"07:38","","73-57","RANDALL,JARRIN Leaves Game"
"07:14","","73-57","JONES,REGGIE missed Three Point Jumper"
"07:14","TEAM Deadball Rebound","73-57",""
"06:54","CHEATHAM,JR, KWAN missed Three Point Jumper","73-57",""
"06:54","","73-57","DUGAN,SETH Defensive Rebound"
"06:40","","73-57","WILDER,THOMAS missed Two Point Jumper"
"06:40","CHEATHAM,JR, KWAN Defensive Rebound","73-57",""
"06:30","","73-57","WILDER,THOMAS Commits Foul"
"06:30","JACKSON,ANTINO made Free Throw","74-57",""
"06:30","JACKSON,ANTINO made Free Throw","75-57",""
"06:30","WILLIAMS,JOSH Enters Game","75-57",""
"06:30","OLOJAKPOKE,EMMANUEL Enters Game","75-57",""
"06:30","JACKSON,ANTINO Leaves Game","75-57",""
"06:30","JOHNSON,ISAIAH Leaves Game","75-57",""
"06:30","","75-57","HAYMOND,TUCKER Enters Game"
"06:30","","75-57","MOORE,BRYCE Leaves Game"
"06:17","","75-60","HAYMOND,TUCKER made Three Point Jumper"
"06:17","","75-60","WILDER,THOMAS Assist"
"05:58","IVEY,JIMOND missed Layup","75-60",""
"05:58","","75-60","JONES,REGGIE Defensive Rebound"
"05:49","","75-60","JONES,REGGIE missed Two Point Jumper"
"05:49","OLOJAKPOKE,EMMANUEL Blocked Shot","75-60",""
"05:47","TEAM Defensive Rebound","75-60",""
"05:32","TEAM 20 Second Timeout","75-60",""
"05:32","JOHNSON,ISAIAH Enters Game","75-60",""
"05:32","OLOJAKPOKE,EMMANUEL Leaves Game","75-60",""
"05:23","JOHNSON,ISAIAH made Layup","77-60",""
"05:05","","77-63","WILDER,THOMAS made Three Point Jumper"
"05:05","","77-63","JONES,REGGIE Assist"
"04:37","","77-63","DUGAN,SETH Commits Foul"
"04:37","IVEY,JIMOND made Free Throw","78-63",""
"04:37","IVEY,JIMOND made Free Throw","79-63",""
"04:37","JACKSON,ANTINO Enters Game","79-63",""
"04:37","WILLIAMS,JOSH Leaves Game","79-63",""
"04:18","","79-65","WILDER,THOMAS made Two Point Jumper"
"04:18","JACKSON,ANTINO Commits Foul","79-65",""
"04:18","","79-66","WILDER,THOMAS made Free Throw"
"04:18","","79-66","MOORE,BRYCE Enters Game"
"04:18","","79-66","DUGAN,SETH Leaves Game"
"04:04","JOHNSON,ISAIAH made Dunk","81-66",""
"04:04","JACKSON,ANTINO Assist","81-66",""
"03:42","","81-66","TEAM Media Timeout"
"03:42","","81-66","DUGAN,SETH Enters Game"
"03:42","","81-66","MOORE,BRYCE Leaves Game"
"03:42","","81-66","HAYMOND,TUCKER Leaves Game"
"03:40","","81-68","JONES,REGGIE made Two Point Jumper"
"03:15","JOHNSON,ISAIAH Turnover","81-68",""
"03:14","","81-68","DUGAN,SETH Steal"
"03:05","IVEY,JIMOND Commits Foul","81-68",""
"03:05","","81-68","HAYMOND,TUCKER missed Free Throw"
"03:05","","81-68","TEAM Deadball Rebound"
"03:05","","81-69","HAYMOND,TUCKER made Free Throw"
"03:05","WILLIAMS,JOSH Enters Game","81-69",""
"03:05","JACKSON,ANTINO Leaves Game","81-69",""
"03:05","","81-69","MOORE,BRYCE Enters Game"
"03:05","","81-69","DUGAN,SETH Leaves Game"
"02:37","JACKSON,ANTINO missed Two Point Jumper","81-69",""
"02:37","","81-69","JONES,REGGIE Defensive Rebound"
"02:29","CHEATHAM,JR, KWAN Commits Foul","81-69",""
"02:29","","81-69","JONES,REGGIE missed Free Throw"
"02:29","","81-69","TEAM Deadball Rebound"
"02:29","","81-70","JONES,REGGIE made Free Throw"
"02:29","","81-70","TEAM 20 Second Timeout"
"02:21","","81-70","MOORE,BRYCE Commits Foul"
"02:21","ROBOTHAM,NOAH missed Free Throw","81-70",""
"02:21","TEAM Deadball Rebound","81-70",""
"02:21","ROBOTHAM,NOAH made Free Throw","82-70",""
"02:21","","82-70","DUGAN,SETH Enters Game"
"02:21","","82-70","MOORE,BRYCE Leaves Game"
"02:13","","82-73","JOHNSON,BRANDON made Three Point Jumper"
"02:13","","82-73","WILDER,THOMAS Assist"
"01:56","","82-73","JOHNSON,BRANDON Commits Foul"
"01:56","ROBOTHAM,NOAH made Free Throw","83-73",""
"01:56","ROBOTHAM,NOAH made Free Throw","84-73",""
"01:41","","84-73","JONES,REGGIE missed Two Point Jumper"
"01:41","JOHNSON,ISAIAH Defensive Rebound","84-73",""
"01:30","","84-73","WILDER,THOMAS Commits Foul"
"01:30","ROBOTHAM,NOAH made Free Throw","85-73",""
"01:30","ROBOTHAM,NOAH missed Free Throw","85-73",""
"01:30","","85-73","WILDER,THOMAS Defensive Rebound"
"01:23","","85-76","WILDER,THOMAS made Three Point Jumper"
"01:17","","85-76","WILDER,THOMAS Commits Foul"
"01:17","CHEATHAM,JR, KWAN made Free Throw","86-76",""
"01:17","CHEATHAM,JR, KWAN made Free Throw","87-76",""
"01:17","","87-76","MOORE,BRYCE Enters Game"
"01:17","","87-76","WILDER,THOMAS Leaves Game"
"01:05","","87-78","DUGAN,SETH made Layup"
"01:05","","87-78","JONES,REGGIE Assist"
"01:01","","87-78","HAYMOND,TUCKER Commits Foul"
"01:01","IVEY,JIMOND made Free Throw","88-78",""
"01:01","IVEY,JIMOND missed Free Throw","88-78",""
"01:01","","88-78","DUGAN,SETH Defensive Rebound"
"00:52","","88-80","JONES,REGGIE made Two Point Jumper"
"00:50","","88-80","JONES,REGGIE Commits Foul"
"00:50","ROBOTHAM,NOAH missed Free Throw","88-80",""
"00:50","TEAM Deadball Rebound","88-80",""
"00:50","","88-80","TEAM 30 Second Timeout"
"00:50","ROBOTHAM,NOAH made Free Throw","89-80",""
"00:38","","89-80","HAYMOND,TUCKER missed Three Point Jumper"
"00:38","","89-80","DUGAN,SETH Offensive Rebound"
"00:38","IVEY,JIMOND Commits Foul","89-80",""
"00:38","","89-80","DUGAN,SETH missed Free Throw"
"00:38","","89-80","TEAM Deadball Rebound"
"00:38","","89-80","DUGAN,SETH missed Free Throw"
"00:38","JOHNSON,ISAIAH Defensive Rebound","89-80",""
"00:36","","89-80","HAYMOND,TUCKER Commits Foul"
"00:36","JOHNSON,ISAIAH missed Free Throw","89-80",""
"00:36","TEAM Deadball Rebound","89-80",""
"00:36","JOHNSON,ISAIAH made Free Throw","90-80",""
"00:30","","90-80","JONES,REGGIE missed Three Point Jumper"
"00:30","JACKSON,ANTINO Defensive Rebound","90-80",""
"End of 2nd Half"
