"Date","Time","Period","Time Left","Score","Team","Player","Status","Action","Shot Clock","Lineup","Lineup Time"
"02/10/2017","7:01 p.m.","1st Half","19:36","0-0","Eastern Mich.","Mangum IV, Willie","missed","Two Point Jumper","6","Mangum IV, Willie; Nobles, Jordan; Steele, Baylee; Thompson IV, James; Toney, Ty","0:24"
"02/10/2017","7:01 p.m.","1st Half","19:36","0-0","Akron","Ivey, Jimond","","Defensive Rebound","","Cheatham, Jr., Kwan; Ivey, Jimond; Jackson, Antino; Johnson, Isaiah; Robotham, Noah","0:24"
"02/10/2017","7:01 p.m.","1st Half","19:13","3-0","Akron","Jackson, Antino","made","Three Point Jumper","7","Cheatham, Jr., Kwan; Ivey, Jimond; Jackson, Antino; Johnson, Isaiah; Robotham, Noah","0:47"
"02/10/2017","7:01 p.m.","1st Half","19:13","3-0","Akron","Robotham, Noah","","Assist","","Cheatham, Jr., Kwan; Ivey, Jimond; Jackson, Antino; Johnson, Isaiah; Robotham, Noah","0:47"
"02/10/2017","7:01 p.m.","1st Half","19:02","3-2","Eastern Mich.","Toney, Ty","made","Layup","19","Mangum IV, Willie; Nobles, Jordan; Steele, Baylee; Thompson IV, James; Toney, Ty","0:58"
"02/10/2017","7:01 p.m.","1st Half","18:44","3-2","Akron","Ivey, Jimond","missed","Three Point Jumper","12","Cheatham, Jr., Kwan; Ivey, Jimond; Jackson, Antino; Johnson, Isaiah; Robotham, Noah","1:16"
"02/10/2017","7:01 p.m.","1st Half","18:44","3-2","Eastern Mich.","Nobles, Jordan","","Defensive Rebound","","Mangum IV, Willie; Nobles, Jordan; Steele, Baylee; Thompson IV, James; Toney, Ty","1:16"
"02/10/2017","7:01 p.m.","1st Half","18:35","3-2","Eastern Mich.","Mangum IV, Willie","missed","Two Point Jumper","21","Mangum IV, Willie; Nobles, Jordan; Steele, Baylee; Thompson IV, James; Toney, Ty","1:25"
"02/10/2017","7:01 p.m.","1st Half","18:35","3-2","Eastern Mich.","Mangum IV, Willie","","Offensive Rebound","","Mangum IV, Willie; Nobles, Jordan; Steele, Baylee; Thompson IV, James; Toney, Ty","1:25"
"02/10/2017","7:01 p.m.","1st Half","18:04","3-4","Eastern Mich.","Thompson IV, James","made","Dunk","0","Mangum IV, Willie; Nobles, Jordan; Steele, Baylee; Thompson IV, James; Toney, Ty","1:56"
"02/10/2017","7:01 p.m.","1st Half","18:04","3-4","Eastern Mich.","Toney, Ty","","Assist","","Mangum IV, Willie; Nobles, Jordan; Steele, Baylee; Thompson IV, James; Toney, Ty","1:56"
"02/10/2017","7:01 p.m.","1st Half","17:36","3-4","Akron","Jackson, Antino","missed","Two Point Jumper","2","Cheatham, Jr., Kwan; Ivey, Jimond; Jackson, Antino; Johnson, Isaiah; Robotham, Noah","2:24"
"02/10/2017","7:01 p.m.","1st Half","17:36","3-4","Eastern Mich.","Steele, Baylee","","Defensive Rebound","","Mangum IV, Willie; Nobles, Jordan; Steele, Baylee; Thompson IV, James; Toney, Ty","2:24"
"02/10/2017","7:01 p.m.","1st Half","17:32","3-6","Eastern Mich.","Toney, Ty","made","Layup","26","Mangum IV, Willie; Nobles, Jordan; Steele, Baylee; Thompson IV, James; Toney, Ty","2:28"
"02/10/2017","7:01 p.m.","1st Half","17:32","3-6","Akron","Robotham, Noah","","Commits Foul","","Cheatham, Jr., Kwan; Ivey, Jimond; Jackson, Antino; Johnson, Isaiah; Robotham, Noah","2:28"
"02/10/2017","7:01 p.m.","1st Half","17:32","3-7","Eastern Mich.","Toney, Ty","made","Free Throw","","Mangum IV, Willie; Nobles, Jordan; Steele, Baylee; Thompson IV, James; Toney, Ty","2:28"
"02/10/2017","7:01 p.m.","1st Half","17:05","5-7","Akron","Johnson, Isaiah","made","Layup","3","Cheatham, Jr., Kwan; Ivey, Jimond; Jackson, Antino; Johnson, Isaiah; Robotham, Noah","2:55"
"02/10/2017","7:01 p.m.","1st Half","16:34","5-7","Eastern Mich.","Steele, Baylee","missed","Two Point Jumper","0","Mangum IV, Willie; Nobles, Jordan; Steele, Baylee; Thompson IV, James; Toney, Ty","3:26"
"02/10/2017","7:01 p.m.","1st Half","16:34","5-7","Akron","Jackson, Antino","","Defensive Rebound","","Cheatham, Jr., Kwan; Ivey, Jimond; Jackson, Antino; Johnson, Isaiah; Robotham, Noah","3:26"
"02/10/2017","7:01 p.m.","1st Half","16:04","5-7","Akron","Johnson, Isaiah","missed","Layup","0","Cheatham, Jr., Kwan; Ivey, Jimond; Jackson, Antino; Johnson, Isaiah; Robotham, Noah","3:56"
"02/10/2017","7:01 p.m.","1st Half","16:04","5-7","Eastern Mich.","Thompson IV, James","","Defensive Rebound","","Mangum IV, Willie; Nobles, Jordan; Steele, Baylee; Thompson IV, James; Toney, Ty","3:56"
"02/10/2017","7:01 p.m.","1st Half","15:52","5-7","Eastern Mich.","Mangum IV, Willie","missed","Layup","18","Mangum IV, Willie; Nobles, Jordan; Steele, Baylee; Thompson IV, James; Toney, Ty","4:08"
"02/10/2017","7:01 p.m.","1st Half","15:52","5-7","Akron","Cheatham, Jr., Kwan","","Defensive Rebound","","Cheatham, Jr., Kwan; Ivey, Jimond; Jackson, Antino; Johnson, Isaiah; Robotham, Noah","4:08"
"02/10/2017","7:01 p.m.","1st Half","15:41","5-7","Akron","Robotham, Noah","missed","Three Point Jumper","19","Cheatham, Jr., Kwan; Ivey, Jimond; Jackson, Antino; Johnson, Isaiah; Robotham, Noah","4:19"
"02/10/2017","7:01 p.m.","1st Half","15:41","5-7","Akron","Ivey, Jimond","","Offensive Rebound","","Cheatham, Jr., Kwan; Ivey, Jimond; Jackson, Antino; Johnson, Isaiah; Robotham, Noah","4:19"
"02/10/2017","7:01 p.m.","1st Half","15:37","5-7","Eastern Mich.","Thompson IV, James","","Commits Foul","26","Mangum IV, Willie; Nobles, Jordan; Steele, Baylee; Thompson IV, James; Toney, Ty","4:23"
"02/10/2017","7:01 p.m.","1st Half","15:37","5-7","Akron","Team","","Timeout","","Cheatham, Jr., Kwan; Ivey, Jimond; Jackson, Antino; Johnson, Isaiah; Robotham, Noah","4:23"
"02/10/2017","7:01 p.m.","1st Half","15:37","6-7","Akron","Ivey, Jimond","made","Free Throw","","Cheatham, Jr., Kwan; Ivey, Jimond; Jackson, Antino; Johnson, Isaiah; Robotham, Noah","4:23"
"02/10/2017","7:01 p.m.","1st Half","15:37","7-7","Akron","Ivey, Jimond","made","Free Throw","","Cheatham, Jr., Kwan; Ivey, Jimond; Jackson, Antino; Johnson, Isaiah; Robotham, Noah","4:23"
"02/10/2017","7:01 p.m.","1st Half","15:37","7-7","Akron","Williams, Josh","","Enters Game","","Cheatham, Jr., Kwan; Ivey, Jimond; Jackson, Antino; Johnson, Isaiah; Robotham, Noah; Williams, Josh","0:00"
"02/10/2017","7:01 p.m.","1st Half","15:37","7-7","Akron","Jackson, Antino","","Leaves Game","","Cheatham, Jr., Kwan; Ivey, Jimond; Johnson, Isaiah; Robotham, Noah; Williams, Josh","0:00"
"02/10/2017","7:01 p.m.","1st Half","15:15","7-9","Eastern Mich.","Thompson IV, James","made","Layup","8","Mangum IV, Willie; Nobles, Jordan; Steele, Baylee; Thompson IV, James; Toney, Ty","4:45"
"02/10/2017","7:01 p.m.","1st Half","14:50","9-9","Akron","Johnson, Isaiah","made","Layup","5","Cheatham, Jr., Kwan; Ivey, Jimond; Johnson, Isaiah; Robotham, Noah; Williams, Josh","0:47"
"02/10/2017","7:01 p.m.","1st Half","14:27","9-11","Eastern Mich.","Thompson IV, James","made","Two Point Jumper","7","Mangum IV, Willie; Nobles, Jordan; Steele, Baylee; Thompson IV, James; Toney, Ty","5:33"
"02/10/2017","7:01 p.m.","1st Half","14:06","12-11","Akron","Ivey, Jimond","made","Three Point Jumper","9","Cheatham, Jr., Kwan; Ivey, Jimond; Johnson, Isaiah; Robotham, Noah; Williams, Josh","1:31"
"02/10/2017","7:01 p.m.","1st Half","14:06","12-11","Akron","Cheatham, Jr., Kwan","","Assist","","Cheatham, Jr., Kwan; Ivey, Jimond; Johnson, Isaiah; Robotham, Noah; Williams, Josh","1:31"
"02/10/2017","7:01 p.m.","1st Half","13:54","12-11","Eastern Mich.","Mangum IV, Willie","missed","Two Point Jumper","18","Mangum IV, Willie; Nobles, Jordan; Steele, Baylee; Thompson IV, James; Toney, Ty","6:06"
"02/10/2017","7:01 p.m.","1st Half","13:54","12-11","Akron","Cheatham, Jr., Kwan","","Defensive Rebound","","Cheatham, Jr., Kwan; Ivey, Jimond; Johnson, Isaiah; Robotham, Noah; Williams, Josh","1:43"
"02/10/2017","7:01 p.m.","1st Half","13:38","12-11","Akron","Williams, Josh","missed","Three Point Jumper","14","Cheatham, Jr., Kwan; Ivey, Jimond; Johnson, Isaiah; Robotham, Noah; Williams, Josh","1:59"
"02/10/2017","7:01 p.m.","1st Half","13:38","12-11","Eastern Mich.","Nobles, Jordan","","Defensive Rebound","","Mangum IV, Willie; Nobles, Jordan; Steele, Baylee; Thompson IV, James; Toney, Ty","6:22"
"02/10/2017","7:01 p.m.","1st Half","13:23","12-11","Eastern Mich.","Steele, Baylee","missed","Two Point Jumper","15","Mangum IV, Willie; Nobles, Jordan; Steele, Baylee; Thompson IV, James; Toney, Ty","6:37"
"02/10/2017","7:01 p.m.","1st Half","13:23","12-11","Akron","Ivey, Jimond","","Defensive Rebound","","Cheatham, Jr., Kwan; Ivey, Jimond; Johnson, Isaiah; Robotham, Noah; Williams, Josh","2:14"
"02/10/2017","7:01 p.m.","1st Half","13:15","12-11","Akron","Williams, Josh","missed","Three Point Jumper","22","Cheatham, Jr., Kwan; Ivey, Jimond; Johnson, Isaiah; Robotham, Noah; Williams, Josh","2:22"
"02/10/2017","7:01 p.m.","1st Half","13:15","12-11","Eastern Mich.","Thompson IV, James","","Defensive Rebound","","Mangum IV, Willie; Nobles, Jordan; Steele, Baylee; Thompson IV, James; Toney, Ty","6:45"
"02/10/2017","7:01 p.m.","1st Half","13:00","12-11","Eastern Mich.","Thompson IV, James","missed","Two Point Jumper","15","Mangum IV, Willie; Nobles, Jordan; Steele, Baylee; Thompson IV, James; Toney, Ty","7:00"
"02/10/2017","7:01 p.m.","1st Half","13:00","12-11","Akron","Ivey, Jimond","","Defensive Rebound","","Cheatham, Jr., Kwan; Ivey, Jimond; Johnson, Isaiah; Robotham, Noah; Williams, Josh","2:37"
"02/10/2017","7:01 p.m.","1st Half","12:45","12-11","Akron","Cheatham, Jr., Kwan","missed","Three Point Jumper","15","Cheatham, Jr., Kwan; Ivey, Jimond; Johnson, Isaiah; Robotham, Noah; Williams, Josh","2:52"
"02/10/2017","7:01 p.m.","1st Half","12:45","12-11","Eastern Mich.","Thompson IV, James","","Defensive Rebound","","Mangum IV, Willie; Nobles, Jordan; Steele, Baylee; Thompson IV, James; Toney, Ty","7:15"
"02/10/2017","7:01 p.m.","1st Half","12:40","12-11","Eastern Mich.","Thompson IV, James","","Turnover","","Mangum IV, Willie; Nobles, Jordan; Steele, Baylee; Thompson IV, James; Toney, Ty","7:20"
"02/10/2017","7:01 p.m.","1st Half","12:40","12-11","Akron","Ivey, Jimond","","Steal","","Cheatham, Jr., Kwan; Ivey, Jimond; Johnson, Isaiah; Robotham, Noah; Williams, Josh","2:57"
"02/10/2017","7:01 p.m.","1st Half","12:40","12-11","Akron","Ivey, Jimond","","Turnover","","Cheatham, Jr., Kwan; Ivey, Jimond; Johnson, Isaiah; Robotham, Noah; Williams, Josh","2:57"
"02/10/2017","7:01 p.m.","1st Half","12:40","12-11","Akron","Dunn-Martin, Tavian","","Enters Game","","Cheatham, Jr., Kwan; Dunn-Martin, Tavian; Ivey, Jimond; Johnson, Isaiah; Robotham, Noah; Williams, Josh","0:00"
"02/10/2017","7:01 p.m.","1st Half","12:40","12-11","Akron","Utomi, Daniel","","Enters Game","","Cheatham, Jr., Kwan; Dunn-Martin, Tavian; Ivey, Jimond; Johnson, Isaiah; Robotham, Noah; Utomi, Daniel; Williams, Josh","0:00"
"02/10/2017","7:01 p.m.","1st Half","12:40","12-11","Akron","Johnson, Isaiah","","Leaves Game","","Cheatham, Jr., Kwan; Dunn-Martin, Tavian; Ivey, Jimond; Robotham, Noah; Utomi, Daniel; Williams, Josh","0:00"
"02/10/2017","7:01 p.m.","1st Half","12:40","12-11","Akron","Ivey, Jimond","","Leaves Game","","Cheatham, Jr., Kwan; Dunn-Martin, Tavian; Robotham, Noah; Utomi, Daniel; Williams, Josh","0:00"
"02/10/2017","7:01 p.m.","1st Half","12:40","12-11","Eastern Mich.","Bond, Tim","","Enters Game","","Bond, Tim; Mangum IV, Willie; Nobles, Jordan; Steele, Baylee; Thompson IV, James; Toney, Ty","0:00"
"02/10/2017","7:01 p.m.","1st Half","12:40","12-11","Eastern Mich.","Madray, Nick","","Enters Game","","Bond, Tim; Madray, Nick; Mangum IV, Willie; Nobles, Jordan; Steele, Baylee; Thompson IV, James; Toney, Ty","0:00"
"02/10/2017","7:01 p.m.","1st Half","12:40","12-11","Eastern Mich.","Mangum IV, Willie","","Leaves Game","","Bond, Tim; Madray, Nick; Nobles, Jordan; Steele, Baylee; Thompson IV, James; Toney, Ty","0:00"
"02/10/2017","7:01 p.m.","1st Half","12:40","12-11","Eastern Mich.","Steele, Baylee","","Leaves Game","","Bond, Tim; Madray, Nick; Nobles, Jordan; Thompson IV, James; Toney, Ty","0:00"
"02/10/2017","7:01 p.m.","1st Half","12:24","12-11","Eastern Mich.","Nobles, Jordan","","Turnover","","Bond, Tim; Madray, Nick; Nobles, Jordan; Thompson IV, James; Toney, Ty","0:16"
"02/10/2017","7:01 p.m.","1st Half","12:02","15-11","Akron","Williams, Josh","made","Three Point Jumper","8","Cheatham, Jr., Kwan; Dunn-Martin, Tavian; Robotham, Noah; Utomi, Daniel; Williams, Josh","0:38"
"02/10/2017","7:01 p.m.","1st Half","12:02","15-11","Akron","Robotham, Noah","","Assist","","Cheatham, Jr., Kwan; Dunn-Martin, Tavian; Robotham, Noah; Utomi, Daniel; Williams, Josh","0:38"
"02/10/2017","7:01 p.m.","1st Half","11:53","15-11","Eastern Mich.","Toney, Ty","","Turnover","","Bond, Tim; Madray, Nick; Nobles, Jordan; Thompson IV, James; Toney, Ty","0:47"
"02/10/2017","7:01 p.m.","1st Half","11:53","15-11","Akron","Dunn-Martin, Tavian","","Steal","","Cheatham, Jr., Kwan; Dunn-Martin, Tavian; Robotham, Noah; Utomi, Daniel; Williams, Josh","0:47"
"02/10/2017","7:01 p.m.","1st Half","11:53","15-11","Akron","Team","","Media Timeout","","Cheatham, Jr., Kwan; Dunn-Martin, Tavian; Robotham, Noah; Utomi, Daniel; Williams, Josh","0:47"
"02/10/2017","7:01 p.m.","1st Half","11:52","15-11","Akron","Olojakpoke, Emmanuel","","Enters Game","","Cheatham, Jr., Kwan; Dunn-Martin, Tavian; Olojakpoke, Emmanuel; Robotham, Noah; Utomi, Daniel; Williams, Josh","0:00"
"02/10/2017","7:01 p.m.","1st Half","11:52","15-11","Akron","Cheatham, Jr., Kwan","","Leaves Game","","Dunn-Martin, Tavian; Olojakpoke, Emmanuel; Robotham, Noah; Utomi, Daniel; Williams, Josh","0:00"
"02/10/2017","7:01 p.m.","1st Half","11:52","15-11","Eastern Mich.","Wofford-Humphrey, Lamar","","Enters Game","","Bond, Tim; Madray, Nick; Nobles, Jordan; Thompson IV, James; Toney, Ty; Wofford-Humphrey, Lamar","0:00"
"02/10/2017","7:01 p.m.","1st Half","11:52","15-11","Eastern Mich.","Mangum IV, Willie","","Enters Game","","Bond, Tim; Madray, Nick; Mangum IV, Willie; Nobles, Jordan; Thompson IV, James; Toney, Ty; Wofford-Humphrey, Lamar","0:00"
"02/10/2017","7:01 p.m.","1st Half","11:52","15-11","Eastern Mich.","Nobles, Jordan","","Leaves Game","","Bond, Tim; Madray, Nick; Mangum IV, Willie; Thompson IV, James; Toney, Ty; Wofford-Humphrey, Lamar","0:00"
"02/10/2017","7:01 p.m.","1st Half","11:52","15-11","Eastern Mich.","Toney, Ty","","Leaves Game","","Bond, Tim; Madray, Nick; Mangum IV, Willie; Thompson IV, James; Wofford-Humphrey, Lamar","0:00"
"02/10/2017","7:01 p.m.","1st Half","11:24","15-11","Akron","Williams, Josh","missed","Three Point Jumper","1","Dunn-Martin, Tavian; Olojakpoke, Emmanuel; Robotham, Noah; Utomi, Daniel; Williams, Josh","0:28"
"02/10/2017","7:01 p.m.","1st Half","11:24","15-11","Eastern Mich.","Wofford-Humphrey, Lamar","","Defensive Rebound","","Bond, Tim; Madray, Nick; Mangum IV, Willie; Thompson IV, James; Wofford-Humphrey, Lamar","0:28"
"02/10/2017","7:01 p.m.","1st Half","11:15","15-11","Akron","Utomi, Daniel","","Commits Foul","21","Dunn-Martin, Tavian; Olojakpoke, Emmanuel; Robotham, Noah; Utomi, Daniel; Williams, Josh","0:37"
"02/10/2017","7:01 p.m.","1st Half","11:15","15-11","Akron","Johnson, Isaiah","","Enters Game","","Dunn-Martin, Tavian; Johnson, Isaiah; Olojakpoke, Emmanuel; Robotham, Noah; Utomi, Daniel; Williams, Josh","0:00"
"02/10/2017","7:01 p.m.","1st Half","11:15","15-11","Akron","Ivey, Jimond","","Enters Game","","Dunn-Martin, Tavian; Ivey, Jimond; Johnson, Isaiah; Olojakpoke, Emmanuel; Robotham, Noah; Utomi, Daniel; Williams, Josh","0:00"
"02/10/2017","7:01 p.m.","1st Half","11:15","15-11","Akron","Jackson, Antino","","Enters Game","","Dunn-Martin, Tavian; Ivey, Jimond; Jackson, Antino; Johnson, Isaiah; Olojakpoke, Emmanuel; Robotham, Noah; Utomi, Daniel; Williams, Josh","0:00"
"02/10/2017","7:01 p.m.","1st Half","11:15","15-11","Akron","Olojakpoke, Emmanuel","","Leaves Game","","Dunn-Martin, Tavian; Ivey, Jimond; Jackson, Antino; Johnson, Isaiah; Robotham, Noah; Utomi, Daniel; Williams, Josh","0:00"
"02/10/2017","7:01 p.m.","1st Half","11:15","15-11","Akron","Williams, Josh","","Leaves Game","","Dunn-Martin, Tavian; Ivey, Jimond; Jackson, Antino; Johnson, Isaiah; Robotham, Noah; Utomi, Daniel","0:00"
"02/10/2017","7:01 p.m.","1st Half","11:15","15-11","Akron","Robotham, Noah","","Leaves Game","","Dunn-Martin, Tavian; Ivey, Jimond; Jackson, Antino; Johnson, Isaiah; Utomi, Daniel","0:00"
"02/10/2017","7:01 p.m.","1st Half","11:03","15-11","Eastern Mich.","Thompson IV, James","missed","Two Point Jumper","18","Bond, Tim; Madray, Nick; Mangum IV, Willie; Thompson IV, James; Wofford-Humphrey, Lamar","0:49"
"02/10/2017","7:01 p.m.","1st Half","11:03","15-11","Akron","Jackson, Antino","","Defensive Rebound","","Dunn-Martin, Tavian; Ivey, Jimond; Jackson, Antino; Johnson, Isaiah; Utomi, Daniel","0:12"
"02/10/2017","7:01 p.m.","1st Half","10:43","18-11","Akron","Dunn-Martin, Tavian","made","Three Point Jumper","10","Dunn-Martin, Tavian; Ivey, Jimond; Jackson, Antino; Johnson, Isaiah; Utomi, Daniel","0:32"
"02/10/2017","7:01 p.m.","1st Half","10:43","18-11","Akron","Johnson, Isaiah","","Assist","","Dunn-Martin, Tavian; Ivey, Jimond; Jackson, Antino; Johnson, Isaiah; Utomi, Daniel","0:32"
"02/10/2017","7:01 p.m.","1st Half","10:25","18-13","Eastern Mich.","Mangum IV, Willie","made","Two Point Jumper","12","Bond, Tim; Madray, Nick; Mangum IV, Willie; Thompson IV, James; Wofford-Humphrey, Lamar","1:27"
"02/10/2017","7:01 p.m.","1st Half","09:54","21-13","Akron","Utomi, Daniel","made","Three Point Jumper","0","Dunn-Martin, Tavian; Ivey, Jimond; Jackson, Antino; Johnson, Isaiah; Utomi, Daniel","1:21"
"02/10/2017","7:01 p.m.","1st Half","09:54","21-13","Akron","Jackson, Antino","","Assist","","Dunn-Martin, Tavian; Ivey, Jimond; Jackson, Antino; Johnson, Isaiah; Utomi, Daniel","1:21"
"02/10/2017","7:01 p.m.","1st Half","09:35","21-13","Akron","Dunn-Martin, Tavian","","Commits Foul","11","Dunn-Martin, Tavian; Ivey, Jimond; Jackson, Antino; Johnson, Isaiah; Utomi, Daniel","1:40"
"02/10/2017","7:01 p.m.","1st Half","09:35","21-13","Eastern Mich.","Mangum IV, Willie","missed","Free Throw","","Bond, Tim; Madray, Nick; Mangum IV, Willie; Thompson IV, James; Wofford-Humphrey, Lamar","2:17"
"02/10/2017","7:01 p.m.","1st Half","09:35","21-13","Eastern Mich.","Team","","Deadball Rebound","","Bond, Tim; Madray, Nick; Mangum IV, Willie; Thompson IV, James; Wofford-Humphrey, Lamar","2:17"
"02/10/2017","7:01 p.m.","1st Half","09:35","21-14","Eastern Mich.","Mangum IV, Willie","made","Free Throw","","Bond, Tim; Madray, Nick; Mangum IV, Willie; Thompson IV, James; Wofford-Humphrey, Lamar","2:17"
"02/10/2017","7:01 p.m.","1st Half","09:35","21-15","Eastern Mich.","Mangum IV, Willie","made","Free Throw","","Bond, Tim; Madray, Nick; Mangum IV, Willie; Thompson IV, James; Wofford-Humphrey, Lamar","2:17"
"02/10/2017","7:01 p.m.","1st Half","09:22","24-15","Akron","Jackson, Antino","made","Three Point Jumper","17","Dunn-Martin, Tavian; Ivey, Jimond; Jackson, Antino; Johnson, Isaiah; Utomi, Daniel","1:53"
"02/10/2017","7:01 p.m.","1st Half","09:22","24-15","Akron","Dunn-Martin, Tavian","","Assist","","Dunn-Martin, Tavian; Ivey, Jimond; Jackson, Antino; Johnson, Isaiah; Utomi, Daniel","1:53"
"02/10/2017","7:01 p.m.","1st Half","09:11","24-15","Akron","Dunn-Martin, Tavian","","Commits Foul","19","Dunn-Martin, Tavian; Ivey, Jimond; Jackson, Antino; Johnson, Isaiah; Utomi, Daniel","2:04"
"02/10/2017","7:01 p.m.","1st Half","09:11","24-15","Akron","Robotham, Noah","","Enters Game","","Dunn-Martin, Tavian; Ivey, Jimond; Jackson, Antino; Johnson, Isaiah; Robotham, Noah; Utomi, Daniel","0:00"
"02/10/2017","7:01 p.m.","1st Half","09:11","24-15","Akron","Dunn-Martin, Tavian","","Leaves Game","","Ivey, Jimond; Jackson, Antino; Johnson, Isaiah; Robotham, Noah; Utomi, Daniel","0:00"
"02/10/2017","7:01 p.m.","1st Half","09:11","24-15","Eastern Mich.","Nobles, Jordan","","Enters Game","","Bond, Tim; Madray, Nick; Mangum IV, Willie; Nobles, Jordan; Thompson IV, James; Wofford-Humphrey, Lamar","0:00"
"02/10/2017","7:01 p.m.","1st Half","09:11","24-15","Eastern Mich.","Toney, Ty","","Enters Game","","Bond, Tim; Madray, Nick; Mangum IV, Willie; Nobles, Jordan; Thompson IV, James; Toney, Ty; Wofford-Humphrey, Lamar","0:00"
"02/10/2017","7:01 p.m.","1st Half","09:11","24-15","Eastern Mich.","Wofford-Humphrey, Lamar","","Leaves Game","","Bond, Tim; Madray, Nick; Mangum IV, Willie; Nobles, Jordan; Thompson IV, James; Toney, Ty","0:00"
"02/10/2017","7:01 p.m.","1st Half","09:11","24-15","Eastern Mich.","Bond, Tim","","Leaves Game","","Madray, Nick; Mangum IV, Willie; Nobles, Jordan; Thompson IV, James; Toney, Ty","0:00"
"02/10/2017","7:01 p.m.","1st Half","09:08","24-17","Eastern Mich.","Toney, Ty","made","Layup","27","Madray, Nick; Mangum IV, Willie; Nobles, Jordan; Thompson IV, James; Toney, Ty","0:03"
"02/10/2017","7:01 p.m.","1st Half","08:48","24-17","Akron","Johnson, Isaiah","missed","Layup","10","Ivey, Jimond; Jackson, Antino; Johnson, Isaiah; Robotham, Noah; Utomi, Daniel","0:23"
"02/10/2017","7:01 p.m.","1st Half","08:48","24-17","Eastern Mich.","Madray, Nick","","Defensive Rebound","","Madray, Nick; Mangum IV, Willie; Nobles, Jordan; Thompson IV, James; Toney, Ty","0:23"
"02/10/2017","7:01 p.m.","1st Half","08:33","24-17","Eastern Mich.","Thompson IV, James","missed","Two Point Jumper","15","Madray, Nick; Mangum IV, Willie; Nobles, Jordan; Thompson IV, James; Toney, Ty","0:38"
"02/10/2017","7:01 p.m.","1st Half","08:33","24-17","Akron","Ivey, Jimond","","Defensive Rebound","","Ivey, Jimond; Jackson, Antino; Johnson, Isaiah; Robotham, Noah; Utomi, Daniel","0:38"
"02/10/2017","7:01 p.m.","1st Half","08:08","27-17","Akron","Utomi, Daniel","made","Three Point Jumper","5","Ivey, Jimond; Jackson, Antino; Johnson, Isaiah; Robotham, Noah; Utomi, Daniel","1:03"
"02/10/2017","7:01 p.m.","1st Half","08:08","27-17","Akron","Jackson, Antino","","Assist","","Ivey, Jimond; Jackson, Antino; Johnson, Isaiah; Robotham, Noah; Utomi, Daniel","1:03"
"02/10/2017","7:01 p.m.","1st Half","08:00","27-17","Eastern Mich.","Team","","Team Timeout","","Madray, Nick; Mangum IV, Willie; Nobles, Jordan; Thompson IV, James; Toney, Ty","1:11"
"02/10/2017","7:01 p.m.","1st Half","08:00","27-17","Akron","Cheatham, Jr., Kwan","","Enters Game","","Cheatham, Jr., Kwan; Ivey, Jimond; Jackson, Antino; Johnson, Isaiah; Robotham, Noah; Utomi, Daniel","0:00"
"02/10/2017","7:01 p.m.","1st Half","08:00","27-17","Akron","Utomi, Daniel","","Leaves Game","","Cheatham, Jr., Kwan; Ivey, Jimond; Jackson, Antino; Johnson, Isaiah; Robotham, Noah","4:23"
"02/10/2017","7:01 p.m.","1st Half","08:00","27-17","Eastern Mich.","Bond, Tim","","Enters Game","","Bond, Tim; Madray, Nick; Mangum IV, Willie; Nobles, Jordan; Thompson IV, James; Toney, Ty","0:00"
"02/10/2017","7:01 p.m.","1st Half","08:00","27-17","Eastern Mich.","Steele, Baylee","","Enters Game","","Bond, Tim; Madray, Nick; Mangum IV, Willie; Nobles, Jordan; Steele, Baylee; Thompson IV, James; Toney, Ty","0:00"
"02/10/2017","7:01 p.m.","1st Half","08:00","27-17","Eastern Mich.","Thompson IV, James","","Leaves Game","","Bond, Tim; Madray, Nick; Mangum IV, Willie; Nobles, Jordan; Steele, Baylee; Toney, Ty","0:00"
"02/10/2017","7:01 p.m.","1st Half","08:00","27-17","Eastern Mich.","Madray, Nick","","Leaves Game","","Bond, Tim; Mangum IV, Willie; Nobles, Jordan; Steele, Baylee; Toney, Ty","0:00"
"02/10/2017","7:01 p.m.","1st Half","07:44","27-17","Eastern Mich.","Mangum IV, Willie","missed","Two Point Jumper","6","Bond, Tim; Mangum IV, Willie; Nobles, Jordan; Steele, Baylee; Toney, Ty","0:16"
"02/10/2017","7:01 p.m.","1st Half","07:44","27-17","Eastern Mich.","Nobles, Jordan","","Offensive Rebound","","Bond, Tim; Mangum IV, Willie; Nobles, Jordan; Steele, Baylee; Toney, Ty","0:16"
"02/10/2017","7:01 p.m.","1st Half","07:39","27-17","Eastern Mich.","Nobles, Jordan","missed","Two Point Jumper","25","Bond, Tim; Mangum IV, Willie; Nobles, Jordan; Steele, Baylee; Toney, Ty","0:21"
"02/10/2017","7:01 p.m.","1st Half","07:39","27-17","Akron","Jackson, Antino","","Defensive Rebound","","Cheatham, Jr., Kwan; Ivey, Jimond; Jackson, Antino; Johnson, Isaiah; Robotham, Noah","4:44"
"02/10/2017","7:01 p.m.","1st Half","07:29","27-17","Akron","Jackson, Antino","","Turnover","","Cheatham, Jr., Kwan; Ivey, Jimond; Jackson, Antino; Johnson, Isaiah; Robotham, Noah","4:54"
"02/10/2017","7:01 p.m.","1st Half","07:28","27-17","Eastern Mich.","Bond, Tim","","Steal","","Bond, Tim; Mangum IV, Willie; Nobles, Jordan; Steele, Baylee; Toney, Ty","0:32"
"02/10/2017","7:01 p.m.","1st Half","07:09","27-19","Eastern Mich.","Bond, Tim","made","Two Point Jumper","10","Bond, Tim; Mangum IV, Willie; Nobles, Jordan; Steele, Baylee; Toney, Ty","0:51"
"02/10/2017","7:01 p.m.","1st Half","07:09","27-19","Eastern Mich.","Toney, Ty","","Assist","","Bond, Tim; Mangum IV, Willie; Nobles, Jordan; Steele, Baylee; Toney, Ty","0:51"
"02/10/2017","7:01 p.m.","1st Half","06:39","27-19","Akron","Jackson, Antino","missed","Two Point Jumper","0","Cheatham, Jr., Kwan; Ivey, Jimond; Jackson, Antino; Johnson, Isaiah; Robotham, Noah","5:44"
"02/10/2017","7:01 p.m.","1st Half","06:39","27-19","Akron","Robotham, Noah","","Offensive Rebound","","Cheatham, Jr., Kwan; Ivey, Jimond; Jackson, Antino; Johnson, Isaiah; Robotham, Noah","5:44"
"02/10/2017","7:01 p.m.","1st Half","06:17","27-19","Akron","Ivey, Jimond","missed","Three Point Jumper","8","Cheatham, Jr., Kwan; Ivey, Jimond; Jackson, Antino; Johnson, Isaiah; Robotham, Noah","6:06"
"02/10/2017","7:01 p.m.","1st Half","06:17","27-19","Eastern Mich.","Steele, Baylee","","Defensive Rebound","","Bond, Tim; Mangum IV, Willie; Nobles, Jordan; Steele, Baylee; Toney, Ty","1:43"
"02/10/2017","7:01 p.m.","1st Half","06:04","27-22","Eastern Mich.","Mangum IV, Willie","made","Three Point Jumper","17","Bond, Tim; Mangum IV, Willie; Nobles, Jordan; Steele, Baylee; Toney, Ty","1:56"
"02/10/2017","7:01 p.m.","1st Half","06:04","27-22","Eastern Mich.","Bond, Tim","","Assist","","Bond, Tim; Mangum IV, Willie; Nobles, Jordan; Steele, Baylee; Toney, Ty","1:56"
"02/10/2017","7:01 p.m.","1st Half","05:32","27-22","Akron","Robotham, Noah","missed","Three Point Jumper","0","Cheatham, Jr., Kwan; Ivey, Jimond; Jackson, Antino; Johnson, Isaiah; Robotham, Noah","6:51"
"02/10/2017","7:01 p.m.","1st Half","05:32","27-22","Eastern Mich.","Bond, Tim","","Defensive Rebound","","Bond, Tim; Mangum IV, Willie; Nobles, Jordan; Steele, Baylee; Toney, Ty","2:28"
"02/10/2017","7:01 p.m.","1st Half","05:05","27-22","Eastern Mich.","Steele, Baylee","missed","Two Point Jumper","3","Bond, Tim; Mangum IV, Willie; Nobles, Jordan; Steele, Baylee; Toney, Ty","2:55"
"02/10/2017","7:01 p.m.","1st Half","05:05","27-22","Eastern Mich.","Bond, Tim","","Offensive Rebound","","Bond, Tim; Mangum IV, Willie; Nobles, Jordan; Steele, Baylee; Toney, Ty","2:55"
"02/10/2017","7:01 p.m.","1st Half","04:52","27-22","Eastern Mich.","Nobles, Jordan","missed","Three Point Jumper","17","Bond, Tim; Mangum IV, Willie; Nobles, Jordan; Steele, Baylee; Toney, Ty","3:08"
"02/10/2017","7:01 p.m.","1st Half","04:52","27-22","Akron","Cheatham, Jr., Kwan","","Defensive Rebound","","Cheatham, Jr., Kwan; Ivey, Jimond; Jackson, Antino; Johnson, Isaiah; Robotham, Noah","7:31"
"02/10/2017","7:01 p.m.","1st Half","04:34","29-22","Akron","Ivey, Jimond","made","Layup","12","Cheatham, Jr., Kwan; Ivey, Jimond; Jackson, Antino; Johnson, Isaiah; Robotham, Noah","7:49"
"02/10/2017","7:01 p.m.","1st Half","04:34","29-22","Akron","Johnson, Isaiah","","Assist","","Cheatham, Jr., Kwan; Ivey, Jimond; Jackson, Antino; Johnson, Isaiah; Robotham, Noah","7:49"
"02/10/2017","7:01 p.m.","1st Half","04:11","29-24","Eastern Mich.","Toney, Ty","made","Layup","7","Bond, Tim; Mangum IV, Willie; Nobles, Jordan; Steele, Baylee; Toney, Ty","3:49"
"02/10/2017","7:01 p.m.","1st Half","03:57","29-24","Eastern Mich.","Steele, Baylee","","Commits Foul","16","Bond, Tim; Mangum IV, Willie; Nobles, Jordan; Steele, Baylee; Toney, Ty","4:03"
"02/10/2017","7:01 p.m.","1st Half","03:57","29-24","Akron","Team","","Media Timeout","","Cheatham, Jr., Kwan; Ivey, Jimond; Jackson, Antino; Johnson, Isaiah; Robotham, Noah","8:26"
"02/10/2017","7:01 p.m.","1st Half","03:57","30-24","Akron","Johnson, Isaiah","made","Free Throw","","Cheatham, Jr., Kwan; Ivey, Jimond; Jackson, Antino; Johnson, Isaiah; Robotham, Noah","8:26"
"02/10/2017","7:01 p.m.","1st Half","03:57","31-24","Akron","Johnson, Isaiah","made","Free Throw","","Cheatham, Jr., Kwan; Ivey, Jimond; Jackson, Antino; Johnson, Isaiah; Robotham, Noah","8:26"
"02/10/2017","7:01 p.m.","1st Half","03:57","31-24","Akron","Dunn-Martin, Tavian","","Enters Game","","Cheatham, Jr., Kwan; Dunn-Martin, Tavian; Ivey, Jimond; Jackson, Antino; Johnson, Isaiah; Robotham, Noah","0:00"
"02/10/2017","7:01 p.m.","1st Half","03:57","31-24","Akron","Williams, Josh","","Enters Game","","Cheatham, Jr., Kwan; Dunn-Martin, Tavian; Ivey, Jimond; Jackson, Antino; Johnson, Isaiah; Robotham, Noah; Williams, Josh","0:00"
"02/10/2017","7:01 p.m.","1st Half","03:57","31-24","Akron","Utomi, Daniel","","Enters Game","","Cheatham, Jr., Kwan; Dunn-Martin, Tavian; Ivey, Jimond; Jackson, Antino; Johnson, Isaiah; Robotham, Noah; Utomi, Daniel; Williams, Josh","0:00"
"02/10/2017","7:01 p.m.","1st Half","03:57","31-24","Akron","Olojakpoke, Emmanuel","","Enters Game","","Cheatham, Jr., Kwan; Dunn-Martin, Tavian; Ivey, Jimond; Jackson, Antino; Johnson, Isaiah; Olojakpoke, Emmanuel; Robotham, Noah; Utomi, Daniel; Williams, Josh","0:00"
"02/10/2017","7:01 p.m.","1st Half","03:57","31-24","Akron","Johnson, Isaiah","","Leaves Game","","Cheatham, Jr., Kwan; Dunn-Martin, Tavian; Ivey, Jimond; Jackson, Antino; Olojakpoke, Emmanuel; Robotham, Noah; Utomi, Daniel; Williams, Josh","0:00"
"02/10/2017","7:01 p.m.","1st Half","03:57","31-24","Akron","Ivey, Jimond","","Leaves Game","","Cheatham, Jr., Kwan; Dunn-Martin, Tavian; Jackson, Antino; Olojakpoke, Emmanuel; Robotham, Noah; Utomi, Daniel; Williams, Josh","0:00"
"02/10/2017","7:01 p.m.","1st Half","03:57","31-24","Akron","Jackson, Antino","","Leaves Game","","Cheatham, Jr., Kwan; Dunn-Martin, Tavian; Olojakpoke, Emmanuel; Robotham, Noah; Utomi, Daniel; Williams, Josh","0:00"
"02/10/2017","7:01 p.m.","1st Half","03:57","31-24","Eastern Mich.","Thompson IV, James","","Enters Game","","Bond, Tim; Mangum IV, Willie; Nobles, Jordan; Steele, Baylee; Thompson IV, James; Toney, Ty","0:00"
"02/10/2017","7:01 p.m.","1st Half","03:57","31-24","Eastern Mich.","Nobles, Jordan","","Leaves Game","","Bond, Tim; Mangum IV, Willie; Steele, Baylee; Thompson IV, James; Toney, Ty","0:00"
"02/10/2017","7:01 p.m.","1st Half","03:28","31-24","Eastern Mich.","Mangum IV, Willie","missed","Two Point Jumper","1","Bond, Tim; Mangum IV, Willie; Steele, Baylee; Thompson IV, James; Toney, Ty","0:29"
"02/10/2017","7:01 p.m.","1st Half","03:28","31-24","Eastern Mich.","Thompson IV, James","","Offensive Rebound","","Bond, Tim; Mangum IV, Willie; Steele, Baylee; Thompson IV, James; Toney, Ty","0:29"
"02/10/2017","7:01 p.m.","1st Half","03:24","31-26","Eastern Mich.","Thompson IV, James","made","Tip In","26","Bond, Tim; Mangum IV, Willie; Steele, Baylee; Thompson IV, James; Toney, Ty","0:33"
"02/10/2017","7:01 p.m.","1st Half","02:56","31-26","Akron","Robotham, Noah","","Turnover","","Cheatham, Jr., Kwan; Dunn-Martin, Tavian; Olojakpoke, Emmanuel; Robotham, Noah; Utomi, Daniel; Williams, Josh","1:01"
"02/10/2017","7:01 p.m.","1st Half","02:40","31-28","Eastern Mich.","Steele, Baylee","made","Two Point Jumper","14","Bond, Tim; Mangum IV, Willie; Steele, Baylee; Thompson IV, James; Toney, Ty","1:17"
"02/10/2017","7:01 p.m.","1st Half","02:40","31-28","Eastern Mich.","Toney, Ty","","Assist","","Bond, Tim; Mangum IV, Willie; Steele, Baylee; Thompson IV, James; Toney, Ty","1:17"
"02/10/2017","7:01 p.m.","1st Half","02:20","33-28","Akron","Utomi, Daniel","made","Two Point Jumper","10","Cheatham, Jr., Kwan; Dunn-Martin, Tavian; Olojakpoke, Emmanuel; Robotham, Noah; Utomi, Daniel; Williams, Josh","1:37"
"02/10/2017","7:01 p.m.","1st Half","02:20","33-28","Akron","Williams, Josh","","Assist","","Cheatham, Jr., Kwan; Dunn-Martin, Tavian; Olojakpoke, Emmanuel; Robotham, Noah; Utomi, Daniel; Williams, Josh","1:37"
"02/10/2017","7:01 p.m.","1st Half","02:04","33-28","Akron","Williams, Josh","","Commits Foul","14","Cheatham, Jr., Kwan; Dunn-Martin, Tavian; Olojakpoke, Emmanuel; Robotham, Noah; Utomi, Daniel; Williams, Josh","1:53"
"02/10/2017","7:01 p.m.","1st Half","02:04","33-28","Akron","Johnson, Isaiah","","Enters Game","","Cheatham, Jr., Kwan; Dunn-Martin, Tavian; Johnson, Isaiah; Olojakpoke, Emmanuel; Robotham, Noah; Utomi, Daniel; Williams, Josh","0:00"
"02/10/2017","7:01 p.m.","1st Half","02:04","33-28","Akron","Olojakpoke, Emmanuel","","Leaves Game","","Cheatham, Jr., Kwan; Dunn-Martin, Tavian; Johnson, Isaiah; Robotham, Noah; Utomi, Daniel; Williams, Josh","0:00"
"02/10/2017","7:01 p.m.","1st Half","02:04","33-28","Eastern Mich.","Nobles, Jordan","","Enters Game","","Bond, Tim; Mangum IV, Willie; Nobles, Jordan; Steele, Baylee; Thompson IV, James; Toney, Ty","0:00"
"02/10/2017","7:01 p.m.","1st Half","02:04","33-28","Eastern Mich.","Steele, Baylee","","Leaves Game","","Bond, Tim; Mangum IV, Willie; Nobles, Jordan; Thompson IV, James; Toney, Ty","0:00"
"02/10/2017","7:01 p.m.","1st Half","01:53","33-30","Eastern Mich.","Bond, Tim","made","Two Point Jumper","19","Bond, Tim; Mangum IV, Willie; Nobles, Jordan; Thompson IV, James; Toney, Ty","0:11"
"02/10/2017","7:01 p.m.","1st Half","01:27","33-30","Akron","Cheatham, Jr., Kwan","missed","Three Point Jumper","4","Cheatham, Jr., Kwan; Dunn-Martin, Tavian; Johnson, Isaiah; Robotham, Noah; Utomi, Daniel; Williams, Josh","0:37"
"02/10/2017","7:01 p.m.","1st Half","01:27","33-30","Akron","Johnson, Isaiah","","Offensive Rebound","","Cheatham, Jr., Kwan; Dunn-Martin, Tavian; Johnson, Isaiah; Robotham, Noah; Utomi, Daniel; Williams, Josh","0:37"
"02/10/2017","7:01 p.m.","1st Half","01:23","33-30","Eastern Mich.","Bond, Tim","","Commits Foul","26","Bond, Tim; Mangum IV, Willie; Nobles, Jordan; Thompson IV, James; Toney, Ty","0:41"
"02/10/2017","7:01 p.m.","1st Half","01:23","33-30","Akron","Jackson, Antino","","Enters Game","","Cheatham, Jr., Kwan; Dunn-Martin, Tavian; Jackson, Antino; Johnson, Isaiah; Robotham, Noah; Utomi, Daniel; Williams, Josh","0:00"
"02/10/2017","7:01 p.m.","1st Half","01:23","33-30","Akron","Utomi, Daniel","","Leaves Game","","Cheatham, Jr., Kwan; Dunn-Martin, Tavian; Jackson, Antino; Johnson, Isaiah; Robotham, Noah; Williams, Josh","0:00"
"02/10/2017","7:01 p.m.","1st Half","01:01","33-30","Akron","Johnson, Isaiah","missed","Layup","8","Cheatham, Jr., Kwan; Dunn-Martin, Tavian; Jackson, Antino; Johnson, Isaiah; Robotham, Noah; Williams, Josh","0:22"
"02/10/2017","7:01 p.m.","1st Half","01:01","33-30","Eastern Mich.","Bond, Tim","","Defensive Rebound","","Bond, Tim; Mangum IV, Willie; Nobles, Jordan; Thompson IV, James; Toney, Ty","1:03"
"02/10/2017","7:01 p.m.","1st Half","00:54","33-32","Eastern Mich.","Thompson IV, James","made","Layup","23","Bond, Tim; Mangum IV, Willie; Nobles, Jordan; Thompson IV, James; Toney, Ty","1:10"
"02/10/2017","7:01 p.m.","1st Half","00:54","33-32","Eastern Mich.","Bond, Tim","","Assist","","Bond, Tim; Mangum IV, Willie; Nobles, Jordan; Thompson IV, James; Toney, Ty","1:10"
"02/10/2017","7:01 p.m.","1st Half","00:38","33-32","Akron","Jackson, Antino","","Turnover","","Cheatham, Jr., Kwan; Dunn-Martin, Tavian; Jackson, Antino; Johnson, Isaiah; Robotham, Noah; Williams, Josh","0:45"
"02/10/2017","7:01 p.m.","1st Half","00:37","33-32","Eastern Mich.","Bond, Tim","","Steal","","Bond, Tim; Mangum IV, Willie; Nobles, Jordan; Thompson IV, James; Toney, Ty","1:27"
"02/10/2017","7:01 p.m.","1st Half","00:34","33-34","Eastern Mich.","Mangum IV, Willie","made","Layup","26","Bond, Tim; Mangum IV, Willie; Nobles, Jordan; Thompson IV, James; Toney, Ty","1:30"
"02/10/2017","7:01 p.m.","1st Half","00:03","33-34","Akron","Johnson, Isaiah","missed","Layup","0","Cheatham, Jr., Kwan; Dunn-Martin, Tavian; Jackson, Antino; Johnson, Isaiah; Robotham, Noah; Williams, Josh","1:20"
"02/10/2017","7:01 p.m.","1st Half","00:03","33-34","Eastern Mich.","Thompson IV, James","","Blocked Shot","","Bond, Tim; Mangum IV, Willie; Nobles, Jordan; Thompson IV, James; Toney, Ty","2:01"
"02/10/2017","7:01 p.m.","1st Half","00:03","33-34","Akron","Johnson, Isaiah","","Offensive Rebound","","Cheatham, Jr., Kwan; Dunn-Martin, Tavian; Jackson, Antino; Johnson, Isaiah; Robotham, Noah; Williams, Josh","1:20"
"02/10/2017","7:01 p.m.","1st Half","00:03","35-34","Akron","Johnson, Isaiah","made","Layup","","Cheatham, Jr., Kwan; Dunn-Martin, Tavian; Jackson, Antino; Johnson, Isaiah; Robotham, Noah; Williams, Josh","1:20"
"02/10/2017","7:01 p.m.","1st Half","00:03","35-34","Eastern Mich.","Thompson IV, James","","Commits Foul","","Bond, Tim; Mangum IV, Willie; Nobles, Jordan; Thompson IV, James; Toney, Ty","2:01"
"02/10/2017","7:01 p.m.","1st Half","00:03","35-34","Akron","Johnson, Isaiah","missed","Free Throw","","Cheatham, Jr., Kwan; Dunn-Martin, Tavian; Jackson, Antino; Johnson, Isaiah; Robotham, Noah; Williams, Josh","1:20"
"02/10/2017","7:01 p.m.","1st Half","00:03","35-34","Eastern Mich.","Toney, Ty","","Defensive Rebound","","Bond, Tim; Mangum IV, Willie; Nobles, Jordan; Thompson IV, James; Toney, Ty","2:01"
"02/10/2017","7:01 p.m.","2nd Half","19:45","35-34","Eastern Mich.","Nobles, Jordan","","Commits Foul","15","Mangum IV, Willie; Nobles, Jordan; Steele, Baylee; Thompson IV, James; Toney, Ty","0:15"
"02/10/2017","7:01 p.m.","2nd Half","19:45","36-34","Akron","Johnson, Isaiah","made","Free Throw","","Cheatham, Jr., Kwan; Ivey, Jimond; Jackson, Antino; Johnson, Isaiah; Robotham, Noah","0:15"
"02/10/2017","7:01 p.m.","2nd Half","19:45","37-34","Akron","Johnson, Isaiah","made","Free Throw","","Cheatham, Jr., Kwan; Ivey, Jimond; Jackson, Antino; Johnson, Isaiah; Robotham, Noah","0:15"
"02/10/2017","7:01 p.m.","2nd Half","19:26","37-36","Eastern Mich.","Thompson IV, James","made","Two Point Jumper","11","Mangum IV, Willie; Nobles, Jordan; Steele, Baylee; Thompson IV, James; Toney, Ty","0:34"
"02/10/2017","7:01 p.m.","2nd Half","18:57","40-36","Akron","Robotham, Noah","made","Three Point Jumper","1","Cheatham, Jr., Kwan; Ivey, Jimond; Jackson, Antino; Johnson, Isaiah; Robotham, Noah","1:03"
"02/10/2017","7:01 p.m.","2nd Half","18:57","40-36","Akron","Ivey, Jimond","","Assist","","Cheatham, Jr., Kwan; Ivey, Jimond; Jackson, Antino; Johnson, Isaiah; Robotham, Noah","1:03"
"02/10/2017","7:01 p.m.","2nd Half","18:40","40-39","Eastern Mich.","Nobles, Jordan","made","Three Point Jumper","13","Mangum IV, Willie; Nobles, Jordan; Steele, Baylee; Thompson IV, James; Toney, Ty","1:20"
"02/10/2017","7:01 p.m.","2nd Half","18:40","40-39","Eastern Mich.","Toney, Ty","","Assist","","Mangum IV, Willie; Nobles, Jordan; Steele, Baylee; Thompson IV, James; Toney, Ty","1:20"
"02/10/2017","7:01 p.m.","2nd Half","18:19","43-39","Akron","Cheatham, Jr., Kwan","made","Three Point Jumper","9","Cheatham, Jr., Kwan; Ivey, Jimond; Jackson, Antino; Johnson, Isaiah; Robotham, Noah","1:41"
"02/10/2017","7:01 p.m.","2nd Half","18:19","43-39","Akron","Johnson, Isaiah","","Assist","","Cheatham, Jr., Kwan; Ivey, Jimond; Jackson, Antino; Johnson, Isaiah; Robotham, Noah","1:41"
"02/10/2017","7:01 p.m.","2nd Half","18:01","43-39","Eastern Mich.","Mangum IV, Willie","","Turnover","","Mangum IV, Willie; Nobles, Jordan; Steele, Baylee; Thompson IV, James; Toney, Ty","1:59"
"02/10/2017","7:01 p.m.","2nd Half","18:01","43-39","Akron","Robotham, Noah","","Steal","","Cheatham, Jr., Kwan; Ivey, Jimond; Jackson, Antino; Johnson, Isaiah; Robotham, Noah","1:59"
"02/10/2017","7:01 p.m.","2nd Half","17:50","43-39","Akron","Cheatham, Jr., Kwan","missed","Three Point Jumper","19","Cheatham, Jr., Kwan; Ivey, Jimond; Jackson, Antino; Johnson, Isaiah; Robotham, Noah","2:10"
"02/10/2017","7:01 p.m.","2nd Half","17:50","43-39","Eastern Mich.","Thompson IV, James","","Defensive Rebound","","Mangum IV, Willie; Nobles, Jordan; Steele, Baylee; Thompson IV, James; Toney, Ty","2:10"
"02/10/2017","7:01 p.m.","2nd Half","17:37","43-39","Eastern Mich.","Thompson IV, James","missed","Layup","17","Mangum IV, Willie; Nobles, Jordan; Steele, Baylee; Thompson IV, James; Toney, Ty","2:23"
"02/10/2017","7:01 p.m.","2nd Half","17:37","43-39","Eastern Mich.","Mangum IV, Willie","","Offensive Rebound","","Mangum IV, Willie; Nobles, Jordan; Steele, Baylee; Thompson IV, James; Toney, Ty","2:23"
"02/10/2017","7:01 p.m.","2nd Half","17:26","43-39","Eastern Mich.","Nobles, Jordan","missed","Three Point Jumper","19","Mangum IV, Willie; Nobles, Jordan; Steele, Baylee; Thompson IV, James; Toney, Ty","2:34"
"02/10/2017","7:01 p.m.","2nd Half","17:26","43-39","Akron","Robotham, Noah","","Defensive Rebound","","Cheatham, Jr., Kwan; Ivey, Jimond; Jackson, Antino; Johnson, Isaiah; Robotham, Noah","2:34"
"02/10/2017","7:01 p.m.","2nd Half","17:05","43-39","Akron","Jackson, Antino","missed","Three Point Jumper","9","Cheatham, Jr., Kwan; Ivey, Jimond; Jackson, Antino; Johnson, Isaiah; Robotham, Noah","2:55"
"02/10/2017","7:01 p.m.","2nd Half","17:05","43-39","Eastern Mich.","Toney, Ty","","Defensive Rebound","","Mangum IV, Willie; Nobles, Jordan; Steele, Baylee; Thompson IV, James; Toney, Ty","2:55"
"02/10/2017","7:01 p.m.","2nd Half","16:57","43-39","Eastern Mich.","Toney, Ty","missed","Layup","22","Mangum IV, Willie; Nobles, Jordan; Steele, Baylee; Thompson IV, James; Toney, Ty","3:03"
"02/10/2017","7:01 p.m.","2nd Half","16:57","43-39","Akron","Johnson, Isaiah","","Defensive Rebound","","Cheatham, Jr., Kwan; Ivey, Jimond; Jackson, Antino; Johnson, Isaiah; Robotham, Noah","3:03"
"02/10/2017","7:01 p.m.","2nd Half","16:45","46-39","Akron","Jackson, Antino","made","Three Point Jumper","18","Cheatham, Jr., Kwan; Ivey, Jimond; Jackson, Antino; Johnson, Isaiah; Robotham, Noah","3:15"
"02/10/2017","7:01 p.m.","2nd Half","16:45","46-39","Akron","Robotham, Noah","","Assist","","Cheatham, Jr., Kwan; Ivey, Jimond; Jackson, Antino; Johnson, Isaiah; Robotham, Noah","3:15"
"02/10/2017","7:01 p.m.","2nd Half","16:43","46-39","Akron","Williams, Josh","","Enters Game","","Cheatham, Jr., Kwan; Ivey, Jimond; Jackson, Antino; Johnson, Isaiah; Robotham, Noah; Williams, Josh","0:00"
"02/10/2017","7:01 p.m.","2nd Half","16:43","46-39","Akron","Robotham, Noah","","Leaves Game","","Cheatham, Jr., Kwan; Ivey, Jimond; Jackson, Antino; Johnson, Isaiah; Williams, Josh","0:00"
"02/10/2017","7:01 p.m.","2nd Half","16:43","46-39","Eastern Mich.","Bond, Tim","","Enters Game","","Bond, Tim; Mangum IV, Willie; Nobles, Jordan; Steele, Baylee; Thompson IV, James; Toney, Ty","0:00"
"02/10/2017","7:01 p.m.","2nd Half","16:43","46-39","Eastern Mich.","Nobles, Jordan","","Leaves Game","","Bond, Tim; Mangum IV, Willie; Steele, Baylee; Thompson IV, James; Toney, Ty","0:00"
"02/10/2017","7:01 p.m.","2nd Half","16:32","46-39","Eastern Mich.","Bond, Tim","missed","Layup","17","Bond, Tim; Mangum IV, Willie; Steele, Baylee; Thompson IV, James; Toney, Ty","0:11"
"02/10/2017","7:01 p.m.","2nd Half","16:32","46-39","Akron","Team","","Defensive Rebound","","Cheatham, Jr., Kwan; Ivey, Jimond; Jackson, Antino; Johnson, Isaiah; Williams, Josh","0:11"
"02/10/2017","7:01 p.m.","2nd Half","16:08","46-39","Akron","Cheatham, Jr., Kwan","missed","Three Point Jumper","6","Cheatham, Jr., Kwan; Ivey, Jimond; Jackson, Antino; Johnson, Isaiah; Williams, Josh","0:35"
"02/10/2017","7:01 p.m.","2nd Half","16:08","46-39","Eastern Mich.","Thompson IV, James","","Defensive Rebound","","Bond, Tim; Mangum IV, Willie; Steele, Baylee; Thompson IV, James; Toney, Ty","0:35"
"02/10/2017","7:01 p.m.","2nd Half","15:52","46-39","Akron","Cheatham, Jr., Kwan","","Commits Foul","14","Cheatham, Jr., Kwan; Ivey, Jimond; Jackson, Antino; Johnson, Isaiah; Williams, Josh","0:51"
"02/10/2017","7:01 p.m.","2nd Half","15:52","46-39","Eastern Mich.","Team","","Media Timeout","","Bond, Tim; Mangum IV, Willie; Steele, Baylee; Thompson IV, James; Toney, Ty","0:51"
"02/10/2017","7:01 p.m.","2nd Half","15:52","46-40","Eastern Mich.","Toney, Ty","made","Free Throw","","Bond, Tim; Mangum IV, Willie; Steele, Baylee; Thompson IV, James; Toney, Ty","0:51"
"02/10/2017","7:01 p.m.","2nd Half","15:52","46-40","Eastern Mich.","Toney, Ty","missed","Free Throw","","Bond, Tim; Mangum IV, Willie; Steele, Baylee; Thompson IV, James; Toney, Ty","0:51"
"02/10/2017","7:01 p.m.","2nd Half","15:52","46-40","Akron","Ivey, Jimond","","Defensive Rebound","","Cheatham, Jr., Kwan; Ivey, Jimond; Jackson, Antino; Johnson, Isaiah; Williams, Josh","0:51"
"02/10/2017","7:01 p.m.","2nd Half","15:32","48-40","Akron","Ivey, Jimond","made","Layup","10","Cheatham, Jr., Kwan; Ivey, Jimond; Jackson, Antino; Johnson, Isaiah; Williams, Josh","1:11"
"02/10/2017","7:01 p.m.","2nd Half","15:32","48-40","Akron","Williams, Josh","","Assist","","Cheatham, Jr., Kwan; Ivey, Jimond; Jackson, Antino; Johnson, Isaiah; Williams, Josh","1:11"
"02/10/2017","7:01 p.m.","2nd Half","15:23","48-42","Eastern Mich.","Mangum IV, Willie","made","Two Point Jumper","21","Bond, Tim; Mangum IV, Willie; Steele, Baylee; Thompson IV, James; Toney, Ty","1:20"
"02/10/2017","7:01 p.m.","2nd Half","15:02","50-42","Akron","Johnson, Isaiah","made","Layup","9","Cheatham, Jr., Kwan; Ivey, Jimond; Jackson, Antino; Johnson, Isaiah; Williams, Josh","1:41"
"02/10/2017","7:01 p.m.","2nd Half","14:37","50-44","Eastern Mich.","Thompson IV, James","made","Two Point Jumper","5","Bond, Tim; Mangum IV, Willie; Steele, Baylee; Thompson IV, James; Toney, Ty","2:06"
"02/10/2017","7:01 p.m.","2nd Half","14:16","50-44","Akron","Williams, Josh","","Turnover","","Cheatham, Jr., Kwan; Ivey, Jimond; Jackson, Antino; Johnson, Isaiah; Williams, Josh","2:27"
"02/10/2017","7:01 p.m.","2nd Half","14:16","50-44","Akron","Utomi, Daniel","","Enters Game","","Cheatham, Jr., Kwan; Ivey, Jimond; Jackson, Antino; Johnson, Isaiah; Utomi, Daniel; Williams, Josh","0:00"
"02/10/2017","7:01 p.m.","2nd Half","14:16","50-44","Akron","Dunn-Martin, Tavian","","Enters Game","","Cheatham, Jr., Kwan; Dunn-Martin, Tavian; Ivey, Jimond; Jackson, Antino; Johnson, Isaiah; Utomi, Daniel; Williams, Josh","0:00"
"02/10/2017","7:01 p.m.","2nd Half","14:16","50-44","Akron","Cheatham, Jr., Kwan","","Leaves Game","","Dunn-Martin, Tavian; Ivey, Jimond; Jackson, Antino; Johnson, Isaiah; Utomi, Daniel; Williams, Josh","0:00"
"02/10/2017","7:01 p.m.","2nd Half","14:16","50-44","Akron","Jackson, Antino","","Leaves Game","","Dunn-Martin, Tavian; Ivey, Jimond; Johnson, Isaiah; Utomi, Daniel; Williams, Josh","0:00"
"02/10/2017","7:01 p.m.","2nd Half","14:16","50-44","Eastern Mich.","Nobles, Jordan","","Enters Game","","Bond, Tim; Mangum IV, Willie; Nobles, Jordan; Steele, Baylee; Thompson IV, James; Toney, Ty","0:00"
"02/10/2017","7:01 p.m.","2nd Half","14:16","50-44","Eastern Mich.","Madray, Nick","","Enters Game","","Bond, Tim; Madray, Nick; Mangum IV, Willie; Nobles, Jordan; Steele, Baylee; Thompson IV, James; Toney, Ty","0:00"
"02/10/2017","7:01 p.m.","2nd Half","14:16","50-44","Eastern Mich.","Steele, Baylee","","Leaves Game","","Bond, Tim; Madray, Nick; Mangum IV, Willie; Nobles, Jordan; Thompson IV, James; Toney, Ty","0:00"
"02/10/2017","7:01 p.m.","2nd Half","14:16","50-44","Eastern Mich.","Toney, Ty","","Leaves Game","","Bond, Tim; Madray, Nick; Mangum IV, Willie; Nobles, Jordan; Thompson IV, James","0:00"
"02/10/2017","7:01 p.m.","2nd Half","14:02","50-44","Eastern Mich.","Bond, Tim","missed","Three Point Jumper","16","Bond, Tim; Madray, Nick; Mangum IV, Willie; Nobles, Jordan; Thompson IV, James","0:14"
"02/10/2017","7:01 p.m.","2nd Half","14:02","50-44","Eastern Mich.","Team","","Offensive Rebound","","Bond, Tim; Madray, Nick; Mangum IV, Willie; Nobles, Jordan; Thompson IV, James","0:14"
"02/10/2017","7:01 p.m.","2nd Half","13:53","50-46","Eastern Mich.","Madray, Nick","made","Layup","21","Bond, Tim; Madray, Nick; Mangum IV, Willie; Nobles, Jordan; Thompson IV, James","0:23"
"02/10/2017","7:01 p.m.","2nd Half","13:17","50-46","Akron","Team","","Turnover","","Dunn-Martin, Tavian; Ivey, Jimond; Johnson, Isaiah; Utomi, Daniel; Williams, Josh","0:59"
"02/10/2017","7:01 p.m.","2nd Half","13:07","50-46","Akron","Dunn-Martin, Tavian","","Commits Foul","20","Dunn-Martin, Tavian; Ivey, Jimond; Johnson, Isaiah; Utomi, Daniel; Williams, Josh","1:09"
"02/10/2017","7:01 p.m.","2nd Half","13:07","50-46","Akron","Olojakpoke, Emmanuel","","Enters Game","","Dunn-Martin, Tavian; Ivey, Jimond; Johnson, Isaiah; Olojakpoke, Emmanuel; Utomi, Daniel; Williams, Josh","0:00"
"02/10/2017","7:01 p.m.","2nd Half","13:07","50-46","Akron","Cheatham, Jr., Kwan","","Enters Game","","Cheatham, Jr., Kwan; Dunn-Martin, Tavian; Ivey, Jimond; Johnson, Isaiah; Olojakpoke, Emmanuel; Utomi, Daniel; Williams, Josh","0:00"
"02/10/2017","7:01 p.m.","2nd Half","13:07","50-46","Akron","Johnson, Isaiah","","Leaves Game","","Cheatham, Jr., Kwan; Dunn-Martin, Tavian; Ivey, Jimond; Olojakpoke, Emmanuel; Utomi, Daniel; Williams, Josh","0:00"
"02/10/2017","7:01 p.m.","2nd Half","13:07","50-46","Akron","Ivey, Jimond","","Leaves Game","","Cheatham, Jr., Kwan; Dunn-Martin, Tavian; Olojakpoke, Emmanuel; Utomi, Daniel; Williams, Josh","0:00"
"02/10/2017","7:01 p.m.","2nd Half","13:01","50-46","Akron","Williams, Josh","","Commits Foul","24","Cheatham, Jr., Kwan; Dunn-Martin, Tavian; Olojakpoke, Emmanuel; Utomi, Daniel; Williams, Josh","0:06"
"02/10/2017","7:01 p.m.","2nd Half","12:52","50-46","Eastern Mich.","Bond, Tim","","Turnover","","Bond, Tim; Madray, Nick; Mangum IV, Willie; Nobles, Jordan; Thompson IV, James","1:24"
"02/10/2017","7:01 p.m.","2nd Half","12:51","50-46","Akron","Williams, Josh","","Steal","","Cheatham, Jr., Kwan; Dunn-Martin, Tavian; Olojakpoke, Emmanuel; Utomi, Daniel; Williams, Josh","0:16"
"02/10/2017","7:01 p.m.","2nd Half","12:47","50-46","Akron","Utomi, Daniel","missed","Two Point Jumper","25","Cheatham, Jr., Kwan; Dunn-Martin, Tavian; Olojakpoke, Emmanuel; Utomi, Daniel; Williams, Josh","0:20"
"02/10/2017","7:01 p.m.","2nd Half","12:47","50-46","Eastern Mich.","Thompson IV, James","","Defensive Rebound","","Bond, Tim; Madray, Nick; Mangum IV, Willie; Nobles, Jordan; Thompson IV, James","1:29"
"02/10/2017","7:01 p.m.","2nd Half","12:43","50-46","Akron","Olojakpoke, Emmanuel","","Commits Foul","26","Cheatham, Jr., Kwan; Dunn-Martin, Tavian; Olojakpoke, Emmanuel; Utomi, Daniel; Williams, Josh","0:24"
"02/10/2017","7:01 p.m.","2nd Half","12:33","50-46","Eastern Mich.","Bond, Tim","","Turnover","","Bond, Tim; Madray, Nick; Mangum IV, Willie; Nobles, Jordan; Thompson IV, James","1:43"
"02/10/2017","7:01 p.m.","2nd Half","12:33","50-46","Akron","Robotham, Noah","","Enters Game","","Cheatham, Jr., Kwan; Dunn-Martin, Tavian; Olojakpoke, Emmanuel; Robotham, Noah; Utomi, Daniel; Williams, Josh","0:00"
"02/10/2017","7:01 p.m.","2nd Half","12:33","50-46","Akron","Williams, Josh","","Leaves Game","","Cheatham, Jr., Kwan; Dunn-Martin, Tavian; Olojakpoke, Emmanuel; Robotham, Noah; Utomi, Daniel","0:00"
"02/10/2017","7:01 p.m.","2nd Half","12:33","50-46","Eastern Mich.","Toney, Ty","","Enters Game","","Bond, Tim; Madray, Nick; Mangum IV, Willie; Nobles, Jordan; Thompson IV, James; Toney, Ty","0:00"
"02/10/2017","7:01 p.m.","2nd Half","12:33","50-46","Eastern Mich.","Mangum IV, Willie","","Leaves Game","","Bond, Tim; Madray, Nick; Nobles, Jordan; Thompson IV, James; Toney, Ty","0:00"
"02/10/2017","7:01 p.m.","2nd Half","12:18","50-46","Akron","Robotham, Noah","missed","Two Point Jumper","15","Cheatham, Jr., Kwan; Dunn-Martin, Tavian; Olojakpoke, Emmanuel; Robotham, Noah; Utomi, Daniel","0:15"
"02/10/2017","7:01 p.m.","2nd Half","12:18","50-46","Eastern Mich.","Thompson IV, James","","Defensive Rebound","","Bond, Tim; Madray, Nick; Nobles, Jordan; Thompson IV, James; Toney, Ty","0:15"
"02/10/2017","7:01 p.m.","2nd Half","12:13","50-46","Eastern Mich.","Thompson IV, James","","Turnover","","Bond, Tim; Madray, Nick; Nobles, Jordan; Thompson IV, James; Toney, Ty","0:20"
"02/10/2017","7:01 p.m.","2nd Half","12:11","50-46","Akron","Utomi, Daniel","","Steal","","Cheatham, Jr., Kwan; Dunn-Martin, Tavian; Olojakpoke, Emmanuel; Robotham, Noah; Utomi, Daniel","0:22"
"02/10/2017","7:01 p.m.","2nd Half","12:07","53-46","Akron","Utomi, Daniel","made","Three Point Jumper","24","Cheatham, Jr., Kwan; Dunn-Martin, Tavian; Olojakpoke, Emmanuel; Robotham, Noah; Utomi, Daniel","0:26"
"02/10/2017","7:01 p.m.","2nd Half","12:07","53-46","Akron","Cheatham, Jr., Kwan","","Assist","","Cheatham, Jr., Kwan; Dunn-Martin, Tavian; Olojakpoke, Emmanuel; Robotham, Noah; Utomi, Daniel","0:26"
"02/10/2017","7:01 p.m.","2nd Half","11:46","53-46","Eastern Mich.","Toney, Ty","missed","Two Point Jumper","9","Bond, Tim; Madray, Nick; Nobles, Jordan; Thompson IV, James; Toney, Ty","0:47"
"02/10/2017","7:01 p.m.","2nd Half","11:46","53-46","Akron","Robotham, Noah","","Defensive Rebound","","Cheatham, Jr., Kwan; Dunn-Martin, Tavian; Olojakpoke, Emmanuel; Robotham, Noah; Utomi, Daniel","0:47"
"02/10/2017","7:01 p.m.","2nd Half","11:38","56-46","Akron","Cheatham, Jr., Kwan","made","Three Point Jumper","22","Cheatham, Jr., Kwan; Dunn-Martin, Tavian; Olojakpoke, Emmanuel; Robotham, Noah; Utomi, Daniel","0:55"
"02/10/2017","7:01 p.m.","2nd Half","11:38","56-46","Akron","Utomi, Daniel","","Assist","","Cheatham, Jr., Kwan; Dunn-Martin, Tavian; Olojakpoke, Emmanuel; Robotham, Noah; Utomi, Daniel","0:55"
"02/10/2017","7:01 p.m.","2nd Half","11:32","56-46","Eastern Mich.","Team","","Team Timeout","","Bond, Tim; Madray, Nick; Nobles, Jordan; Thompson IV, James; Toney, Ty","1:01"
"02/10/2017","7:01 p.m.","2nd Half","11:32","56-46","Eastern Mich.","Mangum IV, Willie","","Enters Game","","Bond, Tim; Madray, Nick; Mangum IV, Willie; Nobles, Jordan; Thompson IV, James; Toney, Ty","0:00"
"02/10/2017","7:01 p.m.","2nd Half","11:32","56-46","Eastern Mich.","Nobles, Jordan","","Leaves Game","","Bond, Tim; Madray, Nick; Mangum IV, Willie; Thompson IV, James; Toney, Ty","0:00"
"02/10/2017","7:01 p.m.","2nd Half","11:17","56-46","Eastern Mich.","Madray, Nick","","Turnover","","Bond, Tim; Madray, Nick; Mangum IV, Willie; Thompson IV, James; Toney, Ty","0:15"
"02/10/2017","7:01 p.m.","2nd Half","11:16","56-46","Akron","Cheatham, Jr., Kwan","","Steal","","Cheatham, Jr., Kwan; Dunn-Martin, Tavian; Olojakpoke, Emmanuel; Robotham, Noah; Utomi, Daniel","1:17"
"02/10/2017","7:01 p.m.","2nd Half","10:56","56-46","Eastern Mich.","Bond, Tim","","Commits Foul","9","Bond, Tim; Madray, Nick; Mangum IV, Willie; Thompson IV, James; Toney, Ty","0:36"
"02/10/2017","7:01 p.m.","2nd Half","10:56","56-46","Akron","Team","","Media Timeout","","Cheatham, Jr., Kwan; Dunn-Martin, Tavian; Olojakpoke, Emmanuel; Robotham, Noah; Utomi, Daniel","1:37"
"02/10/2017","7:01 p.m.","2nd Half","10:55","56-46","Akron","Olojakpoke, Emmanuel","missed","Free Throw","","Cheatham, Jr., Kwan; Dunn-Martin, Tavian; Olojakpoke, Emmanuel; Robotham, Noah; Utomi, Daniel","1:38"
"02/10/2017","7:01 p.m.","2nd Half","10:55","56-46","Akron","Team","","Deadball Rebound","","Cheatham, Jr., Kwan; Dunn-Martin, Tavian; Olojakpoke, Emmanuel; Robotham, Noah; Utomi, Daniel","1:38"
"02/10/2017","7:01 p.m.","2nd Half","10:55","56-46","Akron","Olojakpoke, Emmanuel","missed","Free Throw","","Cheatham, Jr., Kwan; Dunn-Martin, Tavian; Olojakpoke, Emmanuel; Robotham, Noah; Utomi, Daniel","1:38"
"02/10/2017","7:01 p.m.","2nd Half","10:55","56-46","Eastern Mich.","Nobles, Jordan","","Defensive Rebound","","Bond, Tim; Madray, Nick; Mangum IV, Willie; Nobles, Jordan; Thompson IV, James; Toney, Ty","0:00"
"02/10/2017","7:01 p.m.","2nd Half","10:55","56-46","Eastern Mich.","Steele, Baylee","","Enters Game","","Bond, Tim; Madray, Nick; Mangum IV, Willie; Nobles, Jordan; Steele, Baylee; Thompson IV, James; Toney, Ty","0:00"
"02/10/2017","7:01 p.m.","2nd Half","10:55","56-46","Eastern Mich.","Nobles, Jordan","","Enters Game","","Bond, Tim; Madray, Nick; Mangum IV, Willie; Nobles, Jordan; Steele, Baylee; Thompson IV, James; Toney, Ty","0:00"
"02/10/2017","7:01 p.m.","2nd Half","10:55","56-46","Eastern Mich.","Madray, Nick","","Leaves Game","","Bond, Tim; Mangum IV, Willie; Nobles, Jordan; Steele, Baylee; Thompson IV, James; Toney, Ty","0:00"
"02/10/2017","7:01 p.m.","2nd Half","10:55","56-46","Eastern Mich.","Bond, Tim","","Leaves Game","","Mangum IV, Willie; Nobles, Jordan; Steele, Baylee; Thompson IV, James; Toney, Ty","3:17"
"02/10/2017","7:01 p.m.","2nd Half","10:39","56-46","Akron","Dunn-Martin, Tavian","","Commits Foul","13","Cheatham, Jr., Kwan; Dunn-Martin, Tavian; Olojakpoke, Emmanuel; Robotham, Noah; Utomi, Daniel","1:54"
"02/10/2017","7:01 p.m.","2nd Half","10:39","56-46","Akron","Jackson, Antino","","Enters Game","","Cheatham, Jr., Kwan; Dunn-Martin, Tavian; Jackson, Antino; Olojakpoke, Emmanuel; Robotham, Noah; Utomi, Daniel","0:00"
"02/10/2017","7:01 p.m.","2nd Half","10:39","56-46","Akron","Dunn-Martin, Tavian","","Leaves Game","","Cheatham, Jr., Kwan; Jackson, Antino; Olojakpoke, Emmanuel; Robotham, Noah; Utomi, Daniel","0:00"
"02/10/2017","7:01 p.m.","2nd Half","10:34","56-46","Eastern Mich.","Steele, Baylee","missed","Layup","25","Mangum IV, Willie; Nobles, Jordan; Steele, Baylee; Thompson IV, James; Toney, Ty","3:38"
"02/10/2017","7:01 p.m.","2nd Half","10:34","56-46","Eastern Mich.","Steele, Baylee","","Offensive Rebound","","Mangum IV, Willie; Nobles, Jordan; Steele, Baylee; Thompson IV, James; Toney, Ty","3:38"
"02/10/2017","7:01 p.m.","2nd Half","10:32","56-48","Eastern Mich.","Steele, Baylee","made","Layup","28","Mangum IV, Willie; Nobles, Jordan; Steele, Baylee; Thompson IV, James; Toney, Ty","3:40"
"02/10/2017","7:01 p.m.","2nd Half","10:11","59-48","Akron","Robotham, Noah","made","Three Point Jumper","9","Cheatham, Jr., Kwan; Jackson, Antino; Olojakpoke, Emmanuel; Robotham, Noah; Utomi, Daniel","0:28"
"02/10/2017","7:01 p.m.","2nd Half","10:11","59-48","Akron","Jackson, Antino","","Assist","","Cheatham, Jr., Kwan; Jackson, Antino; Olojakpoke, Emmanuel; Robotham, Noah; Utomi, Daniel","0:28"
"02/10/2017","7:01 p.m.","2nd Half","09:52","59-48","Eastern Mich.","Mangum IV, Willie","missed","Two Point Jumper","11","Mangum IV, Willie; Nobles, Jordan; Steele, Baylee; Thompson IV, James; Toney, Ty","4:20"
"02/10/2017","7:01 p.m.","2nd Half","09:52","59-48","Akron","Olojakpoke, Emmanuel","","Defensive Rebound","","Cheatham, Jr., Kwan; Jackson, Antino; Olojakpoke, Emmanuel; Robotham, Noah; Utomi, Daniel","0:47"
"02/10/2017","7:01 p.m.","2nd Half","09:44","62-48","Akron","Cheatham, Jr., Kwan","made","Three Point Jumper","22","Cheatham, Jr., Kwan; Jackson, Antino; Olojakpoke, Emmanuel; Robotham, Noah; Utomi, Daniel","0:55"
"02/10/2017","7:01 p.m.","2nd Half","09:44","62-48","Akron","Robotham, Noah","","Assist","","Cheatham, Jr., Kwan; Jackson, Antino; Olojakpoke, Emmanuel; Robotham, Noah; Utomi, Daniel","0:55"
"02/10/2017","7:01 p.m.","2nd Half","09:24","62-51","Eastern Mich.","Toney, Ty","made","Three Point Jumper","10","Mangum IV, Willie; Nobles, Jordan; Steele, Baylee; Thompson IV, James; Toney, Ty","4:48"
"02/10/2017","7:01 p.m.","2nd Half","09:24","62-51","Eastern Mich.","Mangum IV, Willie","","Assist","","Mangum IV, Willie; Nobles, Jordan; Steele, Baylee; Thompson IV, James; Toney, Ty","4:48"
"02/10/2017","7:01 p.m.","2nd Half","09:00","64-51","Akron","Cheatham, Jr., Kwan","made","Two Point Jumper","6","Cheatham, Jr., Kwan; Jackson, Antino; Olojakpoke, Emmanuel; Robotham, Noah; Utomi, Daniel","1:39"
"02/10/2017","7:01 p.m.","2nd Half","08:44","64-51","Akron","Cheatham, Jr., Kwan","","Commits Foul","14","Cheatham, Jr., Kwan; Jackson, Antino; Olojakpoke, Emmanuel; Robotham, Noah; Utomi, Daniel","1:55"
"02/10/2017","7:01 p.m.","2nd Half","08:44","64-51","Eastern Mich.","Thompson IV, James","missed","Free Throw","","Mangum IV, Willie; Nobles, Jordan; Steele, Baylee; Thompson IV, James; Toney, Ty","5:28"
"02/10/2017","7:01 p.m.","2nd Half","08:44","64-51","Eastern Mich.","Team","","Deadball Rebound","","Mangum IV, Willie; Nobles, Jordan; Steele, Baylee; Thompson IV, James; Toney, Ty","5:28"
"02/10/2017","7:01 p.m.","2nd Half","08:44","64-52","Eastern Mich.","Thompson IV, James","made","Free Throw","","Mangum IV, Willie; Nobles, Jordan; Steele, Baylee; Thompson IV, James; Toney, Ty","5:28"
"02/10/2017","7:01 p.m.","2nd Half","08:44","64-52","Akron","Johnson, Isaiah","","Enters Game","","Cheatham, Jr., Kwan; Jackson, Antino; Johnson, Isaiah; Olojakpoke, Emmanuel; Robotham, Noah; Utomi, Daniel","0:00"
"02/10/2017","7:01 p.m.","2nd Half","08:44","64-52","Akron","Ivey, Jimond","","Enters Game","","Cheatham, Jr., Kwan; Ivey, Jimond; Jackson, Antino; Johnson, Isaiah; Olojakpoke, Emmanuel; Robotham, Noah; Utomi, Daniel","0:00"
"02/10/2017","7:01 p.m.","2nd Half","08:44","64-52","Akron","Utomi, Daniel","","Leaves Game","","Cheatham, Jr., Kwan; Ivey, Jimond; Jackson, Antino; Johnson, Isaiah; Olojakpoke, Emmanuel; Robotham, Noah","0:00"
"02/10/2017","7:01 p.m.","2nd Half","08:44","64-52","Akron","Olojakpoke, Emmanuel","","Leaves Game","","Cheatham, Jr., Kwan; Ivey, Jimond; Jackson, Antino; Johnson, Isaiah; Robotham, Noah","3:17"
"02/10/2017","7:01 p.m.","2nd Half","08:44","64-52","Eastern Mich.","Bond, Tim","","Enters Game","","Bond, Tim; Mangum IV, Willie; Nobles, Jordan; Steele, Baylee; Thompson IV, James; Toney, Ty","0:00"
"02/10/2017","7:01 p.m.","2nd Half","08:44","64-52","Eastern Mich.","Nobles, Jordan","","Leaves Game","","Bond, Tim; Mangum IV, Willie; Steele, Baylee; Thompson IV, James; Toney, Ty","2:27"
"02/10/2017","7:01 p.m.","2nd Half","08:38","64-52","Eastern Mich.","Mangum IV, Willie","","Commits Foul","24","Bond, Tim; Mangum IV, Willie; Steele, Baylee; Thompson IV, James; Toney, Ty","2:33"
"02/10/2017","7:01 p.m.","2nd Half","08:21","67-52","Akron","Ivey, Jimond","made","Three Point Jumper","13","Cheatham, Jr., Kwan; Ivey, Jimond; Jackson, Antino; Johnson, Isaiah; Robotham, Noah","3:40"
"02/10/2017","7:01 p.m.","2nd Half","08:21","67-52","Akron","Johnson, Isaiah","","Assist","","Cheatham, Jr., Kwan; Ivey, Jimond; Jackson, Antino; Johnson, Isaiah; Robotham, Noah","3:40"
"02/10/2017","7:01 p.m.","2nd Half","08:07","67-54","Eastern Mich.","Thompson IV, James","made","Layup","16","Bond, Tim; Mangum IV, Willie; Steele, Baylee; Thompson IV, James; Toney, Ty","3:04"
"02/10/2017","7:01 p.m.","2nd Half","07:43","70-54","Akron","Cheatham, Jr., Kwan","made","Three Point Jumper","6","Cheatham, Jr., Kwan; Ivey, Jimond; Jackson, Antino; Johnson, Isaiah; Robotham, Noah","4:18"
"02/10/2017","7:01 p.m.","2nd Half","07:43","70-54","Akron","Robotham, Noah","","Assist","","Cheatham, Jr., Kwan; Ivey, Jimond; Jackson, Antino; Johnson, Isaiah; Robotham, Noah","4:18"
"02/10/2017","7:01 p.m.","2nd Half","07:33","70-54","Eastern Mich.","Team","","Team Timeout","","Bond, Tim; Mangum IV, Willie; Steele, Baylee; Thompson IV, James; Toney, Ty","3:38"
"02/10/2017","7:01 p.m.","2nd Half","07:21","70-54","Eastern Mich.","Toney, Ty","missed","Two Point Jumper","8","Bond, Tim; Mangum IV, Willie; Steele, Baylee; Thompson IV, James; Toney, Ty","3:50"
"02/10/2017","7:01 p.m.","2nd Half","07:21","70-54","Eastern Mich.","Mangum IV, Willie","","Offensive Rebound","","Bond, Tim; Mangum IV, Willie; Steele, Baylee; Thompson IV, James; Toney, Ty","3:50"
"02/10/2017","7:01 p.m.","2nd Half","07:18","70-54","Eastern Mich.","Mangum IV, Willie","missed","Layup","27","Bond, Tim; Mangum IV, Willie; Steele, Baylee; Thompson IV, James; Toney, Ty","3:53"
"02/10/2017","7:01 p.m.","2nd Half","07:18","70-54","Eastern Mich.","Thompson IV, James","","Offensive Rebound","","Bond, Tim; Mangum IV, Willie; Steele, Baylee; Thompson IV, James; Toney, Ty","3:53"
"02/10/2017","7:01 p.m.","2nd Half","07:15","70-54","Akron","Johnson, Isaiah","","Commits Foul","27","Cheatham, Jr., Kwan; Ivey, Jimond; Jackson, Antino; Johnson, Isaiah; Robotham, Noah","4:46"
"02/10/2017","7:01 p.m.","2nd Half","07:15","70-54","Eastern Mich.","Thompson IV, James","missed","Free Throw","","Bond, Tim; Mangum IV, Willie; Steele, Baylee; Thompson IV, James; Toney, Ty","3:56"
"02/10/2017","7:01 p.m.","2nd Half","07:15","70-54","Akron","Cheatham, Jr., Kwan","","Defensive Rebound","","Cheatham, Jr., Kwan; Ivey, Jimond; Jackson, Antino; Johnson, Isaiah; Robotham, Noah","4:46"
"02/10/2017","7:01 p.m.","2nd Half","06:55","70-54","Akron","Ivey, Jimond","missed","Three Point Jumper","10","Cheatham, Jr., Kwan; Ivey, Jimond; Jackson, Antino; Johnson, Isaiah; Robotham, Noah","5:06"
"02/10/2017","7:01 p.m.","2nd Half","06:55","70-54","Eastern Mich.","Mangum IV, Willie","","Defensive Rebound","","Bond, Tim; Mangum IV, Willie; Steele, Baylee; Thompson IV, James; Toney, Ty","4:16"
"02/10/2017","7:01 p.m.","2nd Half","06:42","70-57","Eastern Mich.","Mangum IV, Willie","made","Three Point Jumper","17","Bond, Tim; Mangum IV, Willie; Steele, Baylee; Thompson IV, James; Toney, Ty","4:29"
"02/10/2017","7:01 p.m.","2nd Half","06:42","70-57","Eastern Mich.","Toney, Ty","","Assist","","Bond, Tim; Mangum IV, Willie; Steele, Baylee; Thompson IV, James; Toney, Ty","4:29"
"02/10/2017","7:01 p.m.","2nd Half","06:28","70-57","Akron","Cheatham, Jr., Kwan","missed","Three Point Jumper","16","Cheatham, Jr., Kwan; Ivey, Jimond; Jackson, Antino; Johnson, Isaiah; Robotham, Noah","5:33"
"02/10/2017","7:01 p.m.","2nd Half","06:28","70-57","Akron","Johnson, Isaiah","","Offensive Rebound","","Cheatham, Jr., Kwan; Ivey, Jimond; Jackson, Antino; Johnson, Isaiah; Robotham, Noah","5:33"
"02/10/2017","7:01 p.m.","2nd Half","06:26","70-57","Eastern Mich.","Steele, Baylee","","Commits Foul","28","Bond, Tim; Mangum IV, Willie; Steele, Baylee; Thompson IV, James; Toney, Ty","4:45"
"02/10/2017","7:01 p.m.","2nd Half","06:07","70-57","Akron","Jackson, Antino","missed","Three Point Jumper","11","Cheatham, Jr., Kwan; Ivey, Jimond; Jackson, Antino; Johnson, Isaiah; Robotham, Noah","5:54"
"02/10/2017","7:01 p.m.","2nd Half","06:07","70-57","Eastern Mich.","Bond, Tim","","Defensive Rebound","","Bond, Tim; Mangum IV, Willie; Steele, Baylee; Thompson IV, James; Toney, Ty","5:04"
"02/10/2017","7:01 p.m.","2nd Half","06:02","70-57","Eastern Mich.","Mangum IV, Willie","missed","Three Point Jumper","25","Bond, Tim; Mangum IV, Willie; Steele, Baylee; Thompson IV, James; Toney, Ty","5:09"
"02/10/2017","7:01 p.m.","2nd Half","06:02","70-57","Akron","Cheatham, Jr., Kwan","","Defensive Rebound","","Cheatham, Jr., Kwan; Ivey, Jimond; Jackson, Antino; Johnson, Isaiah; Robotham, Noah","5:59"
"02/10/2017","7:01 p.m.","2nd Half","05:37","70-57","Akron","Jackson, Antino","","Turnover","","Cheatham, Jr., Kwan; Ivey, Jimond; Jackson, Antino; Johnson, Isaiah; Robotham, Noah","6:24"
"02/10/2017","7:01 p.m.","2nd Half","05:37","70-57","Eastern Mich.","Toney, Ty","","Steal","","Bond, Tim; Mangum IV, Willie; Steele, Baylee; Thompson IV, James; Toney, Ty","5:34"
"02/10/2017","7:01 p.m.","2nd Half","05:37","70-57","Akron","Dunn-Martin, Tavian","","Enters Game","","Cheatham, Jr., Kwan; Dunn-Martin, Tavian; Ivey, Jimond; Jackson, Antino; Johnson, Isaiah; Robotham, Noah","0:00"
"02/10/2017","7:01 p.m.","2nd Half","05:37","70-57","Akron","Utomi, Daniel","","Enters Game","","Cheatham, Jr., Kwan; Dunn-Martin, Tavian; Ivey, Jimond; Jackson, Antino; Johnson, Isaiah; Robotham, Noah; Utomi, Daniel","0:00"
"02/10/2017","7:01 p.m.","2nd Half","05:37","70-57","Akron","Robotham, Noah","","Leaves Game","","Cheatham, Jr., Kwan; Dunn-Martin, Tavian; Ivey, Jimond; Jackson, Antino; Johnson, Isaiah; Utomi, Daniel","0:00"
"02/10/2017","7:01 p.m.","2nd Half","05:37","70-57","Akron","Cheatham, Jr., Kwan","","Leaves Game","","Dunn-Martin, Tavian; Ivey, Jimond; Jackson, Antino; Johnson, Isaiah; Utomi, Daniel","0:00"
"02/10/2017","7:01 p.m.","2nd Half","05:37","70-57","Eastern Mich.","Nobles, Jordan","","Enters Game","","Bond, Tim; Mangum IV, Willie; Nobles, Jordan; Steele, Baylee; Thompson IV, James; Toney, Ty","0:00"
"02/10/2017","7:01 p.m.","2nd Half","05:37","70-57","Eastern Mich.","Steele, Baylee","","Leaves Game","","Bond, Tim; Mangum IV, Willie; Nobles, Jordan; Thompson IV, James; Toney, Ty","0:00"
"02/10/2017","7:01 p.m.","2nd Half","05:31","70-57","Akron","Jackson, Antino","","Commits Foul","24","Dunn-Martin, Tavian; Ivey, Jimond; Jackson, Antino; Johnson, Isaiah; Utomi, Daniel","0:06"
"02/10/2017","7:01 p.m.","2nd Half","05:31","70-58","Eastern Mich.","Mangum IV, Willie","made","Free Throw","","Bond, Tim; Mangum IV, Willie; Nobles, Jordan; Thompson IV, James; Toney, Ty","0:06"
"02/10/2017","7:01 p.m.","2nd Half","05:31","70-59","Eastern Mich.","Mangum IV, Willie","made","Free Throw","","Bond, Tim; Mangum IV, Willie; Nobles, Jordan; Thompson IV, James; Toney, Ty","0:06"
"02/10/2017","7:01 p.m.","2nd Half","05:31","70-59","Akron","Robotham, Noah","","Enters Game","","Dunn-Martin, Tavian; Ivey, Jimond; Jackson, Antino; Johnson, Isaiah; Robotham, Noah; Utomi, Daniel","0:00"
"02/10/2017","7:01 p.m.","2nd Half","05:31","70-59","Akron","Jackson, Antino","","Leaves Game","","Dunn-Martin, Tavian; Ivey, Jimond; Johnson, Isaiah; Robotham, Noah; Utomi, Daniel","0:00"
"02/10/2017","7:01 p.m.","2nd Half","05:27","70-59","Akron","Dunn-Martin, Tavian","","Turnover","","Dunn-Martin, Tavian; Ivey, Jimond; Johnson, Isaiah; Robotham, Noah; Utomi, Daniel","0:04"
"02/10/2017","7:01 p.m.","2nd Half","05:16","70-61","Eastern Mich.","Mangum IV, Willie","made","Layup","19","Bond, Tim; Mangum IV, Willie; Nobles, Jordan; Thompson IV, James; Toney, Ty","0:21"
"02/10/2017","7:01 p.m.","2nd Half","04:52","70-61","Eastern Mich.","Thompson IV, James","","Commits Foul","6","Bond, Tim; Mangum IV, Willie; Nobles, Jordan; Thompson IV, James; Toney, Ty","0:45"
"02/10/2017","7:01 p.m.","2nd Half","04:33","73-61","Akron","Utomi, Daniel","made","Three Point Jumper","11","Dunn-Martin, Tavian; Ivey, Jimond; Johnson, Isaiah; Robotham, Noah; Utomi, Daniel","0:58"
"02/10/2017","7:01 p.m.","2nd Half","04:33","73-61","Akron","Robotham, Noah","","Assist","","Dunn-Martin, Tavian; Ivey, Jimond; Johnson, Isaiah; Robotham, Noah; Utomi, Daniel","0:58"
"02/10/2017","7:01 p.m.","2nd Half","04:19","73-61","Eastern Mich.","Mangum IV, Willie","missed","Three Point Jumper","16","Bond, Tim; Mangum IV, Willie; Nobles, Jordan; Thompson IV, James; Toney, Ty","1:18"
"02/10/2017","7:01 p.m.","2nd Half","04:19","73-61","Eastern Mich.","Thompson IV, James","","Offensive Rebound","","Bond, Tim; Mangum IV, Willie; Nobles, Jordan; Thompson IV, James; Toney, Ty","1:18"
"02/10/2017","7:01 p.m.","2nd Half","04:16","73-63","Eastern Mich.","Thompson IV, James","made","Layup","27","Bond, Tim; Mangum IV, Willie; Nobles, Jordan; Thompson IV, James; Toney, Ty","1:21"
"02/10/2017","7:01 p.m.","2nd Half","03:58","76-63","Akron","Utomi, Daniel","made","Three Point Jumper","12","Dunn-Martin, Tavian; Ivey, Jimond; Johnson, Isaiah; Robotham, Noah; Utomi, Daniel","1:33"
"02/10/2017","7:01 p.m.","2nd Half","03:58","76-63","Akron","Johnson, Isaiah","","Assist","","Dunn-Martin, Tavian; Ivey, Jimond; Johnson, Isaiah; Robotham, Noah; Utomi, Daniel","1:33"
"02/10/2017","7:01 p.m.","2nd Half","03:38","76-63","Akron","Robotham, Noah","","Commits Foul","10","Dunn-Martin, Tavian; Ivey, Jimond; Johnson, Isaiah; Robotham, Noah; Utomi, Daniel","1:53"
"02/10/2017","7:01 p.m.","2nd Half","03:38","76-63","Eastern Mich.","Team","","Media Timeout","","Bond, Tim; Mangum IV, Willie; Nobles, Jordan; Thompson IV, James; Toney, Ty","1:59"
"02/10/2017","7:01 p.m.","2nd Half","03:38","76-64","Eastern Mich.","Toney, Ty","made","Free Throw","","Bond, Tim; Mangum IV, Willie; Nobles, Jordan; Thompson IV, James; Toney, Ty","1:59"
"02/10/2017","7:01 p.m.","2nd Half","03:38","76-65","Eastern Mich.","Toney, Ty","made","Free Throw","","Bond, Tim; Mangum IV, Willie; Nobles, Jordan; Thompson IV, James; Toney, Ty","1:59"
"02/10/2017","7:01 p.m.","2nd Half","03:38","76-65","Akron","Williams, Josh","","Enters Game","","Dunn-Martin, Tavian; Ivey, Jimond; Johnson, Isaiah; Robotham, Noah; Utomi, Daniel; Williams, Josh","0:00"
"02/10/2017","7:01 p.m.","2nd Half","03:38","76-65","Akron","Dunn-Martin, Tavian","","Leaves Game","","Ivey, Jimond; Johnson, Isaiah; Robotham, Noah; Utomi, Daniel; Williams, Josh","0:00"
"02/10/2017","7:01 p.m.","2nd Half","03:32","76-65","Akron","Williams, Josh","","Turnover","","Ivey, Jimond; Johnson, Isaiah; Robotham, Noah; Utomi, Daniel; Williams, Josh","0:06"
"02/10/2017","7:01 p.m.","2nd Half","03:31","76-65","Eastern Mich.","Bond, Tim","","Steal","","Bond, Tim; Mangum IV, Willie; Nobles, Jordan; Thompson IV, James; Toney, Ty","2:06"
"02/10/2017","7:01 p.m.","2nd Half","03:29","76-65","Eastern Mich.","Toney, Ty","missed","Layup","27","Bond, Tim; Mangum IV, Willie; Nobles, Jordan; Thompson IV, James; Toney, Ty","2:08"
"02/10/2017","7:01 p.m.","2nd Half","03:29","76-65","Akron","Ivey, Jimond","","Defensive Rebound","","Ivey, Jimond; Johnson, Isaiah; Robotham, Noah; Utomi, Daniel; Williams, Josh","0:09"
"02/10/2017","7:01 p.m.","2nd Half","03:19","76-65","Eastern Mich.","Bond, Tim","","Commits Foul","20","Bond, Tim; Mangum IV, Willie; Nobles, Jordan; Thompson IV, James; Toney, Ty","2:18"
"02/10/2017","7:01 p.m.","2nd Half","03:19","77-65","Akron","Utomi, Daniel","made","Free Throw","","Ivey, Jimond; Johnson, Isaiah; Robotham, Noah; Utomi, Daniel; Williams, Josh","0:19"
"02/10/2017","7:01 p.m.","2nd Half","03:19","78-65","Akron","Utomi, Daniel","made","Free Throw","","Ivey, Jimond; Johnson, Isaiah; Robotham, Noah; Utomi, Daniel; Williams, Josh","0:19"
"02/10/2017","7:01 p.m.","2nd Half","03:19","78-65","Akron","Jackson, Antino","","Enters Game","","Ivey, Jimond; Jackson, Antino; Johnson, Isaiah; Robotham, Noah; Utomi, Daniel; Williams, Josh","0:00"
"02/10/2017","7:01 p.m.","2nd Half","03:19","78-65","Akron","Williams, Josh","","Leaves Game","","Ivey, Jimond; Jackson, Antino; Johnson, Isaiah; Robotham, Noah; Utomi, Daniel","0:00"
"02/10/2017","7:01 p.m.","2nd Half","03:11","78-65","Eastern Mich.","Bond, Tim","missed","Three Point Jumper","22","Bond, Tim; Mangum IV, Willie; Nobles, Jordan; Thompson IV, James; Toney, Ty","2:26"
"02/10/2017","7:01 p.m.","2nd Half","03:11","78-65","Eastern Mich.","Thompson IV, James","","Offensive Rebound","","Bond, Tim; Mangum IV, Willie; Nobles, Jordan; Thompson IV, James; Toney, Ty","2:26"
"02/10/2017","7:01 p.m.","2nd Half","03:01","78-67","Eastern Mich.","Toney, Ty","made","Layup","20","Bond, Tim; Mangum IV, Willie; Nobles, Jordan; Thompson IV, James; Toney, Ty","2:36"
"02/10/2017","7:01 p.m.","2nd Half","02:52","78-67","Eastern Mich.","Mangum IV, Willie","","Commits Foul","21","Bond, Tim; Mangum IV, Willie; Nobles, Jordan; Thompson IV, James; Toney, Ty","2:45"
"02/10/2017","7:01 p.m.","2nd Half","02:52","79-67","Akron","Jackson, Antino","made","Free Throw","","Ivey, Jimond; Jackson, Antino; Johnson, Isaiah; Robotham, Noah; Utomi, Daniel","0:27"
"02/10/2017","7:01 p.m.","2nd Half","02:52","80-67","Akron","Jackson, Antino","made","Free Throw","","Ivey, Jimond; Jackson, Antino; Johnson, Isaiah; Robotham, Noah; Utomi, Daniel","0:27"
"02/10/2017","7:01 p.m.","2nd Half","02:52","80-67","Akron","Cheatham, Jr., Kwan","","Enters Game","","Cheatham, Jr., Kwan; Ivey, Jimond; Jackson, Antino; Johnson, Isaiah; Robotham, Noah; Utomi, Daniel","0:00"
"02/10/2017","7:01 p.m.","2nd Half","02:52","80-67","Akron","Utomi, Daniel","","Leaves Game","","Cheatham, Jr., Kwan; Ivey, Jimond; Jackson, Antino; Johnson, Isaiah; Robotham, Noah","6:24"
"02/10/2017","7:01 p.m.","2nd Half","02:42","80-67","Eastern Mich.","Bond, Tim","missed","Layup","20","Bond, Tim; Mangum IV, Willie; Nobles, Jordan; Thompson IV, James; Toney, Ty","2:55"
"02/10/2017","7:01 p.m.","2nd Half","02:42","80-67","Akron","Cheatham, Jr., Kwan","","Blocked Shot","","Cheatham, Jr., Kwan; Ivey, Jimond; Jackson, Antino; Johnson, Isaiah; Robotham, Noah","6:34"
"02/10/2017","7:01 p.m.","2nd Half","02:42","80-67","Eastern Mich.","Team","","Offensive Rebound","","Bond, Tim; Mangum IV, Willie; Nobles, Jordan; Thompson IV, James; Toney, Ty","2:55"
"02/10/2017","7:01 p.m.","2nd Half","02:41","80-70","Eastern Mich.","Bond, Tim","made","Three Point Jumper","29","Bond, Tim; Mangum IV, Willie; Nobles, Jordan; Thompson IV, James; Toney, Ty","2:56"
"02/10/2017","7:01 p.m.","2nd Half","02:41","80-70","Eastern Mich.","Mangum IV, Willie","","Assist","","Bond, Tim; Mangum IV, Willie; Nobles, Jordan; Thompson IV, James; Toney, Ty","2:56"
"02/10/2017","7:01 p.m.","2nd Half","02:08","82-70","Akron","Johnson, Isaiah","made","Layup","0","Cheatham, Jr., Kwan; Ivey, Jimond; Jackson, Antino; Johnson, Isaiah; Robotham, Noah","7:08"
"02/10/2017","7:01 p.m.","2nd Half","02:08","82-70","Akron","Cheatham, Jr., Kwan","","Assist","","Cheatham, Jr., Kwan; Ivey, Jimond; Jackson, Antino; Johnson, Isaiah; Robotham, Noah","7:08"
"02/10/2017","7:01 p.m.","2nd Half","02:08","82-70","Eastern Mich.","Nobles, Jordan","","Commits Foul","","Bond, Tim; Mangum IV, Willie; Nobles, Jordan; Thompson IV, James; Toney, Ty","3:29"
"02/10/2017","7:01 p.m.","2nd Half","02:08","83-70","Akron","Johnson, Isaiah","made","Free Throw","","Cheatham, Jr., Kwan; Ivey, Jimond; Jackson, Antino; Johnson, Isaiah; Robotham, Noah","7:08"
"02/10/2017","7:01 p.m.","2nd Half","02:00","83-70","Eastern Mich.","Toney, Ty","missed","Two Point Jumper","22","Bond, Tim; Mangum IV, Willie; Nobles, Jordan; Thompson IV, James; Toney, Ty","3:37"
"02/10/2017","7:01 p.m.","2nd Half","02:00","83-70","Akron","Johnson, Isaiah","","Defensive Rebound","","Cheatham, Jr., Kwan; Ivey, Jimond; Jackson, Antino; Johnson, Isaiah; Robotham, Noah","7:16"
"02/10/2017","7:01 p.m.","2nd Half","01:58","83-70","Eastern Mich.","Thompson IV, James","","Commits Foul","28","Bond, Tim; Mangum IV, Willie; Nobles, Jordan; Thompson IV, James; Toney, Ty","3:39"
"02/10/2017","7:01 p.m.","2nd Half","01:57","83-70","Akron","Johnson, Isaiah","missed","Free Throw","","Cheatham, Jr., Kwan; Ivey, Jimond; Jackson, Antino; Johnson, Isaiah; Robotham, Noah","7:19"
"02/10/2017","7:01 p.m.","2nd Half","01:57","83-70","Eastern Mich.","Thompson IV, James","","Defensive Rebound","","Bond, Tim; Mangum IV, Willie; Nobles, Jordan; Thompson IV, James; Toney, Ty","3:40"
"02/10/2017","7:01 p.m.","2nd Half","01:43","83-70","Eastern Mich.","Bond, Tim","missed","Two Point Jumper","15","Bond, Tim; Mangum IV, Willie; Nobles, Jordan; Thompson IV, James; Toney, Ty","3:54"
"02/10/2017","7:01 p.m.","2nd Half","01:43","83-70","Eastern Mich.","Bond, Tim","","Offensive Rebound","","Bond, Tim; Mangum IV, Willie; Nobles, Jordan; Thompson IV, James; Toney, Ty","3:54"
"02/10/2017","7:01 p.m.","2nd Half","01:38","83-70","Eastern Mich.","Nobles, Jordan","missed","Layup","25","Bond, Tim; Mangum IV, Willie; Nobles, Jordan; Thompson IV, James; Toney, Ty","3:59"
"02/10/2017","7:01 p.m.","2nd Half","01:38","83-70","Eastern Mich.","Bond, Tim","","Offensive Rebound","","Bond, Tim; Mangum IV, Willie; Nobles, Jordan; Thompson IV, James; Toney, Ty","3:59"
"02/10/2017","7:01 p.m.","2nd Half","01:28","83-70","Eastern Mich.","Bond, Tim","missed","Layup","20","Bond, Tim; Mangum IV, Willie; Nobles, Jordan; Thompson IV, James; Toney, Ty","4:09"
"02/10/2017","7:01 p.m.","2nd Half","01:27","83-70","Eastern Mich.","Thompson IV, James","","Offensive Rebound","","Bond, Tim; Mangum IV, Willie; Nobles, Jordan; Thompson IV, James; Toney, Ty","4:10"
"02/10/2017","7:01 p.m.","2nd Half","01:26","83-70","Akron","Cheatham, Jr., Kwan","","Commits Foul","28","Cheatham, Jr., Kwan; Ivey, Jimond; Jackson, Antino; Johnson, Isaiah; Robotham, Noah","7:50"
"02/10/2017","7:01 p.m.","2nd Half","01:26","83-70","Eastern Mich.","Thompson IV, James","missed","Free Throw","","Bond, Tim; Mangum IV, Willie; Nobles, Jordan; Thompson IV, James; Toney, Ty","4:11"
"02/10/2017","7:01 p.m.","2nd Half","01:26","83-70","Eastern Mich.","Team","","Deadball Rebound","","Bond, Tim; Mangum IV, Willie; Nobles, Jordan; Thompson IV, James; Toney, Ty","4:11"
"02/10/2017","7:01 p.m.","2nd Half","01:26","83-70","Eastern Mich.","Thompson IV, James","missed","Free Throw","","Bond, Tim; Mangum IV, Willie; Nobles, Jordan; Thompson IV, James; Toney, Ty","4:11"
"02/10/2017","7:01 p.m.","2nd Half","01:26","83-70","Akron","Cheatham, Jr., Kwan","","Defensive Rebound","","Cheatham, Jr., Kwan; Ivey, Jimond; Jackson, Antino; Johnson, Isaiah; Robotham, Noah","7:50"
"02/10/2017","7:01 p.m.","2nd Half","01:17","83-70","Akron","Team","","Second Timeout","","Cheatham, Jr., Kwan; Ivey, Jimond; Jackson, Antino; Johnson, Isaiah; Robotham, Noah","7:59"
"02/10/2017","7:01 p.m.","2nd Half","01:15","83-70","Eastern Mich.","Mangum IV, Willie","","Commits Foul","19","Bond, Tim; Mangum IV, Willie; Nobles, Jordan; Thompson IV, James; Toney, Ty","4:22"
"02/10/2017","7:01 p.m.","2nd Half","01:15","84-70","Akron","Johnson, Isaiah","made","Free Throw","","Cheatham, Jr., Kwan; Ivey, Jimond; Jackson, Antino; Johnson, Isaiah; Robotham, Noah","8:01"
"02/10/2017","7:01 p.m.","2nd Half","01:15","85-70","Akron","Johnson, Isaiah","made","Free Throw","","Cheatham, Jr., Kwan; Ivey, Jimond; Jackson, Antino; Johnson, Isaiah; Robotham, Noah","8:01"
"02/10/2017","7:01 p.m.","2nd Half","01:12","85-70","Eastern Mich.","Mangum IV, Willie","missed","Three Point Jumper","27","Bond, Tim; Mangum IV, Willie; Nobles, Jordan; Thompson IV, James; Toney, Ty","4:25"
"02/10/2017","7:01 p.m.","2nd Half","01:12","85-70","Eastern Mich.","Bond, Tim","","Offensive Rebound","","Bond, Tim; Mangum IV, Willie; Nobles, Jordan; Thompson IV, James; Toney, Ty","4:25"
"02/10/2017","7:01 p.m.","2nd Half","01:08","85-70","Eastern Mich.","Bond, Tim","missed","Two Point Jumper","26","Bond, Tim; Mangum IV, Willie; Nobles, Jordan; Thompson IV, James; Toney, Ty","4:29"
"02/10/2017","7:01 p.m.","2nd Half","01:08","85-70","Eastern Mich.","Mangum IV, Willie","","Offensive Rebound","","Bond, Tim; Mangum IV, Willie; Nobles, Jordan; Thompson IV, James; Toney, Ty","4:29"
"02/10/2017","7:01 p.m.","2nd Half","01:06","85-72","Eastern Mich.","Mangum IV, Willie","made","Layup","28","Bond, Tim; Mangum IV, Willie; Nobles, Jordan; Thompson IV, James; Toney, Ty","4:31"
"02/10/2017","7:01 p.m.","2nd Half","00:37","85-72","Akron","Robotham, Noah","missed","Three Point Jumper","1","Cheatham, Jr., Kwan; Ivey, Jimond; Jackson, Antino; Johnson, Isaiah; Robotham, Noah","8:39"
"02/10/2017","7:01 p.m.","2nd Half","00:37","85-72","Eastern Mich.","Thompson IV, James","","Defensive Rebound","","Bond, Tim; Mangum IV, Willie; Nobles, Jordan; Thompson IV, James; Toney, Ty","5:00"
"02/10/2017","7:01 p.m.","2nd Half","00:31","85-72","Akron","Jackson, Antino","","Commits Foul","24","Cheatham, Jr., Kwan; Ivey, Jimond; Jackson, Antino; Johnson, Isaiah; Robotham, Noah","8:45"
"02/10/2017","7:01 p.m.","2nd Half","00:31","85-73","Eastern Mich.","Mangum IV, Willie","made","Free Throw","","Bond, Tim; Mangum IV, Willie; Nobles, Jordan; Thompson IV, James; Toney, Ty","5:06"
"02/10/2017","7:01 p.m.","2nd Half","00:31","85-74","Eastern Mich.","Mangum IV, Willie","made","Free Throw","","Bond, Tim; Mangum IV, Willie; Nobles, Jordan; Thompson IV, James; Toney, Ty","5:06"
"02/10/2017","7:01 p.m.","2nd Half","00:29","85-74","Eastern Mich.","Nobles, Jordan","","Commits Foul","28","Bond, Tim; Mangum IV, Willie; Nobles, Jordan; Thompson IV, James; Toney, Ty","5:08"
"02/10/2017","7:01 p.m.","2nd Half","00:29","86-74","Akron","Jackson, Antino","made","Free Throw","","Cheatham, Jr., Kwan; Ivey, Jimond; Jackson, Antino; Johnson, Isaiah; Robotham, Noah","8:47"
"02/10/2017","7:01 p.m.","2nd Half","00:29","87-74","Akron","Jackson, Antino","made","Free Throw","","Cheatham, Jr., Kwan; Ivey, Jimond; Jackson, Antino; Johnson, Isaiah; Robotham, Noah","8:47"
"02/10/2017","7:01 p.m.","2nd Half","00:26","87-74","Akron","Johnson, Isaiah","","Commits Foul","27","Cheatham, Jr., Kwan; Ivey, Jimond; Jackson, Antino; Johnson, Isaiah; Robotham, Noah","8:50"
"02/10/2017","7:01 p.m.","2nd Half","00:26","87-75","Eastern Mich.","Bond, Tim","made","Free Throw","","Bond, Tim; Mangum IV, Willie; Nobles, Jordan; Thompson IV, James; Toney, Ty","5:11"
"02/10/2017","7:01 p.m.","2nd Half","00:26","87-76","Eastern Mich.","Bond, Tim","made","Free Throw","","Bond, Tim; Mangum IV, Willie; Nobles, Jordan; Thompson IV, James; Toney, Ty","5:11"
