"Time","Akron","Score","Houston"
"19:44","JACKSON,ANTINO made Layup","36-35",""
"19:28","","36-37","DAVIS,DEVIN made Two Point Jumper"
"19:28","","36-37","MEYER,KYLE Assist"
"18:54","","36-37","DAVIS,DEVIN Commits Foul"
"18:54","JOHNSON,ISAIAH missed Free Throw","36-37",""
"18:54","TEAM Deadball Rebound","36-37",""
"18:54","JOHNSON,ISAIAH made Free Throw","37-37",""
"18:54","UTOMI,DANIEL Enters Game","37-37",""
"18:54","CHEATHAM,JR, KWAN Leaves Game","37-37",""
"18:38","UTOMI,DANIEL Commits Foul","37-37",""
"18:38","","37-38","MEYER,KYLE made Free Throw"
"18:38","","37-39","MEYER,KYLE made Free Throw"
"18:28","ROBOTHAM,NOAH Turnover","37-39",""
"18:28","","37-39","ROBINSON,JR, GALEN Steal"
"18:28","JACKSON,ANTINO Commits Foul","37-39",""
"18:24","JACKSON,ANTINO Commits Foul","37-39",""
"18:00","","37-39","GRAY,ROB missed Three Point Jumper"
"18:00","ROBOTHAM,NOAH Defensive Rebound","37-39",""
"17:49","","37-39","DOTSON,DAMYEAN Commits Foul"
"17:49","IVEY,JIMOND made Free Throw","38-39",""
"17:49","IVEY,JIMOND made Free Throw","39-39",""
"17:49","CHEATHAM,JR, KWAN Enters Game","39-39",""
"17:49","UTOMI,DANIEL Leaves Game","39-39",""
"17:34","","39-41","GRAY,ROB made Layup"
"17:19","JACKSON,ANTINO missed Three Point Jumper","39-41",""
"17:19","IVEY,JIMOND Offensive Rebound","39-41",""
"17:15","ROBOTHAM,NOAH made Three Point Jumper","42-41",""
"17:15","IVEY,JIMOND Assist","42-41",""
"17:04","","42-41","DAVIS,DEVIN missed Two Point Jumper"
"17:04","JOHNSON,ISAIAH Defensive Rebound","42-41",""
"16:53","JACKSON,ANTINO missed Three Point Jumper","42-41",""
"16:53","","42-41","GRAY,ROB Defensive Rebound"
"16:52","JOHNSON,ISAIAH Commits Foul","42-41",""
"16:33","","42-41","GRAY,ROB missed Two Point Jumper"
"16:33","CHEATHAM,JR, KWAN Blocked Shot","42-41",""
"16:30","IVEY,JIMOND Defensive Rebound","42-41",""
"16:19","WILLIAMS,JOSH Enters Game","42-41",""
"16:19","JACKSON,ANTINO Leaves Game","42-41",""
"16:17","","42-41","MEYER,KYLE Commits Foul"
"16:17","JOHNSON,ISAIAH made Free Throw","43-41",""
"16:17","JOHNSON,ISAIAH made Free Throw","44-41",""
"16:17","OLOJAKPOKE,EMMANUEL Enters Game","44-41",""
"16:17","DUNN-MARTIN,TAVIAN Enters Game","44-41",""
"16:17","ROBOTHAM,NOAH Leaves Game","44-41",""
"16:17","JOHNSON,ISAIAH Leaves Game","44-41",""
"16:07","","44-44","DOTSON,DAMYEAN made Three Point Jumper"
"16:07","","44-44","ROBINSON,JR, GALEN Assist"
"15:54","","44-44","ROBINSON,JR, GALEN Commits Foul"
"15:54","TEAM Media Timeout","44-44",""
"15:41","DUNN-MARTIN,TAVIAN made Two Point Jumper","46-44",""
"15:41","IVEY,JIMOND Assist","46-44",""
"15:10","","46-44","ROBINSON,JR, GALEN Turnover"
"14:55","IVEY,JIMOND missed Layup","46-44",""
"14:55","","46-44","MEYER,KYLE Defensive Rebound"
"14:50","","46-44","DOTSON,DAMYEAN Commits Foul"
"14:50","","46-44","DOTSON,DAMYEAN Turnover"
"14:19","DUNN-MARTIN,TAVIAN missed Three Point Jumper","46-44",""
"14:19","","46-44","GRAY,ROB Defensive Rebound"
"14:07","","46-44","DOTSON,DAMYEAN missed Two Point Jumper"
"14:07","","46-44","TEAM Offensive Rebound"
"13:50","WILLIAMS,JOSH Commits Foul","46-44",""
"13:50","","46-45","GRAY,ROB made Free Throw"
"13:50","","46-46","GRAY,ROB made Free Throw"
"13:50","ROBOTHAM,NOAH Enters Game","46-46",""
"13:50","JACKSON,ANTINO Enters Game","46-46",""
"13:50","JOHNSON,ISAIAH Enters Game","46-46",""
"13:50","IVEY,JIMOND Leaves Game","46-46",""
"13:50","OLOJAKPOKE,EMMANUEL Leaves Game","46-46",""
"13:50","DUNN-MARTIN,TAVIAN Leaves Game","46-46",""
"13:39","JOHNSON,ISAIAH missed Two Point Jumper","46-46",""
"13:39","","46-46","DAVIS,DEVIN Blocked Shot"
"13:38","","46-46","ROBINSON,JR, GALEN Defensive Rebound"
"13:37","CHEATHAM,JR, KWAN Commits Foul","46-46",""
"13:37","","46-47","ROBINSON,JR, GALEN made Free Throw"
"13:37","","46-48","ROBINSON,JR, GALEN made Free Throw"
"13:22","WILLIAMS,JOSH made Three Point Jumper","49-48",""
"13:03","","49-48","GRAY,ROB missed Layup"
"13:03","JOHNSON,ISAIAH Defensive Rebound","49-48",""
"12:49","CHEATHAM,JR, KWAN missed Two Point Jumper","49-48",""
"12:49","","49-48","DAVIS,DEVIN Defensive Rebound"
"12:38","","49-48","ROBINSON,JR, GALEN Turnover"
"12:38","","49-48","VANBECK,WES Enters Game"
"12:38","","49-48","DAVIS,DEVIN Leaves Game"
"12:24","","49-48","MEYER,KYLE Commits Foul"
"12:24","JOHNSON,ISAIAH made Free Throw","50-48",""
"12:24","JOHNSON,ISAIAH missed Free Throw","50-48",""
"12:24","","50-48","MEYER,KYLE Defensive Rebound"
"12:10","JACKSON,ANTINO Commits Foul","50-48",""
"12:10","","50-49","GRAY,ROB made Free Throw"
"12:10","","50-50","GRAY,ROB made Free Throw"
"12:10","IVEY,JIMOND Enters Game","50-50",""
"12:10","JACKSON,ANTINO Leaves Game","50-50",""
"11:52","JOHNSON,ISAIAH made Layup","52-50",""
"11:46","","52-53","VANBECK,WES made Three Point Jumper"
"11:46","","52-53","ROBINSON,JR, GALEN Assist"
"11:25","JOHNSON,ISAIAH Commits Foul","52-53",""
"11:25","JOHNSON,ISAIAH Turnover","52-53",""
"11:25","","52-53","TEAM Media Timeout"
"11:25","","52-53","DAVIS,DEVIN Enters Game"
"11:25","","52-53","NKALI,BERTRAND Enters Game"
"11:25","","52-53","BROOKS,ARMONI Enters Game"
"11:25","","52-53","DOTSON,DAMYEAN Leaves Game"
"11:25","","52-53","ROBINSON,JR, GALEN Leaves Game"
"11:25","","52-53","MEYER,KYLE Leaves Game"
"11:14","","52-53","DAVIS,DEVIN Turnover"
"11:13","CHEATHAM,JR, KWAN Steal","52-53",""
"10:52","WILLIAMS,JOSH made Three Point Jumper","55-53",""
"10:52","ROBOTHAM,NOAH Assist","55-53",""
"10:33","","55-55","GRAY,ROB made Two Point Jumper"
"10:33","WILLIAMS,JOSH Commits Foul","55-55",""
"10:33","","55-56","GRAY,ROB made Free Throw"
"10:33","","55-56","ROBINSON,JR, GALEN Enters Game"
"10:33","","55-56","BROOKS,ARMONI Leaves Game"
"10:05","JOHNSON,ISAIAH missed Two Point Jumper","55-56",""
"10:05","IVEY,JIMOND Offensive Rebound","55-56",""
"10:05","","55-56","VANBECK,WES Commits Foul"
"10:05","IVEY,JIMOND made Free Throw","56-56",""
"10:05","IVEY,JIMOND made Free Throw","57-56",""
"10:05","UTOMI,DANIEL Enters Game","57-56",""
"10:05","CHEATHAM,JR, KWAN Leaves Game","57-56",""
"09:50","","57-56","GRAY,ROB missed Two Point Jumper"
"09:50","JOHNSON,ISAIAH Blocked Shot","57-56",""
"09:50","","57-56","TEAM Offensive Rebound"
"09:37","","57-56","ROBINSON,JR, GALEN missed Layup"
"09:37","ROBOTHAM,NOAH Defensive Rebound","57-56",""
"09:21","ROBOTHAM,NOAH missed Two Point Jumper","57-56",""
"09:21","","57-56","DAVIS,DEVIN Defensive Rebound"
"08:59","","57-56","DOTSON,DAMYEAN Enters Game"
"08:59","","57-56","GRAY,ROB Leaves Game"
"08:50","","57-56","DOTSON,DAMYEAN missed Two Point Jumper"
"08:50","","57-56","DAVIS,DEVIN Offensive Rebound"
"08:29","","57-59","DOTSON,DAMYEAN made Three Point Jumper"
"08:29","","57-59","ROBINSON,JR, GALEN Assist"
"08:06","","57-59","NKALI,BERTRAND Commits Foul"
"08:03","","57-59","DAVIS,DEVIN Commits Foul"
"08:03","JOHNSON,ISAIAH made Free Throw","58-59",""
"08:03","JOHNSON,ISAIAH made Free Throw","59-59",""
"08:03","OLOJAKPOKE,EMMANUEL Enters Game","59-59",""
"08:03","DUNN-MARTIN,TAVIAN Enters Game","59-59",""
"08:03","ROBOTHAM,NOAH Leaves Game","59-59",""
"08:03","JOHNSON,ISAIAH Leaves Game","59-59",""
"07:53","","59-62","DOTSON,DAMYEAN made Three Point Jumper"
"07:53","","59-62","ROBINSON,JR, GALEN Assist"
"07:30","UTOMI,DANIEL Turnover","59-62",""
"07:28","","59-62","DAVIS,DEVIN Steal"
"07:28","WILLIAMS,JOSH Commits Foul","59-62",""
"07:28","","59-62","TEAM Media Timeout"
"07:28","JACKSON,ANTINO Enters Game","59-62",""
"07:28","IVEY,JIMOND Leaves Game","59-62",""
"07:05","","59-62","DAVIS,DEVIN missed Two Point Jumper"
"07:05","WILLIAMS,JOSH Defensive Rebound","59-62",""
"06:59","WILLIAMS,JOSH missed Three Point Jumper","59-62",""
"06:59","","59-62","ROBINSON,JR, GALEN Defensive Rebound"
"06:55","WILLIAMS,JOSH Commits Foul","59-62",""
"06:55","","59-63","DOTSON,DAMYEAN made Free Throw"
"06:55","","59-63","DOTSON,DAMYEAN missed Free Throw"
"06:55","JOHNSON,ISAIAH Defensive Rebound","59-63",""
"06:55","JOHNSON,ISAIAH Enters Game","59-63",""
"06:55","ROBOTHAM,NOAH Enters Game","59-63",""
"06:55","IVEY,JIMOND Enters Game","59-63",""
"06:55","CHEATHAM,JR, KWAN Enters Game","59-63",""
"06:55","OLOJAKPOKE,EMMANUEL Leaves Game","59-63",""
"06:55","UTOMI,DANIEL Leaves Game","59-63",""
"06:55","JACKSON,ANTINO Leaves Game","59-63",""
"06:55","WILLIAMS,JOSH Leaves Game","59-63",""
"06:36","IVEY,JIMOND missed Three Point Jumper","59-63",""
"06:36","","59-63","DAVIS,DEVIN Defensive Rebound"
"06:30","","59-65","NKALI,BERTRAND made Dunk"
"06:30","","59-65","ROBINSON,JR, GALEN Assist"
"06:09","ROBOTHAM,NOAH missed Three Point Jumper","59-65",""
"06:09","","59-65","NKALI,BERTRAND Defensive Rebound"
"06:08","JOHNSON,ISAIAH Commits Foul","59-65",""
"06:02","ROBOTHAM,NOAH Commits Foul","59-65",""
"05:47","","59-65","VANBECK,WES missed Three Point Jumper"
"05:47","JOHNSON,ISAIAH Defensive Rebound","59-65",""
"05:28","","59-65","ROBINSON,JR, GALEN Commits Foul"
"05:25","ROBOTHAM,NOAH made Free Throw","60-65",""
"05:25","ROBOTHAM,NOAH made Free Throw","61-65",""
"05:25","JACKSON,ANTINO Enters Game","61-65",""
"05:25","ROBOTHAM,NOAH Leaves Game","61-65",""
"05:25","","61-65","GRAY,ROB Enters Game"
"05:25","","61-65","MEYER,KYLE Enters Game"
"05:25","","61-65","NKALI,BERTRAND Leaves Game"
"05:25","","61-65","ROBINSON,JR, GALEN Leaves Game"
"05:10","","61-65","VANBECK,WES missed Layup"
"05:10","TEAM Defensive Rebound","61-65",""
"04:49","JOHNSON,ISAIAH made Two Point Jumper","63-65",""
"04:49","","63-65","MEYER,KYLE Commits Foul"
"04:49","JOHNSON,ISAIAH made Free Throw","64-65",""
"04:29","","64-65","DAVIS,DEVIN missed Layup"
"04:29","JOHNSON,ISAIAH Defensive Rebound","64-65",""
"04:10","UTOMI,DANIEL missed Three Point Jumper","64-65",""
"04:10","CHEATHAM,JR, KWAN Offensive Rebound","64-65",""
"04:10","","64-65","DAVIS,DEVIN Commits Foul"
"04:10","CHEATHAM,JR, KWAN missed Free Throw","64-65",""
"04:10","TEAM Deadball Rebound","64-65",""
"04:10","CHEATHAM,JR, KWAN made Free Throw","65-65",""
"04:10","","65-65","BROOKS,ARMONI Enters Game"
"04:10","","65-65","DAVIS,DEVIN Leaves Game"
"03:52","DUNN-MARTIN,TAVIAN Commits Foul","65-65",""
"03:52","","65-65","TEAM Media Timeout"
"03:52","","65-66","GRAY,ROB made Free Throw"
"03:52","","65-66","GRAY,ROB missed Free Throw"
"03:52","CHEATHAM,JR, KWAN Defensive Rebound","65-66",""
"03:52","UTOMI,DANIEL Enters Game","65-66",""
"03:52","IVEY,JIMOND Leaves Game","65-66",""
"03:26","JOHNSON,ISAIAH made Two Point Jumper","67-66",""
"03:07","","67-68","GRAY,ROB made Layup"
"02:47","DUNN-MARTIN,TAVIAN made Three Point Jumper","70-68",""
"02:47","JOHNSON,ISAIAH Assist","70-68",""
"02:30","","70-70","GRAY,ROB made Layup"
"02:07","","70-70","VANBECK,WES Commits Foul"
"02:07","JOHNSON,ISAIAH missed Free Throw","70-70",""
"02:07","TEAM Deadball Rebound","70-70",""
"02:07","JOHNSON,ISAIAH made Free Throw","71-70",""
"02:07","ROBOTHAM,NOAH Enters Game","71-70",""
"02:07","IVEY,JIMOND Enters Game","71-70",""
"02:07","UTOMI,DANIEL Leaves Game","71-70",""
"02:07","DUNN-MARTIN,TAVIAN Leaves Game","71-70",""
"02:07","","71-70","DAVIS,DEVIN Enters Game"
"02:07","","71-70","ROBINSON,JR, GALEN Enters Game"
"02:07","","71-70","VANBECK,WES Leaves Game"
"02:07","","71-70","BROOKS,ARMONI Leaves Game"
"01:51","","71-72","DOTSON,DAMYEAN made Two Point Jumper"
"01:51","","71-72","MEYER,KYLE Assist"
"01:22","","71-72","DAVIS,DEVIN Commits Foul"
"01:22","IVEY,JIMOND made Free Throw","72-72",""
"01:22","IVEY,JIMOND made Free Throw","73-72",""
"01:22","","73-72","BROOKS,ARMONI Enters Game"
"01:22","","73-72","DAVIS,DEVIN Leaves Game"
"01:17","","73-72","TEAM 30 Second Timeout"
"01:17","","73-72","TEAM Media Timeout"
"00:53","CHEATHAM,JR, KWAN Commits Foul","73-72",""
"00:53","","73-73","ROBINSON,JR, GALEN made Free Throw"
"00:53","","73-73","ROBINSON,JR, GALEN missed Free Throw"
"00:53","CHEATHAM,JR, KWAN Defensive Rebound","73-73",""
"00:38","","73-73","MEYER,KYLE Commits Foul"
"00:38","JOHNSON,ISAIAH missed Free Throw","73-73",""
"00:38","TEAM Deadball Rebound","73-73",""
"00:38","JOHNSON,ISAIAH made Free Throw","74-73",""
"00:23","","74-73","GRAY,ROB Turnover"
"00:20","JOHNSON,ISAIAH Steal","74-73",""
"00:18","","74-73","GRAY,ROB Commits Foul"
"00:18","ROBOTHAM,NOAH made Free Throw","75-73",""
"00:18","ROBOTHAM,NOAH made Free Throw","76-73",""
"00:16","","76-73","TEAM 30 Second Timeout"
"00:10","","76-75","GRAY,ROB made Layup"
"00:07","","76-75","MEYER,KYLE Commits Foul"
"00:07","ROBOTHAM,NOAH made Free Throw","77-75",""
"00:07","ROBOTHAM,NOAH made Free Throw","78-75",""
"00:07","","78-75","NKALI,BERTRAND Enters Game"
"00:07","","78-75","MEYER,KYLE Leaves Game"
"00:06","","78-75","TEAM 30 Second Timeout"
"00:00","","78-75","DOTSON,DAMYEAN missed Three Point Jumper"
"00:00","ROBOTHAM,NOAH Defensive Rebound","78-75",""
"End of 2nd Half"
