"Date","Time","Period","Time Left","Score","Team","Player","Status","Action","Shot Clock","Lineup","Lineup Time"
"11/20/2016","7:00 p.m.","1st Half","19:39","0-0","Radford","Phillips, Randy","","Turnover","","Cooper, Devin; Cousin, Justin; Lutete, Christian; Phillips, Randy; Polite, Jr., Ed","0:21"
"11/20/2016","7:00 p.m.","1st Half","19:17","0-0","Akron","Jackson, Antino","missed","Three Point Jumper","8","Cheatham, Jr., Kwan; Jackson, Antino; Johnson, Isaiah; Robotham, Noah; Williams, Josh","0:43"
"11/20/2016","7:00 p.m.","1st Half","19:17","0-0","Radford","Lutete, Christian","","Defensive Rebound","","Cooper, Devin; Cousin, Justin; Lutete, Christian; Phillips, Randy; Polite, Jr., Ed","0:43"
"11/20/2016","7:00 p.m.","1st Half","19:11","0-0","Radford","Cooper, Devin","","Turnover","","Cooper, Devin; Cousin, Justin; Lutete, Christian; Phillips, Randy; Polite, Jr., Ed","0:49"
"11/20/2016","7:00 p.m.","1st Half","18:54","0-0","Radford","Cooper, Devin","","Commits Foul","13","Cooper, Devin; Cousin, Justin; Lutete, Christian; Phillips, Randy; Polite, Jr., Ed","1:06"
"11/20/2016","7:00 p.m.","1st Half","18:52","0-3","Akron","Jackson, Antino","made","Three Point Jumper","28","Cheatham, Jr., Kwan; Jackson, Antino; Johnson, Isaiah; Robotham, Noah; Williams, Josh","1:08"
"11/20/2016","7:00 p.m.","1st Half","18:52","0-3","Akron","Robotham, Noah","","Assist","","Cheatham, Jr., Kwan; Jackson, Antino; Johnson, Isaiah; Robotham, Noah; Williams, Josh","1:08"
"11/20/2016","7:00 p.m.","1st Half","18:32","0-3","Radford","Polite, Jr., Ed","missed","Layup","10","Cooper, Devin; Cousin, Justin; Lutete, Christian; Phillips, Randy; Polite, Jr., Ed","1:28"
"11/20/2016","7:00 p.m.","1st Half","18:32","0-3","Akron","Team","","Deadball Rebound","","Cheatham, Jr., Kwan; Jackson, Antino; Johnson, Isaiah; Robotham, Noah; Williams, Josh","1:28"
"11/20/2016","7:00 p.m.","1st Half","18:31","0-3","Radford","Phillips, Randy","","Commits Foul","29","Cooper, Devin; Cousin, Justin; Lutete, Christian; Phillips, Randy; Polite, Jr., Ed","1:29"
"11/20/2016","7:00 p.m.","1st Half","18:15","0-3","Akron","Williams, Josh","missed","Three Point Jumper","14","Cheatham, Jr., Kwan; Jackson, Antino; Johnson, Isaiah; Robotham, Noah; Williams, Josh","1:45"
"11/20/2016","7:00 p.m.","1st Half","18:15","0-3","Radford","Polite, Jr., Ed","","Defensive Rebound","","Cooper, Devin; Cousin, Justin; Lutete, Christian; Phillips, Randy; Polite, Jr., Ed","1:45"
"11/20/2016","7:00 p.m.","1st Half","17:59","0-3","Radford","Cooper, Devin","missed","Three Point Jumper","14","Cooper, Devin; Cousin, Justin; Lutete, Christian; Phillips, Randy; Polite, Jr., Ed","2:01"
"11/20/2016","7:00 p.m.","1st Half","17:59","0-3","Akron","Jackson, Antino","","Defensive Rebound","","Cheatham, Jr., Kwan; Jackson, Antino; Johnson, Isaiah; Robotham, Noah; Williams, Josh","2:01"
"11/20/2016","7:00 p.m.","1st Half","17:52","0-3","Akron","Robotham, Noah","missed","Two Point Jumper","23","Cheatham, Jr., Kwan; Jackson, Antino; Johnson, Isaiah; Robotham, Noah; Williams, Josh","2:08"
"11/20/2016","7:00 p.m.","1st Half","17:52","0-3","Radford","Polite, Jr., Ed","","Defensive Rebound","","Cooper, Devin; Cousin, Justin; Lutete, Christian; Phillips, Randy; Polite, Jr., Ed","2:08"
"11/20/2016","7:00 p.m.","1st Half","17:36","0-3","Akron","Williams, Josh","","Commits Foul","14","Cheatham, Jr., Kwan; Jackson, Antino; Johnson, Isaiah; Robotham, Noah; Williams, Josh","2:24"
"11/20/2016","7:00 p.m.","1st Half","17:36","0-3","Radford","Holland, Devonnte","","Enters Game","","Cooper, Devin; Cousin, Justin; Holland, Devonnte; Lutete, Christian; Phillips, Randy; Polite, Jr., Ed","0:00"
"11/20/2016","7:00 p.m.","1st Half","17:36","0-3","Radford","Phillips, Randy","","Leaves Game","","Cooper, Devin; Cousin, Justin; Holland, Devonnte; Lutete, Christian; Polite, Jr., Ed","0:00"
"11/20/2016","7:00 p.m.","1st Half","17:21","0-3","Radford","Lutete, Christian","missed","Two Point Jumper","15","Cooper, Devin; Cousin, Justin; Holland, Devonnte; Lutete, Christian; Polite, Jr., Ed","0:15"
"11/20/2016","7:00 p.m.","1st Half","17:21","0-3","Akron","Team","","Defensive Rebound","","Cheatham, Jr., Kwan; Jackson, Antino; Johnson, Isaiah; Robotham, Noah; Williams, Josh","2:39"
"11/20/2016","7:00 p.m.","1st Half","16:54","0-3","Akron","Johnson, Isaiah","missed","Layup","3","Cheatham, Jr., Kwan; Jackson, Antino; Johnson, Isaiah; Robotham, Noah; Williams, Josh","3:06"
"11/20/2016","7:00 p.m.","1st Half","16:54","0-3","Akron","Cheatham, Jr., Kwan","","Offensive Rebound","","Cheatham, Jr., Kwan; Jackson, Antino; Johnson, Isaiah; Robotham, Noah; Williams, Josh","3:06"
"11/20/2016","7:00 p.m.","1st Half","16:43","0-3","Akron","Jackson, Antino","missed","Layup","19","Cheatham, Jr., Kwan; Jackson, Antino; Johnson, Isaiah; Robotham, Noah; Williams, Josh","3:17"
"11/20/2016","7:00 p.m.","1st Half","16:43","0-3","Radford","Team","","Defensive Rebound","","Cooper, Devin; Cousin, Justin; Holland, Devonnte; Lutete, Christian; Polite, Jr., Ed","0:53"
"11/20/2016","7:00 p.m.","1st Half","16:23","0-3","Radford","Cousin, Justin","missed","Three Point Jumper","10","Cooper, Devin; Cousin, Justin; Holland, Devonnte; Lutete, Christian; Polite, Jr., Ed","1:13"
"11/20/2016","7:00 p.m.","1st Half","16:23","0-3","Akron","Team","","Defensive Rebound","","Cheatham, Jr., Kwan; Jackson, Antino; Johnson, Isaiah; Robotham, Noah; Williams, Josh","3:37"
"11/20/2016","7:00 p.m.","1st Half","16:19","0-3","Radford","Bradford, Christian","","Enters Game","","Bradford, Christian; Cooper, Devin; Cousin, Justin; Holland, Devonnte; Lutete, Christian; Polite, Jr., Ed","0:00"
"11/20/2016","7:00 p.m.","1st Half","16:19","0-3","Radford","Cooper, Devin","","Leaves Game","","Bradford, Christian; Cousin, Justin; Holland, Devonnte; Lutete, Christian; Polite, Jr., Ed","0:00"
"11/20/2016","7:00 p.m.","1st Half","15:52","0-5","Akron","Johnson, Isaiah","made","Layup","0","Cheatham, Jr., Kwan; Jackson, Antino; Johnson, Isaiah; Robotham, Noah; Williams, Josh","4:08"
"11/20/2016","7:00 p.m.","1st Half","15:52","0-5","Radford","Holland, Devonnte","","Commits Foul","","Bradford, Christian; Cousin, Justin; Holland, Devonnte; Lutete, Christian; Polite, Jr., Ed","0:27"
"11/20/2016","7:00 p.m.","1st Half","15:52","0-5","Akron","Team","","Media Timeout","","Cheatham, Jr., Kwan; Jackson, Antino; Johnson, Isaiah; Robotham, Noah; Williams, Josh","4:08"
"11/20/2016","7:00 p.m.","1st Half","15:52","0-5","Akron","Johnson, Isaiah","missed","Free Throw","","Cheatham, Jr., Kwan; Jackson, Antino; Johnson, Isaiah; Robotham, Noah; Williams, Josh","4:08"
"11/20/2016","7:00 p.m.","1st Half","15:52","0-5","Radford","Holland, Devonnte","","Defensive Rebound","","Bradford, Christian; Cousin, Justin; Holland, Devonnte; Lutete, Christian; Polite, Jr., Ed","0:27"
"11/20/2016","7:00 p.m.","1st Half","15:52","0-5","Akron","Jackson, Aaron","","Enters Game","","Cheatham, Jr., Kwan; Jackson, Aaron; Jackson, Antino; Johnson, Isaiah; Robotham, Noah; Williams, Josh","0:00"
"11/20/2016","7:00 p.m.","1st Half","15:52","0-5","Akron","Ivey, Jimond","","Enters Game","","Cheatham, Jr., Kwan; Ivey, Jimond; Jackson, Aaron; Jackson, Antino; Johnson, Isaiah; Robotham, Noah; Williams, Josh","0:00"
"11/20/2016","7:00 p.m.","1st Half","15:52","0-5","Akron","Williams, Josh","","Leaves Game","","Cheatham, Jr., Kwan; Ivey, Jimond; Jackson, Aaron; Jackson, Antino; Johnson, Isaiah; Robotham, Noah","0:00"
"11/20/2016","7:00 p.m.","1st Half","15:52","0-5","Akron","Cheatham, Jr., Kwan","","Leaves Game","","Ivey, Jimond; Jackson, Aaron; Jackson, Antino; Johnson, Isaiah; Robotham, Noah","0:00"
"11/20/2016","7:00 p.m.","1st Half","15:43","0-5","Radford","Cousin, Justin","","Turnover","","Bradford, Christian; Cousin, Justin; Holland, Devonnte; Lutete, Christian; Polite, Jr., Ed","0:36"
"11/20/2016","7:00 p.m.","1st Half","15:41","0-5","Akron","Johnson, Isaiah","","Steal","","Ivey, Jimond; Jackson, Aaron; Jackson, Antino; Johnson, Isaiah; Robotham, Noah","0:11"
"11/20/2016","7:00 p.m.","1st Half","15:16","0-7","Akron","Johnson, Isaiah","made","Layup","3","Ivey, Jimond; Jackson, Aaron; Jackson, Antino; Johnson, Isaiah; Robotham, Noah","0:36"
"11/20/2016","7:00 p.m.","1st Half","15:01","0-7","Radford","Holland, Devonnte","","Turnover","","Bradford, Christian; Cousin, Justin; Holland, Devonnte; Lutete, Christian; Polite, Jr., Ed","1:18"
"11/20/2016","7:00 p.m.","1st Half","15:01","0-7","Radford","Hicks, Donald","","Enters Game","","Bradford, Christian; Cousin, Justin; Hicks, Donald; Holland, Devonnte; Lutete, Christian; Polite, Jr., Ed","0:00"
"11/20/2016","7:00 p.m.","1st Half","15:01","0-7","Radford","Phillips, Randy","","Enters Game","","Bradford, Christian; Cousin, Justin; Hicks, Donald; Holland, Devonnte; Lutete, Christian; Phillips, Randy; Polite, Jr., Ed","0:00"
"11/20/2016","7:00 p.m.","1st Half","15:01","0-7","Radford","Lutete, Christian","","Leaves Game","","Bradford, Christian; Cousin, Justin; Hicks, Donald; Holland, Devonnte; Phillips, Randy; Polite, Jr., Ed","0:00"
"11/20/2016","7:00 p.m.","1st Half","15:01","0-7","Radford","Holland, Devonnte","","Leaves Game","","Bradford, Christian; Cousin, Justin; Hicks, Donald; Phillips, Randy; Polite, Jr., Ed","0:00"
"11/20/2016","7:00 p.m.","1st Half","15:01","0-7","Akron","Hughes, Michael","","Enters Game","","Hughes, Michael; Ivey, Jimond; Jackson, Aaron; Jackson, Antino; Johnson, Isaiah; Robotham, Noah","0:00"
"11/20/2016","7:00 p.m.","1st Half","15:01","0-7","Akron","Dunn-Martin, Tavian","","Enters Game","","Dunn-Martin, Tavian; Hughes, Michael; Ivey, Jimond; Jackson, Aaron; Jackson, Antino; Johnson, Isaiah; Robotham, Noah","0:00"
"11/20/2016","7:00 p.m.","1st Half","15:01","0-7","Akron","Robotham, Noah","","Leaves Game","","Dunn-Martin, Tavian; Hughes, Michael; Ivey, Jimond; Jackson, Aaron; Jackson, Antino; Johnson, Isaiah","0:00"
"11/20/2016","7:00 p.m.","1st Half","15:01","0-7","Akron","Johnson, Isaiah","","Leaves Game","","Dunn-Martin, Tavian; Hughes, Michael; Ivey, Jimond; Jackson, Aaron; Jackson, Antino","0:00"
"11/20/2016","7:00 p.m.","1st Half","14:42","0-7","Akron","Jackson, Aaron","","Turnover","","Dunn-Martin, Tavian; Hughes, Michael; Ivey, Jimond; Jackson, Aaron; Jackson, Antino","0:19"
"11/20/2016","7:00 p.m.","1st Half","14:16","0-7","Radford","Bradford, Christian","missed","Two Point Jumper","4","Bradford, Christian; Cousin, Justin; Hicks, Donald; Phillips, Randy; Polite, Jr., Ed","0:45"
"11/20/2016","7:00 p.m.","1st Half","14:16","0-7","Radford","Hicks, Donald","","Offensive Rebound","","Bradford, Christian; Cousin, Justin; Hicks, Donald; Phillips, Randy; Polite, Jr., Ed","0:45"
"11/20/2016","7:00 p.m.","1st Half","14:04","0-7","Akron","Hughes, Michael","","Commits Foul","18","Dunn-Martin, Tavian; Hughes, Michael; Ivey, Jimond; Jackson, Aaron; Jackson, Antino","0:57"
"11/20/2016","7:00 p.m.","1st Half","14:03","0-7","Akron","Jackson, Aaron","","Commits Foul","29","Dunn-Martin, Tavian; Hughes, Michael; Ivey, Jimond; Jackson, Aaron; Jackson, Antino","0:58"
"11/20/2016","7:00 p.m.","1st Half","13:56","0-7","Radford","Bradford, Christian","","Turnover","","Bradford, Christian; Cousin, Justin; Hicks, Donald; Phillips, Randy; Polite, Jr., Ed","1:05"
"11/20/2016","7:00 p.m.","1st Half","13:54","0-7","Akron","Jackson, Aaron","","Steal","","Dunn-Martin, Tavian; Hughes, Michael; Ivey, Jimond; Jackson, Aaron; Jackson, Antino","1:07"
"11/20/2016","7:00 p.m.","1st Half","13:53","0-7","Akron","Dunn-Martin, Tavian","","Turnover","","Dunn-Martin, Tavian; Hughes, Michael; Ivey, Jimond; Jackson, Aaron; Jackson, Antino","1:08"
"11/20/2016","7:00 p.m.","1st Half","13:53","0-7","Radford","Cooper, Devin","","Enters Game","","Bradford, Christian; Cooper, Devin; Cousin, Justin; Hicks, Donald; Phillips, Randy; Polite, Jr., Ed","0:00"
"11/20/2016","7:00 p.m.","1st Half","13:53","0-7","Radford","Tanner, Caleb","","Enters Game","","Bradford, Christian; Cooper, Devin; Cousin, Justin; Hicks, Donald; Phillips, Randy; Polite, Jr., Ed; Tanner, Caleb","0:00"
"11/20/2016","7:00 p.m.","1st Half","13:53","0-7","Radford","Bradford, Christian","","Leaves Game","","Cooper, Devin; Cousin, Justin; Hicks, Donald; Phillips, Randy; Polite, Jr., Ed; Tanner, Caleb","0:00"
"11/20/2016","7:00 p.m.","1st Half","13:53","0-7","Radford","Cousin, Justin","","Leaves Game","","Cooper, Devin; Hicks, Donald; Phillips, Randy; Polite, Jr., Ed; Tanner, Caleb","0:00"
"11/20/2016","7:00 p.m.","1st Half","13:38","2-7","Radford","Cooper, Devin","made","Two Point Jumper","15","Cooper, Devin; Hicks, Donald; Phillips, Randy; Polite, Jr., Ed; Tanner, Caleb","0:15"
"11/20/2016","7:00 p.m.","1st Half","13:19","2-9","Akron","Hughes, Michael","made","Layup","11","Dunn-Martin, Tavian; Hughes, Michael; Ivey, Jimond; Jackson, Aaron; Jackson, Antino","1:42"
"11/20/2016","7:00 p.m.","1st Half","13:19","2-9","Akron","Ivey, Jimond","","Assist","","Dunn-Martin, Tavian; Hughes, Michael; Ivey, Jimond; Jackson, Aaron; Jackson, Antino","1:42"
"11/20/2016","7:00 p.m.","1st Half","13:03","2-9","Radford","Cooper, Devin","missed","Layup","14","Cooper, Devin; Hicks, Donald; Phillips, Randy; Polite, Jr., Ed; Tanner, Caleb","0:50"
"11/20/2016","7:00 p.m.","1st Half","13:03","2-9","Radford","Cooper, Devin","","Offensive Rebound","","Cooper, Devin; Hicks, Donald; Phillips, Randy; Polite, Jr., Ed; Tanner, Caleb","0:50"
"11/20/2016","7:00 p.m.","1st Half","12:58","2-9","Akron","Hughes, Michael","","Commits Foul","25","Dunn-Martin, Tavian; Hughes, Michael; Ivey, Jimond; Jackson, Aaron; Jackson, Antino","2:03"
"11/20/2016","7:00 p.m.","1st Half","12:58","3-9","Radford","Cooper, Devin","made","Free Throw","","Cooper, Devin; Hicks, Donald; Phillips, Randy; Polite, Jr., Ed; Tanner, Caleb","0:55"
"11/20/2016","7:00 p.m.","1st Half","12:58","4-9","Radford","Cooper, Devin","made","Free Throw","","Cooper, Devin; Hicks, Donald; Phillips, Randy; Polite, Jr., Ed; Tanner, Caleb","0:55"
"11/20/2016","7:00 p.m.","1st Half","12:58","4-9","Radford","Lutete, Christian","","Enters Game","","Cooper, Devin; Hicks, Donald; Lutete, Christian; Phillips, Randy; Polite, Jr., Ed; Tanner, Caleb","0:00"
"11/20/2016","7:00 p.m.","1st Half","12:58","4-9","Radford","Polite, Jr., Ed","","Leaves Game","","Cooper, Devin; Hicks, Donald; Lutete, Christian; Phillips, Randy; Tanner, Caleb","0:00"
"11/20/2016","7:00 p.m.","1st Half","12:58","4-9","Akron","Johnson, Isaiah","","Enters Game","","Dunn-Martin, Tavian; Hughes, Michael; Ivey, Jimond; Jackson, Aaron; Jackson, Antino; Johnson, Isaiah","0:00"
"11/20/2016","7:00 p.m.","1st Half","12:58","4-9","Akron","Williams, Josh","","Enters Game","","Dunn-Martin, Tavian; Hughes, Michael; Ivey, Jimond; Jackson, Aaron; Jackson, Antino; Johnson, Isaiah; Williams, Josh","0:00"
"11/20/2016","7:00 p.m.","1st Half","12:58","4-9","Akron","Hughes, Michael","","Leaves Game","","Dunn-Martin, Tavian; Ivey, Jimond; Jackson, Aaron; Jackson, Antino; Johnson, Isaiah; Williams, Josh","0:00"
"11/20/2016","7:00 p.m.","1st Half","12:58","4-9","Akron","Jackson, Antino","","Leaves Game","","Dunn-Martin, Tavian; Ivey, Jimond; Jackson, Aaron; Johnson, Isaiah; Williams, Josh","0:00"
"11/20/2016","7:00 p.m.","1st Half","12:50","4-12","Akron","Jackson, Aaron","made","Three Point Jumper","22","Dunn-Martin, Tavian; Ivey, Jimond; Jackson, Aaron; Johnson, Isaiah; Williams, Josh","0:08"
"11/20/2016","7:00 p.m.","1st Half","12:50","4-12","Akron","Dunn-Martin, Tavian","","Assist","","Dunn-Martin, Tavian; Ivey, Jimond; Jackson, Aaron; Johnson, Isaiah; Williams, Josh","0:08"
"11/20/2016","7:00 p.m.","1st Half","12:17","4-12","Radford","Tanner, Caleb","missed","Layup","0","Cooper, Devin; Hicks, Donald; Lutete, Christian; Phillips, Randy; Tanner, Caleb","0:41"
"11/20/2016","7:00 p.m.","1st Half","12:17","4-12","Akron","Ivey, Jimond","","Blocked Shot","","Dunn-Martin, Tavian; Ivey, Jimond; Jackson, Aaron; Johnson, Isaiah; Williams, Josh","0:41"
"11/20/2016","7:00 p.m.","1st Half","12:13","4-12","Akron","Johnson, Isaiah","","Defensive Rebound","","Dunn-Martin, Tavian; Ivey, Jimond; Jackson, Aaron; Johnson, Isaiah; Williams, Josh","0:45"
"11/20/2016","7:00 p.m.","1st Half","12:09","4-12","Akron","Dunn-Martin, Tavian","","Turnover","","Dunn-Martin, Tavian; Ivey, Jimond; Jackson, Aaron; Johnson, Isaiah; Williams, Josh","0:49"
"11/20/2016","7:00 p.m.","1st Half","12:08","4-12","Akron","Robotham, Noah","","Enters Game","","Dunn-Martin, Tavian; Ivey, Jimond; Jackson, Aaron; Johnson, Isaiah; Robotham, Noah; Williams, Josh","0:00"
"11/20/2016","7:00 p.m.","1st Half","12:08","4-12","Akron","Dunn-Martin, Tavian","","Leaves Game","","Ivey, Jimond; Jackson, Aaron; Johnson, Isaiah; Robotham, Noah; Williams, Josh","0:00"
"11/20/2016","7:00 p.m.","1st Half","11:47","4-12","Radford","Phillips, Randy","missed","Layup","8","Cooper, Devin; Hicks, Donald; Lutete, Christian; Phillips, Randy; Tanner, Caleb","1:11"
"11/20/2016","7:00 p.m.","1st Half","11:47","4-12","Akron","Johnson, Isaiah","","Defensive Rebound","","Ivey, Jimond; Jackson, Aaron; Johnson, Isaiah; Robotham, Noah; Williams, Josh","0:21"
"11/20/2016","7:00 p.m.","1st Half","11:28","4-15","Akron","Robotham, Noah","made","Three Point Jumper","11","Ivey, Jimond; Jackson, Aaron; Johnson, Isaiah; Robotham, Noah; Williams, Josh","0:40"
"11/20/2016","7:00 p.m.","1st Half","11:28","4-15","Akron","Johnson, Isaiah","","Assist","","Ivey, Jimond; Jackson, Aaron; Johnson, Isaiah; Robotham, Noah; Williams, Josh","0:40"
"11/20/2016","7:00 p.m.","1st Half","11:04","6-15","Radford","Phillips, Randy","made","Layup","6","Cooper, Devin; Hicks, Donald; Lutete, Christian; Phillips, Randy; Tanner, Caleb","1:54"
"11/20/2016","7:00 p.m.","1st Half","11:04","6-15","Radford","Hicks, Donald","","Assist","","Cooper, Devin; Hicks, Donald; Lutete, Christian; Phillips, Randy; Tanner, Caleb","1:54"
"11/20/2016","7:00 p.m.","1st Half","10:51","6-18","Akron","Robotham, Noah","made","Three Point Jumper","17","Ivey, Jimond; Jackson, Aaron; Johnson, Isaiah; Robotham, Noah; Williams, Josh","1:17"
"11/20/2016","7:00 p.m.","1st Half","10:41","6-18","Akron","Ivey, Jimond","","Commits Foul","20","Ivey, Jimond; Jackson, Aaron; Johnson, Isaiah; Robotham, Noah; Williams, Josh","1:27"
"11/20/2016","7:00 p.m.","1st Half","10:41","6-18","Radford","Team","","Team Timeout","","Cooper, Devin; Hicks, Donald; Lutete, Christian; Phillips, Randy; Tanner, Caleb","2:17"
"11/20/2016","7:00 p.m.","1st Half","10:29","6-18","Radford","Hicks, Donald","missed","Two Point Jumper","18","Cooper, Devin; Hicks, Donald; Lutete, Christian; Phillips, Randy; Tanner, Caleb","2:29"
"11/20/2016","7:00 p.m.","1st Half","10:29","6-18","Akron","Cheatham, Jr., Kwan","","Defensive Rebound","","Ivey, Jimond; Jackson, Aaron; Johnson, Isaiah; Robotham, Noah; Williams, Josh","1:39"
"11/20/2016","7:00 p.m.","1st Half","10:11","6-18","Radford","Cousin, Justin","","Enters Game","","Cooper, Devin; Cousin, Justin; Hicks, Donald; Lutete, Christian; Phillips, Randy; Tanner, Caleb","0:00"
"11/20/2016","7:00 p.m.","1st Half","10:11","6-18","Radford","Holland, Devonnte","","Enters Game","","Cooper, Devin; Cousin, Justin; Hicks, Donald; Holland, Devonnte; Lutete, Christian; Phillips, Randy; Tanner, Caleb","0:00"
"11/20/2016","7:00 p.m.","1st Half","10:11","6-18","Radford","Tanner, Caleb","","Leaves Game","","Cooper, Devin; Cousin, Justin; Hicks, Donald; Holland, Devonnte; Lutete, Christian; Phillips, Randy","0:00"
"11/20/2016","7:00 p.m.","1st Half","10:11","6-18","Radford","Phillips, Randy","","Leaves Game","","Cooper, Devin; Cousin, Justin; Hicks, Donald; Holland, Devonnte; Lutete, Christian","0:00"
"11/20/2016","7:00 p.m.","1st Half","10:09","6-18","Akron","Cheatham, Jr., Kwan","","Turnover","","Ivey, Jimond; Jackson, Aaron; Johnson, Isaiah; Robotham, Noah; Williams, Josh","1:59"
"11/20/2016","7:00 p.m.","1st Half","09:59","6-18","Radford","Cooper, Devin","","Turnover","","Cooper, Devin; Cousin, Justin; Hicks, Donald; Holland, Devonnte; Lutete, Christian","0:12"
"11/20/2016","7:00 p.m.","1st Half","09:29","6-18","Akron","Johnson, Isaiah","missed","Layup","0","Ivey, Jimond; Jackson, Aaron; Johnson, Isaiah; Robotham, Noah; Williams, Josh","2:39"
"11/20/2016","7:00 p.m.","1st Half","09:29","6-18","Radford","Lutete, Christian","","Blocked Shot","","Cooper, Devin; Cousin, Justin; Hicks, Donald; Holland, Devonnte; Lutete, Christian","0:42"
"11/20/2016","7:00 p.m.","1st Half","09:24","6-18","Radford","Holland, Devonnte","","Defensive Rebound","","Cooper, Devin; Cousin, Justin; Hicks, Donald; Holland, Devonnte; Lutete, Christian","0:47"
"11/20/2016","7:00 p.m.","1st Half","09:21","6-18","Radford","Cooper, Devin","missed","Layup","22","Cooper, Devin; Cousin, Justin; Hicks, Donald; Holland, Devonnte; Lutete, Christian","0:50"
"11/20/2016","7:00 p.m.","1st Half","09:21","6-18","Radford","Holland, Devonnte","","Offensive Rebound","","Cooper, Devin; Cousin, Justin; Hicks, Donald; Holland, Devonnte; Lutete, Christian","0:50"
"11/20/2016","7:00 p.m.","1st Half","09:12","8-18","Radford","Holland, Devonnte","made","Layup","21","Cooper, Devin; Cousin, Justin; Hicks, Donald; Holland, Devonnte; Lutete, Christian","0:59"
"11/20/2016","7:00 p.m.","1st Half","08:47","8-20","Akron","Johnson, Isaiah","made","Layup","5","Ivey, Jimond; Jackson, Aaron; Johnson, Isaiah; Robotham, Noah; Williams, Josh","3:21"
"11/20/2016","7:00 p.m.","1st Half","08:19","8-20","Radford","Lutete, Christian","missed","Three Point Jumper","2","Cooper, Devin; Cousin, Justin; Hicks, Donald; Holland, Devonnte; Lutete, Christian","1:52"
"11/20/2016","7:00 p.m.","1st Half","08:19","8-20","Akron","Johnson, Isaiah","","Defensive Rebound","","Ivey, Jimond; Jackson, Aaron; Johnson, Isaiah; Robotham, Noah; Williams, Josh","3:49"
"11/20/2016","7:00 p.m.","1st Half","08:08","8-20","Akron","Cheatham, Jr., Kwan","missed","Three Point Jumper","19","Ivey, Jimond; Jackson, Aaron; Johnson, Isaiah; Robotham, Noah; Williams, Josh","4:00"
"11/20/2016","7:00 p.m.","1st Half","08:08","8-20","Radford","Lutete, Christian","","Defensive Rebound","","Cooper, Devin; Cousin, Justin; Hicks, Donald; Holland, Devonnte; Lutete, Christian","2:03"
"11/20/2016","7:00 p.m.","1st Half","07:56","8-20","Radford","Hicks, Donald","missed","Layup","18","Cooper, Devin; Cousin, Justin; Hicks, Donald; Holland, Devonnte; Lutete, Christian","2:15"
"11/20/2016","7:00 p.m.","1st Half","07:56","8-20","Akron","Johnson, Isaiah","","Blocked Shot","","Ivey, Jimond; Jackson, Aaron; Johnson, Isaiah; Robotham, Noah; Williams, Josh","4:12"
"11/20/2016","7:00 p.m.","1st Half","07:56","8-20","Radford","Team","","Offensive Rebound","","Cooper, Devin; Cousin, Justin; Hicks, Donald; Holland, Devonnte; Lutete, Christian","2:15"
"11/20/2016","7:00 p.m.","1st Half","07:53","8-20","Radford","Team","","Team Timeout","","Cooper, Devin; Cousin, Justin; Hicks, Donald; Holland, Devonnte; Lutete, Christian","2:18"
"11/20/2016","7:00 p.m.","1st Half","07:53","8-20","Radford","Polite, Jr., Ed","","Enters Game","","Cooper, Devin; Cousin, Justin; Hicks, Donald; Holland, Devonnte; Lutete, Christian; Polite, Jr., Ed","0:00"
"11/20/2016","7:00 p.m.","1st Half","07:53","8-20","Radford","Phillips, Randy","","Enters Game","","Cooper, Devin; Cousin, Justin; Hicks, Donald; Holland, Devonnte; Lutete, Christian; Phillips, Randy; Polite, Jr., Ed","0:00"
"11/20/2016","7:00 p.m.","1st Half","07:53","8-20","Radford","Lutete, Christian","","Leaves Game","","Cooper, Devin; Cousin, Justin; Hicks, Donald; Holland, Devonnte; Phillips, Randy; Polite, Jr., Ed","0:00"
"11/20/2016","7:00 p.m.","1st Half","07:53","8-20","Radford","Holland, Devonnte","","Leaves Game","","Cooper, Devin; Cousin, Justin; Hicks, Donald; Phillips, Randy; Polite, Jr., Ed","0:00"
"11/20/2016","7:00 p.m.","1st Half","07:53","8-20","Akron","Jackson, Antino","","Enters Game","","Ivey, Jimond; Jackson, Aaron; Jackson, Antino; Johnson, Isaiah; Robotham, Noah; Williams, Josh","0:00"
"11/20/2016","7:00 p.m.","1st Half","07:53","8-20","Akron","Cheatham, Jr., Kwan","","Enters Game","","Cheatham, Jr., Kwan; Ivey, Jimond; Jackson, Aaron; Jackson, Antino; Johnson, Isaiah; Robotham, Noah; Williams, Josh","0:00"
"11/20/2016","7:00 p.m.","1st Half","07:53","8-20","Akron","Olojakpoke, Emmanuel","","Enters Game","","Cheatham, Jr., Kwan; Ivey, Jimond; Jackson, Aaron; Jackson, Antino; Johnson, Isaiah; Olojakpoke, Emmanuel; Robotham, Noah; Williams, Josh","0:00"
"11/20/2016","7:00 p.m.","1st Half","07:53","8-20","Akron","Jackson, Aaron","","Leaves Game","","Cheatham, Jr., Kwan; Ivey, Jimond; Jackson, Antino; Johnson, Isaiah; Olojakpoke, Emmanuel; Robotham, Noah; Williams, Josh","0:00"
"11/20/2016","7:00 p.m.","1st Half","07:53","8-20","Akron","Ivey, Jimond","","Leaves Game","","Cheatham, Jr., Kwan; Jackson, Antino; Johnson, Isaiah; Olojakpoke, Emmanuel; Robotham, Noah; Williams, Josh","0:00"
"11/20/2016","7:00 p.m.","1st Half","07:53","8-20","Akron","Johnson, Isaiah","","Leaves Game","","Cheatham, Jr., Kwan; Jackson, Antino; Olojakpoke, Emmanuel; Robotham, Noah; Williams, Josh","0:00"
"11/20/2016","7:00 p.m.","1st Half","07:33","8-20","Radford","Hicks, Donald","missed","Three Point Jumper","7","Cooper, Devin; Cousin, Justin; Hicks, Donald; Phillips, Randy; Polite, Jr., Ed","0:20"
"11/20/2016","7:00 p.m.","1st Half","07:33","8-20","Akron","Olojakpoke, Emmanuel","","Defensive Rebound","","Cheatham, Jr., Kwan; Jackson, Antino; Olojakpoke, Emmanuel; Robotham, Noah; Williams, Josh","0:20"
"11/20/2016","7:00 p.m.","1st Half","07:15","8-20","Akron","Robotham, Noah","","Turnover","","Cheatham, Jr., Kwan; Jackson, Antino; Olojakpoke, Emmanuel; Robotham, Noah; Williams, Josh","0:38"
"11/20/2016","7:00 p.m.","1st Half","07:02","8-20","Akron","Cheatham, Jr., Kwan","","Commits Foul","17","Cheatham, Jr., Kwan; Jackson, Antino; Olojakpoke, Emmanuel; Robotham, Noah; Williams, Josh","0:51"
"11/20/2016","7:00 p.m.","1st Half","06:52","8-20","Radford","Hicks, Donald","","Turnover","","Cooper, Devin; Cousin, Justin; Hicks, Donald; Phillips, Randy; Polite, Jr., Ed","1:01"
"11/20/2016","7:00 p.m.","1st Half","06:50","8-20","Akron","Williams, Josh","","Steal","","Cheatham, Jr., Kwan; Jackson, Antino; Olojakpoke, Emmanuel; Robotham, Noah; Williams, Josh","1:03"
"11/20/2016","7:00 p.m.","1st Half","06:47","8-20","Akron","Robotham, Noah","missed","Three Point Jumper","25","Cheatham, Jr., Kwan; Jackson, Antino; Olojakpoke, Emmanuel; Robotham, Noah; Williams, Josh","1:06"
"11/20/2016","7:00 p.m.","1st Half","06:47","8-20","Radford","Polite, Jr., Ed","","Defensive Rebound","","Cooper, Devin; Cousin, Justin; Hicks, Donald; Phillips, Randy; Polite, Jr., Ed","1:06"
"11/20/2016","7:00 p.m.","1st Half","06:40","8-20","Radford","Cooper, Devin","missed","Two Point Jumper","23","Cooper, Devin; Cousin, Justin; Hicks, Donald; Phillips, Randy; Polite, Jr., Ed","1:13"
"11/20/2016","7:00 p.m.","1st Half","06:40","8-20","Akron","Cheatham, Jr., Kwan","","Defensive Rebound","","Cheatham, Jr., Kwan; Jackson, Antino; Olojakpoke, Emmanuel; Robotham, Noah; Williams, Josh","1:13"
"11/20/2016","7:00 p.m.","1st Half","06:32","8-20","Akron","Williams, Josh","missed","Three Point Jumper","22","Cheatham, Jr., Kwan; Jackson, Antino; Olojakpoke, Emmanuel; Robotham, Noah; Williams, Josh","1:21"
"11/20/2016","7:00 p.m.","1st Half","06:32","8-20","Radford","Cooper, Devin","","Defensive Rebound","","Cooper, Devin; Cousin, Justin; Hicks, Donald; Phillips, Randy; Polite, Jr., Ed","1:21"
"11/20/2016","7:00 p.m.","1st Half","06:15","8-20","Radford","Hicks, Donald","","Turnover","","Cooper, Devin; Cousin, Justin; Hicks, Donald; Phillips, Randy; Polite, Jr., Ed","1:38"
"11/20/2016","7:00 p.m.","1st Half","06:15","8-20","Radford","Hicks, Donald","","Commits Foul","","Cooper, Devin; Cousin, Justin; Hicks, Donald; Phillips, Randy; Polite, Jr., Ed","1:38"
"11/20/2016","7:00 p.m.","1st Half","06:15","8-20","Radford","Lutete, Christian","","Enters Game","","Cooper, Devin; Cousin, Justin; Hicks, Donald; Lutete, Christian; Phillips, Randy; Polite, Jr., Ed","0:00"
"11/20/2016","7:00 p.m.","1st Half","06:15","8-20","Radford","Tanner, Caleb","","Enters Game","","Cooper, Devin; Cousin, Justin; Hicks, Donald; Lutete, Christian; Phillips, Randy; Polite, Jr., Ed; Tanner, Caleb","0:00"
"11/20/2016","7:00 p.m.","1st Half","06:15","8-20","Radford","Cousin, Justin","","Leaves Game","","Cooper, Devin; Hicks, Donald; Lutete, Christian; Phillips, Randy; Polite, Jr., Ed; Tanner, Caleb","0:00"
"11/20/2016","7:00 p.m.","1st Half","06:15","8-20","Radford","Hicks, Donald","","Leaves Game","","Cooper, Devin; Lutete, Christian; Phillips, Randy; Polite, Jr., Ed; Tanner, Caleb","0:00"
"11/20/2016","7:00 p.m.","1st Half","06:02","8-20","Akron","Williams, Josh","missed","Three Point Jumper","17","Cheatham, Jr., Kwan; Jackson, Antino; Olojakpoke, Emmanuel; Robotham, Noah; Williams, Josh","1:51"
"11/20/2016","7:00 p.m.","1st Half","06:02","8-20","Radford","Polite, Jr., Ed","","Defensive Rebound","","Cooper, Devin; Lutete, Christian; Phillips, Randy; Polite, Jr., Ed; Tanner, Caleb","0:13"
"11/20/2016","7:00 p.m.","1st Half","05:50","8-20","Radford","Polite, Jr., Ed","missed","Two Point Jumper","18","Cooper, Devin; Lutete, Christian; Phillips, Randy; Polite, Jr., Ed; Tanner, Caleb","0:25"
"11/20/2016","7:00 p.m.","1st Half","05:50","8-20","Radford","Team","","Offensive Rebound","","Cooper, Devin; Lutete, Christian; Phillips, Randy; Polite, Jr., Ed; Tanner, Caleb","0:25"
"11/20/2016","7:00 p.m.","1st Half","05:49","8-20","Akron","Olojakpoke, Emmanuel","","Commits Foul","29","Cheatham, Jr., Kwan; Jackson, Antino; Olojakpoke, Emmanuel; Robotham, Noah; Williams, Josh","2:04"
"11/20/2016","7:00 p.m.","1st Half","05:49","8-20","Radford","Phillips, Randy","missed","Free Throw","","Cooper, Devin; Lutete, Christian; Phillips, Randy; Polite, Jr., Ed; Tanner, Caleb","0:26"
"11/20/2016","7:00 p.m.","1st Half","05:49","8-20","Akron","Johnson, Isaiah","","Defensive Rebound","","Cheatham, Jr., Kwan; Jackson, Antino; Olojakpoke, Emmanuel; Robotham, Noah; Williams, Josh","2:04"
"11/20/2016","7:00 p.m.","1st Half","05:49","8-20","Akron","Johnson, Isaiah","","Enters Game","","Cheatham, Jr., Kwan; Jackson, Antino; Johnson, Isaiah; Olojakpoke, Emmanuel; Robotham, Noah; Williams, Josh","0:00"
"11/20/2016","7:00 p.m.","1st Half","05:49","8-20","Akron","Ivey, Jimond","","Enters Game","","Cheatham, Jr., Kwan; Ivey, Jimond; Jackson, Antino; Johnson, Isaiah; Olojakpoke, Emmanuel; Robotham, Noah; Williams, Josh","0:00"
"11/20/2016","7:00 p.m.","1st Half","05:49","8-20","Akron","Olojakpoke, Emmanuel","","Leaves Game","","Cheatham, Jr., Kwan; Ivey, Jimond; Jackson, Antino; Johnson, Isaiah; Robotham, Noah; Williams, Josh","0:00"
"11/20/2016","7:00 p.m.","1st Half","05:49","8-20","Akron","Robotham, Noah","","Leaves Game","","Cheatham, Jr., Kwan; Ivey, Jimond; Jackson, Antino; Johnson, Isaiah; Williams, Josh","0:00"
"11/20/2016","7:00 p.m.","1st Half","05:28","8-20","Radford","Phillips, Randy","","Commits Foul","9","Cooper, Devin; Lutete, Christian; Phillips, Randy; Polite, Jr., Ed; Tanner, Caleb","0:47"
"11/20/2016","7:00 p.m.","1st Half","05:28","8-20","Akron","Johnson, Isaiah","missed","Free Throw","","Cheatham, Jr., Kwan; Ivey, Jimond; Jackson, Antino; Johnson, Isaiah; Williams, Josh","0:21"
"11/20/2016","7:00 p.m.","1st Half","05:28","8-20","Akron","Team","","Deadball Rebound","","Cheatham, Jr., Kwan; Ivey, Jimond; Jackson, Antino; Johnson, Isaiah; Williams, Josh","0:21"
"11/20/2016","7:00 p.m.","1st Half","05:28","8-21","Akron","Johnson, Isaiah","made","Free Throw","","Cheatham, Jr., Kwan; Ivey, Jimond; Jackson, Antino; Johnson, Isaiah; Williams, Josh","0:21"
"11/20/2016","7:00 p.m.","1st Half","05:28","8-21","Radford","Holland, Devonnte","","Enters Game","","Cooper, Devin; Holland, Devonnte; Lutete, Christian; Phillips, Randy; Polite, Jr., Ed; Tanner, Caleb","0:00"
"11/20/2016","7:00 p.m.","1st Half","05:28","8-21","Radford","Phillips, Randy","","Leaves Game","","Cooper, Devin; Holland, Devonnte; Lutete, Christian; Polite, Jr., Ed; Tanner, Caleb","0:00"
"11/20/2016","7:00 p.m.","1st Half","05:06","11-21","Radford","Tanner, Caleb","made","Three Point Jumper","8","Cooper, Devin; Holland, Devonnte; Lutete, Christian; Polite, Jr., Ed; Tanner, Caleb","0:22"
"11/20/2016","7:00 p.m.","1st Half","05:06","11-21","Radford","Lutete, Christian","","Assist","","Cooper, Devin; Holland, Devonnte; Lutete, Christian; Polite, Jr., Ed; Tanner, Caleb","0:22"
"11/20/2016","7:00 p.m.","1st Half","04:51","11-21","Radford","Cooper, Devin","","Commits Foul","15","Cooper, Devin; Holland, Devonnte; Lutete, Christian; Polite, Jr., Ed; Tanner, Caleb","0:37"
"11/20/2016","7:00 p.m.","1st Half","04:51","11-21","Akron","Jackson, Antino","missed","Free Throw","","Cheatham, Jr., Kwan; Ivey, Jimond; Jackson, Antino; Johnson, Isaiah; Williams, Josh","0:58"
"11/20/2016","7:00 p.m.","1st Half","04:51","11-21","Akron","Team","","Deadball Rebound","","Cheatham, Jr., Kwan; Ivey, Jimond; Jackson, Antino; Johnson, Isaiah; Williams, Josh","0:58"
"11/20/2016","7:00 p.m.","1st Half","04:51","11-22","Akron","Jackson, Antino","made","Free Throw","","Cheatham, Jr., Kwan; Ivey, Jimond; Jackson, Antino; Johnson, Isaiah; Williams, Josh","0:58"
"11/20/2016","7:00 p.m.","1st Half","04:51","11-22","Radford","Bradford, Christian","","Enters Game","","Bradford, Christian; Cooper, Devin; Holland, Devonnte; Lutete, Christian; Polite, Jr., Ed; Tanner, Caleb","0:00"
"11/20/2016","7:00 p.m.","1st Half","04:51","11-22","Radford","Cooper, Devin","","Leaves Game","","Bradford, Christian; Holland, Devonnte; Lutete, Christian; Polite, Jr., Ed; Tanner, Caleb","0:00"
"11/20/2016","7:00 p.m.","1st Half","04:51","11-22","Akron","Jackson, Aaron","","Enters Game","","Cheatham, Jr., Kwan; Ivey, Jimond; Jackson, Aaron; Jackson, Antino; Johnson, Isaiah; Williams, Josh","0:00"
"11/20/2016","7:00 p.m.","1st Half","04:51","11-22","Akron","Williams, Josh","","Leaves Game","","Cheatham, Jr., Kwan; Ivey, Jimond; Jackson, Aaron; Jackson, Antino; Johnson, Isaiah","0:00"
"11/20/2016","7:00 p.m.","1st Half","04:29","11-22","Radford","Polite, Jr., Ed","","Turnover","","Bradford, Christian; Holland, Devonnte; Lutete, Christian; Polite, Jr., Ed; Tanner, Caleb","0:22"
"11/20/2016","7:00 p.m.","1st Half","04:11","11-22","Akron","Jackson, Antino","missed","Two Point Jumper","12","Cheatham, Jr., Kwan; Ivey, Jimond; Jackson, Aaron; Jackson, Antino; Johnson, Isaiah","0:40"
"11/20/2016","7:00 p.m.","1st Half","04:11","11-22","Radford","Polite, Jr., Ed","","Defensive Rebound","","Bradford, Christian; Holland, Devonnte; Lutete, Christian; Polite, Jr., Ed; Tanner, Caleb","0:40"
"11/20/2016","7:00 p.m.","1st Half","04:10","11-22","Akron","Jackson, Aaron","","Commits Foul","29","Cheatham, Jr., Kwan; Ivey, Jimond; Jackson, Aaron; Jackson, Antino; Johnson, Isaiah","0:41"
"11/20/2016","7:00 p.m.","1st Half","04:10","11-22","Radford","Polite, Jr., Ed","missed","Free Throw","","Bradford, Christian; Holland, Devonnte; Lutete, Christian; Polite, Jr., Ed; Tanner, Caleb","0:41"
"11/20/2016","7:00 p.m.","1st Half","04:10","11-22","Akron","Ivey, Jimond","","Defensive Rebound","","Cheatham, Jr., Kwan; Ivey, Jimond; Jackson, Aaron; Jackson, Antino; Johnson, Isaiah","0:41"
"11/20/2016","7:00 p.m.","1st Half","04:10","11-22","Akron","Williams, Josh","","Enters Game","","Cheatham, Jr., Kwan; Ivey, Jimond; Jackson, Aaron; Jackson, Antino; Johnson, Isaiah; Williams, Josh","0:00"
"11/20/2016","7:00 p.m.","1st Half","04:10","11-22","Akron","Jackson, Aaron","","Leaves Game","","Cheatham, Jr., Kwan; Ivey, Jimond; Jackson, Antino; Johnson, Isaiah; Williams, Josh","0:58"
"11/20/2016","7:00 p.m.","1st Half","03:46","11-25","Akron","Jackson, Antino","made","Three Point Jumper","6","Cheatham, Jr., Kwan; Ivey, Jimond; Jackson, Antino; Johnson, Isaiah; Williams, Josh","1:22"
"11/20/2016","7:00 p.m.","1st Half","03:46","11-25","Akron","Johnson, Isaiah","","Assist","","Cheatham, Jr., Kwan; Ivey, Jimond; Jackson, Antino; Johnson, Isaiah; Williams, Josh","1:22"
"11/20/2016","7:00 p.m.","1st Half","03:26","11-25","Radford","Holland, Devonnte","missed","Two Point Jumper","10","Bradford, Christian; Holland, Devonnte; Lutete, Christian; Polite, Jr., Ed; Tanner, Caleb","1:25"
"11/20/2016","7:00 p.m.","1st Half","03:26","11-25","Akron","Jackson, Antino","","Defensive Rebound","","Cheatham, Jr., Kwan; Ivey, Jimond; Jackson, Antino; Johnson, Isaiah; Williams, Josh","1:42"
"11/20/2016","7:00 p.m.","1st Half","03:07","11-27","Akron","Johnson, Isaiah","made","Layup","11","Cheatham, Jr., Kwan; Ivey, Jimond; Jackson, Antino; Johnson, Isaiah; Williams, Josh","2:01"
"11/20/2016","7:00 p.m.","1st Half","03:07","11-27","Akron","Cheatham, Jr., Kwan","","Assist","","Cheatham, Jr., Kwan; Ivey, Jimond; Jackson, Antino; Johnson, Isaiah; Williams, Josh","2:01"
"11/20/2016","7:00 p.m.","1st Half","02:48","11-27","Radford","Holland, Devonnte","","Turnover","","Bradford, Christian; Holland, Devonnte; Lutete, Christian; Polite, Jr., Ed; Tanner, Caleb","2:03"
"11/20/2016","7:00 p.m.","1st Half","02:48","11-27","Akron","Team","","Team Timeout","","Cheatham, Jr., Kwan; Ivey, Jimond; Jackson, Antino; Johnson, Isaiah; Williams, Josh","2:20"
"11/20/2016","7:00 p.m.","1st Half","02:48","11-27","Radford","Cousin, Justin","","Enters Game","","Bradford, Christian; Cousin, Justin; Holland, Devonnte; Lutete, Christian; Polite, Jr., Ed; Tanner, Caleb","0:00"
"11/20/2016","7:00 p.m.","1st Half","02:48","11-27","Radford","Lutete, Christian","","Leaves Game","","Bradford, Christian; Cousin, Justin; Holland, Devonnte; Polite, Jr., Ed; Tanner, Caleb","0:00"
"11/20/2016","7:00 p.m.","1st Half","02:13","11-27","Radford","Polite, Jr., Ed","","Commits Foul","0","Bradford, Christian; Cousin, Justin; Holland, Devonnte; Polite, Jr., Ed; Tanner, Caleb","0:35"
"11/20/2016","7:00 p.m.","1st Half","02:13","11-28","Akron","Johnson, Isaiah","made","Free Throw","","Cheatham, Jr., Kwan; Ivey, Jimond; Jackson, Antino; Johnson, Isaiah; Williams, Josh","2:55"
"11/20/2016","7:00 p.m.","1st Half","02:13","11-29","Akron","Johnson, Isaiah","made","Free Throw","","Cheatham, Jr., Kwan; Ivey, Jimond; Jackson, Antino; Johnson, Isaiah; Williams, Josh","2:55"
"11/20/2016","7:00 p.m.","1st Half","02:13","11-29","Akron","Robotham, Noah","","Enters Game","","Cheatham, Jr., Kwan; Ivey, Jimond; Jackson, Antino; Johnson, Isaiah; Robotham, Noah; Williams, Josh","0:00"
"11/20/2016","7:00 p.m.","1st Half","02:13","11-29","Akron","Jackson, Antino","","Leaves Game","","Cheatham, Jr., Kwan; Ivey, Jimond; Johnson, Isaiah; Robotham, Noah; Williams, Josh","0:00"
"11/20/2016","7:00 p.m.","1st Half","01:46","14-29","Radford","Tanner, Caleb","made","Three Point Jumper","3","Bradford, Christian; Cousin, Justin; Holland, Devonnte; Polite, Jr., Ed; Tanner, Caleb","1:02"
"11/20/2016","7:00 p.m.","1st Half","01:46","14-29","Radford","Bradford, Christian","","Assist","","Bradford, Christian; Cousin, Justin; Holland, Devonnte; Polite, Jr., Ed; Tanner, Caleb","1:02"
"11/20/2016","7:00 p.m.","1st Half","01:19","14-29","Akron","Williams, Josh","","Turnover","","Cheatham, Jr., Kwan; Ivey, Jimond; Johnson, Isaiah; Robotham, Noah; Williams, Josh","0:54"
"11/20/2016","7:00 p.m.","1st Half","01:17","14-29","Radford","Polite, Jr., Ed","","Steal","","Bradford, Christian; Cousin, Justin; Holland, Devonnte; Polite, Jr., Ed; Tanner, Caleb","1:31"
"11/20/2016","7:00 p.m.","1st Half","01:12","14-29","Radford","Cousin, Justin","missed","Three Point Jumper","23","Bradford, Christian; Cousin, Justin; Holland, Devonnte; Polite, Jr., Ed; Tanner, Caleb","1:36"
"11/20/2016","7:00 p.m.","1st Half","01:12","14-29","Akron","Johnson, Isaiah","","Defensive Rebound","","Cheatham, Jr., Kwan; Ivey, Jimond; Johnson, Isaiah; Robotham, Noah; Williams, Josh","1:01"
"11/20/2016","7:00 p.m.","1st Half","01:00","14-29","Akron","Cheatham, Jr., Kwan","missed","Two Point Jumper","18","Cheatham, Jr., Kwan; Ivey, Jimond; Johnson, Isaiah; Robotham, Noah; Williams, Josh","1:13"
"11/20/2016","7:00 p.m.","1st Half","01:00","14-29","Radford","Polite, Jr., Ed","","Defensive Rebound","","Bradford, Christian; Cousin, Justin; Holland, Devonnte; Polite, Jr., Ed; Tanner, Caleb","1:48"
"11/20/2016","7:00 p.m.","1st Half","00:44","14-29","Radford","Bradford, Christian","missed","Layup","14","Bradford, Christian; Cousin, Justin; Holland, Devonnte; Polite, Jr., Ed; Tanner, Caleb","2:04"
"11/20/2016","7:00 p.m.","1st Half","00:44","14-29","Akron","Cheatham, Jr., Kwan","","Defensive Rebound","","Cheatham, Jr., Kwan; Ivey, Jimond; Johnson, Isaiah; Robotham, Noah; Williams, Josh","1:29"
"11/20/2016","7:00 p.m.","1st Half","00:30","14-29","Akron","Cheatham, Jr., Kwan","missed","Two Point Jumper","16","Cheatham, Jr., Kwan; Ivey, Jimond; Johnson, Isaiah; Robotham, Noah; Williams, Josh","1:43"
"11/20/2016","7:00 p.m.","1st Half","00:30","14-29","Radford","Holland, Devonnte","","Defensive Rebound","","Bradford, Christian; Cousin, Justin; Holland, Devonnte; Polite, Jr., Ed; Tanner, Caleb","2:18"
"11/20/2016","7:00 p.m.","1st Half","00:04","14-29","Radford","Bradford, Christian","","Turnover","","Bradford, Christian; Cousin, Justin; Holland, Devonnte; Polite, Jr., Ed; Tanner, Caleb","2:44"
"11/20/2016","7:00 p.m.","1st Half","00:02","14-29","Akron","Cheatham, Jr., Kwan","","Steal","","Cheatham, Jr., Kwan; Ivey, Jimond; Johnson, Isaiah; Robotham, Noah; Williams, Josh","2:11"
"11/20/2016","7:00 p.m.","2nd Half","19:48","14-31","Akron","Johnson, Isaiah","made","Two Point Jumper","18","Cheatham, Jr., Kwan; Jackson, Antino; Johnson, Isaiah; Robotham, Noah; Williams, Josh","0:12"
"11/20/2016","7:00 p.m.","2nd Half","19:48","14-31","Akron","Robotham, Noah","","Assist","","Cheatham, Jr., Kwan; Jackson, Antino; Johnson, Isaiah; Robotham, Noah; Williams, Josh","0:12"
"11/20/2016","7:00 p.m.","2nd Half","19:16","14-31","Radford","Phillips, Randy","missed","Layup","0","Cooper, Devin; Cousin, Justin; Lutete, Christian; Phillips, Randy; Polite, Jr., Ed","0:44"
"11/20/2016","7:00 p.m.","2nd Half","19:16","14-31","Akron","Johnson, Isaiah","","Defensive Rebound","","Cheatham, Jr., Kwan; Jackson, Antino; Johnson, Isaiah; Robotham, Noah; Williams, Josh","0:44"
"11/20/2016","7:00 p.m.","2nd Half","19:03","14-34","Akron","Jackson, Antino","made","Three Point Jumper","17","Cheatham, Jr., Kwan; Jackson, Antino; Johnson, Isaiah; Robotham, Noah; Williams, Josh","0:57"
"11/20/2016","7:00 p.m.","2nd Half","19:03","14-34","Akron","Williams, Josh","","Assist","","Cheatham, Jr., Kwan; Jackson, Antino; Johnson, Isaiah; Robotham, Noah; Williams, Josh","0:57"
"11/20/2016","7:00 p.m.","2nd Half","18:30","14-34","Radford","Cooper, Devin","missed","Layup","0","Cooper, Devin; Cousin, Justin; Lutete, Christian; Phillips, Randy; Polite, Jr., Ed","1:30"
"11/20/2016","7:00 p.m.","2nd Half","18:30","14-34","Akron","Johnson, Isaiah","","Defensive Rebound","","Cheatham, Jr., Kwan; Jackson, Antino; Johnson, Isaiah; Robotham, Noah; Williams, Josh","1:30"
"11/20/2016","7:00 p.m.","2nd Half","18:20","14-34","Akron","Williams, Josh","missed","Three Point Jumper","20","Cheatham, Jr., Kwan; Jackson, Antino; Johnson, Isaiah; Robotham, Noah; Williams, Josh","1:40"
"11/20/2016","7:00 p.m.","2nd Half","18:20","14-34","Akron","Cheatham, Jr., Kwan","","Offensive Rebound","","Cheatham, Jr., Kwan; Jackson, Antino; Johnson, Isaiah; Robotham, Noah; Williams, Josh","1:40"
"11/20/2016","7:00 p.m.","2nd Half","18:17","14-34","Radford","Lutete, Christian","","Commits Foul","27","Cooper, Devin; Cousin, Justin; Lutete, Christian; Phillips, Randy; Polite, Jr., Ed","1:43"
"11/20/2016","7:00 p.m.","2nd Half","18:09","14-37","Akron","Robotham, Noah","made","Three Point Jumper","22","Cheatham, Jr., Kwan; Jackson, Antino; Johnson, Isaiah; Robotham, Noah; Williams, Josh","1:51"
"11/20/2016","7:00 p.m.","2nd Half","18:09","14-37","Akron","Jackson, Antino","","Assist","","Cheatham, Jr., Kwan; Jackson, Antino; Johnson, Isaiah; Robotham, Noah; Williams, Josh","1:51"
"11/20/2016","7:00 p.m.","2nd Half","17:59","14-37","Radford","Team","","Team Timeout","","Cooper, Devin; Cousin, Justin; Lutete, Christian; Phillips, Randy; Polite, Jr., Ed","2:01"
"11/20/2016","7:00 p.m.","2nd Half","17:45","14-37","Radford","Cousin, Justin","","Turnover","","Cooper, Devin; Cousin, Justin; Lutete, Christian; Phillips, Randy; Polite, Jr., Ed","2:15"
"11/20/2016","7:00 p.m.","2nd Half","17:39","14-37","Akron","Jackson, Antino","","Turnover","","Cheatham, Jr., Kwan; Jackson, Antino; Johnson, Isaiah; Robotham, Noah; Williams, Josh","2:21"
"11/20/2016","7:00 p.m.","2nd Half","17:14","14-37","Radford","Phillips, Randy","","Turnover","","Cooper, Devin; Cousin, Justin; Lutete, Christian; Phillips, Randy; Polite, Jr., Ed","2:46"
"11/20/2016","7:00 p.m.","2nd Half","17:14","14-37","Radford","Tanner, Caleb","","Enters Game","","Cooper, Devin; Cousin, Justin; Lutete, Christian; Phillips, Randy; Polite, Jr., Ed; Tanner, Caleb","0:00"
"11/20/2016","7:00 p.m.","2nd Half","17:14","14-37","Radford","Holland, Devonnte","","Enters Game","","Cooper, Devin; Cousin, Justin; Holland, Devonnte; Lutete, Christian; Phillips, Randy; Polite, Jr., Ed; Tanner, Caleb","0:00"
"11/20/2016","7:00 p.m.","2nd Half","17:14","14-37","Radford","Lutete, Christian","","Leaves Game","","Cooper, Devin; Cousin, Justin; Holland, Devonnte; Phillips, Randy; Polite, Jr., Ed; Tanner, Caleb","0:00"
"11/20/2016","7:00 p.m.","2nd Half","17:14","14-37","Radford","Phillips, Randy","","Leaves Game","","Cooper, Devin; Cousin, Justin; Holland, Devonnte; Polite, Jr., Ed; Tanner, Caleb","0:00"
"11/20/2016","7:00 p.m.","2nd Half","17:08","14-37","Radford","Cousin, Justin","","Commits Foul","24","Cooper, Devin; Cousin, Justin; Holland, Devonnte; Polite, Jr., Ed; Tanner, Caleb","0:06"
"11/20/2016","7:00 p.m.","2nd Half","16:47","14-39","Akron","Johnson, Isaiah","made","Layup","9","Cheatham, Jr., Kwan; Jackson, Antino; Johnson, Isaiah; Robotham, Noah; Williams, Josh","3:13"
"11/20/2016","7:00 p.m.","2nd Half","16:24","14-39","Akron","Cheatham, Jr., Kwan","","Commits Foul","7","Cheatham, Jr., Kwan; Jackson, Antino; Johnson, Isaiah; Robotham, Noah; Williams, Josh","3:36"
"11/20/2016","7:00 p.m.","2nd Half","16:24","15-39","Radford","Holland, Devonnte","made","Free Throw","","Cooper, Devin; Cousin, Justin; Holland, Devonnte; Polite, Jr., Ed; Tanner, Caleb","0:50"
"11/20/2016","7:00 p.m.","2nd Half","16:24","15-39","Radford","Holland, Devonnte","missed","Free Throw","","Cooper, Devin; Cousin, Justin; Holland, Devonnte; Polite, Jr., Ed; Tanner, Caleb","0:50"
"11/20/2016","7:00 p.m.","2nd Half","16:24","15-39","Akron","Cheatham, Jr., Kwan","","Defensive Rebound","","Cheatham, Jr., Kwan; Jackson, Antino; Johnson, Isaiah; Robotham, Noah; Williams, Josh","3:36"
"11/20/2016","7:00 p.m.","2nd Half","16:24","15-39","Akron","Hughes, Michael","","Enters Game","","Cheatham, Jr., Kwan; Hughes, Michael; Jackson, Antino; Johnson, Isaiah; Robotham, Noah; Williams, Josh","0:00"
"11/20/2016","7:00 p.m.","2nd Half","16:24","15-39","Akron","Johnson, Isaiah","","Leaves Game","","Cheatham, Jr., Kwan; Hughes, Michael; Jackson, Antino; Robotham, Noah; Williams, Josh","0:00"
"11/20/2016","7:00 p.m.","2nd Half","16:17","15-39","Akron","Cheatham, Jr., Kwan","missed","Three Point Jumper","23","Cheatham, Jr., Kwan; Hughes, Michael; Jackson, Antino; Robotham, Noah; Williams, Josh","0:07"
"11/20/2016","7:00 p.m.","2nd Half","16:17","15-39","Radford","Cooper, Devin","","Defensive Rebound","","Cooper, Devin; Cousin, Justin; Holland, Devonnte; Polite, Jr., Ed; Tanner, Caleb","0:57"
"11/20/2016","7:00 p.m.","2nd Half","16:05","15-39","Radford","Cooper, Devin","missed","Layup","18","Cooper, Devin; Cousin, Justin; Holland, Devonnte; Polite, Jr., Ed; Tanner, Caleb","1:09"
"11/20/2016","7:00 p.m.","2nd Half","16:05","15-39","Akron","Williams, Josh","","Defensive Rebound","","Cheatham, Jr., Kwan; Hughes, Michael; Jackson, Antino; Robotham, Noah; Williams, Josh","0:19"
"11/20/2016","7:00 p.m.","2nd Half","15:59","15-42","Akron","Williams, Josh","made","Three Point Jumper","24","Cheatham, Jr., Kwan; Hughes, Michael; Jackson, Antino; Robotham, Noah; Williams, Josh","0:25"
"11/20/2016","7:00 p.m.","2nd Half","15:36","17-42","Radford","Polite, Jr., Ed","made","Layup","7","Cooper, Devin; Cousin, Justin; Holland, Devonnte; Polite, Jr., Ed; Tanner, Caleb","1:38"
"11/20/2016","7:00 p.m.","2nd Half","15:18","17-45","Akron","Williams, Josh","made","Three Point Jumper","12","Cheatham, Jr., Kwan; Hughes, Michael; Jackson, Antino; Robotham, Noah; Williams, Josh","1:06"
"11/20/2016","7:00 p.m.","2nd Half","15:18","17-45","Akron","Robotham, Noah","","Assist","","Cheatham, Jr., Kwan; Hughes, Michael; Jackson, Antino; Robotham, Noah; Williams, Josh","1:06"
"11/20/2016","7:00 p.m.","2nd Half","15:18","17-45","Radford","Tanner, Caleb","","Commits Foul","","Cooper, Devin; Cousin, Justin; Holland, Devonnte; Polite, Jr., Ed; Tanner, Caleb","1:56"
"11/20/2016","7:00 p.m.","2nd Half","15:18","17-46","Akron","Williams, Josh","made","Free Throw","","Cheatham, Jr., Kwan; Hughes, Michael; Jackson, Antino; Robotham, Noah; Williams, Josh","1:06"
"11/20/2016","7:00 p.m.","2nd Half","15:18","17-46","Radford","Lutete, Christian","","Enters Game","","Cooper, Devin; Cousin, Justin; Holland, Devonnte; Lutete, Christian; Polite, Jr., Ed; Tanner, Caleb","0:00"
"11/20/2016","7:00 p.m.","2nd Half","15:18","17-46","Radford","Tanner, Caleb","","Leaves Game","","Cooper, Devin; Cousin, Justin; Holland, Devonnte; Lutete, Christian; Polite, Jr., Ed","0:00"
"11/20/2016","7:00 p.m.","2nd Half","15:18","17-46","Akron","Ivey, Jimond","","Enters Game","","Cheatham, Jr., Kwan; Hughes, Michael; Ivey, Jimond; Jackson, Antino; Robotham, Noah; Williams, Josh","0:00"
"11/20/2016","7:00 p.m.","2nd Half","15:18","17-46","Akron","Jackson, Antino","","Leaves Game","","Cheatham, Jr., Kwan; Hughes, Michael; Ivey, Jimond; Robotham, Noah; Williams, Josh","0:00"
"11/20/2016","7:00 p.m.","2nd Half","15:01","17-46","Radford","Polite, Jr., Ed","","Turnover","","Cooper, Devin; Cousin, Justin; Holland, Devonnte; Lutete, Christian; Polite, Jr., Ed","0:17"
"11/20/2016","7:00 p.m.","2nd Half","15:00","17-46","Radford","Hicks, Donald","","Enters Game","","Cooper, Devin; Cousin, Justin; Hicks, Donald; Holland, Devonnte; Lutete, Christian; Polite, Jr., Ed","0:00"
"11/20/2016","7:00 p.m.","2nd Half","15:00","17-46","Radford","Lutete, Christian","","Leaves Game","","Cooper, Devin; Cousin, Justin; Hicks, Donald; Holland, Devonnte; Polite, Jr., Ed","0:00"
"11/20/2016","7:00 p.m.","2nd Half","15:00","17-46","Akron","Jackson, Aaron","","Enters Game","","Cheatham, Jr., Kwan; Hughes, Michael; Ivey, Jimond; Jackson, Aaron; Robotham, Noah; Williams, Josh","0:00"
"11/20/2016","7:00 p.m.","2nd Half","15:00","17-46","Akron","Cheatham, Jr., Kwan","","Leaves Game","","Hughes, Michael; Ivey, Jimond; Jackson, Aaron; Robotham, Noah; Williams, Josh","0:00"
"11/20/2016","7:00 p.m.","2nd Half","14:34","17-46","Akron","Jackson, Aaron","missed","Three Point Jumper","3","Hughes, Michael; Ivey, Jimond; Jackson, Aaron; Robotham, Noah; Williams, Josh","0:26"
"11/20/2016","7:00 p.m.","2nd Half","14:34","17-46","Radford","Team","","Defensive Rebound","","Cooper, Devin; Cousin, Justin; Hicks, Donald; Holland, Devonnte; Polite, Jr., Ed","0:26"
"11/20/2016","7:00 p.m.","2nd Half","14:24","17-46","Akron","Robotham, Noah","","Commits Foul","20","Hughes, Michael; Ivey, Jimond; Jackson, Aaron; Robotham, Noah; Williams, Josh","0:36"
"11/20/2016","7:00 p.m.","2nd Half","14:24","17-46","Radford","Bradford, Christian","","Enters Game","","Bradford, Christian; Cooper, Devin; Cousin, Justin; Hicks, Donald; Holland, Devonnte; Polite, Jr., Ed","0:00"
"11/20/2016","7:00 p.m.","2nd Half","14:24","17-46","Radford","Cooper, Devin","","Leaves Game","","Bradford, Christian; Cousin, Justin; Hicks, Donald; Holland, Devonnte; Polite, Jr., Ed","0:00"
"11/20/2016","7:00 p.m.","2nd Half","14:24","17-46","Akron","Dunn-Martin, Tavian","","Enters Game","","Dunn-Martin, Tavian; Hughes, Michael; Ivey, Jimond; Jackson, Aaron; Robotham, Noah; Williams, Josh","0:00"
"11/20/2016","7:00 p.m.","2nd Half","14:24","17-46","Akron","Robotham, Noah","","Leaves Game","","Dunn-Martin, Tavian; Hughes, Michael; Ivey, Jimond; Jackson, Aaron; Williams, Josh","0:00"
"11/20/2016","7:00 p.m.","2nd Half","14:01","17-46","Akron","Hughes, Michael","","Commits Foul","7","Dunn-Martin, Tavian; Hughes, Michael; Ivey, Jimond; Jackson, Aaron; Williams, Josh","0:23"
"11/20/2016","7:00 p.m.","2nd Half","14:01","17-46","Radford","Holland, Devonnte","missed","Free Throw","","Bradford, Christian; Cousin, Justin; Hicks, Donald; Holland, Devonnte; Polite, Jr., Ed","0:23"
"11/20/2016","7:00 p.m.","2nd Half","14:01","17-46","Radford","Team","","Deadball Rebound","","Bradford, Christian; Cousin, Justin; Hicks, Donald; Holland, Devonnte; Polite, Jr., Ed","0:23"
"11/20/2016","7:00 p.m.","2nd Half","14:01","17-46","Radford","Holland, Devonnte","missed","Free Throw","","Bradford, Christian; Cousin, Justin; Hicks, Donald; Holland, Devonnte; Polite, Jr., Ed","0:23"
"11/20/2016","7:00 p.m.","2nd Half","14:01","17-46","Akron","Ivey, Jimond","","Defensive Rebound","","Dunn-Martin, Tavian; Hughes, Michael; Ivey, Jimond; Jackson, Aaron; Williams, Josh","0:23"
"11/20/2016","7:00 p.m.","2nd Half","13:52","17-49","Akron","Dunn-Martin, Tavian","made","Three Point Jumper","21","Dunn-Martin, Tavian; Hughes, Michael; Ivey, Jimond; Jackson, Aaron; Williams, Josh","0:32"
"11/20/2016","7:00 p.m.","2nd Half","13:52","17-49","Akron","Ivey, Jimond","","Assist","","Dunn-Martin, Tavian; Hughes, Michael; Ivey, Jimond; Jackson, Aaron; Williams, Josh","0:32"
"11/20/2016","7:00 p.m.","2nd Half","13:37","17-49","Radford","Hicks, Donald","","Turnover","","Bradford, Christian; Cousin, Justin; Hicks, Donald; Holland, Devonnte; Polite, Jr., Ed","0:47"
"11/20/2016","7:00 p.m.","2nd Half","13:29","17-49","Akron","Jackson, Aaron","missed","Three Point Jumper","22","Dunn-Martin, Tavian; Hughes, Michael; Ivey, Jimond; Jackson, Aaron; Williams, Josh","0:55"
"11/20/2016","7:00 p.m.","2nd Half","13:29","17-49","Radford","Team","","Defensive Rebound","","Bradford, Christian; Cousin, Justin; Hicks, Donald; Holland, Devonnte; Polite, Jr., Ed","0:55"
"11/20/2016","7:00 p.m.","2nd Half","13:29","17-49","Akron","Hughes, Michael","","Commits Foul","","Dunn-Martin, Tavian; Hughes, Michael; Ivey, Jimond; Jackson, Aaron; Williams, Josh","0:55"
"11/20/2016","7:00 p.m.","2nd Half","13:29","17-49","Akron","Olojakpoke, Emmanuel","","Enters Game","","Dunn-Martin, Tavian; Hughes, Michael; Ivey, Jimond; Jackson, Aaron; Olojakpoke, Emmanuel; Williams, Josh","0:00"
"11/20/2016","7:00 p.m.","2nd Half","13:29","17-49","Akron","Hughes, Michael","","Leaves Game","","Dunn-Martin, Tavian; Ivey, Jimond; Jackson, Aaron; Olojakpoke, Emmanuel; Williams, Josh","0:00"
"11/20/2016","7:00 p.m.","2nd Half","13:08","19-49","Radford","Bradford, Christian","made","Layup","9","Bradford, Christian; Cousin, Justin; Hicks, Donald; Holland, Devonnte; Polite, Jr., Ed","1:16"
"11/20/2016","7:00 p.m.","2nd Half","13:08","19-49","Radford","Polite, Jr., Ed","","Assist","","Bradford, Christian; Cousin, Justin; Hicks, Donald; Holland, Devonnte; Polite, Jr., Ed","1:16"
"11/20/2016","7:00 p.m.","2nd Half","12:53","19-49","Akron","Ivey, Jimond","","Turnover","","Dunn-Martin, Tavian; Ivey, Jimond; Jackson, Aaron; Olojakpoke, Emmanuel; Williams, Josh","0:36"
"11/20/2016","7:00 p.m.","2nd Half","12:53","19-49","Akron","Ivey, Jimond","","Commits Foul","","Dunn-Martin, Tavian; Ivey, Jimond; Jackson, Aaron; Olojakpoke, Emmanuel; Williams, Josh","0:36"
"11/20/2016","7:00 p.m.","2nd Half","12:53","19-49","Radford","Phillips, Randy","","Enters Game","","Bradford, Christian; Cousin, Justin; Hicks, Donald; Holland, Devonnte; Phillips, Randy; Polite, Jr., Ed","0:00"
"11/20/2016","7:00 p.m.","2nd Half","12:53","19-49","Radford","Lutete, Christian","","Enters Game","","Bradford, Christian; Cousin, Justin; Hicks, Donald; Holland, Devonnte; Lutete, Christian; Phillips, Randy; Polite, Jr., Ed","0:00"
"11/20/2016","7:00 p.m.","2nd Half","12:53","19-49","Radford","Tanner, Caleb","","Enters Game","","Bradford, Christian; Cousin, Justin; Hicks, Donald; Holland, Devonnte; Lutete, Christian; Phillips, Randy; Polite, Jr., Ed; Tanner, Caleb","0:00"
"11/20/2016","7:00 p.m.","2nd Half","12:53","19-49","Radford","Cousin, Justin","","Leaves Game","","Bradford, Christian; Hicks, Donald; Holland, Devonnte; Lutete, Christian; Phillips, Randy; Polite, Jr., Ed; Tanner, Caleb","0:00"
"11/20/2016","7:00 p.m.","2nd Half","12:53","19-49","Radford","Hicks, Donald","","Leaves Game","","Bradford, Christian; Holland, Devonnte; Lutete, Christian; Phillips, Randy; Polite, Jr., Ed; Tanner, Caleb","0:00"
"11/20/2016","7:00 p.m.","2nd Half","12:53","19-49","Radford","Holland, Devonnte","","Leaves Game","","Bradford, Christian; Lutete, Christian; Phillips, Randy; Polite, Jr., Ed; Tanner, Caleb","0:00"
"11/20/2016","7:00 p.m.","2nd Half","12:41","19-49","Radford","Polite, Jr., Ed","","Turnover","","Bradford, Christian; Lutete, Christian; Phillips, Randy; Polite, Jr., Ed; Tanner, Caleb","0:12"
"11/20/2016","7:00 p.m.","2nd Half","12:41","19-49","Radford","Hicks, Donald","","Enters Game","","Bradford, Christian; Hicks, Donald; Lutete, Christian; Phillips, Randy; Polite, Jr., Ed; Tanner, Caleb","0:00"
"11/20/2016","7:00 p.m.","2nd Half","12:41","19-49","Radford","Polite, Jr., Ed","","Leaves Game","","Bradford, Christian; Hicks, Donald; Lutete, Christian; Phillips, Randy; Tanner, Caleb","0:00"
"11/20/2016","7:00 p.m.","2nd Half","12:41","19-49","Akron","Jackson, Antino","","Enters Game","","Dunn-Martin, Tavian; Ivey, Jimond; Jackson, Aaron; Jackson, Antino; Olojakpoke, Emmanuel; Williams, Josh","0:00"
"11/20/2016","7:00 p.m.","2nd Half","12:41","19-49","Akron","Williams, Josh","","Leaves Game","","Dunn-Martin, Tavian; Ivey, Jimond; Jackson, Aaron; Jackson, Antino; Olojakpoke, Emmanuel","0:00"
"11/20/2016","7:00 p.m.","2nd Half","12:34","19-49","Akron","Dunn-Martin, Tavian","missed","Two Point Jumper","23","Dunn-Martin, Tavian; Ivey, Jimond; Jackson, Aaron; Jackson, Antino; Olojakpoke, Emmanuel","0:07"
"11/20/2016","7:00 p.m.","2nd Half","12:34","19-49","Akron","Ivey, Jimond","","Offensive Rebound","","Dunn-Martin, Tavian; Ivey, Jimond; Jackson, Aaron; Jackson, Antino; Olojakpoke, Emmanuel","0:07"
"11/20/2016","7:00 p.m.","2nd Half","12:31","19-52","Akron","Dunn-Martin, Tavian","made","Three Point Jumper","27","Dunn-Martin, Tavian; Ivey, Jimond; Jackson, Aaron; Jackson, Antino; Olojakpoke, Emmanuel","0:10"
"11/20/2016","7:00 p.m.","2nd Half","12:31","19-52","Akron","Ivey, Jimond","","Assist","","Dunn-Martin, Tavian; Ivey, Jimond; Jackson, Aaron; Jackson, Antino; Olojakpoke, Emmanuel","0:10"
"11/20/2016","7:00 p.m.","2nd Half","12:17","19-52","Akron","Dunn-Martin, Tavian","","Commits Foul","16","Dunn-Martin, Tavian; Ivey, Jimond; Jackson, Aaron; Jackson, Antino; Olojakpoke, Emmanuel","0:24"
"11/20/2016","7:00 p.m.","2nd Half","11:55","21-52","Radford","Bradford, Christian","made","Two Point Jumper","8","Bradford, Christian; Hicks, Donald; Lutete, Christian; Phillips, Randy; Tanner, Caleb","0:46"
"11/20/2016","7:00 p.m.","2nd Half","11:41","21-52","Akron","Dunn-Martin, Tavian","","Turnover","","Dunn-Martin, Tavian; Ivey, Jimond; Jackson, Aaron; Jackson, Antino; Olojakpoke, Emmanuel","1:00"
"11/20/2016","7:00 p.m.","2nd Half","11:41","21-52","Radford","Team","","Team Timeout","","Bradford, Christian; Hicks, Donald; Lutete, Christian; Phillips, Randy; Tanner, Caleb","1:00"
"11/20/2016","7:00 p.m.","2nd Half","11:41","21-52","Akron","Utomi, Daniel","","Enters Game","","Dunn-Martin, Tavian; Ivey, Jimond; Jackson, Aaron; Jackson, Antino; Olojakpoke, Emmanuel; Utomi, Daniel","0:00"
"11/20/2016","7:00 p.m.","2nd Half","11:41","21-52","Akron","Jackson, Aaron","","Leaves Game","","Dunn-Martin, Tavian; Ivey, Jimond; Jackson, Antino; Olojakpoke, Emmanuel; Utomi, Daniel","0:00"
"11/20/2016","7:00 p.m.","2nd Half","11:36","21-52","Radford","Lutete, Christian","missed","Two Point Jumper","25","Bradford, Christian; Hicks, Donald; Lutete, Christian; Phillips, Randy; Tanner, Caleb","1:05"
"11/20/2016","7:00 p.m.","2nd Half","11:36","21-52","Akron","Olojakpoke, Emmanuel","","Defensive Rebound","","Dunn-Martin, Tavian; Ivey, Jimond; Jackson, Antino; Olojakpoke, Emmanuel; Utomi, Daniel","0:05"
"11/20/2016","7:00 p.m.","2nd Half","11:26","21-52","Akron","Utomi, Daniel","missed","Three Point Jumper","20","Dunn-Martin, Tavian; Ivey, Jimond; Jackson, Antino; Olojakpoke, Emmanuel; Utomi, Daniel","0:15"
"11/20/2016","7:00 p.m.","2nd Half","11:26","21-52","Akron","Ivey, Jimond","","Offensive Rebound","","Dunn-Martin, Tavian; Ivey, Jimond; Jackson, Antino; Olojakpoke, Emmanuel; Utomi, Daniel","0:15"
"11/20/2016","7:00 p.m.","2nd Half","11:19","21-52","Akron","Ivey, Jimond","missed","Three Point Jumper","23","Dunn-Martin, Tavian; Ivey, Jimond; Jackson, Antino; Olojakpoke, Emmanuel; Utomi, Daniel","0:22"
"11/20/2016","7:00 p.m.","2nd Half","11:19","21-52","Akron","Olojakpoke, Emmanuel","","Offensive Rebound","","Dunn-Martin, Tavian; Ivey, Jimond; Jackson, Antino; Olojakpoke, Emmanuel; Utomi, Daniel","0:22"
"11/20/2016","7:00 p.m.","2nd Half","11:08","21-54","Akron","Olojakpoke, Emmanuel","made","Layup","19","Dunn-Martin, Tavian; Ivey, Jimond; Jackson, Antino; Olojakpoke, Emmanuel; Utomi, Daniel","0:33"
"11/20/2016","7:00 p.m.","2nd Half","10:50","21-54","Radford","Bradford, Christian","missed","Two Point Jumper","12","Bradford, Christian; Hicks, Donald; Lutete, Christian; Phillips, Randy; Tanner, Caleb","1:51"
"11/20/2016","7:00 p.m.","2nd Half","10:50","21-54","Akron","Dunn-Martin, Tavian","","Defensive Rebound","","Dunn-Martin, Tavian; Ivey, Jimond; Jackson, Antino; Olojakpoke, Emmanuel; Utomi, Daniel","0:51"
"11/20/2016","7:00 p.m.","2nd Half","10:43","21-57","Akron","Dunn-Martin, Tavian","made","Three Point Jumper","23","Dunn-Martin, Tavian; Ivey, Jimond; Jackson, Antino; Olojakpoke, Emmanuel; Utomi, Daniel","0:58"
"11/20/2016","7:00 p.m.","2nd Half","10:25","21-57","Radford","Tanner, Caleb","missed","Two Point Jumper","12","Bradford, Christian; Hicks, Donald; Lutete, Christian; Phillips, Randy; Tanner, Caleb","2:16"
"11/20/2016","7:00 p.m.","2nd Half","10:25","21-57","Akron","Olojakpoke, Emmanuel","","Defensive Rebound","","Dunn-Martin, Tavian; Ivey, Jimond; Jackson, Antino; Olojakpoke, Emmanuel; Utomi, Daniel","1:16"
"11/20/2016","7:00 p.m.","2nd Half","10:11","21-59","Akron","Utomi, Daniel","made","Layup","16","Dunn-Martin, Tavian; Ivey, Jimond; Jackson, Antino; Olojakpoke, Emmanuel; Utomi, Daniel","1:30"
"11/20/2016","7:00 p.m.","2nd Half","09:51","21-59","Radford","Bradford, Christian","","Turnover","","Bradford, Christian; Hicks, Donald; Lutete, Christian; Phillips, Randy; Tanner, Caleb","2:50"
"11/20/2016","7:00 p.m.","2nd Half","09:49","21-59","Akron","Jackson, Antino","","Steal","","Dunn-Martin, Tavian; Ivey, Jimond; Jackson, Antino; Olojakpoke, Emmanuel; Utomi, Daniel","1:52"
"11/20/2016","7:00 p.m.","2nd Half","09:47","21-61","Akron","Jackson, Antino","made","Layup","26","Dunn-Martin, Tavian; Ivey, Jimond; Jackson, Antino; Olojakpoke, Emmanuel; Utomi, Daniel","1:54"
"11/20/2016","7:00 p.m.","2nd Half","09:10","21-61","Radford","Team","","Team Timeout","","Bradford, Christian; Hicks, Donald; Lutete, Christian; Phillips, Randy; Tanner, Caleb","3:31"
"11/20/2016","7:00 p.m.","2nd Half","09:10","21-61","Radford","Polite, Jr., Ed","","Enters Game","","Bradford, Christian; Hicks, Donald; Lutete, Christian; Phillips, Randy; Polite, Jr., Ed; Tanner, Caleb","0:00"
"11/20/2016","7:00 p.m.","2nd Half","09:10","21-61","Radford","Holland, Devonnte","","Enters Game","","Bradford, Christian; Hicks, Donald; Holland, Devonnte; Lutete, Christian; Phillips, Randy; Polite, Jr., Ed; Tanner, Caleb","0:00"
"11/20/2016","7:00 p.m.","2nd Half","09:10","21-61","Radford","Cousin, Justin","","Enters Game","","Bradford, Christian; Cousin, Justin; Hicks, Donald; Holland, Devonnte; Lutete, Christian; Phillips, Randy; Polite, Jr., Ed; Tanner, Caleb","0:00"
"11/20/2016","7:00 p.m.","2nd Half","09:10","21-61","Radford","Cooper, Devin","","Enters Game","","Bradford, Christian; Cooper, Devin; Cousin, Justin; Hicks, Donald; Holland, Devonnte; Lutete, Christian; Phillips, Randy; Polite, Jr., Ed; Tanner, Caleb","0:00"
"11/20/2016","7:00 p.m.","2nd Half","09:10","21-61","Radford","Bradford, Christian","","Leaves Game","","Cooper, Devin; Cousin, Justin; Hicks, Donald; Holland, Devonnte; Lutete, Christian; Phillips, Randy; Polite, Jr., Ed; Tanner, Caleb","0:00"
"11/20/2016","7:00 p.m.","2nd Half","09:10","21-61","Radford","Phillips, Randy","","Leaves Game","","Cooper, Devin; Cousin, Justin; Hicks, Donald; Holland, Devonnte; Lutete, Christian; Polite, Jr., Ed; Tanner, Caleb","0:00"
"11/20/2016","7:00 p.m.","2nd Half","09:10","21-61","Radford","Hicks, Donald","","Leaves Game","","Cooper, Devin; Cousin, Justin; Holland, Devonnte; Lutete, Christian; Polite, Jr., Ed; Tanner, Caleb","0:00"
"11/20/2016","7:00 p.m.","2nd Half","09:10","21-61","Radford","Lutete, Christian","","Leaves Game","","Cooper, Devin; Cousin, Justin; Holland, Devonnte; Polite, Jr., Ed; Tanner, Caleb","1:56"
"11/20/2016","7:00 p.m.","2nd Half","09:10","21-61","Akron","Hughes, Michael","","Enters Game","","Dunn-Martin, Tavian; Hughes, Michael; Ivey, Jimond; Jackson, Antino; Olojakpoke, Emmanuel; Utomi, Daniel","0:00"
"11/20/2016","7:00 p.m.","2nd Half","09:10","21-61","Akron","Eubanks, Craig","","Enters Game","","Dunn-Martin, Tavian; Eubanks, Craig; Hughes, Michael; Ivey, Jimond; Jackson, Antino; Olojakpoke, Emmanuel; Utomi, Daniel","0:00"
"11/20/2016","7:00 p.m.","2nd Half","09:10","21-61","Akron","Olojakpoke, Emmanuel","","Leaves Game","","Dunn-Martin, Tavian; Eubanks, Craig; Hughes, Michael; Ivey, Jimond; Jackson, Antino; Utomi, Daniel","0:00"
"11/20/2016","7:00 p.m.","2nd Half","09:10","21-61","Akron","Ivey, Jimond","","Leaves Game","","Dunn-Martin, Tavian; Eubanks, Craig; Hughes, Michael; Jackson, Antino; Utomi, Daniel","0:00"
"11/20/2016","7:00 p.m.","2nd Half","09:01","21-61","Akron","Dunn-Martin, Tavian","","Commits Foul","0","Dunn-Martin, Tavian; Eubanks, Craig; Hughes, Michael; Jackson, Antino; Utomi, Daniel","0:09"
"11/20/2016","7:00 p.m.","2nd Half","09:01","22-61","Radford","Tanner, Caleb","made","Free Throw","","Cooper, Devin; Cousin, Justin; Holland, Devonnte; Polite, Jr., Ed; Tanner, Caleb","2:05"
"11/20/2016","7:00 p.m.","2nd Half","09:01","23-61","Radford","Tanner, Caleb","made","Free Throw","","Cooper, Devin; Cousin, Justin; Holland, Devonnte; Polite, Jr., Ed; Tanner, Caleb","2:05"
"11/20/2016","7:00 p.m.","2nd Half","09:01","23-61","Akron","Jackson, Aaron","","Enters Game","","Dunn-Martin, Tavian; Eubanks, Craig; Hughes, Michael; Jackson, Aaron; Jackson, Antino; Utomi, Daniel","0:00"
"11/20/2016","7:00 p.m.","2nd Half","09:01","23-61","Akron","Jackson, Antino","","Leaves Game","","Dunn-Martin, Tavian; Eubanks, Craig; Hughes, Michael; Jackson, Aaron; Utomi, Daniel","0:00"
"11/20/2016","7:00 p.m.","2nd Half","08:45","23-63","Akron","Jackson, Aaron","made","Layup","14","Dunn-Martin, Tavian; Eubanks, Craig; Hughes, Michael; Jackson, Aaron; Utomi, Daniel","0:16"
"11/20/2016","7:00 p.m.","2nd Half","08:45","23-63","Akron","Dunn-Martin, Tavian","","Assist","","Dunn-Martin, Tavian; Eubanks, Craig; Hughes, Michael; Jackson, Aaron; Utomi, Daniel","0:16"
"11/20/2016","7:00 p.m.","2nd Half","08:33","23-63","Akron","Utomi, Daniel","","Commits Foul","18","Dunn-Martin, Tavian; Eubanks, Craig; Hughes, Michael; Jackson, Aaron; Utomi, Daniel","0:28"
"11/20/2016","7:00 p.m.","2nd Half","08:33","24-63","Radford","Polite, Jr., Ed","made","Free Throw","","Cooper, Devin; Cousin, Justin; Holland, Devonnte; Polite, Jr., Ed; Tanner, Caleb","2:33"
"11/20/2016","7:00 p.m.","2nd Half","08:33","24-63","Radford","Polite, Jr., Ed","missed","Free Throw","","Cooper, Devin; Cousin, Justin; Holland, Devonnte; Polite, Jr., Ed; Tanner, Caleb","2:33"
"11/20/2016","7:00 p.m.","2nd Half","08:33","24-63","Radford","Tanner, Caleb","","Offensive Rebound","","Cooper, Devin; Cousin, Justin; Holland, Devonnte; Polite, Jr., Ed; Tanner, Caleb","2:33"
"11/20/2016","7:00 p.m.","2nd Half","08:30","24-63","Radford","Tanner, Caleb","missed","Three Point Jumper","27","Cooper, Devin; Cousin, Justin; Holland, Devonnte; Polite, Jr., Ed; Tanner, Caleb","2:36"
"11/20/2016","7:00 p.m.","2nd Half","08:30","24-63","Akron","Utomi, Daniel","","Defensive Rebound","","Dunn-Martin, Tavian; Eubanks, Craig; Hughes, Michael; Jackson, Aaron; Utomi, Daniel","0:31"
"11/20/2016","7:00 p.m.","2nd Half","08:20","24-63","Radford","Polite, Jr., Ed","","Commits Foul","20","Cooper, Devin; Cousin, Justin; Holland, Devonnte; Polite, Jr., Ed; Tanner, Caleb","2:46"
"11/20/2016","7:00 p.m.","2nd Half","08:20","24-63","Akron","Utomi, Daniel","missed","Free Throw","","Dunn-Martin, Tavian; Eubanks, Craig; Hughes, Michael; Jackson, Aaron; Utomi, Daniel","0:41"
"11/20/2016","7:00 p.m.","2nd Half","08:20","24-63","Akron","Team","","Deadball Rebound","","Dunn-Martin, Tavian; Eubanks, Craig; Hughes, Michael; Jackson, Aaron; Utomi, Daniel","0:41"
"11/20/2016","7:00 p.m.","2nd Half","08:20","24-64","Akron","Utomi, Daniel","made","Free Throw","","Dunn-Martin, Tavian; Eubanks, Craig; Hughes, Michael; Jackson, Aaron; Utomi, Daniel","0:41"
"11/20/2016","7:00 p.m.","2nd Half","08:05","26-64","Radford","Holland, Devonnte","made","Layup","15","Cooper, Devin; Cousin, Justin; Holland, Devonnte; Polite, Jr., Ed; Tanner, Caleb","3:01"
"11/20/2016","7:00 p.m.","2nd Half","07:53","26-64","Akron","Jackson, Aaron","missed","Three Point Jumper","18","Dunn-Martin, Tavian; Eubanks, Craig; Hughes, Michael; Jackson, Aaron; Utomi, Daniel","1:08"
"11/20/2016","7:00 p.m.","2nd Half","07:53","26-64","Radford","Tanner, Caleb","","Defensive Rebound","","Cooper, Devin; Cousin, Justin; Holland, Devonnte; Polite, Jr., Ed; Tanner, Caleb","3:13"
"11/20/2016","7:00 p.m.","2nd Half","07:46","28-64","Radford","Cousin, Justin","made","Layup","23","Cooper, Devin; Cousin, Justin; Holland, Devonnte; Polite, Jr., Ed; Tanner, Caleb","3:20"
"11/20/2016","7:00 p.m.","2nd Half","07:25","28-64","Akron","Eubanks, Craig","","Turnover","","Dunn-Martin, Tavian; Eubanks, Craig; Hughes, Michael; Jackson, Aaron; Utomi, Daniel","1:36"
"11/20/2016","7:00 p.m.","2nd Half","07:24","28-64","Radford","Polite, Jr., Ed","","Steal","","Cooper, Devin; Cousin, Justin; Holland, Devonnte; Polite, Jr., Ed; Tanner, Caleb","3:42"
"11/20/2016","7:00 p.m.","2nd Half","07:23","28-64","Radford","Tanner, Caleb","missed","Three Point Jumper","28","Cooper, Devin; Cousin, Justin; Holland, Devonnte; Polite, Jr., Ed; Tanner, Caleb","3:43"
"11/20/2016","7:00 p.m.","2nd Half","07:23","28-64","Radford","Polite, Jr., Ed","","Offensive Rebound","","Cooper, Devin; Cousin, Justin; Holland, Devonnte; Polite, Jr., Ed; Tanner, Caleb","3:43"
"11/20/2016","7:00 p.m.","2nd Half","07:17","28-64","Radford","Team","","Team Timeout","","Cooper, Devin; Cousin, Justin; Holland, Devonnte; Polite, Jr., Ed; Tanner, Caleb","3:49"
"11/20/2016","7:00 p.m.","2nd Half","07:17","28-64","Radford","Phillips, Randy","","Enters Game","","Cooper, Devin; Cousin, Justin; Holland, Devonnte; Phillips, Randy; Polite, Jr., Ed; Tanner, Caleb","0:00"
"11/20/2016","7:00 p.m.","2nd Half","07:17","28-64","Radford","Lutete, Christian","","Enters Game","","Cooper, Devin; Cousin, Justin; Holland, Devonnte; Lutete, Christian; Phillips, Randy; Polite, Jr., Ed; Tanner, Caleb","0:00"
"11/20/2016","7:00 p.m.","2nd Half","07:17","28-64","Radford","Holland, Devonnte","","Leaves Game","","Cooper, Devin; Cousin, Justin; Lutete, Christian; Phillips, Randy; Polite, Jr., Ed; Tanner, Caleb","0:00"
"11/20/2016","7:00 p.m.","2nd Half","07:17","28-64","Radford","Tanner, Caleb","","Leaves Game","","Cooper, Devin; Cousin, Justin; Lutete, Christian; Phillips, Randy; Polite, Jr., Ed","2:46"
"11/20/2016","7:00 p.m.","2nd Half","07:17","28-64","Akron","Olojakpoke, Emmanuel","","Enters Game","","Dunn-Martin, Tavian; Eubanks, Craig; Hughes, Michael; Jackson, Aaron; Olojakpoke, Emmanuel; Utomi, Daniel","0:00"
"11/20/2016","7:00 p.m.","2nd Half","07:17","28-64","Akron","Hughes, Michael","","Leaves Game","","Dunn-Martin, Tavian; Eubanks, Craig; Jackson, Aaron; Olojakpoke, Emmanuel; Utomi, Daniel","0:00"
"11/20/2016","7:00 p.m.","2nd Half","06:40","30-64","Radford","Phillips, Randy","made","Layup","0","Cooper, Devin; Cousin, Justin; Lutete, Christian; Phillips, Randy; Polite, Jr., Ed","3:23"
"11/20/2016","7:00 p.m.","2nd Half","06:29","30-64","Akron","Utomi, Daniel","","Commits Foul","19","Dunn-Martin, Tavian; Eubanks, Craig; Jackson, Aaron; Olojakpoke, Emmanuel; Utomi, Daniel","0:48"
"11/20/2016","7:00 p.m.","2nd Half","06:23","30-64","Radford","Phillips, Randy","missed","Free Throw","","Cooper, Devin; Cousin, Justin; Lutete, Christian; Phillips, Randy; Polite, Jr., Ed","3:40"
"11/20/2016","7:00 p.m.","2nd Half","06:23","30-64","Akron","Jackson, Aaron","","Defensive Rebound","","Dunn-Martin, Tavian; Eubanks, Craig; Jackson, Aaron; Olojakpoke, Emmanuel; Utomi, Daniel","0:54"
"11/20/2016","7:00 p.m.","2nd Half","06:02","30-66","Akron","Olojakpoke, Emmanuel","made","Dunk","3","Dunn-Martin, Tavian; Eubanks, Craig; Jackson, Aaron; Olojakpoke, Emmanuel; Utomi, Daniel","1:15"
"11/20/2016","7:00 p.m.","2nd Half","06:02","30-66","Akron","Dunn-Martin, Tavian","","Assist","","Dunn-Martin, Tavian; Eubanks, Craig; Jackson, Aaron; Olojakpoke, Emmanuel; Utomi, Daniel","1:15"
"11/20/2016","7:00 p.m.","2nd Half","06:02","30-66","Akron","Utomi, Daniel","","Commits Foul","","Dunn-Martin, Tavian; Eubanks, Craig; Jackson, Aaron; Olojakpoke, Emmanuel; Utomi, Daniel","1:15"
"11/20/2016","7:00 p.m.","2nd Half","06:02","31-66","Radford","Cooper, Devin","made","Free Throw","","Cooper, Devin; Cousin, Justin; Lutete, Christian; Phillips, Randy; Polite, Jr., Ed","4:01"
"11/20/2016","7:00 p.m.","2nd Half","06:02","32-66","Radford","Cooper, Devin","made","Free Throw","","Cooper, Devin; Cousin, Justin; Lutete, Christian; Phillips, Randy; Polite, Jr., Ed","4:01"
"11/20/2016","7:00 p.m.","2nd Half","06:02","32-66","Radford","Phillips, Randy","","Commits Foul","","Cooper, Devin; Cousin, Justin; Lutete, Christian; Phillips, Randy; Polite, Jr., Ed","4:01"
"11/20/2016","7:00 p.m.","2nd Half","06:02","32-67","Akron","Ivey, Jimond","made","Free Throw","","Dunn-Martin, Tavian; Eubanks, Craig; Jackson, Aaron; Olojakpoke, Emmanuel; Utomi, Daniel","1:15"
"11/20/2016","7:00 p.m.","2nd Half","06:02","32-68","Akron","Ivey, Jimond","made","Free Throw","","Dunn-Martin, Tavian; Eubanks, Craig; Jackson, Aaron; Olojakpoke, Emmanuel; Utomi, Daniel","1:15"
"11/20/2016","7:00 p.m.","2nd Half","05:44","32-68","Radford","Cooper, Devin","missed","Two Point Jumper","12","Cooper, Devin; Cousin, Justin; Lutete, Christian; Phillips, Randy; Polite, Jr., Ed","4:19"
"11/20/2016","7:00 p.m.","2nd Half","05:44","32-68","Akron","Dunn-Martin, Tavian","","Defensive Rebound","","Dunn-Martin, Tavian; Eubanks, Craig; Jackson, Aaron; Olojakpoke, Emmanuel; Utomi, Daniel","1:33"
"11/20/2016","7:00 p.m.","2nd Half","05:34","32-68","Akron","Olojakpoke, Emmanuel","missed","Layup","20","Dunn-Martin, Tavian; Eubanks, Craig; Jackson, Aaron; Olojakpoke, Emmanuel; Utomi, Daniel","1:43"
"11/20/2016","7:00 p.m.","2nd Half","05:34","32-68","Akron","Olojakpoke, Emmanuel","","Offensive Rebound","","Dunn-Martin, Tavian; Eubanks, Craig; Jackson, Aaron; Olojakpoke, Emmanuel; Utomi, Daniel","1:43"
"11/20/2016","7:00 p.m.","2nd Half","05:31","32-70","Akron","Olojakpoke, Emmanuel","made","Layup","27","Dunn-Martin, Tavian; Eubanks, Craig; Jackson, Aaron; Olojakpoke, Emmanuel; Utomi, Daniel","1:46"
"11/20/2016","7:00 p.m.","2nd Half","05:21","32-70","Akron","Olojakpoke, Emmanuel","","Commits Foul","20","Dunn-Martin, Tavian; Eubanks, Craig; Jackson, Aaron; Olojakpoke, Emmanuel; Utomi, Daniel","1:56"
"11/20/2016","7:00 p.m.","2nd Half","05:21","32-70","Radford","Phillips, Randy","missed","Free Throw","","Cooper, Devin; Cousin, Justin; Lutete, Christian; Phillips, Randy; Polite, Jr., Ed","4:42"
"11/20/2016","7:00 p.m.","2nd Half","05:21","32-70","Radford","Team","","Deadball Rebound","","Cooper, Devin; Cousin, Justin; Lutete, Christian; Phillips, Randy; Polite, Jr., Ed","4:42"
"11/20/2016","7:00 p.m.","2nd Half","05:21","32-70","Radford","Phillips, Randy","missed","Free Throw","","Cooper, Devin; Cousin, Justin; Lutete, Christian; Phillips, Randy; Polite, Jr., Ed","4:42"
"11/20/2016","7:00 p.m.","2nd Half","05:21","32-70","Akron","Ivey, Jimond","","Defensive Rebound","","Dunn-Martin, Tavian; Eubanks, Craig; Jackson, Aaron; Olojakpoke, Emmanuel; Utomi, Daniel","1:56"
"11/20/2016","7:00 p.m.","2nd Half","05:21","32-70","Akron","Hughes, Michael","","Enters Game","","Dunn-Martin, Tavian; Eubanks, Craig; Hughes, Michael; Jackson, Aaron; Olojakpoke, Emmanuel; Utomi, Daniel","0:00"
"11/20/2016","7:00 p.m.","2nd Half","05:21","32-70","Akron","Ivey, Jimond","","Enters Game","","Dunn-Martin, Tavian; Eubanks, Craig; Hughes, Michael; Ivey, Jimond; Jackson, Aaron; Olojakpoke, Emmanuel; Utomi, Daniel","0:00"
"11/20/2016","7:00 p.m.","2nd Half","05:21","32-70","Akron","Utomi, Daniel","","Leaves Game","","Dunn-Martin, Tavian; Eubanks, Craig; Hughes, Michael; Ivey, Jimond; Jackson, Aaron; Olojakpoke, Emmanuel","0:00"
"11/20/2016","7:00 p.m.","2nd Half","05:21","32-70","Akron","Olojakpoke, Emmanuel","","Leaves Game","","Dunn-Martin, Tavian; Eubanks, Craig; Hughes, Michael; Ivey, Jimond; Jackson, Aaron","0:00"
"11/20/2016","7:00 p.m.","2nd Half","05:02","32-72","Akron","Ivey, Jimond","made","Two Point Jumper","11","Dunn-Martin, Tavian; Eubanks, Craig; Hughes, Michael; Ivey, Jimond; Jackson, Aaron","0:19"
"11/20/2016","7:00 p.m.","2nd Half","04:53","32-72","Radford","Tanner, Caleb","","Enters Game","","Cooper, Devin; Cousin, Justin; Lutete, Christian; Phillips, Randy; Polite, Jr., Ed; Tanner, Caleb","0:00"
"11/20/2016","7:00 p.m.","2nd Half","04:53","32-72","Radford","Holland, Devonnte","","Enters Game","","Cooper, Devin; Cousin, Justin; Holland, Devonnte; Lutete, Christian; Phillips, Randy; Polite, Jr., Ed; Tanner, Caleb","0:00"
"11/20/2016","7:00 p.m.","2nd Half","04:53","32-72","Radford","Phillips, Randy","","Leaves Game","","Cooper, Devin; Cousin, Justin; Holland, Devonnte; Lutete, Christian; Polite, Jr., Ed; Tanner, Caleb","0:00"
"11/20/2016","7:00 p.m.","2nd Half","04:53","32-72","Radford","Lutete, Christian","","Leaves Game","","Cooper, Devin; Cousin, Justin; Holland, Devonnte; Polite, Jr., Ed; Tanner, Caleb","3:49"
"11/20/2016","7:00 p.m.","2nd Half","04:53","32-72","Akron","Utomi, Daniel","","Enters Game","","Dunn-Martin, Tavian; Eubanks, Craig; Hughes, Michael; Ivey, Jimond; Jackson, Aaron; Utomi, Daniel","0:00"
"11/20/2016","7:00 p.m.","2nd Half","04:53","32-72","Akron","Jackson, Antino","","Enters Game","","Dunn-Martin, Tavian; Eubanks, Craig; Hughes, Michael; Ivey, Jimond; Jackson, Aaron; Jackson, Antino; Utomi, Daniel","0:00"
"11/20/2016","7:00 p.m.","2nd Half","04:53","32-72","Akron","Jackson, Aaron","","Leaves Game","","Dunn-Martin, Tavian; Eubanks, Craig; Hughes, Michael; Ivey, Jimond; Jackson, Antino; Utomi, Daniel","0:00"
"11/20/2016","7:00 p.m.","2nd Half","04:53","32-72","Akron","Ivey, Jimond","","Leaves Game","","Dunn-Martin, Tavian; Eubanks, Craig; Hughes, Michael; Jackson, Antino; Utomi, Daniel","0:09"
"11/20/2016","7:00 p.m.","2nd Half","04:51","32-72","Radford","Polite, Jr., Ed","","Turnover","","Cooper, Devin; Cousin, Justin; Holland, Devonnte; Polite, Jr., Ed; Tanner, Caleb","3:51"
"11/20/2016","7:00 p.m.","2nd Half","04:46","32-75","Akron","Utomi, Daniel","made","Three Point Jumper","25","Dunn-Martin, Tavian; Eubanks, Craig; Hughes, Michael; Jackson, Antino; Utomi, Daniel","0:16"
"11/20/2016","7:00 p.m.","2nd Half","04:46","32-75","Akron","Jackson, Antino","","Assist","","Dunn-Martin, Tavian; Eubanks, Craig; Hughes, Michael; Jackson, Antino; Utomi, Daniel","0:16"
"11/20/2016","7:00 p.m.","2nd Half","04:36","32-75","Radford","Tanner, Caleb","missed","Three Point Jumper","20","Cooper, Devin; Cousin, Justin; Holland, Devonnte; Polite, Jr., Ed; Tanner, Caleb","4:06"
"11/20/2016","7:00 p.m.","2nd Half","04:36","32-75","Radford","Polite, Jr., Ed","","Offensive Rebound","","Cooper, Devin; Cousin, Justin; Holland, Devonnte; Polite, Jr., Ed; Tanner, Caleb","4:06"
"11/20/2016","7:00 p.m.","2nd Half","04:26","34-75","Radford","Cousin, Justin","made","Layup","20","Cooper, Devin; Cousin, Justin; Holland, Devonnte; Polite, Jr., Ed; Tanner, Caleb","4:16"
"11/20/2016","7:00 p.m.","2nd Half","03:57","34-77","Akron","Utomi, Daniel","made","Layup","1","Dunn-Martin, Tavian; Eubanks, Craig; Hughes, Michael; Jackson, Antino; Utomi, Daniel","1:05"
"11/20/2016","7:00 p.m.","2nd Half","03:50","34-77","Radford","Cooper, Devin","","Turnover","","Cooper, Devin; Cousin, Justin; Holland, Devonnte; Polite, Jr., Ed; Tanner, Caleb","4:52"
"11/20/2016","7:00 p.m.","2nd Half","03:50","34-77","Radford","Cooper, Devin","","Commits Foul","","Cooper, Devin; Cousin, Justin; Holland, Devonnte; Polite, Jr., Ed; Tanner, Caleb","4:52"
"11/20/2016","7:00 p.m.","2nd Half","03:36","34-77","Radford","Hicks, Donald","","Enters Game","","Cooper, Devin; Cousin, Justin; Hicks, Donald; Holland, Devonnte; Polite, Jr., Ed; Tanner, Caleb","0:00"
"11/20/2016","7:00 p.m.","2nd Half","03:36","34-77","Radford","Bradford, Christian","","Enters Game","","Bradford, Christian; Cooper, Devin; Cousin, Justin; Hicks, Donald; Holland, Devonnte; Polite, Jr., Ed; Tanner, Caleb","0:00"
"11/20/2016","7:00 p.m.","2nd Half","03:36","34-77","Radford","Tanner, Caleb","","Leaves Game","","Bradford, Christian; Cooper, Devin; Cousin, Justin; Hicks, Donald; Holland, Devonnte; Polite, Jr., Ed","0:00"
"11/20/2016","7:00 p.m.","2nd Half","03:36","34-77","Radford","Cousin, Justin","","Leaves Game","","Bradford, Christian; Cooper, Devin; Hicks, Donald; Holland, Devonnte; Polite, Jr., Ed","0:00"
"11/20/2016","7:00 p.m.","2nd Half","03:36","34-77","Akron","Jackson, Aaron","","Enters Game","","Dunn-Martin, Tavian; Eubanks, Craig; Hughes, Michael; Jackson, Aaron; Jackson, Antino; Utomi, Daniel","0:00"
"11/20/2016","7:00 p.m.","2nd Half","03:36","34-77","Akron","Jackson, Antino","","Leaves Game","","Dunn-Martin, Tavian; Eubanks, Craig; Hughes, Michael; Jackson, Aaron; Utomi, Daniel","1:44"
"11/20/2016","7:00 p.m.","2nd Half","03:35","34-77","Radford","Hicks, Donald","","Commits Foul","15","Bradford, Christian; Cooper, Devin; Hicks, Donald; Holland, Devonnte; Polite, Jr., Ed","0:01"
"11/20/2016","7:00 p.m.","2nd Half","03:35","34-78","Akron","Dunn-Martin, Tavian","made","Free Throw","","Dunn-Martin, Tavian; Eubanks, Craig; Hughes, Michael; Jackson, Aaron; Utomi, Daniel","1:45"
"11/20/2016","7:00 p.m.","2nd Half","03:35","34-79","Akron","Dunn-Martin, Tavian","made","Free Throw","","Dunn-Martin, Tavian; Eubanks, Craig; Hughes, Michael; Jackson, Aaron; Utomi, Daniel","1:45"
"11/20/2016","7:00 p.m.","2nd Half","03:35","34-79","Radford","Cousin, Justin","","Enters Game","","Bradford, Christian; Cooper, Devin; Cousin, Justin; Hicks, Donald; Holland, Devonnte; Polite, Jr., Ed","0:00"
"11/20/2016","7:00 p.m.","2nd Half","03:35","34-79","Radford","Hicks, Donald","","Leaves Game","","Bradford, Christian; Cooper, Devin; Cousin, Justin; Holland, Devonnte; Polite, Jr., Ed","0:00"
"11/20/2016","7:00 p.m.","2nd Half","03:35","34-79","Akron","Anderson, Carlitos","","Enters Game","","Anderson, Carlitos; Dunn-Martin, Tavian; Eubanks, Craig; Hughes, Michael; Jackson, Aaron; Utomi, Daniel","0:00"
"11/20/2016","7:00 p.m.","2nd Half","03:35","34-79","Akron","Olojakpoke, Emmanuel","","Enters Game","","Anderson, Carlitos; Dunn-Martin, Tavian; Eubanks, Craig; Hughes, Michael; Jackson, Aaron; Olojakpoke, Emmanuel; Utomi, Daniel","0:00"
"11/20/2016","7:00 p.m.","2nd Half","03:35","34-79","Akron","Hughes, Michael","","Leaves Game","","Anderson, Carlitos; Dunn-Martin, Tavian; Eubanks, Craig; Jackson, Aaron; Olojakpoke, Emmanuel; Utomi, Daniel","0:00"
"11/20/2016","7:00 p.m.","2nd Half","03:35","34-79","Akron","Jackson, Aaron","","Leaves Game","","Anderson, Carlitos; Dunn-Martin, Tavian; Eubanks, Craig; Olojakpoke, Emmanuel; Utomi, Daniel","0:00"
"11/20/2016","7:00 p.m.","2nd Half","03:10","34-79","Radford","Cousin, Justin","","Turnover","","Bradford, Christian; Cooper, Devin; Cousin, Justin; Holland, Devonnte; Polite, Jr., Ed","0:25"
"11/20/2016","7:00 p.m.","2nd Half","03:06","34-79","Akron","Utomi, Daniel","","Steal","","Anderson, Carlitos; Dunn-Martin, Tavian; Eubanks, Craig; Olojakpoke, Emmanuel; Utomi, Daniel","0:29"
"11/20/2016","7:00 p.m.","2nd Half","02:57","34-81","Akron","Utomi, Daniel","made","Layup","17","Anderson, Carlitos; Dunn-Martin, Tavian; Eubanks, Craig; Olojakpoke, Emmanuel; Utomi, Daniel","0:38"
"11/20/2016","7:00 p.m.","2nd Half","02:57","34-81","Radford","Polite, Jr., Ed","","Commits Foul","","Bradford, Christian; Cooper, Devin; Cousin, Justin; Holland, Devonnte; Polite, Jr., Ed","0:38"
"11/20/2016","7:00 p.m.","2nd Half","02:57","34-82","Akron","Utomi, Daniel","made","Free Throw","","Anderson, Carlitos; Dunn-Martin, Tavian; Eubanks, Craig; Olojakpoke, Emmanuel; Utomi, Daniel","0:38"
"11/20/2016","7:00 p.m.","2nd Half","02:57","34-82","Radford","Phillips, Randy","","Enters Game","","Bradford, Christian; Cooper, Devin; Cousin, Justin; Holland, Devonnte; Phillips, Randy; Polite, Jr., Ed","0:00"
"11/20/2016","7:00 p.m.","2nd Half","02:57","34-82","Radford","Cooper, Devin","","Leaves Game","","Bradford, Christian; Cousin, Justin; Holland, Devonnte; Phillips, Randy; Polite, Jr., Ed","0:00"
"11/20/2016","7:00 p.m.","2nd Half","02:57","34-82","Akron","Noble, Mark","","Enters Game","","Anderson, Carlitos; Dunn-Martin, Tavian; Eubanks, Craig; Noble, Mark; Olojakpoke, Emmanuel; Utomi, Daniel","0:00"
"11/20/2016","7:00 p.m.","2nd Half","02:57","34-82","Akron","Dunn-Martin, Tavian","","Leaves Game","","Anderson, Carlitos; Eubanks, Craig; Noble, Mark; Olojakpoke, Emmanuel; Utomi, Daniel","0:00"
"11/20/2016","7:00 p.m.","2nd Half","02:40","34-82","Akron","Olojakpoke, Emmanuel","","Commits Foul","13","Anderson, Carlitos; Eubanks, Craig; Noble, Mark; Olojakpoke, Emmanuel; Utomi, Daniel","0:17"
"11/20/2016","7:00 p.m.","2nd Half","02:40","35-82","Radford","Phillips, Randy","made","Free Throw","","Bradford, Christian; Cousin, Justin; Holland, Devonnte; Phillips, Randy; Polite, Jr., Ed","0:17"
"11/20/2016","7:00 p.m.","2nd Half","02:40","35-82","Radford","Phillips, Randy","missed","Free Throw","","Bradford, Christian; Cousin, Justin; Holland, Devonnte; Phillips, Randy; Polite, Jr., Ed","0:17"
"11/20/2016","7:00 p.m.","2nd Half","02:40","35-82","Akron","Utomi, Daniel","","Defensive Rebound","","Anderson, Carlitos; Eubanks, Craig; Noble, Mark; Olojakpoke, Emmanuel; Utomi, Daniel","0:17"
"11/20/2016","7:00 p.m.","2nd Half","02:40","35-82","Radford","Holland, Devonnte","","Commits Foul","","Bradford, Christian; Cousin, Justin; Holland, Devonnte; Phillips, Randy; Polite, Jr., Ed","0:17"
"11/20/2016","7:00 p.m.","2nd Half","02:40","35-83","Akron","Utomi, Daniel","made","Free Throw","","Anderson, Carlitos; Eubanks, Craig; Noble, Mark; Olojakpoke, Emmanuel; Utomi, Daniel","0:17"
"11/20/2016","7:00 p.m.","2nd Half","02:40","35-83","Akron","Utomi, Daniel","missed","Free Throw","","Anderson, Carlitos; Eubanks, Craig; Noble, Mark; Olojakpoke, Emmanuel; Utomi, Daniel","0:17"
"11/20/2016","7:00 p.m.","2nd Half","02:40","35-83","Radford","Holland, Devonnte","","Defensive Rebound","","Bradford, Christian; Cousin, Justin; Holland, Devonnte; Phillips, Randy; Polite, Jr., Ed","0:17"
"11/20/2016","7:00 p.m.","2nd Half","02:40","35-83","Radford","Tanner, Caleb","","Enters Game","","Bradford, Christian; Cousin, Justin; Holland, Devonnte; Phillips, Randy; Polite, Jr., Ed; Tanner, Caleb","0:00"
"11/20/2016","7:00 p.m.","2nd Half","02:40","35-83","Radford","Cousin, Justin","","Leaves Game","","Bradford, Christian; Holland, Devonnte; Phillips, Randy; Polite, Jr., Ed; Tanner, Caleb","0:00"
"11/20/2016","7:00 p.m.","2nd Half","02:40","35-83","Akron","McIntyre, Marquelle","","Enters Game","","Anderson, Carlitos; Eubanks, Craig; McIntyre, Marquelle; Noble, Mark; Olojakpoke, Emmanuel; Utomi, Daniel","0:00"
"11/20/2016","7:00 p.m.","2nd Half","02:40","35-83","Akron","Olojakpoke, Emmanuel","","Leaves Game","","Anderson, Carlitos; Eubanks, Craig; McIntyre, Marquelle; Noble, Mark; Utomi, Daniel","0:00"
"11/20/2016","7:00 p.m.","2nd Half","02:27","35-83","Radford","Bradford, Christian","missed","Layup","17","Bradford, Christian; Holland, Devonnte; Phillips, Randy; Polite, Jr., Ed; Tanner, Caleb","0:13"
"11/20/2016","7:00 p.m.","2nd Half","02:27","35-83","Radford","Holland, Devonnte","","Offensive Rebound","","Bradford, Christian; Holland, Devonnte; Phillips, Randy; Polite, Jr., Ed; Tanner, Caleb","0:13"
"11/20/2016","7:00 p.m.","2nd Half","02:20","37-83","Radford","Holland, Devonnte","made","Layup","23","Bradford, Christian; Holland, Devonnte; Phillips, Randy; Polite, Jr., Ed; Tanner, Caleb","0:20"
"11/20/2016","7:00 p.m.","2nd Half","02:10","37-83","Akron","McIntyre, Marquelle","","Turnover","","Anderson, Carlitos; Eubanks, Craig; McIntyre, Marquelle; Noble, Mark; Utomi, Daniel","0:30"
"11/20/2016","7:00 p.m.","2nd Half","02:07","37-83","Radford","Polite, Jr., Ed","","Steal","","Bradford, Christian; Holland, Devonnte; Phillips, Randy; Polite, Jr., Ed; Tanner, Caleb","0:33"
"11/20/2016","7:00 p.m.","2nd Half","02:06","39-83","Radford","Bradford, Christian","made","Layup","26","Bradford, Christian; Holland, Devonnte; Phillips, Randy; Polite, Jr., Ed; Tanner, Caleb","0:34"
"11/20/2016","7:00 p.m.","2nd Half","02:06","39-83","Radford","Polite, Jr., Ed","","Assist","","Bradford, Christian; Holland, Devonnte; Phillips, Randy; Polite, Jr., Ed; Tanner, Caleb","0:34"
"11/20/2016","7:00 p.m.","2nd Half","02:00","39-83","Akron","Utomi, Daniel","","Turnover","","Anderson, Carlitos; Eubanks, Craig; McIntyre, Marquelle; Noble, Mark; Utomi, Daniel","0:40"
"11/20/2016","7:00 p.m.","2nd Half","01:42","39-83","Radford","Holland, Devonnte","","Turnover","","Bradford, Christian; Holland, Devonnte; Phillips, Randy; Polite, Jr., Ed; Tanner, Caleb","0:58"
"11/20/2016","7:00 p.m.","2nd Half","01:41","39-83","Akron","Noble, Mark","","Steal","","Anderson, Carlitos; Eubanks, Craig; McIntyre, Marquelle; Noble, Mark; Utomi, Daniel","0:59"
"11/20/2016","7:00 p.m.","2nd Half","01:32","39-83","Akron","McIntyre, Marquelle","","Turnover","","Anderson, Carlitos; Eubanks, Craig; McIntyre, Marquelle; Noble, Mark; Utomi, Daniel","1:08"
"11/20/2016","7:00 p.m.","2nd Half","01:30","39-83","Radford","Polite, Jr., Ed","","Steal","","Bradford, Christian; Holland, Devonnte; Phillips, Randy; Polite, Jr., Ed; Tanner, Caleb","1:10"
"11/20/2016","7:00 p.m.","2nd Half","01:28","39-83","Radford","Polite, Jr., Ed","missed","Layup","26","Bradford, Christian; Holland, Devonnte; Phillips, Randy; Polite, Jr., Ed; Tanner, Caleb","1:12"
"11/20/2016","7:00 p.m.","2nd Half","01:28","39-83","Radford","Bradford, Christian","","Offensive Rebound","","Bradford, Christian; Holland, Devonnte; Phillips, Randy; Polite, Jr., Ed; Tanner, Caleb","1:12"
"11/20/2016","7:00 p.m.","2nd Half","01:23","41-83","Radford","Bradford, Christian","made","Layup","25","Bradford, Christian; Holland, Devonnte; Phillips, Randy; Polite, Jr., Ed; Tanner, Caleb","1:17"
"11/20/2016","7:00 p.m.","2nd Half","01:18","41-83","Akron","Eubanks, Craig","","Turnover","","Anderson, Carlitos; Eubanks, Craig; McIntyre, Marquelle; Noble, Mark; Utomi, Daniel","1:22"
"11/20/2016","7:00 p.m.","2nd Half","01:17","41-83","Radford","Polite, Jr., Ed","","Steal","","Bradford, Christian; Holland, Devonnte; Phillips, Randy; Polite, Jr., Ed; Tanner, Caleb","1:23"
"11/20/2016","7:00 p.m.","2nd Half","01:14","41-83","Radford","Bradford, Christian","missed","Layup","26","Bradford, Christian; Holland, Devonnte; Phillips, Randy; Polite, Jr., Ed; Tanner, Caleb","1:26"
"11/20/2016","7:00 p.m.","2nd Half","01:14","41-83","Akron","Anderson, Carlitos","","Defensive Rebound","","Anderson, Carlitos; Eubanks, Craig; McIntyre, Marquelle; Noble, Mark; Utomi, Daniel","1:26"
"11/20/2016","7:00 p.m.","2nd Half","01:04","41-83","Akron","McIntyre, Marquelle","missed","Layup","20","Anderson, Carlitos; Eubanks, Craig; McIntyre, Marquelle; Noble, Mark; Utomi, Daniel","1:36"
"11/20/2016","7:00 p.m.","2nd Half","01:04","41-83","Akron","McIntyre, Marquelle","","Offensive Rebound","","Anderson, Carlitos; Eubanks, Craig; McIntyre, Marquelle; Noble, Mark; Utomi, Daniel","1:36"
"11/20/2016","7:00 p.m.","2nd Half","00:55","41-83","Radford","Phillips, Randy","","Commits Foul","21","Bradford, Christian; Holland, Devonnte; Phillips, Randy; Polite, Jr., Ed; Tanner, Caleb","1:45"
"11/20/2016","7:00 p.m.","2nd Half","00:55","41-84","Akron","Utomi, Daniel","made","Free Throw","","Anderson, Carlitos; Eubanks, Craig; McIntyre, Marquelle; Noble, Mark; Utomi, Daniel","1:45"
"11/20/2016","7:00 p.m.","2nd Half","00:55","41-85","Akron","Utomi, Daniel","made","Free Throw","","Anderson, Carlitos; Eubanks, Craig; McIntyre, Marquelle; Noble, Mark; Utomi, Daniel","1:45"
"11/20/2016","7:00 p.m.","2nd Half","00:55","41-85","Radford","Hicks, Donald","","Enters Game","","Bradford, Christian; Hicks, Donald; Holland, Devonnte; Phillips, Randy; Polite, Jr., Ed; Tanner, Caleb","0:00"
"11/20/2016","7:00 p.m.","2nd Half","00:55","41-85","Radford","Rodriguez, Brian","","Enters Game","","Bradford, Christian; Hicks, Donald; Holland, Devonnte; Phillips, Randy; Polite, Jr., Ed; Rodriguez, Brian; Tanner, Caleb","0:00"
"11/20/2016","7:00 p.m.","2nd Half","00:55","41-85","Radford","Lutete, Christian","","Enters Game","","Bradford, Christian; Hicks, Donald; Holland, Devonnte; Lutete, Christian; Phillips, Randy; Polite, Jr., Ed; Rodriguez, Brian; Tanner, Caleb","0:00"
"11/20/2016","7:00 p.m.","2nd Half","00:55","41-85","Radford","Polite, Jr., Ed","","Leaves Game","","Bradford, Christian; Hicks, Donald; Holland, Devonnte; Lutete, Christian; Phillips, Randy; Rodriguez, Brian; Tanner, Caleb","0:00"
"11/20/2016","7:00 p.m.","2nd Half","00:55","41-85","Radford","Tanner, Caleb","","Leaves Game","","Bradford, Christian; Hicks, Donald; Holland, Devonnte; Lutete, Christian; Phillips, Randy; Rodriguez, Brian","0:00"
"11/20/2016","7:00 p.m.","2nd Half","00:55","41-85","Radford","Holland, Devonnte","","Leaves Game","","Bradford, Christian; Hicks, Donald; Lutete, Christian; Phillips, Randy; Rodriguez, Brian","0:00"
"11/20/2016","7:00 p.m.","2nd Half","00:39","41-85","Radford","Rodriguez, Brian","missed","Two Point Jumper","14","Bradford, Christian; Hicks, Donald; Lutete, Christian; Phillips, Randy; Rodriguez, Brian","0:16"
"11/20/2016","7:00 p.m.","2nd Half","00:39","41-85","Radford","Rodriguez, Brian","","Offensive Rebound","","Bradford, Christian; Hicks, Donald; Lutete, Christian; Phillips, Randy; Rodriguez, Brian","0:16"
"11/20/2016","7:00 p.m.","2nd Half","00:28","41-85","Radford","Bradford, Christian","missed","Layup","19","Bradford, Christian; Hicks, Donald; Lutete, Christian; Phillips, Randy; Rodriguez, Brian","0:27"
"11/20/2016","7:00 p.m.","2nd Half","00:28","41-85","Akron","Eubanks, Craig","","Blocked Shot","","Anderson, Carlitos; Eubanks, Craig; McIntyre, Marquelle; Noble, Mark; Utomi, Daniel","2:12"
"11/20/2016","7:00 p.m.","2nd Half","00:24","41-85","Akron","McIntyre, Marquelle","","Defensive Rebound","","Anderson, Carlitos; Eubanks, Craig; McIntyre, Marquelle; Noble, Mark; Utomi, Daniel","2:16"
"11/20/2016","7:00 p.m.","2nd Half","00:18","41-85","Radford","Rodriguez, Brian","","Commits Foul","20","Bradford, Christian; Hicks, Donald; Lutete, Christian; Phillips, Randy; Rodriguez, Brian","0:37"
"11/20/2016","7:00 p.m.","2nd Half","00:18","41-85","Akron","McIntyre, Marquelle","missed","Free Throw","","Anderson, Carlitos; Eubanks, Craig; McIntyre, Marquelle; Noble, Mark; Utomi, Daniel","2:22"
"11/20/2016","7:00 p.m.","2nd Half","00:18","41-85","Akron","Team","","Deadball Rebound","","Anderson, Carlitos; Eubanks, Craig; McIntyre, Marquelle; Noble, Mark; Utomi, Daniel","2:22"
"11/20/2016","7:00 p.m.","2nd Half","00:18","41-86","Akron","McIntyre, Marquelle","made","Free Throw","","Anderson, Carlitos; Eubanks, Craig; McIntyre, Marquelle; Noble, Mark; Utomi, Daniel","2:22"
"11/20/2016","7:00 p.m.","2nd Half","00:03","41-86","Radford","Bradford, Christian","","Turnover","","Bradford, Christian; Hicks, Donald; Lutete, Christian; Phillips, Randy; Rodriguez, Brian","0:52"
"11/20/2016","7:00 p.m.","2nd Half","00:00","41-86","Akron","Noble, Mark","","Steal","","Anderson, Carlitos; Eubanks, Craig; McIntyre, Marquelle; Noble, Mark; Utomi, Daniel","2:40"
"11/20/2016","7:00 p.m.","2nd Half","00:00","41-88","Akron","Noble, Mark","made","Layup","27","Anderson, Carlitos; Eubanks, Craig; McIntyre, Marquelle; Noble, Mark; Utomi, Daniel","2:40"
