"Time","Air Force","Score","Akron"
"19:49","","39-35","JOHNSON,ISAIAH made Layup"
"19:31","GRAHAM,HAYDEN missed Two Point Jumper","39-35",""
"19:31","","39-35","JACKSON,ANTINO Defensive Rebound"
"19:18","","39-38","CHEATHAM,JR, KWAN made Three Point Jumper"
"19:18","","39-38","JOHNSON,ISAIAH Assist"
"18:54","TOOHEY,FRANK made Layup","41-38",""
"18:35","","41-38","CHEATHAM,JR, KWAN missed Three Point Jumper"
"18:35","TOOHEY,FRANK Defensive Rebound","41-38",""
"18:26","KOCUR,ZACH made Layup","43-38",""
"18:02","","43-41","WILLIAMS,JOSH made Three Point Jumper"
"18:02","","43-41","ROBOTHAM,NOAH Assist"
"17:41","TOOHEY,FRANK made Layup","45-41",""
"17:22","","45-43","CHEATHAM,JR, KWAN made Layup"
"17:13","VAN,JACOB Turnover","45-43",""
"16:59","","45-46","ROBOTHAM,NOAH made Three Point Jumper"
"16:59","","45-46","JOHNSON,ISAIAH Assist"
"16:44","GRAHAM,HAYDEN Turnover","45-46",""
"16:28","","45-46","JACKSON,ANTINO missed Three Point Jumper"
"16:28","","45-46","WILLIAMS,JOSH Offensive Rebound"
"16:23","","45-46","WILLIAMS,JOSH missed Two Point Jumper"
"16:23","KOCUR,ZACH Defensive Rebound","45-46",""
"16:04","TOOHEY,FRANK missed Three Point Jumper","45-46",""
"16:04","","45-46","CHEATHAM,JR, KWAN Defensive Rebound"
"15:42","","45-46","ROBOTHAM,NOAH missed Three Point Jumper"
"15:42","","45-46","JOHNSON,ISAIAH Offensive Rebound"
"15:37","","45-48","JOHNSON,ISAIAH made Layup"
"15:03","TEAM Turnover","45-48",""
"15:03","","45-48","TEAM Media Timeout"
"14:43","","45-50","JOHNSON,ISAIAH made Layup"
"14:43","TOOHEY,FRANK Commits Foul","45-50",""
"14:43","","45-50","JOHNSON,ISAIAH missed Free Throw"
"14:43","TEAM Defensive Rebound","45-50",""
"14:42","","45-50","CHEATHAM,JR, KWAN Commits Foul"
"14:28","","45-50","ROBOTHAM,NOAH Commits Foul"
"14:28","","45-50","DUNN-MARTIN,TAVIAN Enters Game"
"14:28","","45-50","JACKSON,AARON Enters Game"
"14:28","","45-50","CHEATHAM,JR, KWAN Leaves Game"
"14:28","","45-50","ROBOTHAM,NOAH Leaves Game"
"14:17","VAN,JACOB missed Layup","45-50",""
"14:17","VAN,JACOB Offensive Rebound","45-50",""
"14:12","GRAHAM,HAYDEN missed Three Point Jumper","45-50",""
"14:12","","45-50","JOHNSON,ISAIAH Defensive Rebound"
"13:49","","45-50","DUNN-MARTIN,TAVIAN missed Three Point Jumper"
"13:49","","45-50","JOHNSON,ISAIAH Offensive Rebound"
"13:44","","45-52","JOHNSON,ISAIAH made Layup"
"13:27","","45-52","JOHNSON,ISAIAH Commits Foul"
"13:27","","45-52","HUGHES,MICHAEL Enters Game"
"13:27","","45-52","JOHNSON,ISAIAH Leaves Game"
"13:20","VAN,JACOB missed Two Point Jumper","45-52",""
"13:20","","45-52","WILLIAMS,JOSH Defensive Rebound"
"12:56","","45-52","WILLIAMS,JOSH missed Three Point Jumper"
"12:56","KOCUR,ZACH Defensive Rebound","45-52",""
"12:33","LYONS,TREVOR missed Layup","45-52",""
"12:33","","45-52","JACKSON,AARON Defensive Rebound"
"12:21","VAN,JACOB Commits Foul","45-52",""
"12:21","","45-53","JACKSON,ANTINO made Free Throw"
"12:21","","45-53","JACKSON,ANTINO missed Free Throw"
"12:21","","45-53","JACKSON,AARON Offensive Rebound"
"12:21","SCOTTIE,LAVELLE Enters Game","45-53",""
"12:21","SIPLES,CJ Enters Game","45-53",""
"12:21","VAN,JACOB Leaves Game","45-53",""
"12:21","TOOHEY,FRANK Leaves Game","45-53",""
"12:21","","45-53","IVEY,JIMOND Enters Game"
"12:21","","45-53","WILLIAMS,JOSH Leaves Game"
"12:20","GRAHAM,HAYDEN Commits Foul","45-53",""
"12:20","","45-54","JACKSON,AARON made Free Throw"
"12:20","","45-55","JACKSON,AARON made Free Throw"
"12:19","MANNING,RYAN Enters Game","45-55",""
"12:19","KOCUR,ZACH Leaves Game","45-55",""
"12:02","GRAHAM,HAYDEN made Layup","47-55",""
"11:42","","47-58","DUNN-MARTIN,TAVIAN made Three Point Jumper"
"11:21","SCOTTIE,LAVELLE missed Layup","47-58",""
"11:21","","47-58","HUGHES,MICHAEL Blocked Shot"
"10:59","","47-58","HUGHES,MICHAEL Defensive Rebound"
"10:57","","47-58","DUNN-MARTIN,TAVIAN missed Layup"
"10:57","LYONS,TREVOR Defensive Rebound","47-58",""
"10:53","","47-58","JACKSON,AARON Commits Foul"
"10:53","TEAM  Timeout","47-58",""
"10:53","SIPLES,CJ made Free Throw","48-58",""
"10:53","SIPLES,CJ made Free Throw","49-58",""
"10:53","","49-58","ROBOTHAM,NOAH Enters Game"
"10:53","","49-58","WILLIAMS,JOSH Enters Game"
"10:53","","49-58","JACKSON,ANTINO Leaves Game"
"10:53","","49-58","DUNN-MARTIN,TAVIAN Leaves Game"
"10:22","","49-58","WILLIAMS,JOSH missed Three Point Jumper"
"10:22","SCOTTIE,LAVELLE Defensive Rebound","49-58",""
"10:21","","49-58","HUGHES,MICHAEL Commits Foul"
"10:21","","49-58","JOHNSON,ISAIAH Enters Game"
"10:21","","49-58","CHEATHAM,JR, KWAN Enters Game"
"10:21","","49-58","HUGHES,MICHAEL Leaves Game"
"10:21","","49-58","JACKSON,AARON Leaves Game"
"10:04","MANNING,RYAN missed Three Point Jumper","49-58",""
"10:04","","49-58","IVEY,JIMOND Defensive Rebound"
"09:59","","49-58","JOHNSON,ISAIAH Turnover"
"09:59","TOOHEY,FRANK Enters Game","49-58",""
"09:59","SCOTTIE,LAVELLE Leaves Game","49-58",""
"09:42","SIPLES,CJ missed Layup","49-58",""
"09:42","","49-58","IVEY,JIMOND Defensive Rebound"
"09:36","","49-58","WILLIAMS,JOSH missed Three Point Jumper"
"09:36","GRAHAM,HAYDEN Defensive Rebound","49-58",""
"09:14","GRAHAM,HAYDEN made Two Point Jumper","51-58",""
"08:41","TOOHEY,FRANK Commits Foul","51-58",""
"08:41","","51-59","JOHNSON,ISAIAH made Free Throw"
"08:41","","51-60","JOHNSON,ISAIAH made Free Throw"
"08:33","","51-60","CHEATHAM,JR, KWAN Commits Foul"
"08:33","","51-60","JACKSON,AARON Enters Game"
"08:33","","51-60","CHEATHAM,JR, KWAN Leaves Game"
"08:26","","51-60","JACKSON,AARON Commits Foul"
"08:26","GRAHAM,HAYDEN made Free Throw","52-60",""
"08:26","GRAHAM,HAYDEN made Free Throw","53-60",""
"07:59","","53-63","JACKSON,AARON made Three Point Jumper"
"07:59","","53-63","IVEY,JIMOND Assist"
"07:46","","53-63","JACKSON,AARON Commits Foul"
"07:46","TEAM  Timeout","53-63",""
"07:46","LYONS,TREVOR made Free Throw","54-63",""
"07:46","LYONS,TREVOR missed Free Throw","54-63",""
"07:46","","54-63","JACKSON,AARON Defensive Rebound"
"07:46","KOCUR,ZACH Enters Game","54-63",""
"07:46","MANNING,RYAN Leaves Game","54-63",""
"07:46","","54-63","JACKSON,ANTINO Enters Game"
"07:46","","54-63","WILLIAMS,JOSH Leaves Game"
"07:32","","54-63","ROBOTHAM,NOAH missed Three Point Jumper"
"07:32","KOCUR,ZACH Defensive Rebound","54-63",""
"07:19","","54-63","JOHNSON,ISAIAH Commits Foul"
"07:19","TOOHEY,FRANK missed Free Throw","54-63",""
"07:19","KOCUR,ZACH Offensive Rebound","54-63",""
"07:19","VAN,JACOB Enters Game","54-63",""
"07:19","LYONS,TREVOR Leaves Game","54-63",""
"07:19","","54-63","DUNN-MARTIN,TAVIAN Enters Game"
"07:19","","54-63","ROBOTHAM,NOAH Leaves Game"
"07:11","KOCUR,ZACH Turnover","54-63",""
"07:10","","54-63","JACKSON,ANTINO Steal"
"07:09","TOOHEY,FRANK Commits Foul","54-63",""
"07:09","SCOTTIE,LAVELLE Enters Game","54-63",""
"07:09","TOOHEY,FRANK Leaves Game","54-63",""
"07:01","","54-63","JOHNSON,ISAIAH missed Layup"
"07:01","SIPLES,CJ Blocked Shot","54-63",""
"07:01","","54-63","TEAM Offensive Rebound"
"06:52","","54-66","IVEY,JIMOND made Three Point Jumper"
"06:52","","54-66","JACKSON,AARON Assist"
"06:37","","54-66","JACKSON,AARON Commits Foul"
"06:37","GRAHAM,HAYDEN made Free Throw","55-66",""
"06:37","GRAHAM,HAYDEN made Free Throw","56-66",""
"06:17","","56-66","DUNN-MARTIN,TAVIAN missed Three Point Jumper"
"06:17","","56-66","JACKSON,AARON Offensive Rebound"
"06:14","","56-68","JACKSON,AARON made Layup"
"06:14","KOCUR,ZACH Commits Foul","56-68",""
"06:14","","56-68","JACKSON,AARON missed Free Throw"
"06:14","KOCUR,ZACH Defensive Rebound","56-68",""
"05:55","SCOTTIE,LAVELLE missed Layup","56-68",""
"05:55","SCOTTIE,LAVELLE Offensive Rebound","56-68",""
"05:53","SCOTTIE,LAVELLE made Layup","58-68",""
"05:26","","58-68","IVEY,JIMOND Turnover"
"05:26","","58-68","IVEY,JIMOND Commits Foul"
"05:26","","58-68","WILLIAMS,JOSH Enters Game"
"05:26","","58-68","IVEY,JIMOND Leaves Game"
"05:16","","58-68","JOHNSON,ISAIAH Commits Foul"
"05:16","SCOTTIE,LAVELLE made Free Throw","59-68",""
"05:16","SCOTTIE,LAVELLE made Free Throw","60-68",""
"05:16","","60-68","TEAM 30 Second Timeout"
"05:16","","60-68","TEAM Media Timeout"
"05:16","LYONS,TREVOR Enters Game","60-68",""
"05:16","KOCUR,ZACH Leaves Game","60-68",""
"05:16","","60-68","HUGHES,MICHAEL Enters Game"
"05:16","","60-68","JOHNSON,ISAIAH Leaves Game"
"04:59","","60-68","HUGHES,MICHAEL Turnover"
"04:59","","60-68","HUGHES,MICHAEL Commits Foul"
"04:48","","60-68","DUNN-MARTIN,TAVIAN Commits Foul"
"04:48","SIPLES,CJ missed Free Throw","60-68",""
"04:48","TEAM Deadball Rebound","60-68",""
"04:48","SIPLES,CJ made Free Throw","61-68",""
"04:48","","61-68","CHEATHAM,JR, KWAN Enters Game"
"04:48","","61-68","ROBOTHAM,NOAH Enters Game"
"04:48","","61-68","DUNN-MARTIN,TAVIAN Leaves Game"
"04:48","","61-68","JACKSON,AARON Leaves Game"
"04:43","","61-68","WILLIAMS,JOSH Turnover"
"04:42","SCOTTIE,LAVELLE Steal","61-68",""
"04:35","VAN,JACOB made Three Point Jumper","64-68",""
"04:15","","64-68","JACKSON,ANTINO missed Three Point Jumper"
"04:15","","64-68","WILLIAMS,JOSH Offensive Rebound"
"04:12","VAN,JACOB Commits Foul","64-68",""
"04:12","","64-69","WILLIAMS,JOSH made Free Throw"
"04:12","","64-70","WILLIAMS,JOSH made Free Throw"
"04:12","","64-70","IVEY,JIMOND Enters Game"
"04:12","","64-70","WILLIAMS,JOSH Leaves Game"
"03:47","SIPLES,CJ missed Layup","64-70",""
"03:47","","64-70","HUGHES,MICHAEL Blocked Shot"
"03:45","SIPLES,CJ Offensive Rebound","64-70",""
"03:43","LYONS,TREVOR Turnover","64-70",""
"03:42","","64-70","IVEY,JIMOND Steal"
"03:39","LYONS,TREVOR Commits Foul","64-70",""
"03:39","","64-70","TEAM Media Timeout"
"03:39","","64-71","JACKSON,ANTINO made Free Throw"
"03:39","","64-72","JACKSON,ANTINO made Free Throw"
"03:39","KOCUR,ZACH Enters Game","64-72",""
"03:39","TOOHEY,FRANK Enters Game","64-72",""
"03:39","SCOTTIE,LAVELLE Leaves Game","64-72",""
"03:39","SIPLES,CJ Leaves Game","64-72",""
"03:18","GRAHAM,HAYDEN missed Layup","64-72",""
"03:18","","64-72","JACKSON,ANTINO Defensive Rebound"
"02:58","LYONS,TREVOR Commits Foul","64-72",""
"02:58","","64-73","ROBOTHAM,NOAH made Free Throw"
"02:58","","64-74","ROBOTHAM,NOAH made Free Throw"
"02:50","","64-74","HUGHES,MICHAEL Commits Foul"
"02:50","TOOHEY,FRANK made Free Throw","65-74",""
"02:50","TOOHEY,FRANK made Free Throw","66-74",""
"02:50","SCOTTIE,LAVELLE Enters Game","66-74",""
"02:50","SIPLES,CJ Enters Game","66-74",""
"02:50","KOCUR,ZACH Leaves Game","66-74",""
"02:50","TOOHEY,FRANK Leaves Game","66-74",""
"02:50","","66-74","JOHNSON,ISAIAH Enters Game"
"02:50","","66-74","HUGHES,MICHAEL Leaves Game"
"02:24","SIPLES,CJ Commits Foul","66-74",""
"02:24","","66-74","JACKSON,ANTINO missed Free Throw"
"02:24","","66-74","TEAM Deadball Rebound"
"02:24","","66-75","JACKSON,ANTINO made Free Throw"
"02:24","TOOHEY,FRANK Enters Game","66-75",""
"02:24","KOCUR,ZACH Enters Game","66-75",""
"02:24","SCOTTIE,LAVELLE Leaves Game","66-75",""
"02:24","SIPLES,CJ Leaves Game","66-75",""
"02:24","","66-75","HUGHES,MICHAEL Enters Game"
"02:24","","66-75","JOHNSON,ISAIAH Leaves Game"
"02:14","GRAHAM,HAYDEN missed Three Point Jumper","66-75",""
"02:14","","66-75","IVEY,JIMOND Defensive Rebound"
"01:55","VAN,JACOB Commits Foul","66-75",""
"01:55","","66-76","JACKSON,ANTINO made Free Throw"
"01:55","","66-77","JACKSON,ANTINO made Free Throw"
"01:45","GRAHAM,HAYDEN made Layup","68-77",""
"01:45","TEAM Team Timeout","68-77",""
"01:45","SCOTTIE,LAVELLE Enters Game","68-77",""
"01:45","SIPLES,CJ Enters Game","68-77",""
"01:45","LYONS,TREVOR Leaves Game","68-77",""
"01:45","TOOHEY,FRANK Leaves Game","68-77",""
"01:45","KOCUR,ZACH Leaves Game","68-77",""
"01:45","","68-77","JOHNSON,ISAIAH Enters Game"
"01:45","","68-77","HUGHES,MICHAEL Leaves Game"
"01:44","","68-77","CHEATHAM,JR, KWAN Turnover"
"01:43","LYONS,TREVOR Steal","68-77",""
"01:38","SCOTTIE,LAVELLE missed Layup","68-77",""
"01:38","GRAHAM,HAYDEN Offensive Rebound","68-77",""
"01:34","GRAHAM,HAYDEN made Layup","70-77",""
"01:16","","70-79","JACKSON,ANTINO made Layup"
"01:16","","70-79","CHEATHAM,JR, KWAN Assist"
"01:08","SCOTTIE,LAVELLE missed Layup","70-79",""
"01:08","SCOTTIE,LAVELLE Offensive Rebound","70-79",""
"01:05","SCOTTIE,LAVELLE missed Layup","70-79",""
"01:05","SCOTTIE,LAVELLE Offensive Rebound","70-79",""
"01:02","SCOTTIE,LAVELLE missed Two Point Jumper","70-79",""
"01:02","","70-79","JACKSON,ANTINO Defensive Rebound"
"01:01","LYONS,TREVOR Enters Game","70-79",""
"01:01","SCOTTIE,LAVELLE Leaves Game","70-79",""
"01:01","GRAHAM,HAYDEN Leaves Game","70-79",""
"00:59","LYONS,TREVOR Commits Foul","70-79",""
"00:59","","70-79","JACKSON,ANTINO missed Free Throw"
"00:59","","70-79","TEAM Deadball Rebound"
"00:59","","70-79","JACKSON,ANTINO missed Free Throw"
"00:59","GRAHAM,HAYDEN Defensive Rebound","70-79",""
"00:59","KOCUR,ZACH Enters Game","70-79",""
"00:59","TOOHEY,FRANK Enters Game","70-79",""
"00:59","SIPLES,CJ Leaves Game","70-79",""
"00:51","VAN,JACOB Turnover","70-79",""
"00:50","","70-79","JACKSON,ANTINO Steal"
"00:47","","70-81","JACKSON,ANTINO made Layup"
"00:43","","70-81","JACKSON,ANTINO Commits Foul"
"00:43","VAN,JACOB made Free Throw","71-81",""
"00:43","VAN,JACOB made Free Throw","72-81",""
"00:43","SIPLES,CJ Enters Game","72-81",""
"00:43","SCOTTIE,LAVELLE Enters Game","72-81",""
"00:43","KOCUR,ZACH Leaves Game","72-81",""
"00:43","TOOHEY,FRANK Leaves Game","72-81",""
"00:39","LYONS,TREVOR Commits Foul","72-81",""
"00:39","KOCUR,ZACH Enters Game","72-81",""
"00:39","TOOHEY,FRANK Enters Game","72-81",""
"00:39","LYONS,TREVOR Leaves Game","72-81",""
"00:39","SCOTTIE,LAVELLE Leaves Game","72-81",""
"00:35","","72-82","ROBOTHAM,NOAH made Free Throw"
"00:34","","72-82","ROBOTHAM,NOAH missed Free Throw"
"00:34","","72-82","TEAM Deadball Rebound"
"00:31","TOOHEY,FRANK missed Two Point Jumper","72-82",""
"00:31","KOCUR,ZACH Offensive Rebound","72-82",""
"00:28","SIPLES,CJ made Free Throw","73-82",""
"00:28","","73-82","HUGHES,MICHAEL Commits Foul"
"00:28","TEAM 30 Second Timeout","73-82",""
"00:28","SIPLES,CJ missed Free Throw","73-82",""
"00:28","TEAM Deadball Rebound","73-82",""
"00:27","SIPLES,CJ Commits Foul","73-82",""
"00:27","","73-83","JOHNSON,ISAIAH made Free Throw"
"00:27","","73-84","JOHNSON,ISAIAH made Free Throw"
"00:27","","73-84","JACKSON,AARON Enters Game"
"00:27","","73-84","JOHNSON,ISAIAH Leaves Game"
"00:21","VAN,JACOB made Layup","75-84",""
"00:21","TEAM 30 Second Timeout","75-84",""
"00:21","SCOTTIE,LAVELLE Enters Game","75-84",""
"00:21","TOOHEY,FRANK Leaves Game","75-84",""
"End of 2nd Half"
