"Date","Time","Period","Time Left","Score","Team","Player","Status","Action","Shot Clock","Lineup","Lineup Time"
"12/03/2016","7:01 pm","1st Half","19:49","0-0","Akron","Jackson, Antino","missed","Three Point Jumper","19","Cheatham, Jr., Kwan; Ivey, Jimond; Jackson, Antino; Johnson, Isaiah; Williams, Josh","0:11"
"12/03/2016","7:01 pm","1st Half","19:49","0-0","Creighton","Thomas, Khyri","","Defensive Rebound","","Foster, Marcus; Huff, Cole; Patton, Justin; Thomas, Khyri; Watson Jr., Maurice","0:11"
"12/03/2016","7:01 pm","1st Half","19:42","0-3","Creighton","Foster, Marcus","made","Three Point Jumper","23","Foster, Marcus; Huff, Cole; Patton, Justin; Thomas, Khyri; Watson Jr., Maurice","0:18"
"12/03/2016","7:01 pm","1st Half","19:42","0-3","Creighton","Watson Jr., Maurice","","Assist","","Foster, Marcus; Huff, Cole; Patton, Justin; Thomas, Khyri; Watson Jr., Maurice","0:18"
"12/03/2016","7:01 pm","1st Half","19:23","0-3","Akron","Cheatham, Jr., Kwan","missed","Three Point Jumper","11","Cheatham, Jr., Kwan; Ivey, Jimond; Jackson, Antino; Johnson, Isaiah; Williams, Josh","0:37"
"12/03/2016","7:01 pm","1st Half","19:23","0-3","Creighton","Patton, Justin","","Defensive Rebound","","Foster, Marcus; Huff, Cole; Patton, Justin; Thomas, Khyri; Watson Jr., Maurice","0:37"
"12/03/2016","7:01 pm","1st Half","19:13","0-3","Akron","Jackson, Antino","","Commits Foul","20","Cheatham, Jr., Kwan; Ivey, Jimond; Jackson, Antino; Johnson, Isaiah; Williams, Josh","0:47"
"12/03/2016","7:01 pm","1st Half","19:13","0-3","Creighton","Watson Jr., Maurice","missed","Free Throw","","Foster, Marcus; Huff, Cole; Patton, Justin; Thomas, Khyri; Watson Jr., Maurice","0:47"
"12/03/2016","7:01 pm","1st Half","19:13","0-3","Creighton","Team","","Deadball Rebound","","Foster, Marcus; Huff, Cole; Patton, Justin; Thomas, Khyri; Watson Jr., Maurice","0:47"
"12/03/2016","7:01 pm","1st Half","19:13","0-4","Creighton","Watson Jr., Maurice","made","Free Throw","","Foster, Marcus; Huff, Cole; Patton, Justin; Thomas, Khyri; Watson Jr., Maurice","0:47"
"12/03/2016","7:01 pm","1st Half","18:54","0-4","Akron","Johnson, Isaiah","missed","Layup","11","Cheatham, Jr., Kwan; Ivey, Jimond; Jackson, Antino; Johnson, Isaiah; Williams, Josh","1:06"
"12/03/2016","7:01 pm","1st Half","18:54","0-4","Creighton","Patton, Justin","","Blocked Shot","","Foster, Marcus; Huff, Cole; Patton, Justin; Thomas, Khyri; Watson Jr., Maurice","1:06"
"12/03/2016","7:01 pm","1st Half","18:53","0-4","Creighton","Huff, Cole","","Defensive Rebound","","Foster, Marcus; Huff, Cole; Patton, Justin; Thomas, Khyri; Watson Jr., Maurice","1:07"
"12/03/2016","7:01 pm","1st Half","18:48","0-4","Creighton","Watson Jr., Maurice","","Turnover","","Foster, Marcus; Huff, Cole; Patton, Justin; Thomas, Khyri; Watson Jr., Maurice","1:12"
"12/03/2016","7:01 pm","1st Half","18:28","3-4","Akron","Williams, Josh","made","Three Point Jumper","10","Cheatham, Jr., Kwan; Ivey, Jimond; Jackson, Antino; Johnson, Isaiah; Williams, Josh","1:32"
"12/03/2016","7:01 pm","1st Half","18:28","3-4","Akron","Cheatham, Jr., Kwan","","Assist","","Cheatham, Jr., Kwan; Ivey, Jimond; Jackson, Antino; Johnson, Isaiah; Williams, Josh","1:32"
"12/03/2016","7:01 pm","1st Half","18:19","3-4","Creighton","Thomas, Khyri","missed","Three Point Jumper","21","Foster, Marcus; Huff, Cole; Patton, Justin; Thomas, Khyri; Watson Jr., Maurice","1:41"
"12/03/2016","7:01 pm","1st Half","18:19","3-4","Akron","Cheatham, Jr., Kwan","","Defensive Rebound","","Cheatham, Jr., Kwan; Ivey, Jimond; Jackson, Antino; Johnson, Isaiah; Williams, Josh","1:41"
"12/03/2016","7:01 pm","1st Half","18:04","3-4","Akron","Jackson, Antino","","Turnover","","Cheatham, Jr., Kwan; Ivey, Jimond; Jackson, Antino; Johnson, Isaiah; Williams, Josh","1:56"
"12/03/2016","7:01 pm","1st Half","18:04","3-4","Creighton","Patton, Justin","","Steal","","Foster, Marcus; Huff, Cole; Patton, Justin; Thomas, Khyri; Watson Jr., Maurice","1:56"
"12/03/2016","7:01 pm","1st Half","17:55","3-7","Creighton","Foster, Marcus","made","Three Point Jumper","21","Foster, Marcus; Huff, Cole; Patton, Justin; Thomas, Khyri; Watson Jr., Maurice","2:05"
"12/03/2016","7:01 pm","1st Half","17:55","3-7","Creighton","Watson Jr., Maurice","","Assist","","Foster, Marcus; Huff, Cole; Patton, Justin; Thomas, Khyri; Watson Jr., Maurice","2:05"
"12/03/2016","7:01 pm","1st Half","17:31","3-7","Akron","Williams, Josh","","Turnover","","Cheatham, Jr., Kwan; Ivey, Jimond; Jackson, Antino; Johnson, Isaiah; Williams, Josh","2:29"
"12/03/2016","7:01 pm","1st Half","17:29","3-7","Creighton","Watson Jr., Maurice","","Steal","","Foster, Marcus; Huff, Cole; Patton, Justin; Thomas, Khyri; Watson Jr., Maurice","2:31"
"12/03/2016","7:01 pm","1st Half","17:24","3-7","Creighton","Thomas, Khyri","","Turnover","","Foster, Marcus; Huff, Cole; Patton, Justin; Thomas, Khyri; Watson Jr., Maurice","2:36"
"12/03/2016","7:01 pm","1st Half","17:23","3-7","Akron","Williams, Josh","","Steal","","Cheatham, Jr., Kwan; Ivey, Jimond; Jackson, Antino; Johnson, Isaiah; Williams, Josh","2:37"
"12/03/2016","7:01 pm","1st Half","16:58","3-7","Akron","Cheatham, Jr., Kwan","missed","Three Point Jumper","4","Cheatham, Jr., Kwan; Ivey, Jimond; Jackson, Antino; Johnson, Isaiah; Williams, Josh","3:02"
"12/03/2016","7:01 pm","1st Half","16:58","3-7","Creighton","Thomas, Khyri","","Defensive Rebound","","Foster, Marcus; Huff, Cole; Patton, Justin; Thomas, Khyri; Watson Jr., Maurice","3:02"
"12/03/2016","7:01 pm","1st Half","16:49","3-7","Creighton","Huff, Cole","missed","Three Point Jumper","21","Foster, Marcus; Huff, Cole; Patton, Justin; Thomas, Khyri; Watson Jr., Maurice","3:11"
"12/03/2016","7:01 pm","1st Half","16:49","3-7","Akron","Jackson, Antino","","Defensive Rebound","","Cheatham, Jr., Kwan; Ivey, Jimond; Jackson, Antino; Johnson, Isaiah; Williams, Josh","3:11"
"12/03/2016","7:01 pm","1st Half","16:17","3-7","Akron","Johnson, Isaiah","","Turnover","","Cheatham, Jr., Kwan; Ivey, Jimond; Jackson, Antino; Johnson, Isaiah; Williams, Josh","3:43"
"12/03/2016","7:01 pm","1st Half","16:16","3-7","Creighton","Patton, Justin","","Steal","","Foster, Marcus; Huff, Cole; Patton, Justin; Thomas, Khyri; Watson Jr., Maurice","3:44"
"12/03/2016","7:01 pm","1st Half","16:12","3-9","Creighton","Foster, Marcus","made","Layup","25","Foster, Marcus; Huff, Cole; Patton, Justin; Thomas, Khyri; Watson Jr., Maurice","3:48"
"12/03/2016","7:01 pm","1st Half","16:12","3-9","Creighton","Watson Jr., Maurice","","Assist","","Foster, Marcus; Huff, Cole; Patton, Justin; Thomas, Khyri; Watson Jr., Maurice","3:48"
"12/03/2016","7:01 pm","1st Half","16:12","3-9","Akron","Williams, Josh","","Commits Foul","","Cheatham, Jr., Kwan; Ivey, Jimond; Jackson, Antino; Johnson, Isaiah; Williams, Josh","3:48"
"12/03/2016","7:01 pm","1st Half","16:12","3-10","Creighton","Foster, Marcus","made","Free Throw","","Foster, Marcus; Huff, Cole; Patton, Justin; Thomas, Khyri; Watson Jr., Maurice","3:48"
"12/03/2016","7:01 pm","1st Half","16:12","3-10","Creighton","Hegner, Toby","","Enters Game","","Foster, Marcus; Hegner, Toby; Huff, Cole; Patton, Justin; Thomas, Khyri; Watson Jr., Maurice","0:00"
"12/03/2016","7:01 pm","1st Half","16:12","3-10","Creighton","Huff, Cole","","Leaves Game","","Foster, Marcus; Hegner, Toby; Patton, Justin; Thomas, Khyri; Watson Jr., Maurice","0:00"
"12/03/2016","7:01 pm","1st Half","15:47","3-10","Akron","Williams, Josh","missed","Three Point Jumper","5","Cheatham, Jr., Kwan; Ivey, Jimond; Jackson, Antino; Johnson, Isaiah; Williams, Josh","4:13"
"12/03/2016","7:01 pm","1st Half","15:47","3-10","Creighton","Patton, Justin","","Defensive Rebound","","Foster, Marcus; Hegner, Toby; Patton, Justin; Thomas, Khyri; Watson Jr., Maurice","0:25"
"12/03/2016","7:01 pm","1st Half","15:40","3-10","Creighton","Watson Jr., Maurice","","Turnover","","Foster, Marcus; Hegner, Toby; Patton, Justin; Thomas, Khyri; Watson Jr., Maurice","0:32"
"12/03/2016","7:01 pm","1st Half","15:40","3-10","Akron","Team","","Timeout","","Cheatham, Jr., Kwan; Ivey, Jimond; Jackson, Antino; Johnson, Isaiah; Williams, Josh","4:20"
"12/03/2016","7:01 pm","1st Half","15:23","3-10","Akron","Johnson, Isaiah","","Turnover","","Cheatham, Jr., Kwan; Ivey, Jimond; Jackson, Antino; Johnson, Isaiah; Williams, Josh","4:37"
"12/03/2016","7:01 pm","1st Half","15:22","3-10","Creighton","Thomas, Khyri","","Steal","","Foster, Marcus; Hegner, Toby; Patton, Justin; Thomas, Khyri; Watson Jr., Maurice","0:50"
"12/03/2016","7:01 pm","1st Half","15:20","3-12","Creighton","Foster, Marcus","made","Dunk","27","Foster, Marcus; Hegner, Toby; Patton, Justin; Thomas, Khyri; Watson Jr., Maurice","0:52"
"12/03/2016","7:01 pm","1st Half","15:20","3-12","Creighton","Thomas, Khyri","","Assist","","Foster, Marcus; Hegner, Toby; Patton, Justin; Thomas, Khyri; Watson Jr., Maurice","0:52"
"12/03/2016","7:01 pm","1st Half","14:56","3-12","Creighton","Patton, Justin","","Commits Foul","6","Foster, Marcus; Hegner, Toby; Patton, Justin; Thomas, Khyri; Watson Jr., Maurice","1:16"
"12/03/2016","7:01 pm","1st Half","14:56","4-12","Akron","Johnson, Isaiah","made","Free Throw","","Cheatham, Jr., Kwan; Ivey, Jimond; Jackson, Antino; Johnson, Isaiah; Williams, Josh","5:04"
"12/03/2016","7:01 pm","1st Half","14:56","4-12","Akron","Johnson, Isaiah","missed","Free Throw","","Cheatham, Jr., Kwan; Ivey, Jimond; Jackson, Antino; Johnson, Isaiah; Williams, Josh","5:04"
"12/03/2016","7:01 pm","1st Half","14:56","4-12","Creighton","Thomas, Khyri","","Defensive Rebound","","Foster, Marcus; Hegner, Toby; Patton, Justin; Thomas, Khyri; Watson Jr., Maurice","1:16"
"12/03/2016","7:01 pm","1st Half","14:56","4-12","Creighton","Krampelj, Martin","","Enters Game","","Foster, Marcus; Hegner, Toby; Krampelj, Martin; Patton, Justin; Thomas, Khyri; Watson Jr., Maurice","0:00"
"12/03/2016","7:01 pm","1st Half","14:56","4-12","Creighton","Patton, Justin","","Leaves Game","","Foster, Marcus; Hegner, Toby; Krampelj, Martin; Thomas, Khyri; Watson Jr., Maurice","0:00"
"12/03/2016","7:01 pm","1st Half","14:36","4-12","Creighton","Watson Jr., Maurice","missed","Two Point Jumper","10","Foster, Marcus; Hegner, Toby; Krampelj, Martin; Thomas, Khyri; Watson Jr., Maurice","0:20"
"12/03/2016","7:01 pm","1st Half","14:36","4-12","Akron","Team","","Defensive Rebound","","Cheatham, Jr., Kwan; Ivey, Jimond; Jackson, Antino; Johnson, Isaiah; Williams, Josh","5:24"
"12/03/2016","7:01 pm","1st Half","14:32","4-12","Akron","Dunn-Martin, Tavian","","Enters Game","","Cheatham, Jr., Kwan; Dunn-Martin, Tavian; Ivey, Jimond; Jackson, Antino; Johnson, Isaiah; Williams, Josh","0:00"
"12/03/2016","7:01 pm","1st Half","14:32","4-12","Akron","Williams, Josh","","Leaves Game","","Cheatham, Jr., Kwan; Dunn-Martin, Tavian; Ivey, Jimond; Jackson, Antino; Johnson, Isaiah","0:00"
"12/03/2016","7:01 pm","1st Half","14:16","7-12","Akron","Cheatham, Jr., Kwan","made","Three Point Jumper","10","Cheatham, Jr., Kwan; Dunn-Martin, Tavian; Ivey, Jimond; Jackson, Antino; Johnson, Isaiah","0:16"
"12/03/2016","7:01 pm","1st Half","14:16","7-12","Akron","Jackson, Antino","","Assist","","Cheatham, Jr., Kwan; Dunn-Martin, Tavian; Ivey, Jimond; Jackson, Antino; Johnson, Isaiah","0:16"
"12/03/2016","7:01 pm","1st Half","14:05","7-14","Creighton","Thomas, Khyri","made","Two Point Jumper","19","Foster, Marcus; Hegner, Toby; Krampelj, Martin; Thomas, Khyri; Watson Jr., Maurice","0:51"
"12/03/2016","7:01 pm","1st Half","13:47","7-14","Akron","Dunn-Martin, Tavian","missed","Three Point Jumper","12","Cheatham, Jr., Kwan; Dunn-Martin, Tavian; Ivey, Jimond; Jackson, Antino; Johnson, Isaiah","0:45"
"12/03/2016","7:01 pm","1st Half","13:47","7-14","Creighton","Foster, Marcus","","Defensive Rebound","","Foster, Marcus; Hegner, Toby; Krampelj, Martin; Thomas, Khyri; Watson Jr., Maurice","1:09"
"12/03/2016","7:01 pm","1st Half","13:41","7-16","Creighton","Foster, Marcus","made","Layup","24","Foster, Marcus; Hegner, Toby; Krampelj, Martin; Thomas, Khyri; Watson Jr., Maurice","1:15"
"12/03/2016","7:01 pm","1st Half","13:24","7-16","Akron","Johnson, Isaiah","","Turnover","","Cheatham, Jr., Kwan; Dunn-Martin, Tavian; Ivey, Jimond; Jackson, Antino; Johnson, Isaiah","1:08"
"12/03/2016","7:01 pm","1st Half","13:23","7-16","Creighton","Thomas, Khyri","","Steal","","Foster, Marcus; Hegner, Toby; Krampelj, Martin; Thomas, Khyri; Watson Jr., Maurice","1:33"
"12/03/2016","7:01 pm","1st Half","13:18","7-16","Creighton","Thomas, Khyri","missed","Three Point Jumper","24","Foster, Marcus; Hegner, Toby; Krampelj, Martin; Thomas, Khyri; Watson Jr., Maurice","1:38"
"12/03/2016","7:01 pm","1st Half","13:18","7-16","Akron","Ivey, Jimond","","Defensive Rebound","","Cheatham, Jr., Kwan; Dunn-Martin, Tavian; Ivey, Jimond; Jackson, Antino; Johnson, Isaiah","1:14"
"12/03/2016","7:01 pm","1st Half","12:48","7-16","Akron","Jackson, Antino","missed","Two Point Jumper","0","Cheatham, Jr., Kwan; Dunn-Martin, Tavian; Ivey, Jimond; Jackson, Antino; Johnson, Isaiah","1:44"
"12/03/2016","7:01 pm","1st Half","12:48","7-16","Akron","Johnson, Isaiah","","Offensive Rebound","","Cheatham, Jr., Kwan; Dunn-Martin, Tavian; Ivey, Jimond; Jackson, Antino; Johnson, Isaiah","1:44"
"12/03/2016","7:01 pm","1st Half","12:39","9-16","Akron","Johnson, Isaiah","made","Layup","21","Cheatham, Jr., Kwan; Dunn-Martin, Tavian; Ivey, Jimond; Jackson, Antino; Johnson, Isaiah","1:53"
"12/03/2016","7:01 pm","1st Half","12:26","9-16","Creighton","Foster, Marcus","missed","Three Point Jumper","17","Foster, Marcus; Hegner, Toby; Krampelj, Martin; Thomas, Khyri; Watson Jr., Maurice","2:30"
"12/03/2016","7:01 pm","1st Half","12:26","9-16","Creighton","Krampelj, Martin","","Offensive Rebound","","Foster, Marcus; Hegner, Toby; Krampelj, Martin; Thomas, Khyri; Watson Jr., Maurice","2:30"
"12/03/2016","7:01 pm","1st Half","12:25","9-16","Akron","Johnson, Isaiah","","Commits Foul","29","Cheatham, Jr., Kwan; Dunn-Martin, Tavian; Ivey, Jimond; Jackson, Antino; Johnson, Isaiah","2:07"
"12/03/2016","7:01 pm","1st Half","12:25","9-16","Akron","Hughes, Michael","","Enters Game","","Cheatham, Jr., Kwan; Dunn-Martin, Tavian; Hughes, Michael; Ivey, Jimond; Jackson, Antino; Johnson, Isaiah","0:00"
"12/03/2016","7:01 pm","1st Half","12:25","9-16","Akron","Williams, Josh","","Enters Game","","Cheatham, Jr., Kwan; Dunn-Martin, Tavian; Hughes, Michael; Ivey, Jimond; Jackson, Antino; Johnson, Isaiah; Williams, Josh","0:00"
"12/03/2016","7:01 pm","1st Half","12:25","9-16","Akron","Johnson, Isaiah","","Leaves Game","","Cheatham, Jr., Kwan; Dunn-Martin, Tavian; Hughes, Michael; Ivey, Jimond; Jackson, Antino; Williams, Josh","0:00"
"12/03/2016","7:01 pm","1st Half","12:25","9-16","Akron","Jackson, Antino","","Leaves Game","","Cheatham, Jr., Kwan; Dunn-Martin, Tavian; Hughes, Michael; Ivey, Jimond; Williams, Josh","0:00"
"12/03/2016","7:01 pm","1st Half","12:25","9-16","Creighton","Zierden, Isaiah","","Enters Game","","Foster, Marcus; Hegner, Toby; Krampelj, Martin; Thomas, Khyri; Watson Jr., Maurice; Zierden, Isaiah","0:00"
"12/03/2016","7:01 pm","1st Half","12:25","9-16","Creighton","Clement, Tyler","","Enters Game","","Clement, Tyler; Foster, Marcus; Hegner, Toby; Krampelj, Martin; Thomas, Khyri; Watson Jr., Maurice; Zierden, Isaiah","0:00"
"12/03/2016","7:01 pm","1st Half","12:25","9-16","Creighton","Thomas, Khyri","","Leaves Game","","Clement, Tyler; Foster, Marcus; Hegner, Toby; Krampelj, Martin; Watson Jr., Maurice; Zierden, Isaiah","0:00"
"12/03/2016","7:01 pm","1st Half","12:25","9-16","Creighton","Watson Jr., Maurice","","Leaves Game","","Clement, Tyler; Foster, Marcus; Hegner, Toby; Krampelj, Martin; Zierden, Isaiah","0:00"
"12/03/2016","7:01 pm","1st Half","12:23","9-16","Creighton","Krampelj, Martin","","Commits Foul","28","Clement, Tyler; Foster, Marcus; Hegner, Toby; Krampelj, Martin; Zierden, Isaiah","0:02"
"12/03/2016","7:01 pm","1st Half","12:23","9-16","Creighton","Krampelj, Martin","","Turnover","","Clement, Tyler; Foster, Marcus; Hegner, Toby; Krampelj, Martin; Zierden, Isaiah","0:02"
"12/03/2016","7:01 pm","1st Half","12:08","9-16","Akron","Williams, Josh","missed","Three Point Jumper","15","Cheatham, Jr., Kwan; Dunn-Martin, Tavian; Hughes, Michael; Ivey, Jimond; Williams, Josh","0:17"
"12/03/2016","7:01 pm","1st Half","12:02","9-16","Creighton","Krampelj, Martin","","Defensive Rebound","","Clement, Tyler; Foster, Marcus; Hegner, Toby; Krampelj, Martin; Zierden, Isaiah","0:23"
"12/03/2016","7:01 pm","1st Half","11:59","9-16","Creighton","Clement, Tyler","missed","Three Point Jumper","21","Clement, Tyler; Foster, Marcus; Hegner, Toby; Krampelj, Martin; Zierden, Isaiah","0:26"
"12/03/2016","7:01 pm","1st Half","11:59","9-16","Akron","Cheatham, Jr., Kwan","","Defensive Rebound","","Cheatham, Jr., Kwan; Dunn-Martin, Tavian; Hughes, Michael; Ivey, Jimond; Williams, Josh","0:26"
"12/03/2016","7:01 pm","1st Half","11:49","9-16","Akron","Cheatham, Jr., Kwan","missed","Two Point Jumper","20","Cheatham, Jr., Kwan; Dunn-Martin, Tavian; Hughes, Michael; Ivey, Jimond; Williams, Josh","0:36"
"12/03/2016","7:01 pm","1st Half","11:49","9-16","Akron","Cheatham, Jr., Kwan","","Offensive Rebound","","Cheatham, Jr., Kwan; Dunn-Martin, Tavian; Hughes, Michael; Ivey, Jimond; Williams, Josh","0:36"
"12/03/2016","7:01 pm","1st Half","11:46","9-16","Creighton","Clement, Tyler","","Commits Foul","27","Clement, Tyler; Foster, Marcus; Hegner, Toby; Krampelj, Martin; Zierden, Isaiah","0:39"
"12/03/2016","7:01 pm","1st Half","11:46","9-16","Creighton","Huff, Cole","","Enters Game","","Clement, Tyler; Foster, Marcus; Hegner, Toby; Huff, Cole; Krampelj, Martin; Zierden, Isaiah","0:00"
"12/03/2016","7:01 pm","1st Half","11:46","9-16","Creighton","Watson Jr., Maurice","","Enters Game","","Clement, Tyler; Foster, Marcus; Hegner, Toby; Huff, Cole; Krampelj, Martin; Watson Jr., Maurice; Zierden, Isaiah","0:00"
"12/03/2016","7:01 pm","1st Half","11:46","9-16","Creighton","Clement, Tyler","","Leaves Game","","Foster, Marcus; Hegner, Toby; Huff, Cole; Krampelj, Martin; Watson Jr., Maurice; Zierden, Isaiah","0:00"
"12/03/2016","7:01 pm","1st Half","11:46","9-16","Creighton","Hegner, Toby","","Leaves Game","","Foster, Marcus; Huff, Cole; Krampelj, Martin; Watson Jr., Maurice; Zierden, Isaiah","0:00"
"12/03/2016","7:01 pm","1st Half","11:35","12-16","Akron","Cheatham, Jr., Kwan","made","Three Point Jumper","19","Cheatham, Jr., Kwan; Dunn-Martin, Tavian; Hughes, Michael; Ivey, Jimond; Williams, Josh","0:50"
"12/03/2016","7:01 pm","1st Half","11:35","12-16","Akron","Ivey, Jimond","","Assist","","Cheatham, Jr., Kwan; Dunn-Martin, Tavian; Hughes, Michael; Ivey, Jimond; Williams, Josh","0:50"
"12/03/2016","7:01 pm","1st Half","11:19","12-19","Creighton","Huff, Cole","made","Three Point Jumper","14","Foster, Marcus; Huff, Cole; Krampelj, Martin; Watson Jr., Maurice; Zierden, Isaiah","0:27"
"12/03/2016","7:01 pm","1st Half","11:19","12-19","Creighton","Foster, Marcus","","Assist","","Foster, Marcus; Huff, Cole; Krampelj, Martin; Watson Jr., Maurice; Zierden, Isaiah","0:27"
"12/03/2016","7:01 pm","1st Half","10:54","12-19","Akron","Cheatham, Jr., Kwan","","Turnover","","Cheatham, Jr., Kwan; Dunn-Martin, Tavian; Hughes, Michael; Ivey, Jimond; Williams, Josh","1:31"
"12/03/2016","7:01 pm","1st Half","10:41","12-19","Creighton","Watson Jr., Maurice","","Turnover","","Foster, Marcus; Huff, Cole; Krampelj, Martin; Watson Jr., Maurice; Zierden, Isaiah","1:05"
"12/03/2016","7:01 pm","1st Half","10:40","12-19","Akron","Dunn-Martin, Tavian","","Steal","","Cheatham, Jr., Kwan; Dunn-Martin, Tavian; Hughes, Michael; Ivey, Jimond; Williams, Josh","1:45"
"12/03/2016","7:01 pm","1st Half","10:32","12-19","Akron","Dunn-Martin, Tavian","missed","Three Point Jumper","21","Cheatham, Jr., Kwan; Dunn-Martin, Tavian; Hughes, Michael; Ivey, Jimond; Williams, Josh","1:53"
"12/03/2016","7:01 pm","1st Half","10:32","12-19","Creighton","Foster, Marcus","","Defensive Rebound","","Foster, Marcus; Huff, Cole; Krampelj, Martin; Watson Jr., Maurice; Zierden, Isaiah","1:14"
"12/03/2016","7:01 pm","1st Half","10:23","12-19","Creighton","Krampelj, Martin","missed","Layup","21","Foster, Marcus; Huff, Cole; Krampelj, Martin; Watson Jr., Maurice; Zierden, Isaiah","1:23"
"12/03/2016","7:01 pm","1st Half","10:23","12-19","Akron","Hughes, Michael","","Blocked Shot","","Cheatham, Jr., Kwan; Dunn-Martin, Tavian; Hughes, Michael; Ivey, Jimond; Williams, Josh","2:02"
"12/03/2016","7:01 pm","1st Half","10:21","12-19","Creighton","Watson Jr., Maurice","","Offensive Rebound","","Foster, Marcus; Huff, Cole; Krampelj, Martin; Watson Jr., Maurice; Zierden, Isaiah","1:25"
"12/03/2016","7:01 pm","1st Half","10:16","12-19","Creighton","Huff, Cole","missed","Two Point Jumper","23","Foster, Marcus; Huff, Cole; Krampelj, Martin; Watson Jr., Maurice; Zierden, Isaiah","1:30"
"12/03/2016","7:01 pm","1st Half","10:16","12-19","Akron","Williams, Josh","","Defensive Rebound","","Cheatham, Jr., Kwan; Dunn-Martin, Tavian; Hughes, Michael; Ivey, Jimond; Williams, Josh","2:09"
"12/03/2016","7:01 pm","1st Half","09:52","14-19","Akron","Cheatham, Jr., Kwan","made","Layup","6","Cheatham, Jr., Kwan; Dunn-Martin, Tavian; Hughes, Michael; Ivey, Jimond; Williams, Josh","2:33"
"12/03/2016","7:01 pm","1st Half","09:46","14-21","Creighton","Foster, Marcus","made","Layup","24","Foster, Marcus; Huff, Cole; Krampelj, Martin; Watson Jr., Maurice; Zierden, Isaiah","2:00"
"12/03/2016","7:01 pm","1st Half","09:46","14-21","Creighton","Watson Jr., Maurice","","Assist","","Foster, Marcus; Huff, Cole; Krampelj, Martin; Watson Jr., Maurice; Zierden, Isaiah","2:00"
"12/03/2016","7:01 pm","1st Half","09:46","14-21","Akron","Ivey, Jimond","","Commits Foul","","Cheatham, Jr., Kwan; Dunn-Martin, Tavian; Hughes, Michael; Ivey, Jimond; Williams, Josh","2:39"
"12/03/2016","7:01 pm","1st Half","09:46","14-21","Creighton","Foster, Marcus","missed","Free Throw","","Foster, Marcus; Huff, Cole; Krampelj, Martin; Watson Jr., Maurice; Zierden, Isaiah","2:00"
"12/03/2016","7:01 pm","1st Half","09:46","14-21","Akron","Johnson, Isaiah","","Defensive Rebound","","Cheatham, Jr., Kwan; Dunn-Martin, Tavian; Hughes, Michael; Ivey, Jimond; Williams, Josh","2:39"
"12/03/2016","7:01 pm","1st Half","09:46","14-21","Akron","Jackson, Antino","","Enters Game","","Cheatham, Jr., Kwan; Dunn-Martin, Tavian; Hughes, Michael; Ivey, Jimond; Jackson, Antino; Williams, Josh","0:00"
"12/03/2016","7:01 pm","1st Half","09:46","14-21","Akron","Johnson, Isaiah","","Enters Game","","Cheatham, Jr., Kwan; Dunn-Martin, Tavian; Hughes, Michael; Ivey, Jimond; Jackson, Antino; Johnson, Isaiah; Williams, Josh","0:00"
"12/03/2016","7:01 pm","1st Half","09:46","14-21","Akron","Jackson, Aaron","","Enters Game","","Cheatham, Jr., Kwan; Dunn-Martin, Tavian; Hughes, Michael; Ivey, Jimond; Jackson, Aaron; Jackson, Antino; Johnson, Isaiah; Williams, Josh","0:00"
"12/03/2016","7:01 pm","1st Half","09:46","14-21","Akron","Dunn-Martin, Tavian","","Leaves Game","","Cheatham, Jr., Kwan; Hughes, Michael; Ivey, Jimond; Jackson, Aaron; Jackson, Antino; Johnson, Isaiah; Williams, Josh","0:00"
"12/03/2016","7:01 pm","1st Half","09:46","14-21","Akron","Cheatham, Jr., Kwan","","Leaves Game","","Hughes, Michael; Ivey, Jimond; Jackson, Aaron; Jackson, Antino; Johnson, Isaiah; Williams, Josh","0:00"
"12/03/2016","7:01 pm","1st Half","09:46","14-21","Akron","Hughes, Michael","","Leaves Game","","Ivey, Jimond; Jackson, Aaron; Jackson, Antino; Johnson, Isaiah; Williams, Josh","0:00"
"12/03/2016","7:01 pm","1st Half","09:46","14-21","Creighton","Patton, Justin","","Enters Game","","Foster, Marcus; Huff, Cole; Krampelj, Martin; Patton, Justin; Watson Jr., Maurice; Zierden, Isaiah","0:00"
"12/03/2016","7:01 pm","1st Half","09:46","14-21","Creighton","Krampelj, Martin","","Leaves Game","","Foster, Marcus; Huff, Cole; Patton, Justin; Watson Jr., Maurice; Zierden, Isaiah","0:00"
"12/03/2016","7:01 pm","1st Half","09:29","17-21","Akron","Jackson, Aaron","made","Three Point Jumper","13","Ivey, Jimond; Jackson, Aaron; Jackson, Antino; Johnson, Isaiah; Williams, Josh","0:17"
"12/03/2016","7:01 pm","1st Half","09:29","17-21","Akron","Ivey, Jimond","","Assist","","Ivey, Jimond; Jackson, Aaron; Jackson, Antino; Johnson, Isaiah; Williams, Josh","0:17"
"12/03/2016","7:01 pm","1st Half","09:20","17-24","Creighton","Patton, Justin","made","Three Point Jumper","21","Foster, Marcus; Huff, Cole; Patton, Justin; Watson Jr., Maurice; Zierden, Isaiah","0:26"
"12/03/2016","7:01 pm","1st Half","09:20","17-24","Creighton","Watson Jr., Maurice","","Assist","","Foster, Marcus; Huff, Cole; Patton, Justin; Watson Jr., Maurice; Zierden, Isaiah","0:26"
"12/03/2016","7:01 pm","1st Half","08:59","17-24","Creighton","Patton, Justin","","Commits Foul","9","Foster, Marcus; Huff, Cole; Patton, Justin; Watson Jr., Maurice; Zierden, Isaiah","0:47"
"12/03/2016","7:01 pm","1st Half","08:59","17-24","Creighton","Hegner, Toby","","Enters Game","","Foster, Marcus; Hegner, Toby; Huff, Cole; Patton, Justin; Watson Jr., Maurice; Zierden, Isaiah","0:00"
"12/03/2016","7:01 pm","1st Half","08:59","17-24","Creighton","Thomas, Khyri","","Enters Game","","Foster, Marcus; Hegner, Toby; Huff, Cole; Patton, Justin; Thomas, Khyri; Watson Jr., Maurice; Zierden, Isaiah","0:00"
"12/03/2016","7:01 pm","1st Half","08:59","17-24","Creighton","Foster, Marcus","","Leaves Game","","Hegner, Toby; Huff, Cole; Patton, Justin; Thomas, Khyri; Watson Jr., Maurice; Zierden, Isaiah","0:00"
"12/03/2016","7:01 pm","1st Half","08:59","17-24","Creighton","Patton, Justin","","Leaves Game","","Hegner, Toby; Huff, Cole; Thomas, Khyri; Watson Jr., Maurice; Zierden, Isaiah","0:00"
"12/03/2016","7:01 pm","1st Half","08:56","17-24","Akron","Jackson, Aaron","missed","Three Point Jumper","27","Ivey, Jimond; Jackson, Aaron; Jackson, Antino; Johnson, Isaiah; Williams, Josh","0:50"
"12/03/2016","7:01 pm","1st Half","08:56","17-24","Creighton","Zierden, Isaiah","","Defensive Rebound","","Hegner, Toby; Huff, Cole; Thomas, Khyri; Watson Jr., Maurice; Zierden, Isaiah","0:03"
"12/03/2016","7:01 pm","1st Half","08:43","17-24","Creighton","Hegner, Toby","missed","Three Point Jumper","17","Hegner, Toby; Huff, Cole; Thomas, Khyri; Watson Jr., Maurice; Zierden, Isaiah","0:16"
"12/03/2016","7:01 pm","1st Half","08:43","17-24","Akron","Jackson, Aaron","","Defensive Rebound","","Ivey, Jimond; Jackson, Aaron; Jackson, Antino; Johnson, Isaiah; Williams, Josh","1:03"
"12/03/2016","7:01 pm","1st Half","08:39","17-24","Creighton","Huff, Cole","","Commits Foul","26","Hegner, Toby; Huff, Cole; Thomas, Khyri; Watson Jr., Maurice; Zierden, Isaiah","0:20"
"12/03/2016","7:01 pm","1st Half","08:19","17-24","Akron","Jackson, Antino","missed","Three Point Jumper","10","Ivey, Jimond; Jackson, Aaron; Jackson, Antino; Johnson, Isaiah; Williams, Josh","1:27"
"12/03/2016","7:01 pm","1st Half","08:19","17-24","Akron","Jackson, Aaron","","Offensive Rebound","","Ivey, Jimond; Jackson, Aaron; Jackson, Antino; Johnson, Isaiah; Williams, Josh","1:27"
"12/03/2016","7:01 pm","1st Half","07:45","17-24","Akron","Jackson, Antino","missed","Two Point Jumper","0","Ivey, Jimond; Jackson, Aaron; Jackson, Antino; Johnson, Isaiah; Williams, Josh","2:01"
"12/03/2016","7:01 pm","1st Half","07:45","17-24","Creighton","Huff, Cole","","Defensive Rebound","","Hegner, Toby; Huff, Cole; Thomas, Khyri; Watson Jr., Maurice; Zierden, Isaiah","1:14"
"12/03/2016","7:01 pm","1st Half","07:35","17-26","Creighton","Huff, Cole","made","Layup","20","Hegner, Toby; Huff, Cole; Thomas, Khyri; Watson Jr., Maurice; Zierden, Isaiah","1:24"
"12/03/2016","7:01 pm","1st Half","07:35","17-26","Creighton","Watson Jr., Maurice","","Assist","","Hegner, Toby; Huff, Cole; Thomas, Khyri; Watson Jr., Maurice; Zierden, Isaiah","1:24"
"12/03/2016","7:01 pm","1st Half","07:19","19-26","Akron","Jackson, Antino","made","Layup","14","Ivey, Jimond; Jackson, Aaron; Jackson, Antino; Johnson, Isaiah; Williams, Josh","2:27"
"12/03/2016","7:01 pm","1st Half","07:09","19-26","Creighton","Huff, Cole","","Turnover","","Hegner, Toby; Huff, Cole; Thomas, Khyri; Watson Jr., Maurice; Zierden, Isaiah","1:50"
"12/03/2016","7:01 pm","1st Half","07:08","19-26","Akron","Ivey, Jimond","","Steal","","Ivey, Jimond; Jackson, Aaron; Jackson, Antino; Johnson, Isaiah; Williams, Josh","2:38"
"12/03/2016","7:01 pm","1st Half","06:58","21-26","Akron","Jackson, Antino","made","Two Point Jumper","19","Ivey, Jimond; Jackson, Aaron; Jackson, Antino; Johnson, Isaiah; Williams, Josh","2:48"
"12/03/2016","7:01 pm","1st Half","06:49","21-28","Creighton","Watson Jr., Maurice","made","Layup","21","Hegner, Toby; Huff, Cole; Thomas, Khyri; Watson Jr., Maurice; Zierden, Isaiah","2:10"
"12/03/2016","7:01 pm","1st Half","06:49","21-28","Akron","Jackson, Antino","","Commits Foul","","Ivey, Jimond; Jackson, Aaron; Jackson, Antino; Johnson, Isaiah; Williams, Josh","2:57"
"12/03/2016","7:01 pm","1st Half","06:49","21-28","Creighton","Team","","Media Timeout","","Hegner, Toby; Huff, Cole; Thomas, Khyri; Watson Jr., Maurice; Zierden, Isaiah","2:10"
"12/03/2016","7:01 pm","1st Half","06:49","21-28","Creighton","Watson Jr., Maurice","missed","Free Throw","","Hegner, Toby; Huff, Cole; Thomas, Khyri; Watson Jr., Maurice; Zierden, Isaiah","2:10"
"12/03/2016","7:01 pm","1st Half","06:49","21-28","Akron","Johnson, Isaiah","","Defensive Rebound","","Ivey, Jimond; Jackson, Aaron; Jackson, Antino; Johnson, Isaiah; Williams, Josh","2:57"
"12/03/2016","7:01 pm","1st Half","06:49","21-28","Akron","Cheatham, Jr., Kwan","","Enters Game","","Cheatham, Jr., Kwan; Ivey, Jimond; Jackson, Aaron; Jackson, Antino; Johnson, Isaiah; Williams, Josh","0:00"
"12/03/2016","7:01 pm","1st Half","06:49","21-28","Akron","Ivey, Jimond","","Leaves Game","","Cheatham, Jr., Kwan; Jackson, Aaron; Jackson, Antino; Johnson, Isaiah; Williams, Josh","0:00"
"12/03/2016","7:01 pm","1st Half","06:49","21-28","Creighton","Harrell, Ronnie","","Enters Game","","Harrell, Ronnie; Hegner, Toby; Huff, Cole; Thomas, Khyri; Watson Jr., Maurice; Zierden, Isaiah","0:00"
"12/03/2016","7:01 pm","1st Half","06:49","21-28","Creighton","Foster, Marcus","","Enters Game","","Foster, Marcus; Harrell, Ronnie; Hegner, Toby; Huff, Cole; Thomas, Khyri; Watson Jr., Maurice; Zierden, Isaiah","0:00"
"12/03/2016","7:01 pm","1st Half","06:49","21-28","Creighton","Zierden, Isaiah","","Leaves Game","","Foster, Marcus; Harrell, Ronnie; Hegner, Toby; Huff, Cole; Thomas, Khyri; Watson Jr., Maurice","0:00"
"12/03/2016","7:01 pm","1st Half","06:49","21-28","Creighton","Huff, Cole","","Leaves Game","","Foster, Marcus; Harrell, Ronnie; Hegner, Toby; Thomas, Khyri; Watson Jr., Maurice","0:00"
"12/03/2016","7:01 pm","1st Half","06:19","23-28","Akron","Jackson, Antino","made","Two Point Jumper","0","Cheatham, Jr., Kwan; Jackson, Aaron; Jackson, Antino; Johnson, Isaiah; Williams, Josh","0:30"
"12/03/2016","7:01 pm","1st Half","06:08","23-28","Creighton","Thomas, Khyri","missed","Two Point Jumper","19","Foster, Marcus; Harrell, Ronnie; Hegner, Toby; Thomas, Khyri; Watson Jr., Maurice","0:41"
"12/03/2016","7:01 pm","1st Half","06:06","23-28","Akron","Team","","Defensive Rebound","","Cheatham, Jr., Kwan; Jackson, Aaron; Jackson, Antino; Johnson, Isaiah; Williams, Josh","0:43"
"12/03/2016","7:01 pm","1st Half","05:48","23-28","Creighton","Watson Jr., Maurice","","Commits Foul","10","Foster, Marcus; Harrell, Ronnie; Hegner, Toby; Thomas, Khyri; Watson Jr., Maurice","1:01"
"12/03/2016","7:01 pm","1st Half","05:38","23-28","Akron","Cheatham, Jr., Kwan","","Turnover","","Cheatham, Jr., Kwan; Jackson, Aaron; Jackson, Antino; Johnson, Isaiah; Williams, Josh","1:11"
"12/03/2016","7:01 pm","1st Half","05:25","23-30","Creighton","Foster, Marcus","made","Two Point Jumper","17","Foster, Marcus; Harrell, Ronnie; Hegner, Toby; Thomas, Khyri; Watson Jr., Maurice","1:24"
"12/03/2016","7:01 pm","1st Half","05:25","23-30","Creighton","Watson Jr., Maurice","","Assist","","Foster, Marcus; Harrell, Ronnie; Hegner, Toby; Thomas, Khyri; Watson Jr., Maurice","1:24"
"12/03/2016","7:01 pm","1st Half","04:54","23-30","Akron","Jackson, Antino","missed","Layup","0","Cheatham, Jr., Kwan; Jackson, Aaron; Jackson, Antino; Johnson, Isaiah; Williams, Josh","1:55"
"12/03/2016","7:01 pm","1st Half","04:54","23-30","Akron","Jackson, Aaron","","Offensive Rebound","","Cheatham, Jr., Kwan; Jackson, Aaron; Jackson, Antino; Johnson, Isaiah; Williams, Josh","1:55"
"12/03/2016","7:01 pm","1st Half","04:54","23-30","Creighton","Watson Jr., Maurice","","Commits Foul","","Foster, Marcus; Harrell, Ronnie; Hegner, Toby; Thomas, Khyri; Watson Jr., Maurice","1:55"
"12/03/2016","7:01 pm","1st Half","04:54","24-30","Akron","Jackson, Aaron","made","Free Throw","","Cheatham, Jr., Kwan; Jackson, Aaron; Jackson, Antino; Johnson, Isaiah; Williams, Josh","1:55"
"12/03/2016","7:01 pm","1st Half","04:54","24-30","Akron","Jackson, Aaron","missed","Free Throw","","Cheatham, Jr., Kwan; Jackson, Aaron; Jackson, Antino; Johnson, Isaiah; Williams, Josh","1:55"
"12/03/2016","7:01 pm","1st Half","04:54","24-30","Creighton","Harrell, Ronnie","","Defensive Rebound","","Foster, Marcus; Harrell, Ronnie; Hegner, Toby; Thomas, Khyri; Watson Jr., Maurice","1:55"
"12/03/2016","7:01 pm","1st Half","04:54","24-30","Akron","Dunn-Martin, Tavian","","Enters Game","","Cheatham, Jr., Kwan; Dunn-Martin, Tavian; Jackson, Aaron; Jackson, Antino; Johnson, Isaiah; Williams, Josh","0:00"
"12/03/2016","7:01 pm","1st Half","04:54","24-30","Akron","Jackson, Antino","","Leaves Game","","Cheatham, Jr., Kwan; Dunn-Martin, Tavian; Jackson, Aaron; Johnson, Isaiah; Williams, Josh","0:00"
"12/03/2016","7:01 pm","1st Half","04:54","24-30","Creighton","Clement, Tyler","","Enters Game","","Clement, Tyler; Foster, Marcus; Harrell, Ronnie; Hegner, Toby; Thomas, Khyri; Watson Jr., Maurice","0:00"
"12/03/2016","7:01 pm","1st Half","04:54","24-30","Creighton","Watson Jr., Maurice","","Leaves Game","","Clement, Tyler; Foster, Marcus; Harrell, Ronnie; Hegner, Toby; Thomas, Khyri","0:00"
"12/03/2016","7:01 pm","1st Half","04:25","24-30","Creighton","Foster, Marcus","missed","Two Point Jumper","1","Clement, Tyler; Foster, Marcus; Harrell, Ronnie; Hegner, Toby; Thomas, Khyri","0:29"
"12/03/2016","7:01 pm","1st Half","04:25","24-30","Akron","Johnson, Isaiah","","Blocked Shot","","Cheatham, Jr., Kwan; Dunn-Martin, Tavian; Jackson, Aaron; Johnson, Isaiah; Williams, Josh","0:29"
"12/03/2016","7:01 pm","1st Half","04:25","24-30","Akron","Team","","Defensive Rebound","","Cheatham, Jr., Kwan; Dunn-Martin, Tavian; Jackson, Aaron; Johnson, Isaiah; Williams, Josh","0:29"
"12/03/2016","7:01 pm","1st Half","04:25","24-30","Akron","Ivey, Jimond","","Enters Game","","Cheatham, Jr., Kwan; Dunn-Martin, Tavian; Ivey, Jimond; Jackson, Aaron; Johnson, Isaiah; Williams, Josh","0:00"
"12/03/2016","7:01 pm","1st Half","04:25","24-30","Akron","Jackson, Aaron","","Leaves Game","","Cheatham, Jr., Kwan; Dunn-Martin, Tavian; Ivey, Jimond; Johnson, Isaiah; Williams, Josh","0:00"
"12/03/2016","7:01 pm","1st Half","04:25","24-30","Creighton","Krampelj, Martin","","Enters Game","","Clement, Tyler; Foster, Marcus; Harrell, Ronnie; Hegner, Toby; Krampelj, Martin; Thomas, Khyri","0:00"
"12/03/2016","7:01 pm","1st Half","04:25","24-30","Creighton","Hegner, Toby","","Leaves Game","","Clement, Tyler; Foster, Marcus; Harrell, Ronnie; Krampelj, Martin; Thomas, Khyri","0:00"
"12/03/2016","7:01 pm","1st Half","04:14","24-30","Akron","Williams, Josh","missed","Three Point Jumper","19","Cheatham, Jr., Kwan; Dunn-Martin, Tavian; Ivey, Jimond; Johnson, Isaiah; Williams, Josh","0:11"
"12/03/2016","7:01 pm","1st Half","04:14","24-30","Akron","Cheatham, Jr., Kwan","","Offensive Rebound","","Cheatham, Jr., Kwan; Dunn-Martin, Tavian; Ivey, Jimond; Johnson, Isaiah; Williams, Josh","0:11"
"12/03/2016","7:01 pm","1st Half","04:12","24-30","Creighton","Harrell, Ronnie","","Commits Foul","28","Clement, Tyler; Foster, Marcus; Harrell, Ronnie; Krampelj, Martin; Thomas, Khyri","0:13"
"12/03/2016","7:01 pm","1st Half","04:12","24-30","Akron","Cheatham, Jr., Kwan","missed","Free Throw","","Cheatham, Jr., Kwan; Dunn-Martin, Tavian; Ivey, Jimond; Johnson, Isaiah; Williams, Josh","0:13"
"12/03/2016","7:01 pm","1st Half","04:12","24-30","Creighton","Krampelj, Martin","","Defensive Rebound","","Clement, Tyler; Foster, Marcus; Harrell, Ronnie; Krampelj, Martin; Thomas, Khyri","0:13"
"12/03/2016","7:01 pm","1st Half","03:50","24-32","Creighton","Thomas, Khyri","made","Layup","8","Clement, Tyler; Foster, Marcus; Harrell, Ronnie; Krampelj, Martin; Thomas, Khyri","0:35"
"12/03/2016","7:01 pm","1st Half","03:23","24-32","Akron","Johnson, Isaiah","","Turnover","","Cheatham, Jr., Kwan; Dunn-Martin, Tavian; Ivey, Jimond; Johnson, Isaiah; Williams, Josh","1:02"
"12/03/2016","7:01 pm","1st Half","03:23","24-32","Akron","Johnson, Isaiah","","Commits Foul","","Cheatham, Jr., Kwan; Dunn-Martin, Tavian; Ivey, Jimond; Johnson, Isaiah; Williams, Josh","1:02"
"12/03/2016","7:01 pm","1st Half","03:23","24-32","Creighton","Team","","Media Timeout","","Clement, Tyler; Foster, Marcus; Harrell, Ronnie; Krampelj, Martin; Thomas, Khyri","1:02"
"12/03/2016","7:01 pm","1st Half","03:23","24-32","Akron","Olojakpoke, Emmanuel","","Enters Game","","Cheatham, Jr., Kwan; Dunn-Martin, Tavian; Ivey, Jimond; Johnson, Isaiah; Olojakpoke, Emmanuel; Williams, Josh","0:00"
"12/03/2016","7:01 pm","1st Half","03:23","24-32","Akron","Johnson, Isaiah","","Leaves Game","","Cheatham, Jr., Kwan; Dunn-Martin, Tavian; Ivey, Jimond; Olojakpoke, Emmanuel; Williams, Josh","0:00"
"12/03/2016","7:01 pm","1st Half","03:23","24-32","Creighton","Zierden, Isaiah","","Enters Game","","Clement, Tyler; Foster, Marcus; Harrell, Ronnie; Krampelj, Martin; Thomas, Khyri; Zierden, Isaiah","0:00"
"12/03/2016","7:01 pm","1st Half","03:23","24-32","Creighton","Clement, Tyler","","Leaves Game","","Foster, Marcus; Harrell, Ronnie; Krampelj, Martin; Thomas, Khyri; Zierden, Isaiah","0:00"
"12/03/2016","7:01 pm","1st Half","03:11","24-32","Creighton","Zierden, Isaiah","","Turnover","","Foster, Marcus; Harrell, Ronnie; Krampelj, Martin; Thomas, Khyri; Zierden, Isaiah","0:12"
"12/03/2016","7:01 pm","1st Half","03:10","24-32","Akron","Olojakpoke, Emmanuel","","Steal","","Cheatham, Jr., Kwan; Dunn-Martin, Tavian; Ivey, Jimond; Olojakpoke, Emmanuel; Williams, Josh","0:13"
"12/03/2016","7:01 pm","1st Half","02:47","24-32","Akron","Dunn-Martin, Tavian","missed","Three Point Jumper","6","Cheatham, Jr., Kwan; Dunn-Martin, Tavian; Ivey, Jimond; Olojakpoke, Emmanuel; Williams, Josh","0:36"
"12/03/2016","7:01 pm","1st Half","02:47","24-32","Creighton","Krampelj, Martin","","Defensive Rebound","","Foster, Marcus; Harrell, Ronnie; Krampelj, Martin; Thomas, Khyri; Zierden, Isaiah","0:36"
"12/03/2016","7:01 pm","1st Half","02:35","24-32","Creighton","Foster, Marcus","missed","Three Point Jumper","18","Foster, Marcus; Harrell, Ronnie; Krampelj, Martin; Thomas, Khyri; Zierden, Isaiah","0:48"
"12/03/2016","7:01 pm","1st Half","02:35","24-32","Akron","Olojakpoke, Emmanuel","","Defensive Rebound","","Cheatham, Jr., Kwan; Dunn-Martin, Tavian; Ivey, Jimond; Olojakpoke, Emmanuel; Williams, Josh","0:48"
"12/03/2016","7:01 pm","1st Half","02:14","24-32","Akron","Williams, Josh","missed","Layup","9","Cheatham, Jr., Kwan; Dunn-Martin, Tavian; Ivey, Jimond; Olojakpoke, Emmanuel; Williams, Josh","1:09"
"12/03/2016","7:01 pm","1st Half","02:14","24-32","Creighton","Krampelj, Martin","","Defensive Rebound","","Foster, Marcus; Harrell, Ronnie; Krampelj, Martin; Thomas, Khyri; Zierden, Isaiah","1:09"
"12/03/2016","7:01 pm","1st Half","02:08","24-32","Creighton","Foster, Marcus","missed","Three Point Jumper","24","Foster, Marcus; Harrell, Ronnie; Krampelj, Martin; Thomas, Khyri; Zierden, Isaiah","1:15"
"12/03/2016","7:01 pm","1st Half","02:08","24-32","Creighton","Krampelj, Martin","","Offensive Rebound","","Foster, Marcus; Harrell, Ronnie; Krampelj, Martin; Thomas, Khyri; Zierden, Isaiah","1:15"
"12/03/2016","7:01 pm","1st Half","02:06","24-32","Akron","Olojakpoke, Emmanuel","","Commits Foul","28","Cheatham, Jr., Kwan; Dunn-Martin, Tavian; Ivey, Jimond; Olojakpoke, Emmanuel; Williams, Josh","1:17"
"12/03/2016","7:01 pm","1st Half","02:06","24-33","Creighton","Krampelj, Martin","made","Free Throw","","Foster, Marcus; Harrell, Ronnie; Krampelj, Martin; Thomas, Khyri; Zierden, Isaiah","1:17"
"12/03/2016","7:01 pm","1st Half","02:06","24-33","Creighton","Krampelj, Martin","missed","Free Throw","","Foster, Marcus; Harrell, Ronnie; Krampelj, Martin; Thomas, Khyri; Zierden, Isaiah","1:17"
"12/03/2016","7:01 pm","1st Half","02:06","24-33","Akron","Ivey, Jimond","","Defensive Rebound","","Cheatham, Jr., Kwan; Dunn-Martin, Tavian; Ivey, Jimond; Olojakpoke, Emmanuel; Williams, Josh","1:17"
"12/03/2016","7:01 pm","1st Half","01:50","26-33","Akron","Olojakpoke, Emmanuel","made","Dunk","14","Cheatham, Jr., Kwan; Dunn-Martin, Tavian; Ivey, Jimond; Olojakpoke, Emmanuel; Williams, Josh","1:33"
"12/03/2016","7:01 pm","1st Half","01:50","26-33","Akron","Dunn-Martin, Tavian","","Assist","","Cheatham, Jr., Kwan; Dunn-Martin, Tavian; Ivey, Jimond; Olojakpoke, Emmanuel; Williams, Josh","1:33"
"12/03/2016","7:01 pm","1st Half","01:43","26-33","Akron","Dunn-Martin, Tavian","","Commits Foul","23","Cheatham, Jr., Kwan; Dunn-Martin, Tavian; Ivey, Jimond; Olojakpoke, Emmanuel; Williams, Josh","1:40"
"12/03/2016","7:01 pm","1st Half","01:43","26-34","Creighton","Zierden, Isaiah","made","Free Throw","","Foster, Marcus; Harrell, Ronnie; Krampelj, Martin; Thomas, Khyri; Zierden, Isaiah","1:40"
"12/03/2016","7:01 pm","1st Half","01:43","26-35","Creighton","Zierden, Isaiah","made","Free Throw","","Foster, Marcus; Harrell, Ronnie; Krampelj, Martin; Thomas, Khyri; Zierden, Isaiah","1:40"
"12/03/2016","7:01 pm","1st Half","01:43","26-35","Creighton","Huff, Cole","","Enters Game","","Foster, Marcus; Harrell, Ronnie; Huff, Cole; Krampelj, Martin; Thomas, Khyri; Zierden, Isaiah","0:00"
"12/03/2016","7:01 pm","1st Half","01:43","26-35","Creighton","Hegner, Toby","","Enters Game","","Foster, Marcus; Harrell, Ronnie; Hegner, Toby; Huff, Cole; Krampelj, Martin; Thomas, Khyri; Zierden, Isaiah","0:00"
"12/03/2016","7:01 pm","1st Half","01:43","26-35","Creighton","Krampelj, Martin","","Leaves Game","","Foster, Marcus; Harrell, Ronnie; Hegner, Toby; Huff, Cole; Thomas, Khyri; Zierden, Isaiah","0:00"
"12/03/2016","7:01 pm","1st Half","01:43","26-35","Creighton","Harrell, Ronnie","","Leaves Game","","Foster, Marcus; Hegner, Toby; Huff, Cole; Thomas, Khyri; Zierden, Isaiah","0:00"
"12/03/2016","7:01 pm","1st Half","01:19","26-35","Akron","Dunn-Martin, Tavian","missed","Three Point Jumper","6","Cheatham, Jr., Kwan; Dunn-Martin, Tavian; Ivey, Jimond; Olojakpoke, Emmanuel; Williams, Josh","2:04"
"12/03/2016","7:01 pm","1st Half","01:19","26-35","Creighton","Thomas, Khyri","","Defensive Rebound","","Foster, Marcus; Hegner, Toby; Huff, Cole; Thomas, Khyri; Zierden, Isaiah","0:24"
"12/03/2016","7:01 pm","1st Half","01:07","26-35","Akron","Cheatham, Jr., Kwan","","Assist","","Cheatham, Jr., Kwan; Dunn-Martin, Tavian; Ivey, Jimond; Olojakpoke, Emmanuel; Williams, Josh","2:16"
"12/03/2016","7:01 pm","1st Half","01:07","26-35","Akron","Dunn-Martin, Tavian","","Commits Foul","18","Cheatham, Jr., Kwan; Dunn-Martin, Tavian; Ivey, Jimond; Olojakpoke, Emmanuel; Williams, Josh","2:16"
"12/03/2016","7:01 pm","1st Half","01:07","26-35","Creighton","Foster, Marcus","missed","Free Throw","","Foster, Marcus; Hegner, Toby; Huff, Cole; Thomas, Khyri; Zierden, Isaiah","0:36"
"12/03/2016","7:01 pm","1st Half","01:07","26-35","Akron","Cheatham, Jr., Kwan","","Defensive Rebound","","Cheatham, Jr., Kwan; Dunn-Martin, Tavian; Ivey, Jimond; Olojakpoke, Emmanuel; Williams, Josh","2:16"
"12/03/2016","7:01 pm","1st Half","00:38","28-35","Akron","Olojakpoke, Emmanuel","made","Layup","1","Cheatham, Jr., Kwan; Dunn-Martin, Tavian; Ivey, Jimond; Olojakpoke, Emmanuel; Williams, Josh","2:45"
"12/03/2016","7:01 pm","1st Half","00:24","28-37","Creighton","Zierden, Isaiah","made","Two Point Jumper","16","Foster, Marcus; Hegner, Toby; Huff, Cole; Thomas, Khyri; Zierden, Isaiah","1:19"
"12/03/2016","7:01 pm","1st Half","00:03","30-37","Akron","Dunn-Martin, Tavian","made","Two Point Jumper","9","Cheatham, Jr., Kwan; Dunn-Martin, Tavian; Ivey, Jimond; Olojakpoke, Emmanuel; Williams, Josh","3:20"
"12/03/2016","7:01 pm","2nd Half","19:41","30-37","Creighton","Thomas, Khyri","missed","Layup","11","Foster, Marcus; Huff, Cole; Patton, Justin; Thomas, Khyri; Watson Jr., Maurice","0:19"
"12/03/2016","7:01 pm","2nd Half","19:41","30-37","Akron","Cheatham, Jr., Kwan","","Defensive Rebound","","Cheatham, Jr., Kwan; Ivey, Jimond; Jackson, Antino; Johnson, Isaiah; Williams, Josh","0:19"
"12/03/2016","7:01 pm","2nd Half","19:19","30-37","Akron","Johnson, Isaiah","","Turnover","","Cheatham, Jr., Kwan; Ivey, Jimond; Jackson, Antino; Johnson, Isaiah; Williams, Josh","0:41"
"12/03/2016","7:01 pm","2nd Half","19:07","30-37","Creighton","Foster, Marcus","missed","Three Point Jumper","18","Foster, Marcus; Huff, Cole; Patton, Justin; Thomas, Khyri; Watson Jr., Maurice","0:53"
"12/03/2016","7:01 pm","2nd Half","19:07","30-37","Creighton","Thomas, Khyri","","Offensive Rebound","","Foster, Marcus; Huff, Cole; Patton, Justin; Thomas, Khyri; Watson Jr., Maurice","0:53"
"12/03/2016","7:01 pm","2nd Half","19:04","30-37","Akron","Williams, Josh","","Commits Foul","27","Cheatham, Jr., Kwan; Ivey, Jimond; Jackson, Antino; Johnson, Isaiah; Williams, Josh","0:56"
"12/03/2016","7:01 pm","2nd Half","18:56","30-37","Creighton","Patton, Justin","","Turnover","","Foster, Marcus; Huff, Cole; Patton, Justin; Thomas, Khyri; Watson Jr., Maurice","1:04"
"12/03/2016","7:01 pm","2nd Half","18:55","30-37","Akron","Ivey, Jimond","","Steal","","Cheatham, Jr., Kwan; Ivey, Jimond; Jackson, Antino; Johnson, Isaiah; Williams, Josh","1:05"
"12/03/2016","7:01 pm","2nd Half","18:53","32-37","Akron","Ivey, Jimond","made","Layup","27","Cheatham, Jr., Kwan; Ivey, Jimond; Jackson, Antino; Johnson, Isaiah; Williams, Josh","1:07"
"12/03/2016","7:01 pm","2nd Half","18:33","32-37","Creighton","Foster, Marcus","missed","Three Point Jumper","10","Foster, Marcus; Huff, Cole; Patton, Justin; Thomas, Khyri; Watson Jr., Maurice","1:27"
"12/03/2016","7:01 pm","2nd Half","18:33","32-37","Creighton","Patton, Justin","","Offensive Rebound","","Foster, Marcus; Huff, Cole; Patton, Justin; Thomas, Khyri; Watson Jr., Maurice","1:27"
"12/03/2016","7:01 pm","2nd Half","18:28","32-37","Creighton","Patton, Justin","missed","Two Point Jumper","25","Foster, Marcus; Huff, Cole; Patton, Justin; Thomas, Khyri; Watson Jr., Maurice","1:32"
"12/03/2016","7:01 pm","2nd Half","18:28","32-37","Akron","Ivey, Jimond","","Defensive Rebound","","Cheatham, Jr., Kwan; Ivey, Jimond; Jackson, Antino; Johnson, Isaiah; Williams, Josh","1:32"
"12/03/2016","7:01 pm","2nd Half","17:58","32-37","Akron","Jackson, Antino","missed","Three Point Jumper","0","Cheatham, Jr., Kwan; Ivey, Jimond; Jackson, Antino; Johnson, Isaiah; Williams, Josh","2:02"
"12/03/2016","7:01 pm","2nd Half","17:58","32-37","Akron","Williams, Josh","","Offensive Rebound","","Cheatham, Jr., Kwan; Ivey, Jimond; Jackson, Antino; Johnson, Isaiah; Williams, Josh","2:02"
"12/03/2016","7:01 pm","2nd Half","17:48","32-37","Akron","Williams, Josh","","Turnover","","Cheatham, Jr., Kwan; Ivey, Jimond; Jackson, Antino; Johnson, Isaiah; Williams, Josh","2:12"
"12/03/2016","7:01 pm","2nd Half","17:47","32-37","Creighton","Watson Jr., Maurice","","Steal","","Foster, Marcus; Huff, Cole; Patton, Justin; Thomas, Khyri; Watson Jr., Maurice","2:13"
"12/03/2016","7:01 pm","2nd Half","17:44","32-37","Creighton","Thomas, Khyri","","Turnover","","Foster, Marcus; Huff, Cole; Patton, Justin; Thomas, Khyri; Watson Jr., Maurice","2:16"
"12/03/2016","7:01 pm","2nd Half","17:43","32-37","Akron","Williams, Josh","","Steal","","Cheatham, Jr., Kwan; Ivey, Jimond; Jackson, Antino; Johnson, Isaiah; Williams, Josh","2:17"
"12/03/2016","7:01 pm","2nd Half","17:42","32-37","Akron","Williams, Josh","","Turnover","","Cheatham, Jr., Kwan; Ivey, Jimond; Jackson, Antino; Johnson, Isaiah; Williams, Josh","2:18"
"12/03/2016","7:01 pm","2nd Half","17:41","32-37","Creighton","Watson Jr., Maurice","","Steal","","Foster, Marcus; Huff, Cole; Patton, Justin; Thomas, Khyri; Watson Jr., Maurice","2:19"
"12/03/2016","7:01 pm","2nd Half","17:39","32-39","Creighton","Huff, Cole","made","Dunk","27","Foster, Marcus; Huff, Cole; Patton, Justin; Thomas, Khyri; Watson Jr., Maurice","2:21"
"12/03/2016","7:01 pm","2nd Half","17:39","32-39","Creighton","Thomas, Khyri","","Assist","","Foster, Marcus; Huff, Cole; Patton, Justin; Thomas, Khyri; Watson Jr., Maurice","2:21"
"12/03/2016","7:01 pm","2nd Half","17:09","35-39","Akron","Ivey, Jimond","made","Three Point Jumper","0","Cheatham, Jr., Kwan; Ivey, Jimond; Jackson, Antino; Johnson, Isaiah; Williams, Josh","2:51"
"12/03/2016","7:01 pm","2nd Half","17:09","35-39","Akron","Jackson, Antino","","Assist","","Cheatham, Jr., Kwan; Ivey, Jimond; Jackson, Antino; Johnson, Isaiah; Williams, Josh","2:51"
"12/03/2016","7:01 pm","2nd Half","17:00","35-41","Creighton","Foster, Marcus","made","Dunk","21","Foster, Marcus; Huff, Cole; Patton, Justin; Thomas, Khyri; Watson Jr., Maurice","3:00"
"12/03/2016","7:01 pm","2nd Half","17:00","35-41","Creighton","Watson Jr., Maurice","","Assist","","Foster, Marcus; Huff, Cole; Patton, Justin; Thomas, Khyri; Watson Jr., Maurice","3:00"
"12/03/2016","7:01 pm","2nd Half","16:37","35-41","Akron","Jackson, Antino","missed","Layup","7","Cheatham, Jr., Kwan; Ivey, Jimond; Jackson, Antino; Johnson, Isaiah; Williams, Josh","3:23"
"12/03/2016","7:01 pm","2nd Half","16:37","35-41","Creighton","Patton, Justin","","Blocked Shot","","Foster, Marcus; Huff, Cole; Patton, Justin; Thomas, Khyri; Watson Jr., Maurice","3:23"
"12/03/2016","7:01 pm","2nd Half","16:36","35-41","Akron","Team","","Offensive Rebound","","Cheatham, Jr., Kwan; Ivey, Jimond; Jackson, Antino; Johnson, Isaiah; Williams, Josh","3:24"
"12/03/2016","7:01 pm","2nd Half","16:30","35-41","Akron","Johnson, Isaiah","missed","Layup","23","Cheatham, Jr., Kwan; Ivey, Jimond; Jackson, Antino; Johnson, Isaiah; Williams, Josh","3:30"
"12/03/2016","7:01 pm","2nd Half","16:30","35-41","Creighton","Huff, Cole","","Defensive Rebound","","Foster, Marcus; Huff, Cole; Patton, Justin; Thomas, Khyri; Watson Jr., Maurice","3:30"
"12/03/2016","7:01 pm","2nd Half","16:21","35-41","Creighton","Watson Jr., Maurice","missed","Two Point Jumper","21","Foster, Marcus; Huff, Cole; Patton, Justin; Thomas, Khyri; Watson Jr., Maurice","3:39"
"12/03/2016","7:01 pm","2nd Half","16:21","35-41","Akron","Johnson, Isaiah","","Defensive Rebound","","Cheatham, Jr., Kwan; Ivey, Jimond; Jackson, Antino; Johnson, Isaiah; Williams, Josh","3:39"
"12/03/2016","7:01 pm","2nd Half","16:15","38-41","Akron","Williams, Josh","made","Three Point Jumper","24","Cheatham, Jr., Kwan; Ivey, Jimond; Jackson, Antino; Johnson, Isaiah; Williams, Josh","3:45"
"12/03/2016","7:01 pm","2nd Half","16:15","38-41","Akron","Johnson, Isaiah","","Assist","","Cheatham, Jr., Kwan; Ivey, Jimond; Jackson, Antino; Johnson, Isaiah; Williams, Josh","3:45"
"12/03/2016","7:01 pm","2nd Half","15:59","38-43","Creighton","Foster, Marcus","made","Layup","14","Foster, Marcus; Huff, Cole; Patton, Justin; Thomas, Khyri; Watson Jr., Maurice","4:01"
"12/03/2016","7:01 pm","2nd Half","15:39","38-43","Akron","Williams, Josh","missed","Three Point Jumper","10","Cheatham, Jr., Kwan; Ivey, Jimond; Jackson, Antino; Johnson, Isaiah; Williams, Josh","4:21"
"12/03/2016","7:01 pm","2nd Half","15:39","38-43","Creighton","Huff, Cole","","Defensive Rebound","","Foster, Marcus; Huff, Cole; Patton, Justin; Thomas, Khyri; Watson Jr., Maurice","4:21"
"12/03/2016","7:01 pm","2nd Half","15:31","38-43","Creighton","Huff, Cole","missed","Three Point Jumper","22","Foster, Marcus; Huff, Cole; Patton, Justin; Thomas, Khyri; Watson Jr., Maurice","4:29"
"12/03/2016","7:01 pm","2nd Half","15:31","38-43","Creighton","Patton, Justin","","Offensive Rebound","","Foster, Marcus; Huff, Cole; Patton, Justin; Thomas, Khyri; Watson Jr., Maurice","4:29"
"12/03/2016","7:01 pm","2nd Half","15:15","38-46","Creighton","Huff, Cole","made","Three Point Jumper","14","Foster, Marcus; Huff, Cole; Patton, Justin; Thomas, Khyri; Watson Jr., Maurice","4:45"
"12/03/2016","7:01 pm","2nd Half","15:15","38-46","Creighton","Watson Jr., Maurice","","Assist","","Foster, Marcus; Huff, Cole; Patton, Justin; Thomas, Khyri; Watson Jr., Maurice","4:45"
"12/03/2016","7:01 pm","2nd Half","14:41","41-46","Akron","Cheatham, Jr., Kwan","made","Three Point Jumper","0","Cheatham, Jr., Kwan; Ivey, Jimond; Jackson, Antino; Johnson, Isaiah; Williams, Josh","5:19"
"12/03/2016","7:01 pm","2nd Half","14:41","41-46","Akron","Ivey, Jimond","","Assist","","Cheatham, Jr., Kwan; Ivey, Jimond; Jackson, Antino; Johnson, Isaiah; Williams, Josh","5:19"
"12/03/2016","7:01 pm","2nd Half","14:27","41-49","Creighton","Huff, Cole","made","Three Point Jumper","16","Foster, Marcus; Huff, Cole; Patton, Justin; Thomas, Khyri; Watson Jr., Maurice","5:33"
"12/03/2016","7:01 pm","2nd Half","14:27","41-49","Creighton","Watson Jr., Maurice","","Assist","","Foster, Marcus; Huff, Cole; Patton, Justin; Thomas, Khyri; Watson Jr., Maurice","5:33"
"12/03/2016","7:01 pm","2nd Half","14:03","41-49","Akron","Cheatham, Jr., Kwan","missed","Three Point Jumper","6","Cheatham, Jr., Kwan; Ivey, Jimond; Jackson, Antino; Johnson, Isaiah; Williams, Josh","5:57"
"12/03/2016","7:01 pm","2nd Half","14:03","41-49","Creighton","Patton, Justin","","Defensive Rebound","","Foster, Marcus; Huff, Cole; Patton, Justin; Thomas, Khyri; Watson Jr., Maurice","5:57"
"12/03/2016","7:01 pm","2nd Half","13:59","41-49","Akron","Johnson, Isaiah","","Commits Foul","26","Cheatham, Jr., Kwan; Ivey, Jimond; Jackson, Antino; Johnson, Isaiah; Williams, Josh","6:01"
"12/03/2016","7:01 pm","2nd Half","13:59","41-49","Creighton","Team","","Timeout","","Foster, Marcus; Huff, Cole; Patton, Justin; Thomas, Khyri; Watson Jr., Maurice","6:01"
"12/03/2016","7:01 pm","2nd Half","13:59","41-49","Akron","Olojakpoke, Emmanuel","","Enters Game","","Cheatham, Jr., Kwan; Ivey, Jimond; Jackson, Antino; Johnson, Isaiah; Olojakpoke, Emmanuel; Williams, Josh","0:00"
"12/03/2016","7:01 pm","2nd Half","13:59","41-49","Akron","Jackson, Aaron","","Enters Game","","Cheatham, Jr., Kwan; Ivey, Jimond; Jackson, Aaron; Jackson, Antino; Johnson, Isaiah; Olojakpoke, Emmanuel; Williams, Josh","0:00"
"12/03/2016","7:01 pm","2nd Half","13:59","41-49","Akron","Williams, Josh","","Leaves Game","","Cheatham, Jr., Kwan; Ivey, Jimond; Jackson, Aaron; Jackson, Antino; Johnson, Isaiah; Olojakpoke, Emmanuel","0:00"
"12/03/2016","7:01 pm","2nd Half","13:59","41-49","Akron","Johnson, Isaiah","","Leaves Game","","Cheatham, Jr., Kwan; Ivey, Jimond; Jackson, Aaron; Jackson, Antino; Olojakpoke, Emmanuel","0:00"
"12/03/2016","7:01 pm","2nd Half","13:45","41-51","Creighton","Patton, Justin","made","Dunk","16","Foster, Marcus; Huff, Cole; Patton, Justin; Thomas, Khyri; Watson Jr., Maurice","6:15"
"12/03/2016","7:01 pm","2nd Half","13:45","41-51","Creighton","Thomas, Khyri","","Assist","","Foster, Marcus; Huff, Cole; Patton, Justin; Thomas, Khyri; Watson Jr., Maurice","6:15"
"12/03/2016","7:01 pm","2nd Half","13:45","41-51","Akron","Olojakpoke, Emmanuel","","Commits Foul","","Cheatham, Jr., Kwan; Ivey, Jimond; Jackson, Aaron; Jackson, Antino; Olojakpoke, Emmanuel","0:14"
"12/03/2016","7:01 pm","2nd Half","13:45","41-51","Creighton","Patton, Justin","missed","Free Throw","","Foster, Marcus; Huff, Cole; Patton, Justin; Thomas, Khyri; Watson Jr., Maurice","6:15"
"12/03/2016","7:01 pm","2nd Half","13:45","41-51","Akron","Jackson, Antino","","Defensive Rebound","","Cheatham, Jr., Kwan; Ivey, Jimond; Jackson, Aaron; Jackson, Antino; Olojakpoke, Emmanuel","0:14"
"12/03/2016","7:01 pm","2nd Half","13:30","41-51","Akron","Cheatham, Jr., Kwan","missed","Three Point Jumper","15","Cheatham, Jr., Kwan; Ivey, Jimond; Jackson, Aaron; Jackson, Antino; Olojakpoke, Emmanuel","0:29"
"12/03/2016","7:01 pm","2nd Half","13:29","41-51","Creighton","Foster, Marcus","","Defensive Rebound","","Foster, Marcus; Huff, Cole; Patton, Justin; Thomas, Khyri; Watson Jr., Maurice","6:31"
"12/03/2016","7:01 pm","2nd Half","13:20","41-54","Creighton","Watson Jr., Maurice","made","Three Point Jumper","20","Foster, Marcus; Huff, Cole; Patton, Justin; Thomas, Khyri; Watson Jr., Maurice","6:40"
"12/03/2016","7:01 pm","2nd Half","13:19","41-54","Creighton","Foster, Marcus","","Assist","","Foster, Marcus; Huff, Cole; Patton, Justin; Thomas, Khyri; Watson Jr., Maurice","6:41"
"12/03/2016","7:01 pm","2nd Half","12:30","41-54","Akron","Jackson, Antino","","Turnover","","Cheatham, Jr., Kwan; Ivey, Jimond; Jackson, Aaron; Jackson, Antino; Olojakpoke, Emmanuel","1:29"
"12/03/2016","7:01 pm","2nd Half","12:29","41-54","Creighton","Patton, Justin","","Steal","","Foster, Marcus; Huff, Cole; Patton, Justin; Thomas, Khyri; Watson Jr., Maurice","7:31"
"12/03/2016","7:01 pm","2nd Half","12:25","41-56","Creighton","Foster, Marcus","made","Dunk","25","Foster, Marcus; Huff, Cole; Patton, Justin; Thomas, Khyri; Watson Jr., Maurice","7:35"
"12/03/2016","7:01 pm","2nd Half","12:23","41-56","Creighton","Patton, Justin","","Assist","","Foster, Marcus; Huff, Cole; Patton, Justin; Thomas, Khyri; Watson Jr., Maurice","7:37"
"12/03/2016","7:01 pm","2nd Half","12:21","41-56","Akron","Team","","Second Timeout","","Cheatham, Jr., Kwan; Ivey, Jimond; Jackson, Aaron; Jackson, Antino; Olojakpoke, Emmanuel","1:38"
"12/03/2016","7:01 pm","2nd Half","12:08","41-56","Akron","Jackson, Antino","missed","Three Point Jumper","13","Cheatham, Jr., Kwan; Ivey, Jimond; Jackson, Aaron; Jackson, Antino; Olojakpoke, Emmanuel","1:51"
"12/03/2016","7:01 pm","2nd Half","12:08","41-56","Akron","Olojakpoke, Emmanuel","","Offensive Rebound","","Cheatham, Jr., Kwan; Ivey, Jimond; Jackson, Aaron; Jackson, Antino; Olojakpoke, Emmanuel","1:51"
"12/03/2016","7:01 pm","2nd Half","12:03","41-56","Akron","Olojakpoke, Emmanuel","missed","Layup","25","Cheatham, Jr., Kwan; Ivey, Jimond; Jackson, Aaron; Jackson, Antino; Olojakpoke, Emmanuel","1:56"
"12/03/2016","7:01 pm","2nd Half","12:03","41-56","Creighton","Huff, Cole","","Defensive Rebound","","Foster, Marcus; Huff, Cole; Patton, Justin; Thomas, Khyri; Watson Jr., Maurice","7:57"
"12/03/2016","7:01 pm","2nd Half","11:56","41-58","Creighton","Patton, Justin","made","Layup","23","Foster, Marcus; Huff, Cole; Patton, Justin; Thomas, Khyri; Watson Jr., Maurice","8:04"
"12/03/2016","7:01 pm","2nd Half","11:56","41-58","Creighton","Foster, Marcus","","Assist","","Foster, Marcus; Huff, Cole; Patton, Justin; Thomas, Khyri; Watson Jr., Maurice","8:04"
"12/03/2016","7:01 pm","2nd Half","11:28","41-58","Akron","Jackson, Antino","missed","Two Point Jumper","2","Cheatham, Jr., Kwan; Ivey, Jimond; Jackson, Aaron; Jackson, Antino; Olojakpoke, Emmanuel","2:31"
"12/03/2016","7:01 pm","2nd Half","11:28","41-58","Akron","Olojakpoke, Emmanuel","","Offensive Rebound","","Cheatham, Jr., Kwan; Ivey, Jimond; Jackson, Aaron; Jackson, Antino; Olojakpoke, Emmanuel","2:31"
"12/03/2016","7:01 pm","2nd Half","11:18","41-58","Akron","Team","","Turnover","","Cheatham, Jr., Kwan; Ivey, Jimond; Jackson, Aaron; Jackson, Antino; Olojakpoke, Emmanuel","2:41"
"12/03/2016","7:01 pm","2nd Half","11:18","41-58","Creighton","Team","","Timeout","","Foster, Marcus; Huff, Cole; Patton, Justin; Thomas, Khyri; Watson Jr., Maurice","8:42"
"12/03/2016","7:01 pm","2nd Half","11:18","41-58","Akron","Dunn-Martin, Tavian","","Enters Game","","Cheatham, Jr., Kwan; Dunn-Martin, Tavian; Ivey, Jimond; Jackson, Aaron; Jackson, Antino; Olojakpoke, Emmanuel","0:00"
"12/03/2016","7:01 pm","2nd Half","11:18","41-58","Akron","Johnson, Isaiah","","Enters Game","","Cheatham, Jr., Kwan; Dunn-Martin, Tavian; Ivey, Jimond; Jackson, Aaron; Jackson, Antino; Johnson, Isaiah; Olojakpoke, Emmanuel","0:00"
"12/03/2016","7:01 pm","2nd Half","11:18","41-58","Akron","Williams, Josh","","Enters Game","","Cheatham, Jr., Kwan; Dunn-Martin, Tavian; Ivey, Jimond; Jackson, Aaron; Jackson, Antino; Johnson, Isaiah; Olojakpoke, Emmanuel; Williams, Josh","0:00"
"12/03/2016","7:01 pm","2nd Half","11:18","41-58","Akron","Olojakpoke, Emmanuel","","Leaves Game","","Cheatham, Jr., Kwan; Dunn-Martin, Tavian; Ivey, Jimond; Jackson, Aaron; Jackson, Antino; Johnson, Isaiah; Williams, Josh","0:00"
"12/03/2016","7:01 pm","2nd Half","11:18","41-58","Akron","Jackson, Aaron","","Leaves Game","","Cheatham, Jr., Kwan; Dunn-Martin, Tavian; Ivey, Jimond; Jackson, Antino; Johnson, Isaiah; Williams, Josh","0:00"
"12/03/2016","7:01 pm","2nd Half","11:18","41-58","Akron","Jackson, Antino","","Leaves Game","","Cheatham, Jr., Kwan; Dunn-Martin, Tavian; Ivey, Jimond; Johnson, Isaiah; Williams, Josh","0:00"
"12/03/2016","7:01 pm","2nd Half","11:06","41-60","Creighton","Patton, Justin","made","Layup","18","Foster, Marcus; Huff, Cole; Patton, Justin; Thomas, Khyri; Watson Jr., Maurice","8:54"
"12/03/2016","7:01 pm","2nd Half","11:06","41-60","Creighton","Thomas, Khyri","","Assist","","Foster, Marcus; Huff, Cole; Patton, Justin; Thomas, Khyri; Watson Jr., Maurice","8:54"
"12/03/2016","7:01 pm","2nd Half","10:49","44-60","Akron","Cheatham, Jr., Kwan","made","Three Point Jumper","13","Cheatham, Jr., Kwan; Dunn-Martin, Tavian; Ivey, Jimond; Johnson, Isaiah; Williams, Josh","0:29"
"12/03/2016","7:01 pm","2nd Half","10:49","44-60","Akron","Johnson, Isaiah","","Assist","","Cheatham, Jr., Kwan; Dunn-Martin, Tavian; Ivey, Jimond; Johnson, Isaiah; Williams, Josh","0:29"
"12/03/2016","7:01 pm","2nd Half","10:39","44-62","Creighton","Watson Jr., Maurice","made","Two Point Jumper","20","Foster, Marcus; Huff, Cole; Patton, Justin; Thomas, Khyri; Watson Jr., Maurice","9:21"
"12/03/2016","7:01 pm","2nd Half","10:19","44-62","Akron","Ivey, Jimond","missed","Three Point Jumper","10","Cheatham, Jr., Kwan; Dunn-Martin, Tavian; Ivey, Jimond; Johnson, Isaiah; Williams, Josh","0:59"
"12/03/2016","7:01 pm","2nd Half","10:19","44-62","Creighton","Patton, Justin","","Defensive Rebound","","Foster, Marcus; Huff, Cole; Patton, Justin; Thomas, Khyri; Watson Jr., Maurice","9:41"
"12/03/2016","7:01 pm","2nd Half","10:07","44-62","Creighton","Foster, Marcus","missed","Two Point Jumper","18","Foster, Marcus; Huff, Cole; Patton, Justin; Thomas, Khyri; Watson Jr., Maurice","9:53"
"12/03/2016","7:01 pm","2nd Half","10:07","44-62","Akron","Cheatham, Jr., Kwan","","Defensive Rebound","","Cheatham, Jr., Kwan; Dunn-Martin, Tavian; Ivey, Jimond; Johnson, Isaiah; Williams, Josh","1:11"
"12/03/2016","7:01 pm","2nd Half","09:52","44-62","Akron","Johnson, Isaiah","","Turnover","","Cheatham, Jr., Kwan; Dunn-Martin, Tavian; Ivey, Jimond; Johnson, Isaiah; Williams, Josh","1:26"
"12/03/2016","7:01 pm","2nd Half","09:52","44-62","Creighton","Hegner, Toby","","Enters Game","","Foster, Marcus; Hegner, Toby; Huff, Cole; Patton, Justin; Thomas, Khyri; Watson Jr., Maurice","0:00"
"12/03/2016","7:01 pm","2nd Half","09:52","44-62","Creighton","Zierden, Isaiah","","Enters Game","","Foster, Marcus; Hegner, Toby; Huff, Cole; Patton, Justin; Thomas, Khyri; Watson Jr., Maurice; Zierden, Isaiah","0:00"
"12/03/2016","7:01 pm","2nd Half","09:52","44-62","Creighton","Thomas, Khyri","","Leaves Game","","Foster, Marcus; Hegner, Toby; Huff, Cole; Patton, Justin; Watson Jr., Maurice; Zierden, Isaiah","0:00"
"12/03/2016","7:01 pm","2nd Half","09:52","44-62","Creighton","Huff, Cole","","Leaves Game","","Foster, Marcus; Hegner, Toby; Patton, Justin; Watson Jr., Maurice; Zierden, Isaiah","0:00"
"12/03/2016","7:01 pm","2nd Half","09:37","44-62","Creighton","Zierden, Isaiah","missed","Three Point Jumper","15","Foster, Marcus; Hegner, Toby; Patton, Justin; Watson Jr., Maurice; Zierden, Isaiah","0:15"
"12/03/2016","7:01 pm","2nd Half","09:37","44-62","Akron","Dunn-Martin, Tavian","","Defensive Rebound","","Cheatham, Jr., Kwan; Dunn-Martin, Tavian; Ivey, Jimond; Johnson, Isaiah; Williams, Josh","1:41"
"12/03/2016","7:01 pm","2nd Half","09:09","47-62","Akron","Cheatham, Jr., Kwan","made","Three Point Jumper","2","Cheatham, Jr., Kwan; Dunn-Martin, Tavian; Ivey, Jimond; Johnson, Isaiah; Williams, Josh","2:09"
"12/03/2016","7:01 pm","2nd Half","09:09","47-62","Akron","Dunn-Martin, Tavian","","Assist","","Cheatham, Jr., Kwan; Dunn-Martin, Tavian; Ivey, Jimond; Johnson, Isaiah; Williams, Josh","2:09"
"12/03/2016","7:01 pm","2nd Half","09:00","47-62","Akron","Dunn-Martin, Tavian","","Commits Foul","21","Cheatham, Jr., Kwan; Dunn-Martin, Tavian; Ivey, Jimond; Johnson, Isaiah; Williams, Josh","2:18"
"12/03/2016","7:01 pm","2nd Half","08:53","47-64","Creighton","Patton, Justin","made","Dunk","23","Foster, Marcus; Hegner, Toby; Patton, Justin; Watson Jr., Maurice; Zierden, Isaiah","0:59"
"12/03/2016","7:01 pm","2nd Half","08:53","47-64","Creighton","Watson Jr., Maurice","","Assist","","Foster, Marcus; Hegner, Toby; Patton, Justin; Watson Jr., Maurice; Zierden, Isaiah","0:59"
"12/03/2016","7:01 pm","2nd Half","08:28","47-64","Creighton","Hegner, Toby","","Commits Foul","5","Foster, Marcus; Hegner, Toby; Patton, Justin; Watson Jr., Maurice; Zierden, Isaiah","1:24"
"12/03/2016","7:01 pm","2nd Half","08:28","48-64","Akron","Johnson, Isaiah","made","Free Throw","","Cheatham, Jr., Kwan; Dunn-Martin, Tavian; Ivey, Jimond; Johnson, Isaiah; Williams, Josh","2:50"
"12/03/2016","7:01 pm","2nd Half","08:28","49-64","Akron","Johnson, Isaiah","made","Free Throw","","Cheatham, Jr., Kwan; Dunn-Martin, Tavian; Ivey, Jimond; Johnson, Isaiah; Williams, Josh","2:50"
"12/03/2016","7:01 pm","2nd Half","08:28","49-64","Creighton","Thomas, Khyri","","Enters Game","","Foster, Marcus; Hegner, Toby; Patton, Justin; Thomas, Khyri; Watson Jr., Maurice; Zierden, Isaiah","0:00"
"12/03/2016","7:01 pm","2nd Half","08:28","49-64","Creighton","Clement, Tyler","","Enters Game","","Clement, Tyler; Foster, Marcus; Hegner, Toby; Patton, Justin; Thomas, Khyri; Watson Jr., Maurice; Zierden, Isaiah","0:00"
"12/03/2016","7:01 pm","2nd Half","08:28","49-64","Creighton","Foster, Marcus","","Leaves Game","","Clement, Tyler; Hegner, Toby; Patton, Justin; Thomas, Khyri; Watson Jr., Maurice; Zierden, Isaiah","0:00"
"12/03/2016","7:01 pm","2nd Half","08:28","49-64","Creighton","Watson Jr., Maurice","","Leaves Game","","Clement, Tyler; Hegner, Toby; Patton, Justin; Thomas, Khyri; Zierden, Isaiah","0:00"
"12/03/2016","7:01 pm","2nd Half","08:15","49-64","Creighton","Patton, Justin","missed","Two Point Jumper","17","Clement, Tyler; Hegner, Toby; Patton, Justin; Thomas, Khyri; Zierden, Isaiah","0:13"
"12/03/2016","7:01 pm","2nd Half","08:15","49-64","Akron","Dunn-Martin, Tavian","","Defensive Rebound","","Cheatham, Jr., Kwan; Dunn-Martin, Tavian; Ivey, Jimond; Johnson, Isaiah; Williams, Josh","3:03"
"12/03/2016","7:01 pm","2nd Half","07:57","51-64","Akron","Ivey, Jimond","made","Two Point Jumper","12","Cheatham, Jr., Kwan; Dunn-Martin, Tavian; Ivey, Jimond; Johnson, Isaiah; Williams, Josh","3:21"
"12/03/2016","7:01 pm","2nd Half","07:35","51-64","Akron","Cheatham, Jr., Kwan","","Commits Foul","8","Cheatham, Jr., Kwan; Dunn-Martin, Tavian; Ivey, Jimond; Johnson, Isaiah; Williams, Josh","3:43"
"12/03/2016","7:01 pm","2nd Half","07:35","51-64","Creighton","Team","","Timeout","","Clement, Tyler; Hegner, Toby; Patton, Justin; Thomas, Khyri; Zierden, Isaiah","0:53"
"12/03/2016","7:01 pm","2nd Half","07:35","51-64","Akron","Jackson, Antino","","Enters Game","","Cheatham, Jr., Kwan; Dunn-Martin, Tavian; Ivey, Jimond; Jackson, Antino; Johnson, Isaiah; Williams, Josh","0:00"
"12/03/2016","7:01 pm","2nd Half","07:35","51-64","Akron","Hughes, Michael","","Enters Game","","Cheatham, Jr., Kwan; Dunn-Martin, Tavian; Hughes, Michael; Ivey, Jimond; Jackson, Antino; Johnson, Isaiah; Williams, Josh","0:00"
"12/03/2016","7:01 pm","2nd Half","07:35","51-64","Akron","Johnson, Isaiah","","Leaves Game","","Cheatham, Jr., Kwan; Dunn-Martin, Tavian; Hughes, Michael; Ivey, Jimond; Jackson, Antino; Williams, Josh","0:00"
"12/03/2016","7:01 pm","2nd Half","07:35","51-64","Akron","Williams, Josh","","Leaves Game","","Cheatham, Jr., Kwan; Dunn-Martin, Tavian; Hughes, Michael; Ivey, Jimond; Jackson, Antino","0:00"
"12/03/2016","7:01 pm","2nd Half","07:35","51-64","Creighton","Watson Jr., Maurice","","Enters Game","","Clement, Tyler; Hegner, Toby; Patton, Justin; Thomas, Khyri; Watson Jr., Maurice; Zierden, Isaiah","0:00"
"12/03/2016","7:01 pm","2nd Half","07:35","51-64","Creighton","Clement, Tyler","","Leaves Game","","Hegner, Toby; Patton, Justin; Thomas, Khyri; Watson Jr., Maurice; Zierden, Isaiah","0:00"
"12/03/2016","7:01 pm","2nd Half","07:25","51-66","Creighton","Watson Jr., Maurice","made","Two Point Jumper","20","Hegner, Toby; Patton, Justin; Thomas, Khyri; Watson Jr., Maurice; Zierden, Isaiah","0:10"
"12/03/2016","7:01 pm","2nd Half","06:54","53-66","Akron","Dunn-Martin, Tavian","made","Two Point Jumper","0","Cheatham, Jr., Kwan; Dunn-Martin, Tavian; Hughes, Michael; Ivey, Jimond; Jackson, Antino","0:41"
"12/03/2016","7:01 pm","2nd Half","06:44","53-68","Creighton","Thomas, Khyri","made","Layup","20","Hegner, Toby; Patton, Justin; Thomas, Khyri; Watson Jr., Maurice; Zierden, Isaiah","0:51"
"12/03/2016","7:01 pm","2nd Half","06:44","53-68","Creighton","Patton, Justin","","Assist","","Hegner, Toby; Patton, Justin; Thomas, Khyri; Watson Jr., Maurice; Zierden, Isaiah","0:51"
"12/03/2016","7:01 pm","2nd Half","06:44","53-68","Akron","Ivey, Jimond","","Commits Foul","","Cheatham, Jr., Kwan; Dunn-Martin, Tavian; Hughes, Michael; Ivey, Jimond; Jackson, Antino","0:51"
"12/03/2016","7:01 pm","2nd Half","06:44","53-68","Creighton","Thomas, Khyri","","Assist","","Hegner, Toby; Patton, Justin; Thomas, Khyri; Watson Jr., Maurice; Zierden, Isaiah","0:51"
"12/03/2016","7:01 pm","2nd Half","06:44","53-69","Creighton","Thomas, Khyri","made","Free Throw","","Hegner, Toby; Patton, Justin; Thomas, Khyri; Watson Jr., Maurice; Zierden, Isaiah","0:51"
"12/03/2016","7:01 pm","2nd Half","06:44","53-69","Akron","Johnson, Isaiah","","Enters Game","","Cheatham, Jr., Kwan; Dunn-Martin, Tavian; Hughes, Michael; Ivey, Jimond; Jackson, Antino; Johnson, Isaiah","0:00"
"12/03/2016","7:01 pm","2nd Half","06:44","53-69","Akron","Hughes, Michael","","Leaves Game","","Cheatham, Jr., Kwan; Dunn-Martin, Tavian; Ivey, Jimond; Jackson, Antino; Johnson, Isaiah","0:00"
"12/03/2016","7:01 pm","2nd Half","06:44","53-69","Creighton","Foster, Marcus","","Enters Game","","Foster, Marcus; Hegner, Toby; Patton, Justin; Thomas, Khyri; Watson Jr., Maurice; Zierden, Isaiah","0:00"
"12/03/2016","7:01 pm","2nd Half","06:44","53-69","Creighton","Zierden, Isaiah","","Leaves Game","","Foster, Marcus; Hegner, Toby; Patton, Justin; Thomas, Khyri; Watson Jr., Maurice","0:00"
"12/03/2016","7:01 pm","2nd Half","06:25","55-69","Akron","Johnson, Isaiah","made","Two Point Jumper","11","Cheatham, Jr., Kwan; Dunn-Martin, Tavian; Ivey, Jimond; Jackson, Antino; Johnson, Isaiah","0:19"
"12/03/2016","7:01 pm","2nd Half","06:25","55-69","Akron","Jackson, Antino","","Assist","","Cheatham, Jr., Kwan; Dunn-Martin, Tavian; Ivey, Jimond; Jackson, Antino; Johnson, Isaiah","0:19"
"12/03/2016","7:01 pm","2nd Half","06:18","55-71","Creighton","Watson Jr., Maurice","made","Two Point Jumper","23","Foster, Marcus; Hegner, Toby; Patton, Justin; Thomas, Khyri; Watson Jr., Maurice","0:26"
"12/03/2016","7:01 pm","2nd Half","05:56","58-71","Akron","Jackson, Antino","made","Three Point Jumper","8","Cheatham, Jr., Kwan; Dunn-Martin, Tavian; Ivey, Jimond; Jackson, Antino; Johnson, Isaiah","0:48"
"12/03/2016","7:01 pm","2nd Half","05:56","58-71","Akron","Dunn-Martin, Tavian","","Assist","","Cheatham, Jr., Kwan; Dunn-Martin, Tavian; Ivey, Jimond; Jackson, Antino; Johnson, Isaiah","0:48"
"12/03/2016","7:01 pm","2nd Half","05:40","58-71","Creighton","Hegner, Toby","missed","Three Point Jumper","14","Foster, Marcus; Hegner, Toby; Patton, Justin; Thomas, Khyri; Watson Jr., Maurice","1:04"
"12/03/2016","7:01 pm","2nd Half","05:40","58-71","Akron","Ivey, Jimond","","Defensive Rebound","","Cheatham, Jr., Kwan; Dunn-Martin, Tavian; Ivey, Jimond; Jackson, Antino; Johnson, Isaiah","1:04"
"12/03/2016","7:01 pm","2nd Half","05:29","58-71","Creighton","Hegner, Toby","","Commits Foul","19","Foster, Marcus; Hegner, Toby; Patton, Justin; Thomas, Khyri; Watson Jr., Maurice","1:15"
"12/03/2016","7:01 pm","2nd Half","05:29","58-71","Creighton","Huff, Cole","","Enters Game","","Foster, Marcus; Hegner, Toby; Huff, Cole; Patton, Justin; Thomas, Khyri; Watson Jr., Maurice","0:00"
"12/03/2016","7:01 pm","2nd Half","05:29","58-71","Creighton","Hegner, Toby","","Leaves Game","","Foster, Marcus; Huff, Cole; Patton, Justin; Thomas, Khyri; Watson Jr., Maurice","10:08"
"12/03/2016","7:01 pm","2nd Half","05:18","60-71","Akron","Johnson, Isaiah","made","Layup","19","Cheatham, Jr., Kwan; Dunn-Martin, Tavian; Ivey, Jimond; Jackson, Antino; Johnson, Isaiah","1:26"
"12/03/2016","7:01 pm","2nd Half","05:18","60-71","Creighton","Patton, Justin","","Commits Foul","","Foster, Marcus; Huff, Cole; Patton, Justin; Thomas, Khyri; Watson Jr., Maurice","10:19"
"12/03/2016","7:01 pm","2nd Half","05:18","60-71","Akron","Johnson, Isaiah","missed","Free Throw","","Cheatham, Jr., Kwan; Dunn-Martin, Tavian; Ivey, Jimond; Jackson, Antino; Johnson, Isaiah","1:26"
"12/03/2016","7:01 pm","2nd Half","05:18","60-71","Creighton","Patton, Justin","","Defensive Rebound","","Foster, Marcus; Huff, Cole; Patton, Justin; Thomas, Khyri; Watson Jr., Maurice","10:19"
"12/03/2016","7:01 pm","2nd Half","05:01","60-71","Creighton","Watson Jr., Maurice","","Turnover","","Foster, Marcus; Huff, Cole; Patton, Justin; Thomas, Khyri; Watson Jr., Maurice","10:36"
"12/03/2016","7:01 pm","2nd Half","04:33","60-71","Akron","Jackson, Antino","","Turnover","","Cheatham, Jr., Kwan; Dunn-Martin, Tavian; Ivey, Jimond; Jackson, Antino; Johnson, Isaiah","2:11"
"12/03/2016","7:01 pm","2nd Half","04:21","60-71","Akron","Ivey, Jimond","","Commits Foul","18","Cheatham, Jr., Kwan; Dunn-Martin, Tavian; Ivey, Jimond; Jackson, Antino; Johnson, Isaiah","2:23"
"12/03/2016","7:01 pm","2nd Half","04:21","60-72","Creighton","Foster, Marcus","made","Free Throw","","Foster, Marcus; Huff, Cole; Patton, Justin; Thomas, Khyri; Watson Jr., Maurice","11:16"
"12/03/2016","7:01 pm","2nd Half","04:21","60-73","Creighton","Foster, Marcus","made","Free Throw","","Foster, Marcus; Huff, Cole; Patton, Justin; Thomas, Khyri; Watson Jr., Maurice","11:16"
"12/03/2016","7:01 pm","2nd Half","04:03","62-73","Akron","Johnson, Isaiah","made","Layup","12","Cheatham, Jr., Kwan; Dunn-Martin, Tavian; Ivey, Jimond; Jackson, Antino; Johnson, Isaiah","2:41"
"12/03/2016","7:01 pm","2nd Half","03:42","62-73","Creighton","Foster, Marcus","missed","Three Point Jumper","9","Foster, Marcus; Huff, Cole; Patton, Justin; Thomas, Khyri; Watson Jr., Maurice","11:55"
"12/03/2016","7:01 pm","2nd Half","03:42","62-73","Akron","Dunn-Martin, Tavian","","Defensive Rebound","","Cheatham, Jr., Kwan; Dunn-Martin, Tavian; Ivey, Jimond; Jackson, Antino; Johnson, Isaiah","3:02"
"12/03/2016","7:01 pm","2nd Half","03:27","62-73","Akron","Team","","Second Timeout","","Cheatham, Jr., Kwan; Dunn-Martin, Tavian; Ivey, Jimond; Jackson, Antino; Johnson, Isaiah","3:17"
"12/03/2016","7:01 pm","2nd Half","03:24","64-73","Akron","Johnson, Isaiah","made","Layup","12","Cheatham, Jr., Kwan; Dunn-Martin, Tavian; Ivey, Jimond; Jackson, Antino; Johnson, Isaiah","3:20"
"12/03/2016","7:01 pm","2nd Half","03:10","64-76","Creighton","Huff, Cole","made","Three Point Jumper","16","Foster, Marcus; Huff, Cole; Patton, Justin; Thomas, Khyri; Watson Jr., Maurice","12:27"
"12/03/2016","7:01 pm","2nd Half","03:10","64-76","Creighton","Watson Jr., Maurice","","Assist","","Foster, Marcus; Huff, Cole; Patton, Justin; Thomas, Khyri; Watson Jr., Maurice","12:27"
"12/03/2016","7:01 pm","2nd Half","02:44","67-76","Akron","Jackson, Antino","made","Three Point Jumper","4","Cheatham, Jr., Kwan; Dunn-Martin, Tavian; Ivey, Jimond; Jackson, Antino; Johnson, Isaiah","4:00"
"12/03/2016","7:01 pm","2nd Half","02:44","67-76","Akron","Ivey, Jimond","","Assist","","Cheatham, Jr., Kwan; Dunn-Martin, Tavian; Ivey, Jimond; Jackson, Antino; Johnson, Isaiah","4:00"
"12/03/2016","7:01 pm","2nd Half","02:32","67-76","Creighton","Huff, Cole","missed","Three Point Jumper","18","Foster, Marcus; Huff, Cole; Patton, Justin; Thomas, Khyri; Watson Jr., Maurice","13:05"
"12/03/2016","7:01 pm","2nd Half","02:32","67-76","Akron","Johnson, Isaiah","","Defensive Rebound","","Cheatham, Jr., Kwan; Dunn-Martin, Tavian; Ivey, Jimond; Jackson, Antino; Johnson, Isaiah","4:12"
"12/03/2016","7:01 pm","2nd Half","02:11","67-76","Akron","Cheatham, Jr., Kwan","","Turnover","","Cheatham, Jr., Kwan; Dunn-Martin, Tavian; Ivey, Jimond; Jackson, Antino; Johnson, Isaiah","4:33"
"12/03/2016","7:01 pm","2nd Half","02:11","67-76","Akron","Cheatham, Jr., Kwan","","Commits Foul","","Cheatham, Jr., Kwan; Dunn-Martin, Tavian; Ivey, Jimond; Jackson, Antino; Johnson, Isaiah","4:33"
"12/03/2016","7:01 pm","2nd Half","02:02","67-76","Akron","Jackson, Antino","","Commits Foul","21","Cheatham, Jr., Kwan; Dunn-Martin, Tavian; Ivey, Jimond; Jackson, Antino; Johnson, Isaiah","4:42"
"12/03/2016","7:01 pm","2nd Half","02:02","67-77","Creighton","Watson Jr., Maurice","made","Free Throw","","Foster, Marcus; Huff, Cole; Patton, Justin; Thomas, Khyri; Watson Jr., Maurice","13:35"
"12/03/2016","7:01 pm","2nd Half","02:02","67-78","Creighton","Watson Jr., Maurice","made","Free Throw","","Foster, Marcus; Huff, Cole; Patton, Justin; Thomas, Khyri; Watson Jr., Maurice","13:35"
"12/03/2016","7:01 pm","2nd Half","01:52","70-78","Akron","Dunn-Martin, Tavian","made","Three Point Jumper","20","Cheatham, Jr., Kwan; Dunn-Martin, Tavian; Ivey, Jimond; Jackson, Antino; Johnson, Isaiah","4:52"
"12/03/2016","7:01 pm","2nd Half","01:52","70-78","Akron","Johnson, Isaiah","","Assist","","Cheatham, Jr., Kwan; Dunn-Martin, Tavian; Ivey, Jimond; Jackson, Antino; Johnson, Isaiah","4:52"
"12/03/2016","7:01 pm","2nd Half","01:23","70-78","Creighton","Huff, Cole","missed","Three Point Jumper","1","Foster, Marcus; Huff, Cole; Patton, Justin; Thomas, Khyri; Watson Jr., Maurice","14:14"
"12/03/2016","7:01 pm","2nd Half","01:23","70-78","Akron","Cheatham, Jr., Kwan","","Blocked Shot","","Cheatham, Jr., Kwan; Dunn-Martin, Tavian; Ivey, Jimond; Jackson, Antino; Johnson, Isaiah","5:21"
"12/03/2016","7:01 pm","2nd Half","01:22","70-78","Creighton","Team","","Offensive Rebound","","Foster, Marcus; Huff, Cole; Patton, Justin; Thomas, Khyri; Watson Jr., Maurice","14:15"
"12/03/2016","7:01 pm","2nd Half","01:20","70-80","Creighton","Foster, Marcus","made","Two Point Jumper","27","Foster, Marcus; Huff, Cole; Patton, Justin; Thomas, Khyri; Watson Jr., Maurice","14:17"
"12/03/2016","7:01 pm","2nd Half","01:01","70-80","Akron","Jackson, Antino","missed","Three Point Jumper","11","Cheatham, Jr., Kwan; Dunn-Martin, Tavian; Ivey, Jimond; Jackson, Antino; Johnson, Isaiah","5:43"
"12/03/2016","7:01 pm","2nd Half","01:01","70-80","Creighton","Watson Jr., Maurice","","Defensive Rebound","","Foster, Marcus; Huff, Cole; Patton, Justin; Thomas, Khyri; Watson Jr., Maurice","14:36"
"12/03/2016","7:01 pm","2nd Half","00:42","70-80","Creighton","Team","","Second Timeout","","Foster, Marcus; Huff, Cole; Patton, Justin; Thomas, Khyri; Watson Jr., Maurice","14:55"
"12/03/2016","7:01 pm","2nd Half","00:42","70-82","Creighton","Thomas, Khyri","made","Layup","11","Foster, Marcus; Huff, Cole; Patton, Justin; Thomas, Khyri; Watson Jr., Maurice","14:55"
"12/03/2016","7:01 pm","2nd Half","00:42","70-82","Creighton","Watson Jr., Maurice","","Assist","","Foster, Marcus; Huff, Cole; Patton, Justin; Thomas, Khyri; Watson Jr., Maurice","14:55"
"12/03/2016","7:01 pm","2nd Half","00:31","70-82","Akron","Dunn-Martin, Tavian","","Turnover","","Cheatham, Jr., Kwan; Dunn-Martin, Tavian; Ivey, Jimond; Jackson, Antino; Johnson, Isaiah","6:13"
"12/03/2016","7:01 pm","2nd Half","00:31","70-82","Creighton","Thomas, Khyri","","Steal","","Foster, Marcus; Huff, Cole; Patton, Justin; Thomas, Khyri; Watson Jr., Maurice","15:06"
"12/03/2016","7:01 pm","2nd Half","00:17","70-82","Creighton","Watson Jr., Maurice","","Turnover","","Foster, Marcus; Huff, Cole; Patton, Justin; Thomas, Khyri; Watson Jr., Maurice","15:20"
"12/03/2016","7:01 pm","2nd Half","00:13","70-82","Akron","Jackson, Antino","missed","Two Point Jumper","26","Cheatham, Jr., Kwan; Dunn-Martin, Tavian; Ivey, Jimond; Jackson, Antino; Johnson, Isaiah","6:31"
"12/03/2016","7:01 pm","2nd Half","00:13","70-82","Creighton","Foster, Marcus","","Defensive Rebound","","Foster, Marcus; Huff, Cole; Patton, Justin; Thomas, Khyri; Watson Jr., Maurice","15:24"
