"Time","Ohio","Score","Akron"
"19:41","","0-0","JACKSON,ANTINO missed Three Point Jumper"
"19:41","SIMMONS,JAARON Defensive Rebound","0-0",""
"19:31","TAYLOR,DOUG made Layup","2-0",""
"19:31","DARTIS,JORDAN Assist","2-0",""
"19:09","","2-3","CHEATHAM,JR, KWAN made Three Point Jumper"
"19:09","","2-3","JACKSON,ANTINO Assist"
"18:39","SIMMONS,JAARON Turnover","2-3",""
"18:37","","2-3","CHEATHAM,JR, KWAN Steal"
"18:27","","2-6","JACKSON,ANTINO made Three Point Jumper"
"18:27","","2-6","ROBOTHAM,NOAH Assist"
"18:02","KAMINSKI,KENNY missed Two Point Jumper","2-6",""
"18:02","TEAM Deadball Rebound","2-6",""
"18:02","","2-6","CHEATHAM,JR, KWAN Commits Foul"
"17:46","BLOCK,GAVIN missed Layup","2-6",""
"17:46","","2-6","CHEATHAM,JR, KWAN Defensive Rebound"
"17:34","","2-9","CHEATHAM,JR, KWAN made Three Point Jumper"
"17:34","","2-9","JACKSON,ANTINO Assist"
"17:23","TEAM 30 Second Timeout","2-9",""
"17:05","","2-9","JACKSON,ANTINO Commits Foul"
"17:03","TAYLOR,DOUG missed Layup","2-9",""
"17:03","","2-9","IVEY,JIMOND Defensive Rebound"
"16:47","","2-9","CHEATHAM,JR, KWAN Turnover"
"16:31","BLOCK,GAVIN made Layup","4-9",""
"16:00","","4-11","JOHNSON,ISAIAH made Layup"
"15:43","SIMMONS,JAARON made Layup","6-11",""
"15:31","","6-11","CHEATHAM,JR, KWAN missed Three Point Jumper"
"15:31","SIMMONS,JAARON Defensive Rebound","6-11",""
"15:21","BLOCK,GAVIN made Layup","8-11",""
"15:02","","8-14","JACKSON,ANTINO made Three Point Jumper"
"15:02","","8-14","IVEY,JIMOND Assist"
"14:44","TAYLOR,DOUG missed Layup","8-14",""
"14:44","","8-14","CHEATHAM,JR, KWAN Defensive Rebound"
"14:32","","8-14","CHEATHAM,JR, KWAN missed Layup"
"14:32","","8-14","JOHNSON,ISAIAH Offensive Rebound"
"14:29","","8-14","JOHNSON,ISAIAH missed Layup"
"14:29","KAMINSKI,KENNY Defensive Rebound","8-14",""
"14:22","SIMMONS,JAARON missed Layup","8-14",""
"14:22","","8-14","CHEATHAM,JR, KWAN Defensive Rebound"
"14:17","","8-14","CHEATHAM,JR, KWAN Turnover"
"14:17","","8-14","TEAM  Timeout"
"14:17","CULVER,RODNEY Enters Game","8-14",""
"14:17","CARTER,JASON Enters Game","8-14",""
"14:17","BLOCK,GAVIN Leaves Game","8-14",""
"14:17","TAYLOR,DOUG Leaves Game","8-14",""
"14:17","","8-14","OLOJAKPOKE,EMMANUEL Enters Game"
"14:17","","8-14","WILLIAMS,JOSH Enters Game"
"14:17","","8-14","IVEY,JIMOND Leaves Game"
"14:17","","8-14","JOHNSON,ISAIAH Leaves Game"
"14:00","DARTIS,JORDAN made Three Point Jumper","11-14",""
"14:00","SIMMONS,JAARON Assist","11-14",""
"13:37","","11-16","WILLIAMS,JOSH made Layup"
"13:24","","11-16","IVEY,JIMOND Enters Game"
"13:24","","11-16","ROBOTHAM,NOAH Leaves Game"
"13:21","DARTIS,JORDAN missed Two Point Jumper","11-16",""
"13:21","CARTER,JASON Offensive Rebound","11-16",""
"13:17","CARTER,JASON missed Layup","11-16",""
"13:17","","11-16","OLOJAKPOKE,EMMANUEL Blocked Shot"
"13:17","TEAM Offensive Rebound","11-16",""
"13:02","KAMINSKI,KENNY missed Three Point Jumper","11-16",""
"13:02","","11-16","CHEATHAM,JR, KWAN Defensive Rebound"
"12:48","CARTER,JASON Commits Foul","11-16",""
"12:48","","11-17","CHEATHAM,JR, KWAN made Free Throw"
"12:48","","11-18","CHEATHAM,JR, KWAN made Free Throw"
"12:48","TAYLOR,DOUG Enters Game","11-18",""
"12:48","CARTER,JASON Leaves Game","11-18",""
"12:48","","11-18","UTOMI,DANIEL Enters Game"
"12:48","","11-18","JOHNSON,ISAIAH Enters Game"
"12:48","","11-18","OLOJAKPOKE,EMMANUEL Leaves Game"
"12:48","","11-18","CHEATHAM,JR, KWAN Leaves Game"
"12:34","SIMMONS,JAARON missed Two Point Jumper","11-18",""
"12:34","SIMMONS,JAARON Offensive Rebound","11-18",""
"12:17","TAYLOR,DOUG missed Layup","11-18",""
"12:17","","11-18","IVEY,JIMOND Defensive Rebound"
"12:00","","11-20","UTOMI,DANIEL made Layup"
"11:43","SIMMONS,JAARON made Three Point Jumper","14-20",""
"11:43","DARTIS,JORDAN Assist","14-20",""
"11:15","","14-20","IVEY,JIMOND missed Layup"
"11:15","SIMMONS,JAARON Defensive Rebound","14-20",""
"11:09","SIMMONS,JAARON made Layup","16-20",""
"10:49","","16-20","UTOMI,DANIEL missed Three Point Jumper"
"10:49","CULVER,RODNEY Defensive Rebound","16-20",""
"10:32","CULVER,RODNEY missed Layup","16-20",""
"10:32","","16-20","JOHNSON,ISAIAH Defensive Rebound"
"10:27","","16-20","TEAM Media Timeout"
"10:27","LASTER,MIKE Enters Game","16-20",""
"10:27","BLOCK,GAVIN Enters Game","16-20",""
"10:27","CARTER,JASON Enters Game","16-20",""
"10:27","KAMINSKI,KENNY Leaves Game","16-20",""
"10:27","CULVER,RODNEY Leaves Game","16-20",""
"10:27","TAYLOR,DOUG Leaves Game","16-20",""
"10:27","","16-20","ROBOTHAM,NOAH Enters Game"
"10:27","","16-20","JACKSON,ANTINO Leaves Game"
"10:14","","16-22","IVEY,JIMOND made Layup"
"09:52","CARTER,JASON missed Layup","16-22",""
"09:52","CARTER,JASON Offensive Rebound","16-22",""
"09:44","DARTIS,JORDAN made Two Point Jumper","18-22",""
"09:44","CARTER,JASON Assist","18-22",""
"09:26","","18-22","IVEY,JIMOND missed Two Point Jumper"
"09:26","BLOCK,GAVIN Defensive Rebound","18-22",""
"09:12","CARTER,JASON missed Three Point Jumper","18-22",""
"09:12","LASTER,MIKE Offensive Rebound","18-22",""
"09:07","BLOCK,GAVIN made Layup","20-22",""
"08:49","","20-22","UTOMI,DANIEL Turnover"
"08:47","CARTER,JASON Steal","20-22",""
"08:36","LASTER,MIKE made Three Point Jumper","23-22",""
"08:36","CARTER,JASON Assist","23-22",""
"08:20","","23-22","CHEATHAM,JR, KWAN Enters Game"
"08:20","","23-22","UTOMI,DANIEL Leaves Game"
"08:12","","23-24","IVEY,JIMOND made Dunk"
"08:12","","23-24","ROBOTHAM,NOAH Assist"
"08:09","","23-24","IVEY,JIMOND Commits Foul"
"08:09","","23-24","IVEY,JIMOND Commits Foul"
"08:09","DARTIS,JORDAN made Free Throw","24-24",""
"08:09","DARTIS,JORDAN made Free Throw","25-24",""
"08:01","DARTIS,JORDAN made Layup","27-24",""
"07:46","","27-24","CHEATHAM,JR, KWAN missed Three Point Jumper"
"07:46","","27-24","JOHNSON,ISAIAH Offensive Rebound"
"07:42","","27-24","TEAM Media Timeout"
"07:42","KAMINSKI,KENNY Enters Game","27-24",""
"07:42","TAYLOR,DOUG Enters Game","27-24",""
"07:42","DARTIS,JORDAN Leaves Game","27-24",""
"07:42","CARTER,JASON Leaves Game","27-24",""
"07:42","","27-24","DUNN-MARTIN,TAVIAN Enters Game"
"07:42","","27-24","JACKSON,ANTINO Enters Game"
"07:42","","27-24","WILLIAMS,JOSH Leaves Game"
"07:42","","27-24","ROBOTHAM,NOAH Leaves Game"
"07:35","","27-24","DUNN-MARTIN,TAVIAN Turnover"
"07:34","TAYLOR,DOUG Steal","27-24",""
"07:21","KAMINSKI,KENNY made Layup","29-24",""
"07:00","","29-26","CHEATHAM,JR, KWAN made Layup"
"07:00","","29-26","DUNN-MARTIN,TAVIAN Assist"
"06:45","SIMMONS,JAARON missed Layup","29-26",""
"06:45","","29-26","TEAM Deadball Rebound"
"06:45","TAYLOR,DOUG Commits Foul","29-26",""
"06:16","","29-29","JACKSON,ANTINO made Three Point Jumper"
"06:16","","29-29","IVEY,JIMOND Assist"
"05:54","TAYLOR,DOUG missed Two Point Jumper","29-29",""
"05:54","","29-29","CHEATHAM,JR, KWAN Defensive Rebound"
"05:53","LASTER,MIKE Commits Foul","29-29",""
"05:53","DARTIS,JORDAN Enters Game","29-29",""
"05:53","LASTER,MIKE Leaves Game","29-29",""
"05:35","","29-29","JOHNSON,ISAIAH missed Layup"
"05:35","","29-29","JOHNSON,ISAIAH Offensive Rebound"
"05:33","","29-29","JOHNSON,ISAIAH missed Layup"
"05:33","TAYLOR,DOUG Defensive Rebound","29-29",""
"05:14","TAYLOR,DOUG Turnover","29-29",""
"04:59","BLOCK,GAVIN Commits Foul","29-29",""
"04:59","","29-29","JOHNSON,ISAIAH missed Free Throw"
"04:59","","29-29","TEAM Deadball Rebound"
"04:59","","29-30","JOHNSON,ISAIAH made Free Throw"
"04:59","","29-30","ROBOTHAM,NOAH Enters Game"
"04:59","","29-30","DUNN-MARTIN,TAVIAN Leaves Game"
"04:43","","29-30","IVEY,JIMOND Commits Foul"
"04:43","CARTER,JASON Enters Game","29-30",""
"04:43","TAYLOR,DOUG Leaves Game","29-30",""
"04:43","","29-30","JACKSON,AARON Enters Game"
"04:43","","29-30","IVEY,JIMOND Leaves Game"
"04:40","CARTER,JASON Turnover","29-30",""
"04:17","","29-33","CHEATHAM,JR, KWAN made Three Point Jumper"
"04:17","","29-33","JACKSON,ANTINO Assist"
"03:57","SIMMONS,JAARON missed Layup","29-33",""
"03:57","","29-33","JOHNSON,ISAIAH Defensive Rebound"
"03:51","","29-33","ROBOTHAM,NOAH missed Three Point Jumper"
"03:51","CARTER,JASON Defensive Rebound","29-33",""
"03:28","","29-33","JACKSON,AARON Commits Foul"
"03:28","","29-33","TEAM Media Timeout"
"03:28","BLOCK,GAVIN missed Free Throw","29-33",""
"03:28","TEAM Deadball Rebound","29-33",""
"03:28","BLOCK,GAVIN missed Free Throw","29-33",""
"03:28","","29-33","ROBOTHAM,NOAH Defensive Rebound"
"03:11","","29-33","JACKSON,ANTINO missed Layup"
"03:11","DARTIS,JORDAN Defensive Rebound","29-33",""
"03:02","DARTIS,JORDAN missed Three Point Jumper","29-33",""
"03:02","","29-33","CHEATHAM,JR, KWAN Defensive Rebound"
"02:39","CARTER,JASON Commits Foul","29-33",""
"02:29","","29-34","JOHNSON,ISAIAH made Free Throw"
"02:21","","29-34","OLOJAKPOKE,EMMANUEL Turnover"
"02:21","LASTER,MIKE Enters Game","29-34",""
"02:21","KAMINSKI,KENNY Leaves Game","29-34",""
"02:17","","29-34","JACKSON,AARON Commits Foul"
"02:13","","29-35","JOHNSON,ISAIAH made Free Throw"
"02:13","TAYLOR,DOUG Enters Game","29-35",""
"02:13","CARTER,JASON Leaves Game","29-35",""
"02:12","","29-35","UTOMI,DANIEL Enters Game"
"02:12","","29-35","JACKSON,AARON Leaves Game"
"02:08","","29-35","ROBOTHAM,NOAH Turnover"
"01:41","BLOCK,GAVIN missed Three Point Jumper","29-35",""
"01:41","TAYLOR,DOUG Offensive Rebound","29-35",""
"01:39","SIMMONS,JAARON missed Three Point Jumper","29-35",""
"01:39","","29-35","JOHNSON,ISAIAH Defensive Rebound"
"01:32","","29-35","JOHNSON,ISAIAH Turnover"
"01:30","SIMMONS,JAARON Steal","29-35",""
"01:28","SIMMONS,JAARON made Layup","31-35",""
"01:00","","31-35","ROBOTHAM,NOAH missed Layup"
"01:00","TAYLOR,DOUG Defensive Rebound","31-35",""
"00:59","TAYLOR,DOUG made Layup","33-35",""
"00:59","SIMMONS,JAARON Assist","33-35",""
"00:27","","33-38","UTOMI,DANIEL made Three Point Jumper"
"00:27","","33-38","JOHNSON,ISAIAH Assist"
"00:01","SIMMONS,JAARON missed Layup","33-38",""
"00:01","TAYLOR,DOUG Offensive Rebound","33-38",""
"00:00","TAYLOR,DOUG made Dunk","35-38",""
"End of 1st Half"
