"Time","Akron","Score","UC Irvine"
"19:40","","0-2","DIMAKOPOULOS,IOANNIS made Two Point Jumper"
"19:40","","0-2","MARTIN,JARON Assist"
"19:26","ROBOTHAM,NOAH made Three Point Jumper","3-2",""
"19:26","MCINTYRE,MARQUELLE Assist","3-2",""
"18:57","","3-2","SMITH,BRANDON Turnover"
"18:55","JOHNSON,ISAIAH Steal","3-2",""
"18:53","CHEATHAM,JR,KWAN made Three Point Jumper","6-2",""
"18:53","JOHNSON,ISAIAH Assist","6-2",""
"18:27","","6-2","MARTIN,JARON missed Two Point Jumper"
"18:27","","6-2","MARTIN,JARON Offensive Rebound"
"18:19","","6-5","SMITH,BRANDON made Three Point Jumper"
"18:19","","6-5","MARTIN,JARON Assist"
"17:54","JACKSON,ANTINO made Two Point Jumper","8-5",""
"17:33","JOHNSON,ISAIAH Commits Foul","8-5",""
"17:25","","8-5","HAZZARD,MAX Turnover"
"17:24","CHEATHAM,JR,KWAN Steal","8-5",""
"17:22","IVEY,JIMOND made Three Point Jumper","11-5",""
"17:22","ROBOTHAM,NOAH Assist","11-5",""
"16:55","","11-5","HAZZARD,MAX Turnover"
"16:54","IVEY,JIMOND Steal","11-5",""
"16:52","","11-5","HAZZARD,MAX Commits Foul"
"16:52","","11-5","WORKU,EYASSU Enters Game"
"16:52","","11-5","HAZZARD,MAX Leaves Game"
"16:46","IVEY,JIMOND missed Two Point Jumper","11-5",""
"16:46","","11-5","SMITH,BRANDON Blocked Shot"
"16:44","IVEY,JIMOND Offensive Rebound","11-5",""
"16:44","IVEY,JIMOND Turnover","11-5",""
"16:28","ROBOTHAM,NOAH Commits Foul","11-5",""
"16:27","","11-8","MARTIN,JARON made Three Point Jumper"
"16:27","","11-8","DIMAKOPOULOS,IOANNIS Assist"
"16:02","ROBOTHAM,NOAH missed Three Point Jumper","11-8",""
"16:02","CHEATHAM,JR,KWAN Offensive Rebound","11-8",""
"15:59","","11-8","GALLOWAY,JONATHAN Commits Foul"
"15:59","TEAM 20 Second Timeout","11-8",""
"15:59","","11-8","GREENE,BRAD Enters Game"
"15:59","","11-8","RUTHERFORD,TOMMY Enters Game"
"15:59","","11-8","LEONARD,EVAN Enters Game"
"15:59","","11-8","SMITH,BRANDON Leaves Game"
"15:59","","11-8","DIMAKOPOULOS,IOANNIS Leaves Game"
"15:59","","11-8","GALLOWAY,JONATHAN Leaves Game"
"15:55","JACKSON,ANTINO made Layup","13-8",""
"15:32","","13-10","GREENE,BRAD made Layup"
"15:32","","13-10","MARTIN,JARON Assist"
"15:15","JACKSON,ANTINO made Three Point Jumper","16-10",""
"15:15","ROBOTHAM,NOAH Assist","16-10",""
"14:45","JACKSON,ANTINO Commits Foul","16-10",""
"14:45","","16-11","GREENE,BRAD made Free Throw"
"14:45","","16-12","GREENE,BRAD made Free Throw"
"14:45","HUGHES,MICHAEL Enters Game","16-12",""
"14:45","DUNN-MARTIN,TAVIAN Enters Game","16-12",""
"14:45","WILLIAMS,JOSH Enters Game","16-12",""
"14:45","JACKSON,ANTINO Leaves Game","16-12",""
"14:45","JOHNSON,ISAIAH Leaves Game","16-12",""
"14:45","ROBOTHAM,NOAH Leaves Game","16-12",""
"14:45","","16-12","SMITH,BRANDON Enters Game"
"14:45","","16-12","MARTIN,JARON Leaves Game"
"14:23","WILLIAMS,JOSH missed Three Point Jumper","16-12",""
"14:23","","16-12","RUTHERFORD,TOMMY Defensive Rebound"
"14:23","CHEATHAM,JR,KWAN Commits Foul","16-12",""
"14:23","JACKSON,AARON Enters Game","16-12",""
"14:23","CHEATHAM,JR,KWAN Leaves Game","16-12",""
"13:57","","16-12","WORKU,EYASSU missed Layup"
"13:57","","16-12","GREENE,BRAD Offensive Rebound"
"13:54","","16-12","GREENE,BRAD missed Two Point Jumper"
"13:54","","16-12","GREENE,BRAD Offensive Rebound"
"13:52","","16-12","GREENE,BRAD missed Two Point Jumper"
"13:52","","16-12","RUTHERFORD,TOMMY Offensive Rebound"
"13:48","","16-14","RUTHERFORD,TOMMY made Tip In"
"13:31","IVEY,JIMOND missed Three Point Jumper","16-14",""
"13:31","","16-14","GREENE,BRAD Defensive Rebound"
"13:19","","16-14","LEONARD,EVAN missed Three Point Jumper"
"13:19","JACKSON,AARON Defensive Rebound","16-14",""
"13:01","IVEY,JIMOND Turnover","16-14",""
"13:00","","16-14","WORKU,EYASSU Steal"
"12:58","","16-16","WORKU,EYASSU made Layup"
"12:58","DUNN-MARTIN,TAVIAN Commits Foul","16-16",""
"12:58","","16-17","WORKU,EYASSU made Free Throw"
"12:58","JOHNSON,ISAIAH Enters Game","16-17",""
"12:58","IVEY,JIMOND Leaves Game","16-17",""
"12:40","DUNN-MARTIN,TAVIAN missed Three Point Jumper","16-17",""
"12:40","","16-17","RUTHERFORD,TOMMY Defensive Rebound"
"12:30","DUNN-MARTIN,TAVIAN Commits Foul","16-17",""
"12:30","ROBOTHAM,NOAH Enters Game","16-17",""
"12:30","JACKSON,AARON Leaves Game","16-17",""
"12:20","","16-17","RUTHERFORD,TOMMY missed Two Point Jumper"
"12:20","","16-17","RUTHERFORD,TOMMY Offensive Rebound"
"12:17","","16-17","RUTHERFORD,TOMMY missed Two Point Jumper"
"12:17","HUGHES,MICHAEL Defensive Rebound","16-17",""
"12:17","","16-17","GREENE,BRAD Commits Foul"
"11:51","DUNN-MARTIN,TAVIAN missed Three Point Jumper","16-17",""
"11:51","","16-17","SMITH,BRANDON Defensive Rebound"
"11:28","","16-17","WORKU,EYASSU missed Two Point Jumper"
"11:28","","16-17","RUTHERFORD,TOMMY Offensive Rebound"
"11:27","","16-17","TEAM 20 Second Timeout"
"11:27","JACKSON,ANTINO Enters Game","16-17",""
"11:27","JACKSON,AARON Enters Game","16-17",""
"11:27","HUGHES,MICHAEL Leaves Game","16-17",""
"11:27","DUNN-MARTIN,TAVIAN Leaves Game","16-17",""
"11:27","","16-17","DIMAKOPOULOS,IOANNIS Enters Game"
"11:27","","16-17","GALLOWAY,JONATHAN Enters Game"
"11:27","","16-17","MARTIN,JARON Enters Game"
"11:27","","16-17","GREENE,BRAD Leaves Game"
"11:27","","16-17","RUTHERFORD,TOMMY Leaves Game"
"11:27","","16-17","SMITH,BRANDON Leaves Game"
"11:08","","16-17","LEONARD,EVAN Turnover"
"11:06","ROBOTHAM,NOAH Steal","16-17",""
"10:56","WILLIAMS,JOSH Turnover","16-17",""
"10:55","","16-17","LEONARD,EVAN Steal"
"10:53","","16-19","LEONARD,EVAN made Layup"
"10:28","WILLIAMS,JOSH made Three Point Jumper","19-19",""
"10:28","JOHNSON,ISAIAH Assist","19-19",""
"10:08","JACKSON,AARON Commits Foul","19-19",""
"10:08","","19-20","GALLOWAY,JONATHAN made Free Throw"
"10:08","","19-21","GALLOWAY,JONATHAN made Free Throw"
"10:08","","19-21","RIVERS,SPENCER Enters Game"
"10:08","","19-21","LEONARD,EVAN Leaves Game"
"09:56","","19-21","DIMAKOPOULOS,IOANNIS Commits Foul"
"09:56","JACKSON,ANTINO Turnover","19-21",""
"09:56","JACKSON,ANTINO Commits Foul","19-21",""
"09:56","IVEY,JIMOND Enters Game","19-21",""
"09:56","UTOMI,DANIEL Enters Game","19-21",""
"09:56","JACKSON,ANTINO Leaves Game","19-21",""
"09:56","JACKSON,AARON Leaves Game","19-21",""
"09:56","","19-21","HAZZARD,MAX Enters Game"
"09:56","","19-21","WORKU,EYASSU Leaves Game"
"09:36","","19-24","MARTIN,JARON made Three Point Jumper"
"09:36","","19-24","RIVERS,SPENCER Assist"
"09:28","UTOMI,DANIEL missed Three Point Jumper","19-24",""
"09:28","","19-24","MARTIN,JARON Defensive Rebound"
"09:20","","19-27","HAZZARD,MAX made Three Point Jumper"
"09:20","","19-27","RIVERS,SPENCER Assist"
"09:17","TEAM 30 Second Timeout","19-27",""
"09:06","UTOMI,DANIEL Turnover","19-27",""
"08:53","","19-30","DIMAKOPOULOS,IOANNIS made Three Point Jumper"
"08:53","","19-30","RIVERS,SPENCER Assist"
"08:30","","19-30","DIMAKOPOULOS,IOANNIS Commits Foul"
"08:30","JOHNSON,ISAIAH made Free Throw","20-30",""
"08:30","JOHNSON,ISAIAH missed Free Throw","20-30",""
"08:30","","20-30","GALLOWAY,JONATHAN Defensive Rebound"
"08:30","JACKSON,ANTINO Enters Game","20-30",""
"08:30","CHEATHAM,JR,KWAN Enters Game","20-30",""
"08:30","UTOMI,DANIEL Leaves Game","20-30",""
"08:30","WILLIAMS,JOSH Leaves Game","20-30",""
"08:30","","20-30","GREENE,BRAD Enters Game"
"08:30","","20-30","DIMAKOPOULOS,IOANNIS Leaves Game"
"08:03","","20-30","GALLOWAY,JONATHAN missed Layup"
"08:03","JOHNSON,ISAIAH Defensive Rebound","20-30",""
"07:55","ROBOTHAM,NOAH missed Three Point Jumper","20-30",""
"07:55","","20-30","GALLOWAY,JONATHAN Defensive Rebound"
"07:37","","20-32","MARTIN,JARON made Layup"
"07:07","CHEATHAM,JR,KWAN made Three Point Jumper","23-32",""
"07:07","JACKSON,ANTINO Assist","23-32",""
"06:46","HUGHES,MICHAEL made Layup","25-32",""
"06:45","","25-32","MARTIN,JARON Defensive Rebound"
"06:45","HUGHES,MICHAEL missed Free Throw","25-32",""
"06:45","IVEY,JIMOND Assist","25-32",""
"06:45","","25-32","EDGAR JR,JOHN Commits Foul"
"06:45","HUGHES,MICHAEL missed Free Throw","25-32",""
"06:45","","25-32","EDGAR JR,JOHN Defensive Rebound"
"06:45","IVEY,JIMOND Commits Foul","25-32",""
"06:45","HUGHES,MICHAEL Enters Game","25-32",""
"06:45","JOHNSON,ISAIAH Leaves Game","25-32",""
"06:45","","25-32","MARTIN,JARON Enters Game"
"06:45","","25-32","RUTHERFORD,TOMMY Enters Game"
"06:45","","25-32","SMITH,BRANDON Enters Game"
"06:45","","25-32","EDGAR JR,JOHN Enters Game"
"06:45","","25-32","GREENE,BRAD Leaves Game"
"06:45","","25-32","RIVERS,SPENCER Leaves Game"
"06:45","","25-32","GALLOWAY,JONATHAN Leaves Game"
"06:45","","25-32","MARTIN,JARON Leaves Game"
"06:44","","25-32","GREENE,BRAD Turnover"
"06:43","","25-32","GREENE,BRAD Commits Foul"
"06:43","","25-32","TEAM 20 Second Timeout"
"06:39","","25-33","EDGAR JR,JOHN made Free Throw"
"06:35","","25-33","EDGAR JR,JOHN missed Free Throw"
"06:35","IVEY,JIMOND Defensive Rebound","25-33",""
"05:58","IVEY,JIMOND missed Three Point Jumper","25-33",""
"05:58","","25-33","RUTHERFORD,TOMMY Defensive Rebound"
"05:48","","25-35","EDGAR JR,JOHN made Two Point Jumper"
"05:33","CHEATHAM,JR,KWAN missed Two Point Jumper","25-35",""
"05:33","","25-35","HAZZARD,MAX Defensive Rebound"
"05:07","HUGHES,MICHAEL Commits Foul","25-35",""
"05:07","","25-35","MARTIN,JARON missed Free Throw"
"05:07","","25-35","TEAM Deadball Rebound"
"05:07","","25-36","MARTIN,JARON made Free Throw"
"05:07","JOHNSON,ISAIAH Enters Game","25-36",""
"05:07","HUGHES,MICHAEL Leaves Game","25-36",""
"05:07","","25-36","GALLOWAY,JONATHAN Enters Game"
"05:07","","25-36","WORKU,EYASSU Enters Game"
"05:07","","25-36","EDGAR JR,JOHN Leaves Game"
"05:07","","25-36","HAZZARD,MAX Leaves Game"
"04:56","","25-36","RUTHERFORD,TOMMY Commits Foul"
"04:56","JOHNSON,ISAIAH made Free Throw","26-36",""
"04:56","JOHNSON,ISAIAH made Free Throw","27-36",""
"04:56","","27-36","EDGAR JR,JOHN Enters Game"
"04:56","","27-36","RUTHERFORD,TOMMY Leaves Game"
"04:31","","27-36","SMITH,BRANDON missed Layup"
"04:31","IVEY,JIMOND Defensive Rebound","27-36",""
"04:24","JACKSON,ANTINO made Three Point Jumper","30-36",""
"04:07","","30-36","WORKU,EYASSU Turnover"
"03:58","JACKSON,ANTINO missed Three Point Jumper","30-36",""
"03:58","JOHNSON,ISAIAH Offensive Rebound","30-36",""
"03:49","TEAM 20 Second Timeout","30-36",""
"03:49","","30-36","GREENE,BRAD Enters Game"
"03:49","","30-36","EDGAR JR,JOHN Leaves Game"
"03:46","CHEATHAM,JR,KWAN missed Three Point Jumper","30-36",""
"03:46","JACKSON,ANTINO Offensive Rebound","30-36",""
"03:24","","30-36","WORKU,EYASSU Commits Foul"
"03:24","ROBOTHAM,NOAH made Free Throw","31-36",""
"03:24","ROBOTHAM,NOAH made Free Throw","32-36",""
"03:24","WILLIAMS,JOSH Enters Game","32-36",""
"03:24","JACKSON,ANTINO Leaves Game","32-36",""
"03:06","","32-36","WORKU,EYASSU Turnover"
"03:05","CHEATHAM,JR,KWAN Steal","32-36",""
"03:02","ROBOTHAM,NOAH Turnover","32-36",""
"02:54","","32-36","GALLOWAY,JONATHAN Turnover"
"02:54","","32-36","GALLOWAY,JONATHAN Commits Foul"
"02:54","","32-36","RUTHERFORD,TOMMY Enters Game"
"02:54","","32-36","GALLOWAY,JONATHAN Leaves Game"
"02:32","WILLIAMS,JOSH made Three Point Jumper","35-36",""
"02:32","CHEATHAM,JR,KWAN Assist","35-36",""
"02:06","","35-36","GREENE,BRAD missed Two Point Jumper"
"02:06","","35-36","GREENE,BRAD Offensive Rebound"
"01:56","","35-36","SMITH,BRANDON missed Two Point Jumper"
"01:56","","35-36","WORKU,EYASSU Offensive Rebound"
"01:53","","35-38","WORKU,EYASSU made Layup"
"01:32","WILLIAMS,JOSH made Three Point Jumper","38-38",""
"01:32","CHEATHAM,JR,KWAN Assist","38-38",""
"01:29","","38-38","TEAM 30 Second Timeout"
"01:29","","38-38","EDGAR JR,JOHN Enters Game"
"01:29","","38-38","GREENE,BRAD Leaves Game"
"01:14","JOHNSON,ISAIAH Commits Foul","38-38",""
"01:14","","38-39","RUTHERFORD,TOMMY made Free Throw"
"01:14","","38-40","RUTHERFORD,TOMMY made Free Throw"
"01:14","HUGHES,MICHAEL Enters Game","38-40",""
"01:14","JOHNSON,ISAIAH Leaves Game","38-40",""
"00:59","","38-40","RUTHERFORD,TOMMY Commits Foul"
"00:59","HUGHES,MICHAEL missed Free Throw","38-40",""
"00:59","TEAM Deadball Rebound","38-40",""
"00:59","HUGHES,MICHAEL made Free Throw","39-40",""
"00:59","","39-40","DIMAKOPOULOS,IOANNIS Enters Game"
"00:59","","39-40","GALLOWAY,JONATHAN Enters Game"
"00:59","","39-40","RUTHERFORD,TOMMY Leaves Game"
"00:59","","39-40","EDGAR JR,JOHN Leaves Game"
"00:34","","39-40","WORKU,EYASSU Turnover"
"00:34","JOHNSON,ISAIAH Enters Game","39-40",""
"00:34","HUGHES,MICHAEL Leaves Game","39-40",""
"00:17","WILLIAMS,JOSH made Three Point Jumper","42-40",""
"00:17","IVEY,JIMOND Assist","42-40",""
"00:01","","42-40","WORKU,EYASSU missed Two Point Jumper"
"00:01","IVEY,JIMOND Defensive Rebound","42-40",""
"End of 1st Half"
