"Time","Akron","Score","UC Irvine"
"20:00","","42-40","GREENE,BRAD Enters Game"
"20:00","","42-40","DIMAKOPOULOS,IOANNIS Leaves Game"
"19:46","","42-40","MARTIN,JARON Commits Foul"
"19:44","","42-40","DIMAKOPOULOS,IOANNIS Commits Foul"
"19:36","JOHNSON,ISAIAH missed Free Throw","42-40",""
"19:36","TEAM Deadball Rebound","42-40",""
"19:36","JOHNSON,ISAIAH made Free Throw","43-40",""
"19:36","","43-40","DIMAKOPOULOS,IOANNIS Enters Game"
"19:36","","43-40","GREENE,BRAD Leaves Game"
"19:19","","43-40","DIMAKOPOULOS,IOANNIS Turnover"
"19:19","","43-40","GREENE,BRAD Enters Game"
"19:19","","43-40","DIMAKOPOULOS,IOANNIS Leaves Game"
"19:01","ROBOTHAM,NOAH missed Two Point Jumper","43-40",""
"19:01","","43-40","SMITH,BRANDON Defensive Rebound"
"18:52","","43-40","SMITH,BRANDON Turnover"
"18:33","JOHNSON,ISAIAH missed Two Point Jumper","43-40",""
"18:33","","43-40","HAZZARD,MAX Defensive Rebound"
"18:26","","43-40","HAZZARD,MAX missed Layup"
"18:26","","43-40","GREENE,BRAD Offensive Rebound"
"18:23","","43-42","GREENE,BRAD made Tip In"
"18:00","JOHNSON,ISAIAH missed Two Point Jumper","43-42",""
"18:00","","43-42","GREENE,BRAD Defensive Rebound"
"17:54","","43-44","HAZZARD,MAX made Two Point Jumper"
"17:37","JACKSON,ANTINO made Three Point Jumper","46-44",""
"17:20","","46-44","MARTIN,JARON missed Three Point Jumper"
"17:20","CHEATHAM,JR,KWAN Defensive Rebound","46-44",""
"16:59","JACKSON,ANTINO made Two Point Jumper","48-44",""
"16:30","","48-44","SMITH,BRANDON missed Three Point Jumper"
"16:30","IVEY,JIMOND Defensive Rebound","48-44",""
"16:22","","48-44","MARTIN,JARON Commits Foul"
"16:22","OLOJAKPOKE,EMMANUEL Enters Game","48-44",""
"16:22","WILLIAMS,JOSH Enters Game","48-44",""
"16:22","JOHNSON,ISAIAH Leaves Game","48-44",""
"16:22","IVEY,JIMOND Leaves Game","48-44",""
"16:22","","48-44","RUTHERFORD,TOMMY Enters Game"
"16:22","","48-44","WORKU,EYASSU Enters Game"
"16:22","","48-44","DIMAKOPOULOS,IOANNIS Enters Game"
"16:22","","48-44","GREENE,BRAD Leaves Game"
"16:22","","48-44","GALLOWAY,JONATHAN Leaves Game"
"16:22","","48-44","MARTIN,JARON Leaves Game"
"16:15","OLOJAKPOKE,EMMANUEL made Dunk","50-44",""
"16:15","JACKSON,ANTINO Assist","50-44",""
"15:58","CHEATHAM,JR,KWAN Commits Foul","50-44",""
"15:58","","50-44","TEAM 20 Second Timeout"
"15:49","","50-46","DIMAKOPOULOS,IOANNIS made Layup"
"15:49","","50-46","RUTHERFORD,TOMMY Assist"
"15:29","ROBOTHAM,NOAH made Three Point Jumper","53-46",""
"15:29","WILLIAMS,JOSH Assist","53-46",""
"15:08","","53-46","HAZZARD,MAX missed Three Point Jumper"
"15:08","JACKSON,ANTINO Defensive Rebound","53-46",""
"14:53","WILLIAMS,JOSH missed Three Point Jumper","53-46",""
"14:53","","53-46","DIMAKOPOULOS,IOANNIS Defensive Rebound"
"14:46","","53-46","SMITH,BRANDON Turnover"
"14:42","CHEATHAM,JR,KWAN Steal","53-46",""
"14:39","WILLIAMS,JOSH made Three Point Jumper","56-46",""
"14:39","JACKSON,ANTINO Assist","56-46",""
"14:28","","56-46","TEAM 30 Second Timeout"
"14:28","","56-46","MARTIN,JARON Enters Game"
"14:28","","56-46","HAZZARD,MAX Leaves Game"
"14:13","CHEATHAM,JR,KWAN Commits Foul","56-46",""
"14:13","","56-47","DIMAKOPOULOS,IOANNIS made Free Throw"
"14:13","","56-48","DIMAKOPOULOS,IOANNIS made Free Throw"
"14:02","ROBOTHAM,NOAH missed Two Point Jumper","56-48",""
"14:02","","56-48","TEAM Defensive Rebound"
"14:00","JOHNSON,ISAIAH Enters Game","56-48",""
"14:00","JACKSON,AARON Enters Game","56-48",""
"14:00","OLOJAKPOKE,EMMANUEL Leaves Game","56-48",""
"14:00","CHEATHAM,JR,KWAN Leaves Game","56-48",""
"13:33","","56-50","DIMAKOPOULOS,IOANNIS made Two Point Jumper"
"13:33","","56-50","SMITH,BRANDON Assist"
"13:18","JACKSON,ANTINO made Layup","58-50",""
"13:03","","58-50","DIMAKOPOULOS,IOANNIS missed Three Point Jumper"
"13:03","JACKSON,ANTINO Defensive Rebound","58-50",""
"12:48","JACKSON,ANTINO missed Two Point Jumper","58-50",""
"12:48","","58-50","RUTHERFORD,TOMMY Defensive Rebound"
"12:36","","58-52","DIMAKOPOULOS,IOANNIS made Layup"
"12:36","","58-52","WORKU,EYASSU Assist"
"12:12","JOHNSON,ISAIAH missed Two Point Jumper","58-52",""
"12:12","JOHNSON,ISAIAH Offensive Rebound","58-52",""
"12:08","JOHNSON,ISAIAH made Layup","60-52",""
"11:44","","60-52","MARTIN,JARON Turnover"
"11:43","JACKSON,AARON Steal","60-52",""
"11:42","","60-52","SMITH,BRANDON Commits Foul"
"11:42","TEAM 20 Second Timeout","60-52",""
"11:42","DUNN-MARTIN,TAVIAN Enters Game","60-52",""
"11:42","IVEY,JIMOND Enters Game","60-52",""
"11:42","JACKSON,ANTINO Leaves Game","60-52",""
"11:42","ROBOTHAM,NOAH Leaves Game","60-52",""
"11:42","","60-52","GREENE,BRAD Enters Game"
"11:42","","60-52","LEONARD,EVAN Enters Game"
"11:42","","60-52","GALLOWAY,JONATHAN Enters Game"
"11:42","","60-52","RUTHERFORD,TOMMY Leaves Game"
"11:42","","60-52","SMITH,BRANDON Leaves Game"
"11:42","","60-52","DIMAKOPOULOS,IOANNIS Leaves Game"
"11:33","JACKSON,AARON missed Three Point Jumper","60-52",""
"11:33","","60-52","GREENE,BRAD Defensive Rebound"
"11:14","","60-52","MARTIN,JARON missed Two Point Jumper"
"11:14","DUNN-MARTIN,TAVIAN Defensive Rebound","60-52",""
"11:02","JOHNSON,ISAIAH missed Two Point Jumper","60-52",""
"11:02","","60-52","GREENE,BRAD Blocked Shot"
"11:00","JOHNSON,ISAIAH Offensive Rebound","60-52",""
"10:55","","60-52","GALLOWAY,JONATHAN Commits Foul"
"10:55","IVEY,JIMOND missed Free Throw","60-52",""
"10:55","TEAM Deadball Rebound","60-52",""
"10:55","IVEY,JIMOND made Free Throw","61-52",""
"10:55","OLOJAKPOKE,EMMANUEL Enters Game","61-52",""
"10:55","JACKSON,AARON Leaves Game","61-52",""
"10:43","OLOJAKPOKE,EMMANUEL Commits Foul","61-52",""
"10:40","","61-52","MARTIN,JARON missed Layup"
"10:40","","61-52","GREENE,BRAD Offensive Rebound"
"10:35","","61-54","GREENE,BRAD made Layup"
"10:15","JOHNSON,ISAIAH missed Two Point Jumper","61-54",""
"10:15","","61-54","GREENE,BRAD Defensive Rebound"
"09:47","","61-54","LEONARD,EVAN missed Three Point Jumper"
"09:47","","61-54","GALLOWAY,JONATHAN Offensive Rebound"
"09:46","IVEY,JIMOND Commits Foul","61-54",""
"09:46","HUGHES,MICHAEL Enters Game","61-54",""
"09:46","OLOJAKPOKE,EMMANUEL Leaves Game","61-54",""
"09:29","","61-54","GALLOWAY,JONATHAN missed Two Point Jumper"
"09:29","","61-54","LEONARD,EVAN Offensive Rebound"
"09:25","","61-57","LEONARD,EVAN made Three Point Jumper"
"08:59","HUGHES,MICHAEL Turnover","61-57",""
"08:58","","61-57","WORKU,EYASSU Steal"
"08:56","","61-59","WORKU,EYASSU made Layup"
"08:39","DUNN-MARTIN,TAVIAN made Three Point Jumper","64-59",""
"08:21","","64-59","MARTIN,JARON missed Three Point Jumper"
"08:21","IVEY,JIMOND Defensive Rebound","64-59",""
"08:05","DUNN-MARTIN,TAVIAN made Two Point Jumper","66-59",""
"07:39","","66-59","WORKU,EYASSU missed Three Point Jumper"
"07:39","WILLIAMS,JOSH Defensive Rebound","66-59",""
"07:29","","66-59","MARTIN,JARON Commits Foul"
"07:29","TEAM 20 Second Timeout","66-59",""
"07:29","DUNN-MARTIN,TAVIAN made Free Throw","67-59",""
"07:29","DUNN-MARTIN,TAVIAN made Free Throw","68-59",""
"07:29","JACKSON,ANTINO Enters Game","68-59",""
"07:29","ROBOTHAM,NOAH Enters Game","68-59",""
"07:29","CHEATHAM,JR,KWAN Enters Game","68-59",""
"07:29","DUNN-MARTIN,TAVIAN Leaves Game","68-59",""
"07:29","HUGHES,MICHAEL Leaves Game","68-59",""
"07:29","WILLIAMS,JOSH Leaves Game","68-59",""
"07:29","","68-59","RUTHERFORD,TOMMY Enters Game"
"07:29","","68-59","DIMAKOPOULOS,IOANNIS Enters Game"
"07:29","","68-59","HAZZARD,MAX Enters Game"
"07:29","","68-59","GREENE,BRAD Leaves Game"
"07:29","","68-59","WORKU,EYASSU Leaves Game"
"07:29","","68-59","GALLOWAY,JONATHAN Leaves Game"
"07:12","","68-61","DIMAKOPOULOS,IOANNIS made Two Point Jumper"
"07:12","","68-61","MARTIN,JARON Assist"
"06:51","JACKSON,ANTINO missed Three Point Jumper","68-61",""
"06:51","","68-61","RUTHERFORD,TOMMY Defensive Rebound"
"06:37","","68-61","LEONARD,EVAN missed Two Point Jumper"
"06:37","CHEATHAM,JR,KWAN Defensive Rebound","68-61",""
"06:23","CHEATHAM,JR,KWAN made Two Point Jumper","70-61",""
"05:49","","70-61","RUTHERFORD,TOMMY missed Layup"
"05:49","CHEATHAM,JR,KWAN Defensive Rebound","70-61",""
"05:30","JOHNSON,ISAIAH made Layup","72-61",""
"05:21","","72-61","MARTIN,JARON missed Layup"
"05:21","JOHNSON,ISAIAH Defensive Rebound","72-61",""
"05:00","JOHNSON,ISAIAH missed Two Point Jumper","72-61",""
"05:00","","72-61","DIMAKOPOULOS,IOANNIS Blocked Shot"
"04:59","","72-61","HAZZARD,MAX Defensive Rebound"
"04:55","","72-63","HAZZARD,MAX made Layup"
"04:55","ROBOTHAM,NOAH Commits Foul","72-63",""
"04:55","","72-64","HAZZARD,MAX made Free Throw"
"04:55","HUGHES,MICHAEL Enters Game","72-64",""
"04:55","WILLIAMS,JOSH Enters Game","72-64",""
"04:55","JOHNSON,ISAIAH Leaves Game","72-64",""
"04:55","JACKSON,ANTINO Leaves Game","72-64",""
"04:55","","72-64","SMITH,BRANDON Enters Game"
"04:55","","72-64","WORKU,EYASSU Enters Game"
"04:55","","72-64","GREENE,BRAD Enters Game"
"04:55","","72-64","GALLOWAY,JONATHAN Enters Game"
"04:55","","72-64","HAZZARD,MAX Leaves Game"
"04:55","","72-64","MARTIN,JARON Leaves Game"
"04:55","","72-64","RUTHERFORD,TOMMY Leaves Game"
"04:55","","72-64","DIMAKOPOULOS,IOANNIS Leaves Game"
"04:33","ROBOTHAM,NOAH missed Three Point Jumper","72-64",""
"04:33","","72-64","WORKU,EYASSU Defensive Rebound"
"04:20","","72-66","GREENE,BRAD made Two Point Jumper"
"04:20","","72-66","WORKU,EYASSU Assist"
"03:58","IVEY,JIMOND missed Three Point Jumper","72-66",""
"03:58","","72-66","TEAM Defensive Rebound"
"03:56","","72-66","TEAM 20 Second Timeout"
"03:56","JACKSON,ANTINO Enters Game","72-66",""
"03:56","JOHNSON,ISAIAH Enters Game","72-66",""
"03:56","HUGHES,MICHAEL Leaves Game","72-66",""
"03:56","IVEY,JIMOND Leaves Game","72-66",""
"03:56","","72-66","MARTIN,JARON Enters Game"
"03:56","","72-66","LEONARD,EVAN Leaves Game"
"03:38","CHEATHAM,JR,KWAN Commits Foul","72-66",""
"03:38","","72-67","MARTIN,JARON made Free Throw"
"03:38","","72-68","MARTIN,JARON made Free Throw"
"03:15","JACKSON,ANTINO made Two Point Jumper","74-68",""
"02:57","","74-71","MARTIN,JARON made Three Point Jumper"
"02:28","WILLIAMS,JOSH missed Three Point Jumper","74-71",""
"02:28","","74-71","GALLOWAY,JONATHAN Defensive Rebound"
"02:22","ROBOTHAM,NOAH Commits Foul","74-71",""
"02:22","","74-72","WORKU,EYASSU made Free Throw"
"02:22","","74-72","WORKU,EYASSU missed Free Throw"
"02:22","TEAM Defensive Rebound","74-72",""
"01:58","JOHNSON,ISAIAH made Two Point Jumper","76-72",""
"01:42","ROBOTHAM,NOAH Commits Foul","76-72",""
"01:42","","76-73","WORKU,EYASSU made Free Throw"
"01:42","","76-74","WORKU,EYASSU made Free Throw"
"01:23","WILLIAMS,JOSH made Three Point Jumper","79-74",""
"01:23","JOHNSON,ISAIAH Assist","79-74",""
"01:13","","79-74","WORKU,EYASSU missed Two Point Jumper"
"01:13","JACKSON,ANTINO Defensive Rebound","79-74",""
"01:11","","79-74","SMITH,BRANDON Commits Foul"
"01:11","JACKSON,ANTINO made Free Throw","80-74",""
"01:11","JACKSON,ANTINO made Free Throw","81-74",""
"01:11","","81-74","DIMAKOPOULOS,IOANNIS Enters Game"
"01:11","","81-74","GREENE,BRAD Leaves Game"
"00:50","","81-74","DIMAKOPOULOS,IOANNIS missed Layup"
"00:50","CHEATHAM,JR,KWAN Defensive Rebound","81-74",""
"00:41","","81-74","WORKU,EYASSU Commits Foul"
"00:41","ROBOTHAM,NOAH made Free Throw","82-74",""
"00:41","ROBOTHAM,NOAH made Free Throw","83-74",""
"00:31","JACKSON,ANTINO Commits Foul","83-74",""
"00:31","","83-75","MARTIN,JARON made Free Throw"
"00:31","","83-76","MARTIN,JARON made Free Throw"
"00:31","","83-76","MARTIN,JARON missed Free Throw"
"00:31","JOHNSON,ISAIAH Defensive Rebound","83-76",""
"00:31","","83-76","TRAYLOR,DARRIAN Enters Game"
"00:31","","83-76","LEONARD,EVAN Enters Game"
"00:31","","83-76","SMITH,BRANDON Leaves Game"
"00:31","","83-76","DIMAKOPOULOS,IOANNIS Leaves Game"
"00:30","","83-76","TRAYLOR,DARRIAN Commits Foul"
"00:30","JOHNSON,ISAIAH made Free Throw","84-76",""
"00:30","JOHNSON,ISAIAH made Free Throw","85-76",""
"00:30","","85-76","HAZZARD,MAX Enters Game"
"00:30","","85-76","RUTHERFORD,TOMMY Enters Game"
"00:30","","85-76","SMITH,BRANDON Enters Game"
"00:30","","85-76","TRAYLOR,DARRIAN Leaves Game"
"00:30","","85-76","LEONARD,EVAN Leaves Game"
"00:30","","85-76","GALLOWAY,JONATHAN Leaves Game"
"00:22","","85-78","MARTIN,JARON made Layup"
"00:22","","85-78","TEAM 30 Second Timeout"
"00:22","","85-78","LEONARD,EVAN Enters Game"
"00:22","","85-78","RUTHERFORD,TOMMY Leaves Game"
"00:21","","85-78","MARTIN,JARON Commits Foul"
"00:21","JACKSON,ANTINO made Free Throw","86-78",""
"00:21","JACKSON,ANTINO made Free Throw","87-78",""
"00:21","IVEY,JIMOND Enters Game","87-78",""
"00:21","JOHNSON,ISAIAH Leaves Game","87-78",""
"00:21","","87-78","DIMAKOPOULOS,IOANNIS Enters Game"
"00:21","","87-78","SMITH,BRANDON Leaves Game"
"00:16","","87-78","MARTIN,JARON missed Three Point Jumper"
"00:16","ROBOTHAM,NOAH Defensive Rebound","87-78",""
"00:15","","87-78","LEONARD,EVAN Commits Foul"
"00:15","ROBOTHAM,NOAH made Free Throw","88-78",""
"00:15","ROBOTHAM,NOAH missed Free Throw","88-78",""
"00:15","","88-78","TRAYLOR,DARRIAN Defensive Rebound"
"00:15","","88-78","RIVERS,SPENCER Enters Game"
"00:15","","88-78","TRAYLOR,DARRIAN Enters Game"
"00:15","","88-78","LEONARD,EVAN Leaves Game"
"00:15","","88-78","DIMAKOPOULOS,IOANNIS Leaves Game"
"00:07","","88-80","MARTIN,JARON made Layup"
"End of 2nd Half"
