"Time","Akron","Score","UT Arlington"
"19:41","","26-39","HERVEY,KEVIN missed Two Point Jumper"
"19:41","","26-39","BILBAO,JORGE Offensive Rebound"
"19:39","CHEATHAM, JR,KWAN Commits Foul","26-39",""
"19:37","","26-42","NEAL,ERICK made Three Point Jumper"
"19:37","","26-42","HERVEY,KEVIN Assist"
"19:11","CHEATHAM, JR,KWAN made Two Point Jumper","28-42",""
"18:54","","28-42","NEAL,ERICK missed Three Point Jumper"
"18:54","JACKSON,ANTINO Defensive Rebound","28-42",""
"18:47","JACKSON,ANTINO missed Three Point Jumper","28-42",""
"18:47","","28-42","BILBAO,JORGE Defensive Rebound"
"18:33","IVEY,JIMOND Commits Foul","28-42",""
"18:32","ROBOTHAM,NOAH Commits Foul","28-42",""
"18:31","","28-45","NEAL,ERICK made Three Point Jumper"
"18:31","","28-45","CHARLES,DREW Assist"
"18:01","JOHNSON,ISAIAH missed Layup","28-45",""
"18:01","JOHNSON,ISAIAH Offensive Rebound","28-45",""
"17:59","","28-45","BILBAO,JORGE Commits Foul"
"17:59","JOHNSON,ISAIAH made Free Throw","29-45",""
"17:59","WILLIAMS,JOSH Enters Game","29-45",""
"17:59","JACKSON,ANTINO Leaves Game","29-45",""
"17:59","JOHNSON,ISAIAH made Free Throw","30-45",""
"17:45","","30-45","NEAL,ERICK missed Three Point Jumper"
"17:45","CHEATHAM, JR,KWAN Defensive Rebound","30-45",""
"17:32","IVEY,JIMOND missed Two Point Jumper","30-45",""
"17:32","","30-45","CHARLES,DREW Defensive Rebound"
"17:21","ROBOTHAM,NOAH Commits Foul","30-45",""
"17:20","","30-47","HERVEY,KEVIN made Two Point Jumper"
"17:20","","30-47","NEAL,ERICK Assist"
"16:58","WILLIAMS,JOSH missed Three Point Jumper","30-47",""
"16:58","","30-47","HERVEY,KEVIN Blocked Shot"
"16:58","","30-47","HERVEY,KEVIN Defensive Rebound"
"16:52","","30-50","CHARLES,DREW made Three Point Jumper"
"16:52","","30-50","NEAL,ERICK Assist"
"16:24","IVEY,JIMOND Turnover","30-50",""
"16:21","","30-50","CHARLES,DREW Steal"
"16:18","","30-52","HERVEY,KEVIN made Layup"
"16:18","","30-52","CHARLES,DREW Assist"
"16:14","TEAM 30 Second Timeout","30-52",""
"16:14","JACKSON,AARON Enters Game","30-52",""
"16:14","CHEATHAM, JR,KWAN Leaves Game","30-52",""
"16:05","JOHNSON,ISAIAH made Layup","32-52",""
"16:05","","32-52","WILSON,KAELON Commits Foul"
"16:05","JOHNSON,ISAIAH missed Free Throw","32-52",""
"16:05","","32-52","CHARLES,DREW Defensive Rebound"
"15:55","","32-55","CHARLES,DREW made Three Point Jumper"
"15:55","","32-55","HERVEY,KEVIN Assist"
"15:24","ROBOTHAM,NOAH made Three Point Jumper","35-55",""
"15:24","JOHNSON,ISAIAH Assist","35-55",""
"15:15","JOHNSON,ISAIAH Commits Foul","35-55",""
"15:15","","35-55","WILSON,KAELON missed Free Throw"
"15:15","","35-55","TEAM Deadball Rebound"
"15:15","","35-55","WILSON,KAELON missed Free Throw"
"15:15","IVEY,JIMOND Defensive Rebound","35-55",""
"14:56","JOHNSON,ISAIAH Turnover","35-55",""
"14:55","","35-55","NEAL,ERICK Steal"
"14:52","","35-55","HERVEY,KEVIN missed Three Point Jumper"
"14:52","IVEY,JIMOND Defensive Rebound","35-55",""
"14:41","JACKSON,AARON Turnover","35-55",""
"14:39","","35-55","HERVEY,KEVIN Steal"
"14:31","","35-58","CHARLES,DREW made Three Point Jumper"
"14:31","","35-58","NEAL,ERICK Assist"
"14:06","WILLIAMS,JOSH made Three Point Jumper","38-58",""
"14:06","ROBOTHAM,NOAH Assist","38-58",""
"13:50","JOHNSON,ISAIAH Commits Foul","38-58",""
"13:50","","38-58","HAWKINS,NATHAN Enters Game"
"13:50","","38-58","WILSON,KAELON Leaves Game"
"13:50","CHEATHAM, JR,KWAN Leaves Game","38-58",""
"13:50","JACKSON,AARON Leaves Game","38-58",""
"13:50","DUNN-MARTIN,TAVIAN Leaves Game","38-58",""
"13:50","HUGHES,MICHAEL Leaves Game","38-58",""
"13:50","JACKSON,ANTINO Leaves Game","38-58",""
"13:50","WILLIAMS,JOSH Enters Game","38-58",""
"13:50","CHEATHAM, JR,KWAN Enters Game","38-58",""
"13:50","DUNN-MARTIN,TAVIAN Enters Game","38-58",""
"13:50","JOHNSON,ISAIAH Enters Game","38-58",""
"13:50","JACKSON,ANTINO Enters Game","38-58",""
"13:50","","38-59","BILBAO,JORGE made Free Throw"
"13:50","OLOJAKPOKE,EMMANUEL Enters Game","38-59",""
"13:50","JOHNSON,ISAIAH Leaves Game","38-59",""
"13:50","","38-60","BILBAO,JORGE made Free Throw"
"13:50","","38-60","HARRIS,JULIAN Enters Game"
"13:50","","38-60","BILBAO,JORGE Leaves Game"
"13:31","JACKSON,ANTINO Turnover","38-60",""
"13:29","","38-60","NEAL,ERICK Steal"
"13:24","","38-60","HERVEY,KEVIN missed Two Point Jumper"
"13:24","","38-60","TEAM Offensive Rebound"
"13:06","","38-60","HARRIS,JULIAN missed Two Point Jumper"
"13:06","OLOJAKPOKE,EMMANUEL Defensive Rebound","38-60",""
"13:00","OLOJAKPOKE,EMMANUEL Turnover","38-60",""
"12:58","","38-60","HERVEY,KEVIN Steal"
"12:57","","38-62","HERVEY,KEVIN made Layup"
"12:42","","38-62","CHARLES,DREW Commits Foul"
"12:42","JACKSON,ANTINO made Free Throw","39-62",""
"12:42","","39-62","BRYANT,DJ Leaves Game"
"12:42","","39-62","KIRIS,ERKAM Leaves Game"
"12:42","","39-62","MUIRHEAD,SCOTT Leaves Game"
"12:42","","39-62","HARRIS,JULIAN Leaves Game"
"12:42","","39-62","KABADYUNDI,LINK Leaves Game"
"12:42","","39-62","NEAL,ERICK Enters Game"
"12:42","","39-62","HAWKINS,NATHAN Enters Game"
"12:42","","39-62","WILSON,KAELON Enters Game"
"12:42","","39-62","HARRIS,JULIAN Enters Game"
"12:42","","39-62","POPE,FAITH Enters Game"
"12:42","JACKSON,ANTINO made Free Throw","40-62",""
"12:27","","40-64","WILSON,KAELON made Layup"
"12:13","DUNN-MARTIN,TAVIAN missed Three Point Jumper","40-64",""
"12:13","","40-64","WILSON,KAELON Defensive Rebound"
"12:03","","40-64","NEAL,ERICK missed Three Point Jumper"
"12:03","OLOJAKPOKE,EMMANUEL Defensive Rebound","40-64",""
"11:56","DUNN-MARTIN,TAVIAN Turnover","40-64",""
"11:54","","40-64","NEAL,ERICK Steal"
"11:52","","40-66","HAWKINS,NATHAN made Dunk"
"11:52","","40-66","NEAL,ERICK Assist"
"11:36","","40-66","HAWKINS,NATHAN Commits Foul"
"11:36","","40-66","TEAM  Timeout"
"11:36","","40-66","BRYANT,DJ Enters Game"
"11:36","","40-66","NEAL,ERICK Leaves Game"
"11:36","CHEATHAM, JR,KWAN Leaves Game","40-66",""
"11:36","JACKSON,AARON Leaves Game","40-66",""
"11:36","DUNN-MARTIN,TAVIAN Leaves Game","40-66",""
"11:36","HUGHES,MICHAEL Leaves Game","40-66",""
"11:36","JACKSON,ANTINO Leaves Game","40-66",""
"11:36","IVEY,JIMOND Enters Game","40-66",""
"11:36","WILLIAMS,JOSH Enters Game","40-66",""
"11:36","CHEATHAM, JR,KWAN Enters Game","40-66",""
"11:36","UTOMI,DANIEL Enters Game","40-66",""
"11:36","JACKSON,ANTINO Enters Game","40-66",""
"11:36","CHEATHAM, JR,KWAN missed Free Throw","40-66",""
"11:36","TEAM Deadball Rebound","40-66",""
"11:36","CHEATHAM, JR,KWAN made Free Throw","41-66",""
"11:11","","41-66","HAWKINS,NATHAN missed Layup"
"11:11","CHEATHAM, JR,KWAN Defensive Rebound","41-66",""
"11:07","","41-66","WILSON,KAELON Commits Foul"
"11:07","IVEY,JIMOND missed Free Throw","41-66",""
"11:07","TEAM Deadball Rebound","41-66",""
"11:07","","41-66","BILBAO,JORGE Enters Game"
"11:07","","41-66","HARRIS,JULIAN Leaves Game"
"11:07","IVEY,JIMOND made Free Throw","42-66",""
"11:03","CHEATHAM, JR,KWAN Commits Foul","42-66",""
"11:03","","42-67","WILSON,KAELON made Free Throw"
"11:03","","42-68","WILSON,KAELON made Free Throw"
"10:49","UTOMI,DANIEL missed Three Point Jumper","42-68",""
"10:49","UTOMI,DANIEL Offensive Rebound","42-68",""
"10:43","UTOMI,DANIEL missed Layup","42-68",""
"10:43","UTOMI,DANIEL Offensive Rebound","42-68",""
"10:40","UTOMI,DANIEL missed Two Point Jumper","42-68",""
"10:40","","42-68","BILBAO,JORGE Defensive Rebound"
"10:39","IVEY,JIMOND Commits Foul","42-68",""
"10:39","","42-68","BILBAO,JORGE missed Free Throw"
"10:39","","42-68","TEAM Deadball Rebound"
"10:39","","42-69","BILBAO,JORGE made Free Throw"
"10:27","IVEY,JIMOND made Layup","44-69",""
"10:19","","44-72","HAWKINS,NATHAN made Three Point Jumper"
"10:19","","44-72","BRYANT,DJ Assist"
"09:58","IVEY,JIMOND missed Two Point Jumper","44-72",""
"09:58","","44-72","BILBAO,JORGE Defensive Rebound"
"09:35","","44-75","WILSON,KAELON made Three Point Jumper"
"09:35","","44-75","HAWKINS,NATHAN Assist"
"09:17","JACKSON,ANTINO missed Layup","44-75",""
"09:17","TEAM Deadball Rebound","44-75",""
"09:17","ROBOTHAM,NOAH Enters Game","44-75",""
"09:17","WILLIAMS,JOSH Leaves Game","44-75",""
"09:15","JACKSON,ANTINO missed Two Point Jumper","44-75",""
"09:15","","44-75","TEAM Defensive Rebound"
"08:57","ROBOTHAM,NOAH Commits Foul","44-75",""
"08:56","","44-75","BRYANT,DJ Turnover"
"08:55","IVEY,JIMOND Steal","44-75",""
"08:52","","44-75","BILBAO,JORGE Commits Foul"
"08:52","IVEY,JIMOND made Free Throw","45-75",""
"08:52","IVEY,JIMOND made Free Throw","46-75",""
"08:39","","46-77","BILBAO,JORGE made Layup"
"08:29","JACKSON,ANTINO missed Three Point Jumper","46-77",""
"08:29","","46-77","POPE,FAITH Blocked Shot"
"08:29","","46-77","POPE,FAITH Defensive Rebound"
"08:23","","46-77","POPE,FAITH Turnover"
"08:21","ROBOTHAM,NOAH Steal","46-77",""
"08:19","CHEATHAM, JR,KWAN missed Three Point Jumper","46-77",""
"08:19","","46-77","WILSON,KAELON Defensive Rebound"
"08:05","","46-77","POPE,FAITH missed Three Point Jumper"
"08:05","ROBOTHAM,NOAH Defensive Rebound","46-77",""
"07:55","UTOMI,DANIEL made Three Point Jumper","49-77",""
"07:55","CHEATHAM, JR,KWAN Assist","49-77",""
"07:40","IVEY,JIMOND Commits Foul","49-77",""
"07:40","","49-77","TEAM  Timeout"
"07:40","","49-77","BRYANT,DJ Leaves Game"
"07:40","","49-77","KIRIS,ERKAM Leaves Game"
"07:40","","49-77","MUIRHEAD,SCOTT Leaves Game"
"07:40","","49-77","HARRIS,JULIAN Leaves Game"
"07:40","","49-77","KABADYUNDI,LINK Leaves Game"
"07:40","","49-77","NEAL,ERICK Enters Game"
"07:40","","49-77","HAWKINS,NATHAN Enters Game"
"07:40","","49-77","CHARLES,DREW Enters Game"
"07:40","","49-77","KABADYUNDI,LINK Enters Game"
"07:40","","49-77","HERVEY,KEVIN Enters Game"
"07:40","CHEATHAM, JR,KWAN Leaves Game","49-77",""
"07:40","JACKSON,AARON Leaves Game","49-77",""
"07:40","DUNN-MARTIN,TAVIAN Leaves Game","49-77",""
"07:40","HUGHES,MICHAEL Leaves Game","49-77",""
"07:40","JACKSON,ANTINO Leaves Game","49-77",""
"07:40","IVEY,JIMOND Enters Game","49-77",""
"07:40","UTOMI,DANIEL Enters Game","49-77",""
"07:40","DUNN-MARTIN,TAVIAN Enters Game","49-77",""
"07:40","ROBOTHAM,NOAH Enters Game","49-77",""
"07:40","HUGHES,MICHAEL Enters Game","49-77",""
"07:35","","49-79","KABADYUNDI,LINK made Layup"
"07:35","","49-79","HERVEY,KEVIN Assist"
"07:12","UTOMI,DANIEL missed Three Point Jumper","49-79",""
"07:12","IVEY,JIMOND Offensive Rebound","49-79",""
"07:06","IVEY,JIMOND missed Three Point Jumper","49-79",""
"07:06","","49-79","NEAL,ERICK Defensive Rebound"
"06:48","","49-79","HERVEY,KEVIN Turnover"
"06:47","HUGHES,MICHAEL Steal","49-79",""
"06:34","UTOMI,DANIEL made Layup","51-79",""
"06:34","","51-79","KABADYUNDI,LINK Commits Foul"
"06:34","UTOMI,DANIEL missed Free Throw","51-79",""
"06:34","IVEY,JIMOND Offensive Rebound","51-79",""
"06:29","ROBOTHAM,NOAH missed Three Point Jumper","51-79",""
"06:29","","51-79","HERVEY,KEVIN Defensive Rebound"
"06:13","","51-79","NEAL,ERICK Turnover"
"06:11","DUNN-MARTIN,TAVIAN Steal","51-79",""
"05:58","","51-79","KABADYUNDI,LINK Commits Foul"
"05:58","IVEY,JIMOND made Free Throw","52-79",""
"05:58","","52-79","HARRIS,JULIAN Enters Game"
"05:58","","52-79","KABADYUNDI,LINK Leaves Game"
"05:58","CHEATHAM, JR,KWAN Enters Game","52-79",""
"05:58","UTOMI,DANIEL Leaves Game","52-79",""
"05:58","IVEY,JIMOND made Free Throw","53-79",""
"05:50","HUGHES,MICHAEL Commits Foul","53-79",""
"05:46","","53-79","HARRIS,JULIAN Turnover"
"05:28","CHEATHAM, JR,KWAN missed Two Point Jumper","53-79",""
"05:28","","53-79","CHARLES,DREW Defensive Rebound"
"05:14","IVEY,JIMOND Commits Foul","53-79",""
"05:14","","53-79","BILBAO,JORGE Enters Game"
"05:14","","53-79","HARRIS,JULIAN Leaves Game"
"05:14","JACKSON,AARON Enters Game","53-79",""
"05:14","IVEY,JIMOND Leaves Game","53-79",""
"05:13","","53-79","HERVEY,KEVIN missed Three Point Jumper"
"05:13","","53-79","NEAL,ERICK Offensive Rebound"
"05:08","","53-81","NEAL,ERICK made Layup"
"04:56","","53-81","CHARLES,DREW Commits Foul"
"04:56","ROBOTHAM,NOAH made Free Throw","54-81",""
"04:56","OLOJAKPOKE,EMMANUEL Enters Game","54-81",""
"04:56","HUGHES,MICHAEL Leaves Game","54-81",""
"04:56","ROBOTHAM,NOAH made Free Throw","55-81",""
"04:56","JACKSON,ANTINO Enters Game","55-81",""
"04:56","ROBOTHAM,NOAH Leaves Game","55-81",""
"04:33","","55-84","HAWKINS,NATHAN made Three Point Jumper"
"04:33","","55-84","NEAL,ERICK Assist"
"04:16","DUNN-MARTIN,TAVIAN made Layup","57-84",""
"03:50","","57-84","NEAL,ERICK missed Layup"
"03:50","JACKSON,AARON Blocked Shot","57-84",""
"03:50","CHEATHAM, JR,KWAN Defensive Rebound","57-84",""
"03:46","DUNN-MARTIN,TAVIAN missed Two Point Jumper","57-84",""
"03:46","CHEATHAM, JR,KWAN Offensive Rebound","57-84",""
"03:44","CHEATHAM, JR,KWAN made Layup","59-84",""
"03:16","","59-84","HERVEY,KEVIN Turnover"
"03:16","","59-84","TEAM  Timeout"
"03:16","","59-84","BRYANT,DJ Leaves Game"
"03:16","","59-84","KIRIS,ERKAM Leaves Game"
"03:16","","59-84","MUIRHEAD,SCOTT Leaves Game"
"03:16","","59-84","HARRIS,JULIAN Leaves Game"
"03:16","","59-84","KABADYUNDI,LINK Leaves Game"
"03:16","","59-84","BRYANT,DJ Enters Game"
"03:16","","59-84","WILSON,KAELON Enters Game"
"03:16","","59-84","KIRIS,ERKAM Enters Game"
"03:16","","59-84","MUIRHEAD,SCOTT Enters Game"
"03:16","","59-84","KABADYUNDI,LINK Enters Game"
"02:58","JACKSON,ANTINO made Three Point Jumper","62-84",""
"02:58","CHEATHAM, JR,KWAN Assist","62-84",""
"02:20","","62-84","MUIRHEAD,SCOTT missed Three Point Jumper"
"02:20","JACKSON,AARON Defensive Rebound","62-84",""
"02:15","JACKSON,AARON missed Three Point Jumper","62-84",""
"02:15","OLOJAKPOKE,EMMANUEL Offensive Rebound","62-84",""
"02:09","JACKSON,ANTINO missed Three Point Jumper","62-84",""
"02:09","JACKSON,AARON Offensive Rebound","62-84",""
"02:03","JACKSON,ANTINO missed Three Point Jumper","62-84",""
"02:03","JACKSON,AARON Offensive Rebound","62-84",""
"01:58","","62-84","MUIRHEAD,SCOTT Commits Foul"
"01:58","JACKSON,AARON missed Free Throw","62-84",""
"01:58","TEAM Deadball Rebound","62-84",""
"01:58","","62-84","JONES,JALEN Enters Game"
"01:58","","62-84","WILSON,KAELON Leaves Game"
"01:58","","62-84","TEAM Commits Foul"
"01:58","JACKSON,ANTINO made Free Throw","63-84",""
"01:58","HUGHES,MICHAEL Enters Game","63-84",""
"01:58","OLOJAKPOKE,EMMANUEL Leaves Game","63-84",""
"01:58","JACKSON,AARON missed Free Throw","63-84",""
"01:58","HUGHES,MICHAEL Offensive Rebound","63-84",""
"01:56","JACKSON,AARON made Three Point Jumper","66-84",""
"01:56","HUGHES,MICHAEL Assist","66-84",""
"01:49","","66-84","TEAM 30 Second Timeout"
"01:49","","66-84","HARRIS,JULIAN Enters Game"
"01:49","","66-84","JONES,JALEN Leaves Game"
"01:29","","66-84","BRYANT,DJ Turnover"
"01:14","CHEATHAM, JR,KWAN missed Three Point Jumper","66-84",""
"01:14","","66-84","KABADYUNDI,LINK Defensive Rebound"
"01:11","HUGHES,MICHAEL Commits Foul","66-84",""
"01:11","","66-85","KABADYUNDI,LINK made Free Throw"
"01:11","","66-85","KABADYUNDI,LINK missed Free Throw"
"01:11","CHEATHAM, JR,KWAN Defensive Rebound","66-85",""
"01:03","JACKSON,AARON Turnover","66-85",""
"00:44","","66-85","MUIRHEAD,SCOTT Turnover"
"00:35","DUNN-MARTIN,TAVIAN made Three Point Jumper","69-85",""
"00:10","","69-85","MUIRHEAD,SCOTT missed Three Point Jumper"
"00:10","JACKSON,ANTINO Defensive Rebound","69-85",""
"00:01","JACKSON,ANTINO Turnover","69-85",""
"00:00","","69-85","HARRIS,JULIAN Steal"
"End of 2nd Half"
