"Date","Time","Period","Time Left","Score","Team","Player","Status","Action","Shot Clock","Lineup","Lineup Time"
"03/11/2017","7:40 p.m.","1st Half","19:44","0-0","Akron","Johnson, Isaiah","missed","Layup","14","Cheatham, Jr., Kwan; Ivey, Jimond; Jackson, Antino; Johnson, Isaiah; Robotham, Noah","0:16"
"03/11/2017","7:40 p.m.","1st Half","19:44","0-0","Kent St.","Hall, Jimmy","","Defensive Rebound","","Avery, Jalen; Edwin, Deon; Hall, Jimmy; Peterson, Mitch; Walker, Jaylin","0:16"
"03/11/2017","7:40 p.m.","1st Half","19:19","2-0","Kent St.","Edwin, Deon","made","Layup","5","Avery, Jalen; Edwin, Deon; Hall, Jimmy; Peterson, Mitch; Walker, Jaylin","0:41"
"03/11/2017","7:40 p.m.","1st Half","19:19","2-0","Kent St.","Hall, Jimmy","","Assist","","Avery, Jalen; Edwin, Deon; Hall, Jimmy; Peterson, Mitch; Walker, Jaylin","0:41"
"03/11/2017","7:40 p.m.","1st Half","18:49","2-2","Akron","Johnson, Isaiah","made","Two Point Jumper","0","Cheatham, Jr., Kwan; Ivey, Jimond; Jackson, Antino; Johnson, Isaiah; Robotham, Noah","1:11"
"03/11/2017","7:40 p.m.","1st Half","18:49","2-2","Akron","Robotham, Noah","","Assist","","Cheatham, Jr., Kwan; Ivey, Jimond; Jackson, Antino; Johnson, Isaiah; Robotham, Noah","1:11"
"03/11/2017","7:40 p.m.","1st Half","18:21","5-2","Kent St.","Walker, Jaylin","made","Three Point Jumper","2","Avery, Jalen; Edwin, Deon; Hall, Jimmy; Peterson, Mitch; Walker, Jaylin","1:39"
"03/11/2017","7:40 p.m.","1st Half","18:03","5-2","Akron","Jackson, Antino","missed","Layup","12","Cheatham, Jr., Kwan; Ivey, Jimond; Jackson, Antino; Johnson, Isaiah; Robotham, Noah","1:57"
"03/11/2017","7:40 p.m.","1st Half","18:03","5-2","Akron","Johnson, Isaiah","","Offensive Rebound","","Cheatham, Jr., Kwan; Ivey, Jimond; Jackson, Antino; Johnson, Isaiah; Robotham, Noah","1:57"
"03/11/2017","7:40 p.m.","1st Half","17:44","5-2","Akron","Ivey, Jimond","missed","Three Point Jumper","11","Cheatham, Jr., Kwan; Ivey, Jimond; Jackson, Antino; Johnson, Isaiah; Robotham, Noah","2:16"
"03/11/2017","7:40 p.m.","1st Half","17:44","5-2","Kent St.","Peterson, Mitch","","Defensive Rebound","","Avery, Jalen; Edwin, Deon; Hall, Jimmy; Peterson, Mitch; Walker, Jaylin","2:16"
"03/11/2017","7:40 p.m.","1st Half","17:31","7-2","Kent St.","Walker, Jaylin","made","Layup","17","Avery, Jalen; Edwin, Deon; Hall, Jimmy; Peterson, Mitch; Walker, Jaylin","2:29"
"03/11/2017","7:40 p.m.","1st Half","17:31","7-2","Kent St.","Hall, Jimmy","","Assist","","Avery, Jalen; Edwin, Deon; Hall, Jimmy; Peterson, Mitch; Walker, Jaylin","2:29"
"03/11/2017","7:40 p.m.","1st Half","17:16","7-2","Akron","Johnson, Isaiah","missed","Layup","15","Cheatham, Jr., Kwan; Ivey, Jimond; Jackson, Antino; Johnson, Isaiah; Robotham, Noah","2:44"
"03/11/2017","7:40 p.m.","1st Half","17:16","7-2","Kent St.","Hall, Jimmy","","Blocked Shot","","Avery, Jalen; Edwin, Deon; Hall, Jimmy; Peterson, Mitch; Walker, Jaylin","2:44"
"03/11/2017","7:40 p.m.","1st Half","17:15","7-2","Kent St.","Hall, Jimmy","","Defensive Rebound","","Avery, Jalen; Edwin, Deon; Hall, Jimmy; Peterson, Mitch; Walker, Jaylin","2:45"
"03/11/2017","7:40 p.m.","1st Half","17:09","7-2","Kent St.","Avery, Jalen","missed","Two Point Jumper","23","Avery, Jalen; Edwin, Deon; Hall, Jimmy; Peterson, Mitch; Walker, Jaylin","2:51"
"03/11/2017","7:40 p.m.","1st Half","17:09","7-2","Akron","Jackson, Antino","","Defensive Rebound","","Cheatham, Jr., Kwan; Ivey, Jimond; Jackson, Antino; Johnson, Isaiah; Robotham, Noah","2:51"
"03/11/2017","7:40 p.m.","1st Half","17:02","7-2","Akron","Jackson, Antino","missed","Layup","23","Cheatham, Jr., Kwan; Ivey, Jimond; Jackson, Antino; Johnson, Isaiah; Robotham, Noah","2:58"
"03/11/2017","7:40 p.m.","1st Half","17:02","7-2","Kent St.","Walker, Jaylin","","Defensive Rebound","","Avery, Jalen; Edwin, Deon; Hall, Jimmy; Peterson, Mitch; Walker, Jaylin","2:58"
"03/11/2017","7:40 p.m.","1st Half","16:54","7-2","Kent St.","Peterson, Mitch","missed","Three Point Jumper","22","Avery, Jalen; Edwin, Deon; Hall, Jimmy; Peterson, Mitch; Walker, Jaylin","3:06"
"03/11/2017","7:40 p.m.","1st Half","16:54","7-2","Akron","Cheatham, Jr., Kwan","","Defensive Rebound","","Cheatham, Jr., Kwan; Ivey, Jimond; Jackson, Antino; Johnson, Isaiah; Robotham, Noah","3:06"
"03/11/2017","7:40 p.m.","1st Half","16:35","7-2","Kent St.","Hall, Jimmy","","Commits Foul","11","Avery, Jalen; Edwin, Deon; Hall, Jimmy; Peterson, Mitch; Walker, Jaylin","3:25"
"03/11/2017","7:40 p.m.","1st Half","16:35","7-2","Akron","Johnson, Isaiah","missed","Free Throw","","Cheatham, Jr., Kwan; Ivey, Jimond; Jackson, Antino; Johnson, Isaiah; Robotham, Noah","3:25"
"03/11/2017","7:40 p.m.","1st Half","16:35","7-2","Akron","Team","","Deadball Rebound","","Cheatham, Jr., Kwan; Ivey, Jimond; Jackson, Antino; Johnson, Isaiah; Robotham, Noah","3:25"
"03/11/2017","7:40 p.m.","1st Half","16:35","7-3","Akron","Johnson, Isaiah","made","Free Throw","","Cheatham, Jr., Kwan; Ivey, Jimond; Jackson, Antino; Johnson, Isaiah; Robotham, Noah","3:25"
"03/11/2017","7:40 p.m.","1st Half","16:08","9-3","Kent St.","Hall, Jimmy","made","Layup","3","Avery, Jalen; Edwin, Deon; Hall, Jimmy; Peterson, Mitch; Walker, Jaylin","3:52"
"03/11/2017","7:40 p.m.","1st Half","16:08","9-3","Kent St.","Edwin, Deon","","Assist","","Avery, Jalen; Edwin, Deon; Hall, Jimmy; Peterson, Mitch; Walker, Jaylin","3:52"
"03/11/2017","7:40 p.m.","1st Half","15:37","9-3","Akron","Team","","Media Timeout","","Cheatham, Jr., Kwan; Ivey, Jimond; Jackson, Antino; Johnson, Isaiah; Robotham, Noah","4:23"
"03/11/2017","7:40 p.m.","1st Half","15:37","9-3","Kent St.","Ridenour, Desmond","","Enters Game","","Avery, Jalen; Edwin, Deon; Hall, Jimmy; Peterson, Mitch; Ridenour, Desmond; Walker, Jaylin","0:00"
"03/11/2017","7:40 p.m.","1st Half","15:37","9-3","Kent St.","Zabo, Kevin","","Enters Game","","Avery, Jalen; Edwin, Deon; Hall, Jimmy; Peterson, Mitch; Ridenour, Desmond; Walker, Jaylin; Zabo, Kevin","0:00"
"03/11/2017","7:40 p.m.","1st Half","15:37","9-3","Kent St.","Peterson, Mitch","","Leaves Game","","Avery, Jalen; Edwin, Deon; Hall, Jimmy; Ridenour, Desmond; Walker, Jaylin; Zabo, Kevin","0:00"
"03/11/2017","7:40 p.m.","1st Half","15:37","9-3","Kent St.","Avery, Jalen","","Leaves Game","","Edwin, Deon; Hall, Jimmy; Ridenour, Desmond; Walker, Jaylin; Zabo, Kevin","0:00"
"03/11/2017","7:40 p.m.","1st Half","15:37","9-3","Akron","Utomi, Daniel","","Enters Game","","Cheatham, Jr., Kwan; Ivey, Jimond; Jackson, Antino; Johnson, Isaiah; Robotham, Noah; Utomi, Daniel","0:00"
"03/11/2017","7:40 p.m.","1st Half","15:37","9-3","Akron","Williams, Josh","","Enters Game","","Cheatham, Jr., Kwan; Ivey, Jimond; Jackson, Antino; Johnson, Isaiah; Robotham, Noah; Utomi, Daniel; Williams, Josh","0:00"
"03/11/2017","7:40 p.m.","1st Half","15:37","9-3","Akron","Jackson, Antino","","Leaves Game","","Cheatham, Jr., Kwan; Ivey, Jimond; Johnson, Isaiah; Robotham, Noah; Utomi, Daniel; Williams, Josh","0:00"
"03/11/2017","7:40 p.m.","1st Half","15:37","9-3","Akron","Cheatham, Jr., Kwan","","Leaves Game","","Ivey, Jimond; Johnson, Isaiah; Robotham, Noah; Utomi, Daniel; Williams, Josh","0:00"
"03/11/2017","7:40 p.m.","1st Half","15:34","9-3","Akron","Johnson, Isaiah","missed","Three Point Jumper","0","Ivey, Jimond; Johnson, Isaiah; Robotham, Noah; Utomi, Daniel; Williams, Josh","0:03"
"03/11/2017","7:40 p.m.","1st Half","15:34","9-3","Kent St.","Hall, Jimmy","","Blocked Shot","","Edwin, Deon; Hall, Jimmy; Ridenour, Desmond; Walker, Jaylin; Zabo, Kevin","0:03"
"03/11/2017","7:40 p.m.","1st Half","15:32","9-3","Kent St.","Hall, Jimmy","","Defensive Rebound","","Edwin, Deon; Hall, Jimmy; Ridenour, Desmond; Walker, Jaylin; Zabo, Kevin","0:05"
"03/11/2017","7:40 p.m.","1st Half","15:14","9-3","Kent St.","Edwin, Deon","missed","Layup","10","Edwin, Deon; Hall, Jimmy; Ridenour, Desmond; Walker, Jaylin; Zabo, Kevin","0:23"
"03/11/2017","7:40 p.m.","1st Half","15:14","9-3","Kent St.","Hall, Jimmy","","Offensive Rebound","","Edwin, Deon; Hall, Jimmy; Ridenour, Desmond; Walker, Jaylin; Zabo, Kevin","0:23"
"03/11/2017","7:40 p.m.","1st Half","15:11","11-3","Kent St.","Hall, Jimmy","made","Tip In","27","Edwin, Deon; Hall, Jimmy; Ridenour, Desmond; Walker, Jaylin; Zabo, Kevin","0:26"
"03/11/2017","7:40 p.m.","1st Half","14:47","11-5","Akron","Robotham, Noah","made","Two Point Jumper","6","Ivey, Jimond; Johnson, Isaiah; Robotham, Noah; Utomi, Daniel; Williams, Josh","0:50"
"03/11/2017","7:40 p.m.","1st Half","14:22","11-5","Kent St.","Ridenour, Desmond","","Turnover","","Edwin, Deon; Hall, Jimmy; Ridenour, Desmond; Walker, Jaylin; Zabo, Kevin","1:15"
"03/11/2017","7:40 p.m.","1st Half","14:21","11-5","Akron","Ivey, Jimond","","Steal","","Ivey, Jimond; Johnson, Isaiah; Robotham, Noah; Utomi, Daniel; Williams, Josh","1:16"
"03/11/2017","7:40 p.m.","1st Half","14:07","11-5","Akron","Utomi, Daniel","missed","Two Point Jumper","15","Ivey, Jimond; Johnson, Isaiah; Robotham, Noah; Utomi, Daniel; Williams, Josh","1:30"
"03/11/2017","7:40 p.m.","1st Half","14:07","11-5","Kent St.","Ridenour, Desmond","","Defensive Rebound","","Edwin, Deon; Hall, Jimmy; Ridenour, Desmond; Walker, Jaylin; Zabo, Kevin","1:30"
"03/11/2017","7:40 p.m.","1st Half","14:00","11-5","Kent St.","De La Rosa, Adonis","","Enters Game","","De La Rosa, Adonis; Edwin, Deon; Hall, Jimmy; Ridenour, Desmond; Walker, Jaylin; Zabo, Kevin","0:00"
"03/11/2017","7:40 p.m.","1st Half","14:00","11-5","Kent St.","Hall, Jimmy","","Leaves Game","","De La Rosa, Adonis; Edwin, Deon; Ridenour, Desmond; Walker, Jaylin; Zabo, Kevin","0:00"
"03/11/2017","7:40 p.m.","1st Half","13:44","11-5","Kent St.","Zabo, Kevin","","Turnover","","De La Rosa, Adonis; Edwin, Deon; Ridenour, Desmond; Walker, Jaylin; Zabo, Kevin","0:16"
"03/11/2017","7:40 p.m.","1st Half","13:43","11-5","Akron","Johnson, Isaiah","","Steal","","Ivey, Jimond; Johnson, Isaiah; Robotham, Noah; Utomi, Daniel; Williams, Josh","1:54"
"03/11/2017","7:40 p.m.","1st Half","13:40","11-7","Akron","Ivey, Jimond","made","Layup","26","Ivey, Jimond; Johnson, Isaiah; Robotham, Noah; Utomi, Daniel; Williams, Josh","1:57"
"03/11/2017","7:40 p.m.","1st Half","13:40","11-7","Akron","Johnson, Isaiah","","Assist","","Ivey, Jimond; Johnson, Isaiah; Robotham, Noah; Utomi, Daniel; Williams, Josh","1:57"
"03/11/2017","7:40 p.m.","1st Half","13:40","11-7","Kent St.","Edwin, Deon","","Commits Foul","","De La Rosa, Adonis; Edwin, Deon; Ridenour, Desmond; Walker, Jaylin; Zabo, Kevin","0:20"
"03/11/2017","7:40 p.m.","1st Half","13:40","11-7","Akron","Ivey, Jimond","missed","Free Throw","","Ivey, Jimond; Johnson, Isaiah; Robotham, Noah; Utomi, Daniel; Williams, Josh","1:57"
"03/11/2017","7:40 p.m.","1st Half","13:40","11-7","Kent St.","Edwin, Deon","","Defensive Rebound","","De La Rosa, Adonis; Edwin, Deon; Ridenour, Desmond; Walker, Jaylin; Zabo, Kevin","0:20"
"03/11/2017","7:40 p.m.","1st Half","13:40","11-7","Kent St.","Peterson, Mitch","","Enters Game","","De La Rosa, Adonis; Edwin, Deon; Peterson, Mitch; Ridenour, Desmond; Walker, Jaylin; Zabo, Kevin","0:00"
"03/11/2017","7:40 p.m.","1st Half","13:40","11-7","Kent St.","Ridenour, Desmond","","Leaves Game","","De La Rosa, Adonis; Edwin, Deon; Peterson, Mitch; Walker, Jaylin; Zabo, Kevin","0:00"
"03/11/2017","7:40 p.m.","1st Half","13:40","11-7","Akron","Olojakpoke, Emmanuel","","Enters Game","","Ivey, Jimond; Johnson, Isaiah; Olojakpoke, Emmanuel; Robotham, Noah; Utomi, Daniel; Williams, Josh","0:00"
"03/11/2017","7:40 p.m.","1st Half","13:40","11-7","Akron","Johnson, Isaiah","","Leaves Game","","Ivey, Jimond; Olojakpoke, Emmanuel; Robotham, Noah; Utomi, Daniel; Williams, Josh","0:00"
"03/11/2017","7:40 p.m.","1st Half","13:22","11-7","Kent St.","Peterson, Mitch","missed","Two Point Jumper","12","De La Rosa, Adonis; Edwin, Deon; Peterson, Mitch; Walker, Jaylin; Zabo, Kevin","0:18"
"03/11/2017","7:40 p.m.","1st Half","13:22","11-7","Akron","Utomi, Daniel","","Defensive Rebound","","Ivey, Jimond; Olojakpoke, Emmanuel; Robotham, Noah; Utomi, Daniel; Williams, Josh","0:18"
"03/11/2017","7:40 p.m.","1st Half","13:16","11-7","Akron","Williams, Josh","missed","Three Point Jumper","24","Ivey, Jimond; Olojakpoke, Emmanuel; Robotham, Noah; Utomi, Daniel; Williams, Josh","0:24"
"03/11/2017","7:40 p.m.","1st Half","13:16","11-7","Akron","Williams, Josh","","Offensive Rebound","","Ivey, Jimond; Olojakpoke, Emmanuel; Robotham, Noah; Utomi, Daniel; Williams, Josh","0:24"
"03/11/2017","7:40 p.m.","1st Half","13:11","11-7","Kent St.","De La Rosa, Adonis","","Commits Foul","25","De La Rosa, Adonis; Edwin, Deon; Peterson, Mitch; Walker, Jaylin; Zabo, Kevin","0:29"
"03/11/2017","7:40 p.m.","1st Half","13:11","11-8","Akron","Williams, Josh","made","Free Throw","","Ivey, Jimond; Olojakpoke, Emmanuel; Robotham, Noah; Utomi, Daniel; Williams, Josh","0:29"
"03/11/2017","7:40 p.m.","1st Half","13:11","11-8","Akron","Williams, Josh","missed","Free Throw","","Ivey, Jimond; Olojakpoke, Emmanuel; Robotham, Noah; Utomi, Daniel; Williams, Josh","0:29"
"03/11/2017","7:40 p.m.","1st Half","13:11","11-8","Kent St.","Hall, Jimmy","","Defensive Rebound","","De La Rosa, Adonis; Edwin, Deon; Hall, Jimmy; Peterson, Mitch; Walker, Jaylin; Zabo, Kevin","0:00"
"03/11/2017","7:40 p.m.","1st Half","13:11","11-8","Kent St.","Hall, Jimmy","","Enters Game","","De La Rosa, Adonis; Edwin, Deon; Hall, Jimmy; Peterson, Mitch; Walker, Jaylin; Zabo, Kevin","0:00"
"03/11/2017","7:40 p.m.","1st Half","13:11","11-8","Kent St.","Avery, Jalen","","Enters Game","","Avery, Jalen; De La Rosa, Adonis; Edwin, Deon; Hall, Jimmy; Peterson, Mitch; Walker, Jaylin; Zabo, Kevin","0:00"
"03/11/2017","7:40 p.m.","1st Half","13:11","11-8","Kent St.","Edwin, Deon","","Leaves Game","","Avery, Jalen; De La Rosa, Adonis; Hall, Jimmy; Peterson, Mitch; Walker, Jaylin; Zabo, Kevin","0:00"
"03/11/2017","7:40 p.m.","1st Half","13:11","11-8","Kent St.","Walker, Jaylin","","Leaves Game","","Avery, Jalen; De La Rosa, Adonis; Hall, Jimmy; Peterson, Mitch; Zabo, Kevin","0:00"
"03/11/2017","7:40 p.m.","1st Half","13:11","11-8","Akron","Cheatham, Jr., Kwan","","Enters Game","","Cheatham, Jr., Kwan; Ivey, Jimond; Olojakpoke, Emmanuel; Robotham, Noah; Utomi, Daniel; Williams, Josh","0:00"
"03/11/2017","7:40 p.m.","1st Half","13:11","11-8","Akron","Utomi, Daniel","","Leaves Game","","Cheatham, Jr., Kwan; Ivey, Jimond; Olojakpoke, Emmanuel; Robotham, Noah; Williams, Josh","0:00"
"03/11/2017","7:40 p.m.","1st Half","12:53","11-8","Akron","Ivey, Jimond","","Commits Foul","12","Cheatham, Jr., Kwan; Ivey, Jimond; Olojakpoke, Emmanuel; Robotham, Noah; Williams, Josh","0:18"
"03/11/2017","7:40 p.m.","1st Half","12:33","11-8","Kent St.","Zabo, Kevin","missed","Layup","10","Avery, Jalen; De La Rosa, Adonis; Hall, Jimmy; Peterson, Mitch; Zabo, Kevin","0:38"
"03/11/2017","7:40 p.m.","1st Half","12:33","11-8","Akron","Ivey, Jimond","","Defensive Rebound","","Cheatham, Jr., Kwan; Ivey, Jimond; Olojakpoke, Emmanuel; Robotham, Noah; Williams, Josh","0:38"
"03/11/2017","7:40 p.m.","1st Half","12:28","11-8","Akron","Williams, Josh","missed","Three Point Jumper","25","Cheatham, Jr., Kwan; Ivey, Jimond; Olojakpoke, Emmanuel; Robotham, Noah; Williams, Josh","0:43"
"03/11/2017","7:40 p.m.","1st Half","12:28","11-8","Akron","Team","","Offensive Rebound","","Cheatham, Jr., Kwan; Ivey, Jimond; Olojakpoke, Emmanuel; Robotham, Noah; Williams, Josh","0:43"
"03/11/2017","7:40 p.m.","1st Half","12:13","11-8","Kent St.","De La Rosa, Adonis","","Commits Foul","15","Avery, Jalen; De La Rosa, Adonis; Hall, Jimmy; Peterson, Mitch; Zabo, Kevin","0:58"
"03/11/2017","7:40 p.m.","1st Half","12:13","11-8","Kent St.","Edwin, Deon","","Enters Game","","Avery, Jalen; De La Rosa, Adonis; Edwin, Deon; Hall, Jimmy; Peterson, Mitch; Zabo, Kevin","0:00"
"03/11/2017","7:40 p.m.","1st Half","12:13","11-8","Kent St.","De La Rosa, Adonis","","Leaves Game","","Avery, Jalen; Edwin, Deon; Hall, Jimmy; Peterson, Mitch; Zabo, Kevin","0:00"
"03/11/2017","7:40 p.m.","1st Half","11:57","11-8","Kent St.","Peterson, Mitch","","Commits Foul","14","Avery, Jalen; Edwin, Deon; Hall, Jimmy; Peterson, Mitch; Zabo, Kevin","0:16"
"03/11/2017","7:40 p.m.","1st Half","11:57","11-8","Akron","Team","","Timeout","","Cheatham, Jr., Kwan; Ivey, Jimond; Olojakpoke, Emmanuel; Robotham, Noah; Williams, Josh","1:14"
"03/11/2017","7:40 p.m.","1st Half","11:57","11-8","Kent St.","Walker, Jaylin","","Enters Game","","Avery, Jalen; Edwin, Deon; Hall, Jimmy; Peterson, Mitch; Walker, Jaylin; Zabo, Kevin","0:00"
"03/11/2017","7:40 p.m.","1st Half","11:57","11-8","Kent St.","Zabo, Kevin","","Leaves Game","","Avery, Jalen; Edwin, Deon; Hall, Jimmy; Peterson, Mitch; Walker, Jaylin","4:23"
"03/11/2017","7:40 p.m.","1st Half","11:57","11-8","Akron","Dunn-Martin, Tavian","","Enters Game","","Cheatham, Jr., Kwan; Dunn-Martin, Tavian; Ivey, Jimond; Olojakpoke, Emmanuel; Robotham, Noah; Williams, Josh","0:00"
"03/11/2017","7:40 p.m.","1st Half","11:57","11-8","Akron","Robotham, Noah","","Leaves Game","","Cheatham, Jr., Kwan; Dunn-Martin, Tavian; Ivey, Jimond; Olojakpoke, Emmanuel; Williams, Josh","0:00"
"03/11/2017","7:40 p.m.","1st Half","11:45","11-8","Akron","Williams, Josh","","Turnover","","Cheatham, Jr., Kwan; Dunn-Martin, Tavian; Ivey, Jimond; Olojakpoke, Emmanuel; Williams, Josh","0:12"
"03/11/2017","7:40 p.m.","1st Half","11:45","11-8","Akron","Jackson, Antino","","Enters Game","","Cheatham, Jr., Kwan; Dunn-Martin, Tavian; Ivey, Jimond; Jackson, Antino; Olojakpoke, Emmanuel; Williams, Josh","0:00"
"03/11/2017","7:40 p.m.","1st Half","11:45","11-8","Akron","Williams, Josh","","Leaves Game","","Cheatham, Jr., Kwan; Dunn-Martin, Tavian; Ivey, Jimond; Jackson, Antino; Olojakpoke, Emmanuel","0:00"
"03/11/2017","7:40 p.m.","1st Half","11:31","13-8","Kent St.","Hall, Jimmy","made","Layup","16","Avery, Jalen; Edwin, Deon; Hall, Jimmy; Peterson, Mitch; Walker, Jaylin","4:49"
"03/11/2017","7:40 p.m.","1st Half","11:31","13-8","Kent St.","Peterson, Mitch","","Assist","","Avery, Jalen; Edwin, Deon; Hall, Jimmy; Peterson, Mitch; Walker, Jaylin","4:49"
"03/11/2017","7:40 p.m.","1st Half","11:14","13-10","Akron","Olojakpoke, Emmanuel","made","Layup","13","Cheatham, Jr., Kwan; Dunn-Martin, Tavian; Ivey, Jimond; Jackson, Antino; Olojakpoke, Emmanuel","0:31"
"03/11/2017","7:40 p.m.","1st Half","11:14","13-10","Akron","Dunn-Martin, Tavian","","Assist","","Cheatham, Jr., Kwan; Dunn-Martin, Tavian; Ivey, Jimond; Jackson, Antino; Olojakpoke, Emmanuel","0:31"
"03/11/2017","7:40 p.m.","1st Half","10:58","13-10","Kent St.","Hall, Jimmy","missed","Layup","14","Avery, Jalen; Edwin, Deon; Hall, Jimmy; Peterson, Mitch; Walker, Jaylin","5:22"
"03/11/2017","7:40 p.m.","1st Half","10:58","13-10","Akron","Cheatham, Jr., Kwan","","Defensive Rebound","","Cheatham, Jr., Kwan; Dunn-Martin, Tavian; Ivey, Jimond; Jackson, Antino; Olojakpoke, Emmanuel","0:47"
"03/11/2017","7:40 p.m.","1st Half","10:49","13-10","Akron","Dunn-Martin, Tavian","missed","Two Point Jumper","21","Cheatham, Jr., Kwan; Dunn-Martin, Tavian; Ivey, Jimond; Jackson, Antino; Olojakpoke, Emmanuel","0:56"
"03/11/2017","7:40 p.m.","1st Half","10:49","13-10","Kent St.","Hall, Jimmy","","Defensive Rebound","","Avery, Jalen; Edwin, Deon; Hall, Jimmy; Peterson, Mitch; Walker, Jaylin","5:31"
"03/11/2017","7:40 p.m.","1st Half","10:42","13-10","Akron","Jackson, Antino","","Commits Foul","23","Cheatham, Jr., Kwan; Dunn-Martin, Tavian; Ivey, Jimond; Jackson, Antino; Olojakpoke, Emmanuel","1:03"
"03/11/2017","7:40 p.m.","1st Half","10:41","13-10","Akron","Johnson, Isaiah","","Enters Game","","Cheatham, Jr., Kwan; Dunn-Martin, Tavian; Ivey, Jimond; Jackson, Antino; Johnson, Isaiah; Olojakpoke, Emmanuel","0:00"
"03/11/2017","7:40 p.m.","1st Half","10:41","13-10","Akron","Olojakpoke, Emmanuel","","Leaves Game","","Cheatham, Jr., Kwan; Dunn-Martin, Tavian; Ivey, Jimond; Jackson, Antino; Johnson, Isaiah","0:00"
"03/11/2017","7:40 p.m.","1st Half","10:30","13-10","Kent St.","Walker, Jaylin","missed","Two Point Jumper","18","Avery, Jalen; Edwin, Deon; Hall, Jimmy; Peterson, Mitch; Walker, Jaylin","5:50"
"03/11/2017","7:40 p.m.","1st Half","10:30","13-10","Akron","Cheatham, Jr., Kwan","","Defensive Rebound","","Cheatham, Jr., Kwan; Dunn-Martin, Tavian; Ivey, Jimond; Jackson, Antino; Johnson, Isaiah","0:11"
"03/11/2017","7:40 p.m.","1st Half","10:28","13-10","Kent St.","Hall, Jimmy","","Commits Foul","28","Avery, Jalen; Edwin, Deon; Hall, Jimmy; Peterson, Mitch; Walker, Jaylin","5:52"
"03/11/2017","7:40 p.m.","1st Half","10:28","13-10","Kent St.","De La Rosa, Adonis","","Enters Game","","Avery, Jalen; De La Rosa, Adonis; Edwin, Deon; Hall, Jimmy; Peterson, Mitch; Walker, Jaylin","0:00"
"03/11/2017","7:40 p.m.","1st Half","10:28","13-10","Kent St.","Hall, Jimmy","","Leaves Game","","Avery, Jalen; De La Rosa, Adonis; Edwin, Deon; Peterson, Mitch; Walker, Jaylin","0:00"
"03/11/2017","7:40 p.m.","1st Half","10:10","13-10","Akron","Johnson, Isaiah","missed","Two Point Jumper","12","Cheatham, Jr., Kwan; Dunn-Martin, Tavian; Ivey, Jimond; Jackson, Antino; Johnson, Isaiah","0:31"
"03/11/2017","7:40 p.m.","1st Half","10:10","13-10","Kent St.","De La Rosa, Adonis","","Blocked Shot","","Avery, Jalen; De La Rosa, Adonis; Edwin, Deon; Peterson, Mitch; Walker, Jaylin","0:18"
"03/11/2017","7:40 p.m.","1st Half","10:08","13-10","Kent St.","Edwin, Deon","","Defensive Rebound","","Avery, Jalen; De La Rosa, Adonis; Edwin, Deon; Peterson, Mitch; Walker, Jaylin","0:20"
"03/11/2017","7:40 p.m.","1st Half","09:51","15-10","Kent St.","Walker, Jaylin","made","Layup","11","Avery, Jalen; De La Rosa, Adonis; Edwin, Deon; Peterson, Mitch; Walker, Jaylin","0:37"
"03/11/2017","7:40 p.m.","1st Half","09:51","15-10","Kent St.","Avery, Jalen","","Assist","","Avery, Jalen; De La Rosa, Adonis; Edwin, Deon; Peterson, Mitch; Walker, Jaylin","0:37"
"03/11/2017","7:40 p.m.","1st Half","09:31","15-12","Akron","Ivey, Jimond","made","Layup","10","Cheatham, Jr., Kwan; Dunn-Martin, Tavian; Ivey, Jimond; Jackson, Antino; Johnson, Isaiah","1:10"
"03/11/2017","7:40 p.m.","1st Half","09:31","15-12","Akron","Jackson, Antino","","Assist","","Cheatham, Jr., Kwan; Dunn-Martin, Tavian; Ivey, Jimond; Jackson, Antino; Johnson, Isaiah","1:10"
"03/11/2017","7:40 p.m.","1st Half","09:08","15-12","Kent St.","Walker, Jaylin","missed","Two Point Jumper","7","Avery, Jalen; De La Rosa, Adonis; Edwin, Deon; Peterson, Mitch; Walker, Jaylin","1:20"
"03/11/2017","7:40 p.m.","1st Half","09:08","15-12","Akron","Dunn-Martin, Tavian","","Defensive Rebound","","Cheatham, Jr., Kwan; Dunn-Martin, Tavian; Ivey, Jimond; Jackson, Antino; Johnson, Isaiah","1:33"
"03/11/2017","7:40 p.m.","1st Half","09:01","15-12","Akron","Cheatham, Jr., Kwan","","Turnover","","Cheatham, Jr., Kwan; Dunn-Martin, Tavian; Ivey, Jimond; Jackson, Antino; Johnson, Isaiah","1:40"
"03/11/2017","7:40 p.m.","1st Half","08:35","15-12","Kent St.","Peterson, Mitch","missed","Two Point Jumper","4","Avery, Jalen; De La Rosa, Adonis; Edwin, Deon; Peterson, Mitch; Walker, Jaylin","1:53"
"03/11/2017","7:40 p.m.","1st Half","08:35","15-12","Akron","Johnson, Isaiah","","Defensive Rebound","","Cheatham, Jr., Kwan; Dunn-Martin, Tavian; Ivey, Jimond; Jackson, Antino; Johnson, Isaiah","2:06"
"03/11/2017","7:40 p.m.","1st Half","08:16","15-12","Akron","Cheatham, Jr., Kwan","","Commits Foul","11","Cheatham, Jr., Kwan; Dunn-Martin, Tavian; Ivey, Jimond; Jackson, Antino; Johnson, Isaiah","2:25"
"03/11/2017","7:40 p.m.","1st Half","08:16","15-12","Akron","Cheatham, Jr., Kwan","","Turnover","","Cheatham, Jr., Kwan; Dunn-Martin, Tavian; Ivey, Jimond; Jackson, Antino; Johnson, Isaiah","2:25"
"03/11/2017","7:40 p.m.","1st Half","08:16","15-12","Kent St.","De La Rosa, Adonis","","Steal","","Avery, Jalen; De La Rosa, Adonis; Edwin, Deon; Peterson, Mitch; Walker, Jaylin","2:12"
"03/11/2017","7:40 p.m.","1st Half","08:16","15-12","Kent St.","Zabo, Kevin","","Enters Game","","Avery, Jalen; De La Rosa, Adonis; Edwin, Deon; Peterson, Mitch; Walker, Jaylin; Zabo, Kevin","0:00"
"03/11/2017","7:40 p.m.","1st Half","08:16","15-12","Kent St.","Peterson, Mitch","","Leaves Game","","Avery, Jalen; De La Rosa, Adonis; Edwin, Deon; Walker, Jaylin; Zabo, Kevin","0:00"
"03/11/2017","7:40 p.m.","1st Half","08:16","15-12","Akron","Robotham, Noah","","Enters Game","","Cheatham, Jr., Kwan; Dunn-Martin, Tavian; Ivey, Jimond; Jackson, Antino; Johnson, Isaiah; Robotham, Noah","0:00"
"03/11/2017","7:40 p.m.","1st Half","08:16","15-12","Akron","Dunn-Martin, Tavian","","Leaves Game","","Cheatham, Jr., Kwan; Ivey, Jimond; Jackson, Antino; Johnson, Isaiah; Robotham, Noah","4:23"
"03/11/2017","7:40 p.m.","1st Half","08:02","15-12","Kent St.","Zabo, Kevin","missed","Three Point Jumper","16","Avery, Jalen; De La Rosa, Adonis; Edwin, Deon; Walker, Jaylin; Zabo, Kevin","0:14"
"03/11/2017","7:40 p.m.","1st Half","08:02","15-12","Akron","Team","","Defensive Rebound","","Cheatham, Jr., Kwan; Ivey, Jimond; Jackson, Antino; Johnson, Isaiah; Robotham, Noah","4:37"
"03/11/2017","7:40 p.m.","1st Half","07:58","15-12","Akron","Team","","Media Timeout","","Cheatham, Jr., Kwan; Ivey, Jimond; Jackson, Antino; Johnson, Isaiah; Robotham, Noah","4:41"
"03/11/2017","7:40 p.m.","1st Half","07:34","15-14","Akron","Johnson, Isaiah","made","Layup","2","Cheatham, Jr., Kwan; Ivey, Jimond; Jackson, Antino; Johnson, Isaiah; Robotham, Noah","5:05"
"03/11/2017","7:40 p.m.","1st Half","07:12","17-14","Kent St.","Walker, Jaylin","made","Two Point Jumper","8","Avery, Jalen; De La Rosa, Adonis; Edwin, Deon; Walker, Jaylin; Zabo, Kevin","1:04"
"03/11/2017","7:40 p.m.","1st Half","06:39","17-16","Akron","Johnson, Isaiah","made","Two Point Jumper","0","Cheatham, Jr., Kwan; Ivey, Jimond; Jackson, Antino; Johnson, Isaiah; Robotham, Noah","6:00"
"03/11/2017","7:40 p.m.","1st Half","06:19","17-16","Kent St.","De La Rosa, Adonis","missed","Two Point Jumper","10","Avery, Jalen; De La Rosa, Adonis; Edwin, Deon; Walker, Jaylin; Zabo, Kevin","1:57"
"03/11/2017","7:40 p.m.","1st Half","06:19","17-16","Akron","Cheatham, Jr., Kwan","","Defensive Rebound","","Cheatham, Jr., Kwan; Ivey, Jimond; Jackson, Antino; Johnson, Isaiah; Robotham, Noah","6:20"
"03/11/2017","7:40 p.m.","1st Half","06:00","17-16","Akron","Johnson, Isaiah","","Turnover","","Cheatham, Jr., Kwan; Ivey, Jimond; Jackson, Antino; Johnson, Isaiah; Robotham, Noah","6:39"
"03/11/2017","7:40 p.m.","1st Half","06:00","17-16","Kent St.","Zabo, Kevin","","Steal","","Avery, Jalen; De La Rosa, Adonis; Edwin, Deon; Walker, Jaylin; Zabo, Kevin","2:16"
"03/11/2017","7:40 p.m.","1st Half","06:00","17-16","Akron","Williams, Josh","","Enters Game","","Cheatham, Jr., Kwan; Ivey, Jimond; Jackson, Antino; Johnson, Isaiah; Robotham, Noah; Williams, Josh","0:00"
"03/11/2017","7:40 p.m.","1st Half","06:00","17-16","Akron","Ivey, Jimond","","Leaves Game","","Cheatham, Jr., Kwan; Jackson, Antino; Johnson, Isaiah; Robotham, Noah; Williams, Josh","0:00"
"03/11/2017","7:40 p.m.","1st Half","05:39","17-16","Kent St.","Walker, Jaylin","missed","Three Point Jumper","9","Avery, Jalen; De La Rosa, Adonis; Edwin, Deon; Walker, Jaylin; Zabo, Kevin","2:37"
"03/11/2017","7:40 p.m.","1st Half","05:39","17-16","Akron","Jackson, Antino","","Defensive Rebound","","Cheatham, Jr., Kwan; Jackson, Antino; Johnson, Isaiah; Robotham, Noah; Williams, Josh","0:21"
"03/11/2017","7:40 p.m.","1st Half","05:26","17-16","Akron","Robotham, Noah","","Turnover","","Cheatham, Jr., Kwan; Jackson, Antino; Johnson, Isaiah; Robotham, Noah; Williams, Josh","0:34"
"03/11/2017","7:40 p.m.","1st Half","05:26","17-16","Akron","Utomi, Daniel","","Enters Game","","Cheatham, Jr., Kwan; Jackson, Antino; Johnson, Isaiah; Robotham, Noah; Utomi, Daniel; Williams, Josh","0:00"
"03/11/2017","7:40 p.m.","1st Half","05:26","17-16","Akron","Cheatham, Jr., Kwan","","Leaves Game","","Jackson, Antino; Johnson, Isaiah; Robotham, Noah; Utomi, Daniel; Williams, Josh","0:00"
"03/11/2017","7:40 p.m.","1st Half","05:00","17-16","Akron","Johnson, Isaiah","","Commits Foul","4","Jackson, Antino; Johnson, Isaiah; Robotham, Noah; Utomi, Daniel; Williams, Josh","0:26"
"03/11/2017","7:40 p.m.","1st Half","05:00","18-16","Kent St.","Zabo, Kevin","made","Free Throw","","Avery, Jalen; De La Rosa, Adonis; Edwin, Deon; Walker, Jaylin; Zabo, Kevin","3:16"
"03/11/2017","7:40 p.m.","1st Half","05:00","19-16","Kent St.","Zabo, Kevin","made","Free Throw","","Avery, Jalen; De La Rosa, Adonis; Edwin, Deon; Walker, Jaylin; Zabo, Kevin","3:16"
"03/11/2017","7:40 p.m.","1st Half","04:44","19-16","Kent St.","De La Rosa, Adonis","","Commits Foul","14","Avery, Jalen; De La Rosa, Adonis; Edwin, Deon; Walker, Jaylin; Zabo, Kevin","3:32"
"03/11/2017","7:40 p.m.","1st Half","04:44","19-17","Akron","Johnson, Isaiah","made","Free Throw","","Jackson, Antino; Johnson, Isaiah; Robotham, Noah; Utomi, Daniel; Williams, Josh","0:42"
"03/11/2017","7:40 p.m.","1st Half","04:44","19-17","Akron","Johnson, Isaiah","missed","Free Throw","","Jackson, Antino; Johnson, Isaiah; Robotham, Noah; Utomi, Daniel; Williams, Josh","0:42"
"03/11/2017","7:40 p.m.","1st Half","04:44","19-17","Kent St.","Hall, Jimmy","","Defensive Rebound","","Avery, Jalen; De La Rosa, Adonis; Edwin, Deon; Hall, Jimmy; Walker, Jaylin; Zabo, Kevin","0:00"
"03/11/2017","7:40 p.m.","1st Half","04:44","19-17","Kent St.","Hall, Jimmy","","Enters Game","","Avery, Jalen; De La Rosa, Adonis; Edwin, Deon; Hall, Jimmy; Walker, Jaylin; Zabo, Kevin","0:00"
"03/11/2017","7:40 p.m.","1st Half","04:44","19-17","Kent St.","De La Rosa, Adonis","","Leaves Game","","Avery, Jalen; Edwin, Deon; Hall, Jimmy; Walker, Jaylin; Zabo, Kevin","0:00"
"03/11/2017","7:40 p.m.","1st Half","04:23","19-17","Kent St.","Walker, Jaylin","missed","Three Point Jumper","9","Avery, Jalen; Edwin, Deon; Hall, Jimmy; Walker, Jaylin; Zabo, Kevin","0:21"
"03/11/2017","7:40 p.m.","1st Half","04:23","19-17","Kent St.","Edwin, Deon","","Offensive Rebound","","Avery, Jalen; Edwin, Deon; Hall, Jimmy; Walker, Jaylin; Zabo, Kevin","0:21"
"03/11/2017","7:40 p.m.","1st Half","04:18","21-17","Kent St.","Hall, Jimmy","made","Layup","25","Avery, Jalen; Edwin, Deon; Hall, Jimmy; Walker, Jaylin; Zabo, Kevin","0:26"
"03/11/2017","7:40 p.m.","1st Half","04:18","21-17","Kent St.","Edwin, Deon","","Assist","","Avery, Jalen; Edwin, Deon; Hall, Jimmy; Walker, Jaylin; Zabo, Kevin","0:26"
"03/11/2017","7:40 p.m.","1st Half","03:56","21-19","Akron","Williams, Josh","made","Two Point Jumper","8","Jackson, Antino; Johnson, Isaiah; Robotham, Noah; Utomi, Daniel; Williams, Josh","1:30"
"03/11/2017","7:40 p.m.","1st Half","03:33","21-19","Kent St.","Edwin, Deon","missed","Three Point Jumper","7","Avery, Jalen; Edwin, Deon; Hall, Jimmy; Walker, Jaylin; Zabo, Kevin","1:11"
"03/11/2017","7:40 p.m.","1st Half","03:33","21-19","Akron","Jackson, Antino","","Defensive Rebound","","Jackson, Antino; Johnson, Isaiah; Robotham, Noah; Utomi, Daniel; Williams, Josh","1:53"
"03/11/2017","7:40 p.m.","1st Half","03:25","21-22","Akron","Williams, Josh","made","Three Point Jumper","22","Jackson, Antino; Johnson, Isaiah; Robotham, Noah; Utomi, Daniel; Williams, Josh","2:01"
"03/11/2017","7:40 p.m.","1st Half","03:25","21-22","Akron","Jackson, Antino","","Assist","","Jackson, Antino; Johnson, Isaiah; Robotham, Noah; Utomi, Daniel; Williams, Josh","2:01"
"03/11/2017","7:40 p.m.","1st Half","02:52","23-22","Kent St.","Hall, Jimmy","made","Two Point Jumper","0","Avery, Jalen; Edwin, Deon; Hall, Jimmy; Walker, Jaylin; Zabo, Kevin","1:52"
"03/11/2017","7:40 p.m.","1st Half","02:52","23-22","Kent St.","Avery, Jalen","","Assist","","Avery, Jalen; Edwin, Deon; Hall, Jimmy; Walker, Jaylin; Zabo, Kevin","1:52"
"03/11/2017","7:40 p.m.","1st Half","02:20","23-22","Akron","Williams, Josh","missed","Two Point Jumper","0","Jackson, Antino; Johnson, Isaiah; Robotham, Noah; Utomi, Daniel; Williams, Josh","3:06"
"03/11/2017","7:40 p.m.","1st Half","02:20","23-22","Kent St.","Hall, Jimmy","","Defensive Rebound","","Avery, Jalen; Edwin, Deon; Hall, Jimmy; Walker, Jaylin; Zabo, Kevin","2:24"
"03/11/2017","7:40 p.m.","1st Half","01:56","25-22","Kent St.","Zabo, Kevin","made","Two Point Jumper","6","Avery, Jalen; Edwin, Deon; Hall, Jimmy; Walker, Jaylin; Zabo, Kevin","2:48"
"03/11/2017","7:40 p.m.","1st Half","01:31","25-22","Akron","Utomi, Daniel","missed","Three Point Jumper","5","Jackson, Antino; Johnson, Isaiah; Robotham, Noah; Utomi, Daniel; Williams, Josh","3:55"
"03/11/2017","7:40 p.m.","1st Half","01:31","25-22","Kent St.","Edwin, Deon","","Defensive Rebound","","Avery, Jalen; Edwin, Deon; Hall, Jimmy; Walker, Jaylin; Zabo, Kevin","3:13"
"03/11/2017","7:40 p.m.","1st Half","01:25","25-22","Kent St.","Edwin, Deon","","Commits Foul","24","Avery, Jalen; Edwin, Deon; Hall, Jimmy; Walker, Jaylin; Zabo, Kevin","3:19"
"03/11/2017","7:40 p.m.","1st Half","01:25","25-22","Kent St.","Edwin, Deon","","Turnover","","Avery, Jalen; Edwin, Deon; Hall, Jimmy; Walker, Jaylin; Zabo, Kevin","3:19"
"03/11/2017","7:40 p.m.","1st Half","01:25","25-22","Akron","Team","","Timeout","","Jackson, Antino; Johnson, Isaiah; Robotham, Noah; Utomi, Daniel; Williams, Josh","4:01"
"03/11/2017","7:40 p.m.","1st Half","01:25","25-22","Kent St.","Peterson, Mitch","","Enters Game","","Avery, Jalen; Edwin, Deon; Hall, Jimmy; Peterson, Mitch; Walker, Jaylin; Zabo, Kevin","0:00"
"03/11/2017","7:40 p.m.","1st Half","01:25","25-22","Kent St.","Pippen, Danny","","Enters Game","","Avery, Jalen; Edwin, Deon; Hall, Jimmy; Peterson, Mitch; Pippen, Danny; Walker, Jaylin; Zabo, Kevin","0:00"
"03/11/2017","7:40 p.m.","1st Half","01:25","25-22","Kent St.","Hall, Jimmy","","Leaves Game","","Avery, Jalen; Edwin, Deon; Peterson, Mitch; Pippen, Danny; Walker, Jaylin; Zabo, Kevin","0:00"
"03/11/2017","7:40 p.m.","1st Half","01:25","25-22","Kent St.","Edwin, Deon","","Leaves Game","","Avery, Jalen; Peterson, Mitch; Pippen, Danny; Walker, Jaylin; Zabo, Kevin","0:00"
"03/11/2017","7:40 p.m.","1st Half","01:25","25-22","Akron","Dunn-Martin, Tavian","","Enters Game","","Dunn-Martin, Tavian; Jackson, Antino; Johnson, Isaiah; Robotham, Noah; Utomi, Daniel; Williams, Josh","0:00"
"03/11/2017","7:40 p.m.","1st Half","01:25","25-22","Akron","Olojakpoke, Emmanuel","","Enters Game","","Dunn-Martin, Tavian; Jackson, Antino; Johnson, Isaiah; Olojakpoke, Emmanuel; Robotham, Noah; Utomi, Daniel; Williams, Josh","0:00"
"03/11/2017","7:40 p.m.","1st Half","01:25","25-22","Akron","Cheatham, Jr., Kwan","","Enters Game","","Cheatham, Jr., Kwan; Dunn-Martin, Tavian; Jackson, Antino; Johnson, Isaiah; Olojakpoke, Emmanuel; Robotham, Noah; Utomi, Daniel; Williams, Josh","0:00"
"03/11/2017","7:40 p.m.","1st Half","01:25","25-22","Akron","Ivey, Jimond","","Enters Game","","Cheatham, Jr., Kwan; Dunn-Martin, Tavian; Ivey, Jimond; Jackson, Antino; Johnson, Isaiah; Olojakpoke, Emmanuel; Robotham, Noah; Utomi, Daniel; Williams, Josh","0:00"
"03/11/2017","7:40 p.m.","1st Half","01:25","25-22","Akron","Johnson, Isaiah","","Leaves Game","","Cheatham, Jr., Kwan; Dunn-Martin, Tavian; Ivey, Jimond; Jackson, Antino; Olojakpoke, Emmanuel; Robotham, Noah; Utomi, Daniel; Williams, Josh","0:00"
"03/11/2017","7:40 p.m.","1st Half","01:25","25-22","Akron","Utomi, Daniel","","Leaves Game","","Cheatham, Jr., Kwan; Dunn-Martin, Tavian; Ivey, Jimond; Jackson, Antino; Olojakpoke, Emmanuel; Robotham, Noah; Williams, Josh","0:00"
"03/11/2017","7:40 p.m.","1st Half","01:25","25-22","Akron","Robotham, Noah","","Leaves Game","","Cheatham, Jr., Kwan; Dunn-Martin, Tavian; Ivey, Jimond; Jackson, Antino; Olojakpoke, Emmanuel; Williams, Josh","0:00"
"03/11/2017","7:40 p.m.","1st Half","01:25","25-22","Akron","Jackson, Antino","","Leaves Game","","Cheatham, Jr., Kwan; Dunn-Martin, Tavian; Ivey, Jimond; Olojakpoke, Emmanuel; Williams, Josh","0:12"
"03/11/2017","7:40 p.m.","1st Half","01:21","25-22","Akron","Olojakpoke, Emmanuel","missed","Layup","26","Cheatham, Jr., Kwan; Dunn-Martin, Tavian; Ivey, Jimond; Olojakpoke, Emmanuel; Williams, Josh","0:16"
"03/11/2017","7:40 p.m.","1st Half","01:21","25-22","Kent St.","Pippen, Danny","","Defensive Rebound","","Avery, Jalen; Peterson, Mitch; Pippen, Danny; Walker, Jaylin; Zabo, Kevin","0:04"
"03/11/2017","7:40 p.m.","1st Half","00:57","25-22","Kent St.","Zabo, Kevin","missed","Three Point Jumper","6","Avery, Jalen; Peterson, Mitch; Pippen, Danny; Walker, Jaylin; Zabo, Kevin","0:28"
"03/11/2017","7:40 p.m.","1st Half","00:57","25-22","Kent St.","Walker, Jaylin","","Offensive Rebound","","Avery, Jalen; Peterson, Mitch; Pippen, Danny; Walker, Jaylin; Zabo, Kevin","0:28"
"03/11/2017","7:40 p.m.","1st Half","00:49","25-22","Kent St.","Team","","Second Timeout","","Avery, Jalen; Peterson, Mitch; Pippen, Danny; Walker, Jaylin; Zabo, Kevin","0:36"
"03/11/2017","7:40 p.m.","1st Half","00:49","25-22","Akron","Robotham, Noah","","Enters Game","","Cheatham, Jr., Kwan; Dunn-Martin, Tavian; Ivey, Jimond; Olojakpoke, Emmanuel; Robotham, Noah; Williams, Josh","0:00"
"03/11/2017","7:40 p.m.","1st Half","00:49","25-22","Akron","Johnson, Isaiah","","Enters Game","","Cheatham, Jr., Kwan; Dunn-Martin, Tavian; Ivey, Jimond; Johnson, Isaiah; Olojakpoke, Emmanuel; Robotham, Noah; Williams, Josh","0:00"
"03/11/2017","7:40 p.m.","1st Half","00:49","25-22","Akron","Dunn-Martin, Tavian","","Leaves Game","","Cheatham, Jr., Kwan; Ivey, Jimond; Johnson, Isaiah; Olojakpoke, Emmanuel; Robotham, Noah; Williams, Josh","0:00"
"03/11/2017","7:40 p.m.","1st Half","00:49","25-22","Akron","Olojakpoke, Emmanuel","","Leaves Game","","Cheatham, Jr., Kwan; Ivey, Jimond; Johnson, Isaiah; Robotham, Noah; Williams, Josh","0:00"
"03/11/2017","7:40 p.m.","1st Half","00:34","27-22","Kent St.","Walker, Jaylin","made","Two Point Jumper","7","Avery, Jalen; Peterson, Mitch; Pippen, Danny; Walker, Jaylin; Zabo, Kevin","0:51"
"03/11/2017","7:40 p.m.","1st Half","00:06","27-24","Akron","Johnson, Isaiah","made","Layup","2","Cheatham, Jr., Kwan; Ivey, Jimond; Johnson, Isaiah; Robotham, Noah; Williams, Josh","0:43"
"03/11/2017","7:40 p.m.","2nd Half","19:43","27-24","Akron","Cheatham, Jr., Kwan","","Turnover","","Cheatham, Jr., Kwan; Ivey, Jimond; Jackson, Antino; Johnson, Isaiah; Robotham, Noah","0:17"
"03/11/2017","7:40 p.m.","2nd Half","19:42","27-24","Kent St.","Edwin, Deon","","Steal","","Avery, Jalen; Edwin, Deon; Hall, Jimmy; Peterson, Mitch; Walker, Jaylin","0:18"
"03/11/2017","7:40 p.m.","2nd Half","19:38","29-24","Kent St.","Edwin, Deon","made","Layup","25","Avery, Jalen; Edwin, Deon; Hall, Jimmy; Peterson, Mitch; Walker, Jaylin","0:22"
"03/11/2017","7:40 p.m.","2nd Half","19:38","29-24","Akron","Ivey, Jimond","","Commits Foul","","Cheatham, Jr., Kwan; Ivey, Jimond; Jackson, Antino; Johnson, Isaiah; Robotham, Noah","0:22"
"03/11/2017","7:40 p.m.","2nd Half","19:38","30-24","Kent St.","Edwin, Deon","made","Free Throw","","Avery, Jalen; Edwin, Deon; Hall, Jimmy; Peterson, Mitch; Walker, Jaylin","0:22"
"03/11/2017","7:40 p.m.","2nd Half","19:17","30-24","Akron","Cheatham, Jr., Kwan","missed","Three Point Jumper","9","Cheatham, Jr., Kwan; Ivey, Jimond; Jackson, Antino; Johnson, Isaiah; Robotham, Noah","0:43"
"03/11/2017","7:40 p.m.","2nd Half","19:17","30-24","Kent St.","Team","","Defensive Rebound","","Avery, Jalen; Edwin, Deon; Hall, Jimmy; Peterson, Mitch; Walker, Jaylin","0:43"
"03/11/2017","7:40 p.m.","2nd Half","18:47","32-24","Kent St.","Walker, Jaylin","made","Two Point Jumper","0","Avery, Jalen; Edwin, Deon; Hall, Jimmy; Peterson, Mitch; Walker, Jaylin","1:13"
"03/11/2017","7:40 p.m.","2nd Half","18:20","32-24","Akron","Jackson, Antino","missed","Three Point Jumper","3","Cheatham, Jr., Kwan; Ivey, Jimond; Jackson, Antino; Johnson, Isaiah; Robotham, Noah","1:40"
"03/11/2017","7:40 p.m.","2nd Half","18:20","32-24","Akron","Cheatham, Jr., Kwan","","Offensive Rebound","","Cheatham, Jr., Kwan; Ivey, Jimond; Jackson, Antino; Johnson, Isaiah; Robotham, Noah","1:40"
"03/11/2017","7:40 p.m.","2nd Half","18:15","32-24","Akron","Cheatham, Jr., Kwan","missed","Tip In","25","Cheatham, Jr., Kwan; Ivey, Jimond; Jackson, Antino; Johnson, Isaiah; Robotham, Noah","1:45"
"03/11/2017","7:40 p.m.","2nd Half","18:15","32-24","Kent St.","Avery, Jalen","","Defensive Rebound","","Avery, Jalen; Edwin, Deon; Hall, Jimmy; Peterson, Mitch; Walker, Jaylin","1:45"
"03/11/2017","7:40 p.m.","2nd Half","18:10","32-24","Kent St.","Walker, Jaylin","missed","Three Point Jumper","25","Avery, Jalen; Edwin, Deon; Hall, Jimmy; Peterson, Mitch; Walker, Jaylin","1:50"
"03/11/2017","7:40 p.m.","2nd Half","18:10","32-24","Akron","Cheatham, Jr., Kwan","","Defensive Rebound","","Cheatham, Jr., Kwan; Ivey, Jimond; Jackson, Antino; Johnson, Isaiah; Robotham, Noah","1:50"
"03/11/2017","7:40 p.m.","2nd Half","18:02","32-26","Akron","Ivey, Jimond","made","Layup","22","Cheatham, Jr., Kwan; Ivey, Jimond; Jackson, Antino; Johnson, Isaiah; Robotham, Noah","1:58"
"03/11/2017","7:40 p.m.","2nd Half","18:02","32-26","Akron","Cheatham, Jr., Kwan","","Assist","","Cheatham, Jr., Kwan; Ivey, Jimond; Jackson, Antino; Johnson, Isaiah; Robotham, Noah","1:58"
"03/11/2017","7:40 p.m.","2nd Half","18:02","32-26","Kent St.","Edwin, Deon","","Commits Foul","","Avery, Jalen; Edwin, Deon; Hall, Jimmy; Peterson, Mitch; Walker, Jaylin","1:58"
"03/11/2017","7:40 p.m.","2nd Half","18:02","32-26","Akron","Ivey, Jimond","missed","Free Throw","","Cheatham, Jr., Kwan; Ivey, Jimond; Jackson, Antino; Johnson, Isaiah; Robotham, Noah","1:58"
"03/11/2017","7:40 p.m.","2nd Half","18:02","32-26","Kent St.","Edwin, Deon","","Defensive Rebound","","Avery, Jalen; Edwin, Deon; Hall, Jimmy; Peterson, Mitch; Walker, Jaylin","1:58"
"03/11/2017","7:40 p.m.","2nd Half","17:42","34-26","Kent St.","Walker, Jaylin","made","Two Point Jumper","10","Avery, Jalen; Edwin, Deon; Hall, Jimmy; Peterson, Mitch; Walker, Jaylin","2:18"
"03/11/2017","7:40 p.m.","2nd Half","17:14","34-28","Akron","Cheatham, Jr., Kwan","made","Two Point Jumper","2","Cheatham, Jr., Kwan; Ivey, Jimond; Jackson, Antino; Johnson, Isaiah; Robotham, Noah","2:46"
"03/11/2017","7:40 p.m.","2nd Half","16:43","34-28","Kent St.","Hall, Jimmy","missed","Two Point Jumper","0","Avery, Jalen; Edwin, Deon; Hall, Jimmy; Peterson, Mitch; Walker, Jaylin","3:17"
"03/11/2017","7:40 p.m.","2nd Half","16:43","34-28","Akron","Johnson, Isaiah","","Defensive Rebound","","Cheatham, Jr., Kwan; Ivey, Jimond; Jackson, Antino; Johnson, Isaiah; Robotham, Noah","3:17"
"03/11/2017","7:40 p.m.","2nd Half","16:30","34-28","Akron","Cheatham, Jr., Kwan","missed","Three Point Jumper","17","Cheatham, Jr., Kwan; Ivey, Jimond; Jackson, Antino; Johnson, Isaiah; Robotham, Noah","3:30"
"03/11/2017","7:40 p.m.","2nd Half","16:30","34-28","Kent St.","Walker, Jaylin","","Defensive Rebound","","Avery, Jalen; Edwin, Deon; Hall, Jimmy; Peterson, Mitch; Walker, Jaylin","3:30"
"03/11/2017","7:40 p.m.","2nd Half","16:08","36-28","Kent St.","Hall, Jimmy","made","Two Point Jumper","8","Avery, Jalen; Edwin, Deon; Hall, Jimmy; Peterson, Mitch; Walker, Jaylin","3:52"
"03/11/2017","7:40 p.m.","2nd Half","15:57","36-28","Kent St.","Walker, Jaylin","","Commits Foul","19","Avery, Jalen; Edwin, Deon; Hall, Jimmy; Peterson, Mitch; Walker, Jaylin","4:03"
"03/11/2017","7:40 p.m.","2nd Half","15:57","36-29","Akron","Johnson, Isaiah","made","Free Throw","","Cheatham, Jr., Kwan; Ivey, Jimond; Jackson, Antino; Johnson, Isaiah; Robotham, Noah","4:03"
"03/11/2017","7:40 p.m.","2nd Half","15:57","36-30","Akron","Johnson, Isaiah","made","Free Throw","","Cheatham, Jr., Kwan; Ivey, Jimond; Jackson, Antino; Johnson, Isaiah; Robotham, Noah","4:03"
"03/11/2017","7:40 p.m.","2nd Half","15:57","36-30","Kent St.","Zabo, Kevin","","Enters Game","","Avery, Jalen; Edwin, Deon; Hall, Jimmy; Peterson, Mitch; Walker, Jaylin; Zabo, Kevin","0:00"
"03/11/2017","7:40 p.m.","2nd Half","15:57","36-30","Kent St.","Edwin, Deon","","Leaves Game","","Avery, Jalen; Hall, Jimmy; Peterson, Mitch; Walker, Jaylin; Zabo, Kevin","0:00"
"03/11/2017","7:40 p.m.","2nd Half","15:29","36-30","Kent St.","Hall, Jimmy","","Turnover","","Avery, Jalen; Hall, Jimmy; Peterson, Mitch; Walker, Jaylin; Zabo, Kevin","0:28"
"03/11/2017","7:40 p.m.","2nd Half","15:01","36-32","Akron","Johnson, Isaiah","made","Layup","2","Cheatham, Jr., Kwan; Ivey, Jimond; Jackson, Antino; Johnson, Isaiah; Robotham, Noah","4:59"
"03/11/2017","7:40 p.m.","2nd Half","15:01","36-32","Akron","Jackson, Antino","","Assist","","Cheatham, Jr., Kwan; Ivey, Jimond; Jackson, Antino; Johnson, Isaiah; Robotham, Noah","4:59"
"03/11/2017","7:40 p.m.","2nd Half","14:37","36-32","Kent St.","Walker, Jaylin","","Turnover","","Avery, Jalen; Hall, Jimmy; Peterson, Mitch; Walker, Jaylin; Zabo, Kevin","1:20"
"03/11/2017","7:40 p.m.","2nd Half","14:36","36-32","Akron","Jackson, Antino","","Steal","","Cheatham, Jr., Kwan; Ivey, Jimond; Jackson, Antino; Johnson, Isaiah; Robotham, Noah","5:24"
"03/11/2017","7:40 p.m.","2nd Half","14:34","36-32","Akron","Robotham, Noah","missed","Three Point Jumper","27","Cheatham, Jr., Kwan; Ivey, Jimond; Jackson, Antino; Johnson, Isaiah; Robotham, Noah","5:26"
"03/11/2017","7:40 p.m.","2nd Half","14:34","36-32","Akron","Ivey, Jimond","","Offensive Rebound","","Cheatham, Jr., Kwan; Ivey, Jimond; Jackson, Antino; Johnson, Isaiah; Robotham, Noah","5:26"
"03/11/2017","7:40 p.m.","2nd Half","14:30","36-34","Akron","Ivey, Jimond","made","Tip In","26","Cheatham, Jr., Kwan; Ivey, Jimond; Jackson, Antino; Johnson, Isaiah; Robotham, Noah","5:30"
"03/11/2017","7:40 p.m.","2nd Half","14:06","39-34","Kent St.","Walker, Jaylin","made","Three Point Jumper","6","Avery, Jalen; Hall, Jimmy; Peterson, Mitch; Walker, Jaylin; Zabo, Kevin","1:51"
"03/11/2017","7:40 p.m.","2nd Half","14:06","39-34","Kent St.","Hall, Jimmy","","Assist","","Avery, Jalen; Hall, Jimmy; Peterson, Mitch; Walker, Jaylin; Zabo, Kevin","1:51"
"03/11/2017","7:40 p.m.","2nd Half","13:46","39-34","Akron","Johnson, Isaiah","missed","Layup","10","Cheatham, Jr., Kwan; Ivey, Jimond; Jackson, Antino; Johnson, Isaiah; Robotham, Noah","6:14"
"03/11/2017","7:40 p.m.","2nd Half","13:46","39-34","Kent St.","Hall, Jimmy","","Blocked Shot","","Avery, Jalen; Hall, Jimmy; Peterson, Mitch; Walker, Jaylin; Zabo, Kevin","2:11"
"03/11/2017","7:40 p.m.","2nd Half","13:45","39-34","Akron","Team","","Offensive Rebound","","Cheatham, Jr., Kwan; Ivey, Jimond; Jackson, Antino; Johnson, Isaiah; Robotham, Noah","6:15"
"03/11/2017","7:40 p.m.","2nd Half","13:43","39-34","Kent St.","Edwin, Deon","","Enters Game","","Avery, Jalen; Edwin, Deon; Hall, Jimmy; Peterson, Mitch; Walker, Jaylin; Zabo, Kevin","0:00"
"03/11/2017","7:40 p.m.","2nd Half","13:43","39-34","Kent St.","Peterson, Mitch","","Leaves Game","","Avery, Jalen; Edwin, Deon; Hall, Jimmy; Walker, Jaylin; Zabo, Kevin","0:00"
"03/11/2017","7:40 p.m.","2nd Half","13:38","39-34","Akron","Jackson, Antino","missed","Three Point Jumper","22","Cheatham, Jr., Kwan; Ivey, Jimond; Jackson, Antino; Johnson, Isaiah; Robotham, Noah","6:22"
"03/11/2017","7:40 p.m.","2nd Half","13:38","39-34","Akron","Robotham, Noah","","Offensive Rebound","","Cheatham, Jr., Kwan; Ivey, Jimond; Jackson, Antino; Johnson, Isaiah; Robotham, Noah","6:22"
"03/11/2017","7:40 p.m.","2nd Half","13:20","39-37","Akron","Jackson, Antino","made","Three Point Jumper","12","Cheatham, Jr., Kwan; Ivey, Jimond; Jackson, Antino; Johnson, Isaiah; Robotham, Noah","6:40"
"03/11/2017","7:40 p.m.","2nd Half","13:20","39-37","Akron","Robotham, Noah","","Assist","","Cheatham, Jr., Kwan; Ivey, Jimond; Jackson, Antino; Johnson, Isaiah; Robotham, Noah","6:40"
"03/11/2017","7:40 p.m.","2nd Half","13:02","39-37","Akron","Cheatham, Jr., Kwan","","Commits Foul","12","Cheatham, Jr., Kwan; Ivey, Jimond; Jackson, Antino; Johnson, Isaiah; Robotham, Noah","6:58"
"03/11/2017","7:40 p.m.","2nd Half","13:02","39-37","Kent St.","Hall, Jimmy","missed","Free Throw","","Avery, Jalen; Edwin, Deon; Hall, Jimmy; Walker, Jaylin; Zabo, Kevin","0:41"
"03/11/2017","7:40 p.m.","2nd Half","13:02","39-37","Kent St.","Team","","Deadball Rebound","","Avery, Jalen; Edwin, Deon; Hall, Jimmy; Walker, Jaylin; Zabo, Kevin","0:41"
"03/11/2017","7:40 p.m.","2nd Half","13:02","40-37","Kent St.","Hall, Jimmy","made","Free Throw","","Avery, Jalen; Edwin, Deon; Hall, Jimmy; Walker, Jaylin; Zabo, Kevin","0:41"
"03/11/2017","7:40 p.m.","2nd Half","13:02","40-37","Kent St.","De La Rosa, Adonis","","Enters Game","","Avery, Jalen; De La Rosa, Adonis; Edwin, Deon; Hall, Jimmy; Walker, Jaylin; Zabo, Kevin","0:00"
"03/11/2017","7:40 p.m.","2nd Half","13:02","40-37","Kent St.","Hall, Jimmy","","Leaves Game","","Avery, Jalen; De La Rosa, Adonis; Edwin, Deon; Walker, Jaylin; Zabo, Kevin","0:00"
"03/11/2017","7:40 p.m.","2nd Half","12:41","40-39","Akron","Johnson, Isaiah","made","Layup","9","Cheatham, Jr., Kwan; Ivey, Jimond; Jackson, Antino; Johnson, Isaiah; Robotham, Noah","7:19"
"03/11/2017","7:40 p.m.","2nd Half","12:41","40-39","Akron","Jackson, Antino","","Assist","","Cheatham, Jr., Kwan; Ivey, Jimond; Jackson, Antino; Johnson, Isaiah; Robotham, Noah","7:19"
"03/11/2017","7:40 p.m.","2nd Half","12:16","43-39","Kent St.","Edwin, Deon","made","Three Point Jumper","5","Avery, Jalen; De La Rosa, Adonis; Edwin, Deon; Walker, Jaylin; Zabo, Kevin","0:46"
"03/11/2017","7:40 p.m.","2nd Half","12:16","43-39","Kent St.","Avery, Jalen","","Assist","","Avery, Jalen; De La Rosa, Adonis; Edwin, Deon; Walker, Jaylin; Zabo, Kevin","0:46"
"03/11/2017","7:40 p.m.","2nd Half","11:52","43-41","Akron","Johnson, Isaiah","made","Layup","6","Cheatham, Jr., Kwan; Ivey, Jimond; Jackson, Antino; Johnson, Isaiah; Robotham, Noah","8:08"
"03/11/2017","7:40 p.m.","2nd Half","11:52","43-41","Akron","Robotham, Noah","","Assist","","Cheatham, Jr., Kwan; Ivey, Jimond; Jackson, Antino; Johnson, Isaiah; Robotham, Noah","8:08"
"03/11/2017","7:40 p.m.","2nd Half","11:42","43-41","Kent St.","Team","","Team Timeout","","Avery, Jalen; De La Rosa, Adonis; Edwin, Deon; Walker, Jaylin; Zabo, Kevin","1:20"
"03/11/2017","7:40 p.m.","2nd Half","11:42","43-41","Kent St.","Hall, Jimmy","","Enters Game","","Avery, Jalen; De La Rosa, Adonis; Edwin, Deon; Hall, Jimmy; Walker, Jaylin; Zabo, Kevin","0:00"
"03/11/2017","7:40 p.m.","2nd Half","11:42","43-41","Kent St.","De La Rosa, Adonis","","Leaves Game","","Avery, Jalen; Edwin, Deon; Hall, Jimmy; Walker, Jaylin; Zabo, Kevin","0:41"
"03/11/2017","7:40 p.m.","2nd Half","11:42","43-41","Akron","Williams, Josh","","Enters Game","","Cheatham, Jr., Kwan; Ivey, Jimond; Jackson, Antino; Johnson, Isaiah; Robotham, Noah; Williams, Josh","0:00"
"03/11/2017","7:40 p.m.","2nd Half","11:42","43-41","Akron","Utomi, Daniel","","Enters Game","","Cheatham, Jr., Kwan; Ivey, Jimond; Jackson, Antino; Johnson, Isaiah; Robotham, Noah; Utomi, Daniel; Williams, Josh","0:00"
"03/11/2017","7:40 p.m.","2nd Half","11:42","43-41","Akron","Cheatham, Jr., Kwan","","Leaves Game","","Ivey, Jimond; Jackson, Antino; Johnson, Isaiah; Robotham, Noah; Utomi, Daniel; Williams, Josh","0:00"
"03/11/2017","7:40 p.m.","2nd Half","11:42","43-41","Akron","Jackson, Antino","","Leaves Game","","Ivey, Jimond; Johnson, Isaiah; Robotham, Noah; Utomi, Daniel; Williams, Josh","0:00"
"03/11/2017","7:40 p.m.","2nd Half","11:27","43-41","Akron","Utomi, Daniel","","Commits Foul","5","Ivey, Jimond; Johnson, Isaiah; Robotham, Noah; Utomi, Daniel; Williams, Josh","0:15"
"03/11/2017","7:40 p.m.","2nd Half","11:27","43-41","Kent St.","Team","","Timeout","","Avery, Jalen; Edwin, Deon; Hall, Jimmy; Walker, Jaylin; Zabo, Kevin","0:56"
"03/11/2017","7:40 p.m.","2nd Half","11:27","43-41","Kent St.","Edwin, Deon","missed","Free Throw","","Avery, Jalen; Edwin, Deon; Hall, Jimmy; Walker, Jaylin; Zabo, Kevin","0:56"
"03/11/2017","7:40 p.m.","2nd Half","11:27","43-41","Kent St.","Team","","Deadball Rebound","","Avery, Jalen; Edwin, Deon; Hall, Jimmy; Walker, Jaylin; Zabo, Kevin","0:56"
"03/11/2017","7:40 p.m.","2nd Half","11:27","43-41","Kent St.","Edwin, Deon","missed","Free Throw","","Avery, Jalen; Edwin, Deon; Hall, Jimmy; Walker, Jaylin; Zabo, Kevin","0:56"
"03/11/2017","7:40 p.m.","2nd Half","11:27","43-41","Akron","Utomi, Daniel","","Defensive Rebound","","Ivey, Jimond; Johnson, Isaiah; Robotham, Noah; Utomi, Daniel; Williams, Josh","0:15"
"03/11/2017","7:40 p.m.","2nd Half","11:15","43-43","Akron","Johnson, Isaiah","made","Layup","18","Ivey, Jimond; Johnson, Isaiah; Robotham, Noah; Utomi, Daniel; Williams, Josh","0:27"
"03/11/2017","7:40 p.m.","2nd Half","11:15","43-43","Akron","Robotham, Noah","","Assist","","Ivey, Jimond; Johnson, Isaiah; Robotham, Noah; Utomi, Daniel; Williams, Josh","0:27"
"03/11/2017","7:40 p.m.","2nd Half","11:15","43-43","Kent St.","Hall, Jimmy","","Commits Foul","","Avery, Jalen; Edwin, Deon; Hall, Jimmy; Walker, Jaylin; Zabo, Kevin","1:08"
"03/11/2017","7:40 p.m.","2nd Half","11:15","43-43","Akron","Johnson, Isaiah","missed","Free Throw","","Ivey, Jimond; Johnson, Isaiah; Robotham, Noah; Utomi, Daniel; Williams, Josh","0:27"
"03/11/2017","7:40 p.m.","2nd Half","11:15","43-43","Kent St.","Zabo, Kevin","","Defensive Rebound","","Avery, Jalen; Edwin, Deon; Hall, Jimmy; Walker, Jaylin; Zabo, Kevin","1:08"
"03/11/2017","7:40 p.m.","2nd Half","11:00","45-43","Kent St.","Zabo, Kevin","made","Layup","15","Avery, Jalen; Edwin, Deon; Hall, Jimmy; Walker, Jaylin; Zabo, Kevin","1:23"
"03/11/2017","7:40 p.m.","2nd Half","10:44","45-46","Akron","Williams, Josh","made","Three Point Jumper","14","Ivey, Jimond; Johnson, Isaiah; Robotham, Noah; Utomi, Daniel; Williams, Josh","0:58"
"03/11/2017","7:40 p.m.","2nd Half","10:44","45-46","Akron","Robotham, Noah","","Assist","","Ivey, Jimond; Johnson, Isaiah; Robotham, Noah; Utomi, Daniel; Williams, Josh","0:58"
"03/11/2017","7:40 p.m.","2nd Half","10:22","47-46","Kent St.","Hall, Jimmy","made","Layup","8","Avery, Jalen; Edwin, Deon; Hall, Jimmy; Walker, Jaylin; Zabo, Kevin","2:01"
"03/11/2017","7:40 p.m.","2nd Half","09:58","47-46","Akron","Ivey, Jimond","","Turnover","","Ivey, Jimond; Johnson, Isaiah; Robotham, Noah; Utomi, Daniel; Williams, Josh","1:44"
"03/11/2017","7:40 p.m.","2nd Half","09:34","47-46","Kent St.","Hall, Jimmy","","Turnover","","Avery, Jalen; Edwin, Deon; Hall, Jimmy; Walker, Jaylin; Zabo, Kevin","2:49"
"03/11/2017","7:40 p.m.","2nd Half","09:19","47-46","Akron","Utomi, Daniel","missed","Two Point Jumper","15","Ivey, Jimond; Johnson, Isaiah; Robotham, Noah; Utomi, Daniel; Williams, Josh","2:23"
"03/11/2017","7:40 p.m.","2nd Half","09:19","47-46","Akron","Williams, Josh","","Offensive Rebound","","Ivey, Jimond; Johnson, Isaiah; Robotham, Noah; Utomi, Daniel; Williams, Josh","2:23"
"03/11/2017","7:40 p.m.","2nd Half","09:02","47-49","Akron","Williams, Josh","made","Three Point Jumper","13","Ivey, Jimond; Johnson, Isaiah; Robotham, Noah; Utomi, Daniel; Williams, Josh","2:40"
"03/11/2017","7:40 p.m.","2nd Half","08:34","47-49","Kent St.","Avery, Jalen","missed","Three Point Jumper","2","Avery, Jalen; Edwin, Deon; Hall, Jimmy; Walker, Jaylin; Zabo, Kevin","3:49"
"03/11/2017","7:40 p.m.","2nd Half","08:34","47-49","Akron","Johnson, Isaiah","","Defensive Rebound","","Ivey, Jimond; Johnson, Isaiah; Robotham, Noah; Utomi, Daniel; Williams, Josh","3:08"
"03/11/2017","7:40 p.m.","2nd Half","08:09","47-49","Akron","Robotham, Noah","missed","Three Point Jumper","5","Ivey, Jimond; Johnson, Isaiah; Robotham, Noah; Utomi, Daniel; Williams, Josh","3:33"
"03/11/2017","7:40 p.m.","2nd Half","08:09","47-49","Kent St.","Walker, Jaylin","","Defensive Rebound","","Avery, Jalen; Edwin, Deon; Hall, Jimmy; Walker, Jaylin; Zabo, Kevin","4:14"
"03/11/2017","7:40 p.m.","2nd Half","07:59","47-49","Akron","Johnson, Isaiah","","Commits Foul","20","Ivey, Jimond; Johnson, Isaiah; Robotham, Noah; Utomi, Daniel; Williams, Josh","3:43"
"03/11/2017","7:40 p.m.","2nd Half","07:59","47-49","Kent St.","Team","","Media Timeout","","Avery, Jalen; Edwin, Deon; Hall, Jimmy; Walker, Jaylin; Zabo, Kevin","4:24"
"03/11/2017","7:40 p.m.","2nd Half","07:59","48-49","Kent St.","Zabo, Kevin","made","Free Throw","","Avery, Jalen; Edwin, Deon; Hall, Jimmy; Walker, Jaylin; Zabo, Kevin","4:24"
"03/11/2017","7:40 p.m.","2nd Half","07:59","49-49","Kent St.","Zabo, Kevin","made","Free Throw","","Avery, Jalen; Edwin, Deon; Hall, Jimmy; Walker, Jaylin; Zabo, Kevin","4:24"
"03/11/2017","7:40 p.m.","2nd Half","07:59","49-49","Kent St.","Peterson, Mitch","","Enters Game","","Avery, Jalen; Edwin, Deon; Hall, Jimmy; Peterson, Mitch; Walker, Jaylin; Zabo, Kevin","0:00"
"03/11/2017","7:40 p.m.","2nd Half","07:59","49-49","Kent St.","Avery, Jalen","","Leaves Game","","Edwin, Deon; Hall, Jimmy; Peterson, Mitch; Walker, Jaylin; Zabo, Kevin","0:00"
"03/11/2017","7:40 p.m.","2nd Half","07:59","49-49","Akron","Jackson, Antino","","Enters Game","","Ivey, Jimond; Jackson, Antino; Johnson, Isaiah; Robotham, Noah; Utomi, Daniel; Williams, Josh","0:00"
"03/11/2017","7:40 p.m.","2nd Half","07:59","49-49","Akron","Cheatham, Jr., Kwan","","Enters Game","","Cheatham, Jr., Kwan; Ivey, Jimond; Jackson, Antino; Johnson, Isaiah; Robotham, Noah; Utomi, Daniel; Williams, Josh","0:00"
"03/11/2017","7:40 p.m.","2nd Half","07:59","49-49","Akron","Robotham, Noah","","Leaves Game","","Cheatham, Jr., Kwan; Ivey, Jimond; Jackson, Antino; Johnson, Isaiah; Utomi, Daniel; Williams, Josh","0:00"
"03/11/2017","7:40 p.m.","2nd Half","07:59","49-49","Akron","Utomi, Daniel","","Leaves Game","","Cheatham, Jr., Kwan; Ivey, Jimond; Jackson, Antino; Johnson, Isaiah; Williams, Josh","0:00"
"03/11/2017","7:40 p.m.","2nd Half","07:45","49-49","Akron","Williams, Josh","missed","Two Point Jumper","16","Cheatham, Jr., Kwan; Ivey, Jimond; Jackson, Antino; Johnson, Isaiah; Williams, Josh","0:14"
"03/11/2017","7:40 p.m.","2nd Half","07:45","49-49","Kent St.","Edwin, Deon","","Defensive Rebound","","Edwin, Deon; Hall, Jimmy; Peterson, Mitch; Walker, Jaylin; Zabo, Kevin","0:14"
"03/11/2017","7:40 p.m.","2nd Half","07:25","51-49","Kent St.","Walker, Jaylin","made","Two Point Jumper","10","Edwin, Deon; Hall, Jimmy; Peterson, Mitch; Walker, Jaylin; Zabo, Kevin","0:34"
"03/11/2017","7:40 p.m.","2nd Half","06:57","51-49","Akron","Johnson, Isaiah","","Turnover","","Cheatham, Jr., Kwan; Ivey, Jimond; Jackson, Antino; Johnson, Isaiah; Williams, Josh","1:02"
"03/11/2017","7:40 p.m.","2nd Half","06:36","51-49","Kent St.","Walker, Jaylin","missed","Three Point Jumper","9","Edwin, Deon; Hall, Jimmy; Peterson, Mitch; Walker, Jaylin; Zabo, Kevin","1:23"
"03/11/2017","7:40 p.m.","2nd Half","06:36","51-49","Akron","Team","","Defensive Rebound","","Cheatham, Jr., Kwan; Ivey, Jimond; Jackson, Antino; Johnson, Isaiah; Williams, Josh","1:23"
"03/11/2017","7:40 p.m.","2nd Half","06:31","51-49","Akron","Robotham, Noah","","Enters Game","","Cheatham, Jr., Kwan; Ivey, Jimond; Jackson, Antino; Johnson, Isaiah; Robotham, Noah; Williams, Josh","0:00"
"03/11/2017","7:40 p.m.","2nd Half","06:31","51-49","Akron","Williams, Josh","","Leaves Game","","Cheatham, Jr., Kwan; Ivey, Jimond; Jackson, Antino; Johnson, Isaiah; Robotham, Noah","8:18"
"03/11/2017","7:40 p.m.","2nd Half","06:02","51-49","Akron","Robotham, Noah","missed","Two Point Jumper","0","Cheatham, Jr., Kwan; Ivey, Jimond; Jackson, Antino; Johnson, Isaiah; Robotham, Noah","8:47"
"03/11/2017","7:40 p.m.","2nd Half","06:02","51-49","Kent St.","Peterson, Mitch","","Defensive Rebound","","Edwin, Deon; Hall, Jimmy; Peterson, Mitch; Walker, Jaylin; Zabo, Kevin","1:57"
"03/11/2017","7:40 p.m.","2nd Half","05:54","53-49","Kent St.","Hall, Jimmy","made","Dunk","22","Edwin, Deon; Hall, Jimmy; Peterson, Mitch; Walker, Jaylin; Zabo, Kevin","2:05"
"03/11/2017","7:40 p.m.","2nd Half","05:54","53-49","Kent St.","Peterson, Mitch","","Assist","","Edwin, Deon; Hall, Jimmy; Peterson, Mitch; Walker, Jaylin; Zabo, Kevin","2:05"
"03/11/2017","7:40 p.m.","2nd Half","05:32","53-49","Akron","Cheatham, Jr., Kwan","missed","Three Point Jumper","8","Cheatham, Jr., Kwan; Ivey, Jimond; Jackson, Antino; Johnson, Isaiah; Robotham, Noah","9:17"
"03/11/2017","7:40 p.m.","2nd Half","05:32","53-49","Kent St.","Team","","Defensive Rebound","","Edwin, Deon; Hall, Jimmy; Peterson, Mitch; Walker, Jaylin; Zabo, Kevin","2:27"
"03/11/2017","7:40 p.m.","2nd Half","05:14","53-49","Kent St.","Zabo, Kevin","missed","Layup","12","Edwin, Deon; Hall, Jimmy; Peterson, Mitch; Walker, Jaylin; Zabo, Kevin","2:45"
"03/11/2017","7:40 p.m.","2nd Half","05:14","53-49","Kent St.","Walker, Jaylin","","Offensive Rebound","","Edwin, Deon; Hall, Jimmy; Peterson, Mitch; Walker, Jaylin; Zabo, Kevin","2:45"
"03/11/2017","7:40 p.m.","2nd Half","05:11","55-49","Kent St.","Walker, Jaylin","made","Tip In","27","Edwin, Deon; Hall, Jimmy; Peterson, Mitch; Walker, Jaylin; Zabo, Kevin","2:48"
"03/11/2017","7:40 p.m.","2nd Half","04:43","55-49","Akron","Jackson, Antino","missed","Layup","2","Cheatham, Jr., Kwan; Ivey, Jimond; Jackson, Antino; Johnson, Isaiah; Robotham, Noah","10:06"
"03/11/2017","7:40 p.m.","2nd Half","04:43","55-49","Akron","Team","","Offensive Rebound","","Cheatham, Jr., Kwan; Ivey, Jimond; Jackson, Antino; Johnson, Isaiah; Robotham, Noah","10:06"
"03/11/2017","7:40 p.m.","2nd Half","04:34","55-49","Akron","Johnson, Isaiah","","Turnover","","Cheatham, Jr., Kwan; Ivey, Jimond; Jackson, Antino; Johnson, Isaiah; Robotham, Noah","10:15"
"03/11/2017","7:40 p.m.","2nd Half","04:33","55-49","Kent St.","Edwin, Deon","","Steal","","Edwin, Deon; Hall, Jimmy; Peterson, Mitch; Walker, Jaylin; Zabo, Kevin","3:26"
"03/11/2017","7:40 p.m.","2nd Half","04:24","55-49","Kent St.","Hall, Jimmy","missed","Layup","20","Edwin, Deon; Hall, Jimmy; Peterson, Mitch; Walker, Jaylin; Zabo, Kevin","3:35"
"03/11/2017","7:40 p.m.","2nd Half","04:24","55-49","Akron","Cheatham, Jr., Kwan","","Blocked Shot","","Cheatham, Jr., Kwan; Ivey, Jimond; Jackson, Antino; Johnson, Isaiah; Robotham, Noah","10:25"
"03/11/2017","7:40 p.m.","2nd Half","04:24","55-49","Kent St.","Walker, Jaylin","","Offensive Rebound","","Edwin, Deon; Hall, Jimmy; Peterson, Mitch; Walker, Jaylin; Zabo, Kevin","3:35"
"03/11/2017","7:40 p.m.","2nd Half","04:24","55-49","Akron","Jackson, Antino","","Commits Foul","","Cheatham, Jr., Kwan; Ivey, Jimond; Jackson, Antino; Johnson, Isaiah; Robotham, Noah","10:25"
"03/11/2017","7:40 p.m.","2nd Half","04:24","56-49","Kent St.","Walker, Jaylin","made","Free Throw","","Edwin, Deon; Hall, Jimmy; Peterson, Mitch; Walker, Jaylin; Zabo, Kevin","3:35"
"03/11/2017","7:40 p.m.","2nd Half","04:24","57-49","Kent St.","Walker, Jaylin","made","Free Throw","","Edwin, Deon; Hall, Jimmy; Peterson, Mitch; Walker, Jaylin; Zabo, Kevin","3:35"
"03/11/2017","7:40 p.m.","2nd Half","04:12","57-49","Akron","Jackson, Antino","missed","Three Point Jumper","18","Cheatham, Jr., Kwan; Ivey, Jimond; Jackson, Antino; Johnson, Isaiah; Robotham, Noah","10:37"
"03/11/2017","7:40 p.m.","2nd Half","04:12","57-49","Akron","Ivey, Jimond","","Offensive Rebound","","Cheatham, Jr., Kwan; Ivey, Jimond; Jackson, Antino; Johnson, Isaiah; Robotham, Noah","10:37"
"03/11/2017","7:40 p.m.","2nd Half","04:10","57-49","Kent St.","Edwin, Deon","","Commits Foul","28","Edwin, Deon; Hall, Jimmy; Peterson, Mitch; Walker, Jaylin; Zabo, Kevin","3:49"
"03/11/2017","7:40 p.m.","2nd Half","04:10","57-49","Kent St.","Avery, Jalen","","Enters Game","","Avery, Jalen; Edwin, Deon; Hall, Jimmy; Peterson, Mitch; Walker, Jaylin; Zabo, Kevin","0:00"
"03/11/2017","7:40 p.m.","2nd Half","04:10","57-49","Kent St.","Edwin, Deon","","Leaves Game","","Avery, Jalen; Hall, Jimmy; Peterson, Mitch; Walker, Jaylin; Zabo, Kevin","2:14"
"03/11/2017","7:40 p.m.","2nd Half","04:03","57-51","Akron","Ivey, Jimond","made","Layup","23","Cheatham, Jr., Kwan; Ivey, Jimond; Jackson, Antino; Johnson, Isaiah; Robotham, Noah","10:46"
"03/11/2017","7:40 p.m.","2nd Half","04:03","57-51","Akron","Johnson, Isaiah","","Assist","","Cheatham, Jr., Kwan; Ivey, Jimond; Jackson, Antino; Johnson, Isaiah; Robotham, Noah","10:46"
"03/11/2017","7:40 p.m.","2nd Half","04:02","57-51","Akron","Team","","Team Timeout","","Cheatham, Jr., Kwan; Ivey, Jimond; Jackson, Antino; Johnson, Isaiah; Robotham, Noah","10:47"
"03/11/2017","7:40 p.m.","2nd Half","03:35","60-51","Kent St.","Peterson, Mitch","made","Three Point Jumper","2","Avery, Jalen; Hall, Jimmy; Peterson, Mitch; Walker, Jaylin; Zabo, Kevin","2:49"
"03/11/2017","7:40 p.m.","2nd Half","03:35","60-51","Kent St.","Zabo, Kevin","","Assist","","Avery, Jalen; Hall, Jimmy; Peterson, Mitch; Walker, Jaylin; Zabo, Kevin","2:49"
"03/11/2017","7:40 p.m.","2nd Half","03:14","60-51","Akron","Johnson, Isaiah","","Turnover","","Cheatham, Jr., Kwan; Ivey, Jimond; Jackson, Antino; Johnson, Isaiah; Robotham, Noah","11:35"
"03/11/2017","7:40 p.m.","2nd Half","03:14","60-51","Kent St.","Walker, Jaylin","","Steal","","Avery, Jalen; Hall, Jimmy; Peterson, Mitch; Walker, Jaylin; Zabo, Kevin","3:10"
"03/11/2017","7:40 p.m.","2nd Half","02:59","60-51","Kent St.","Zabo, Kevin","missed","Two Point Jumper","15","Avery, Jalen; Hall, Jimmy; Peterson, Mitch; Walker, Jaylin; Zabo, Kevin","3:25"
"03/11/2017","7:40 p.m.","2nd Half","02:59","60-51","Akron","Johnson, Isaiah","","Defensive Rebound","","Cheatham, Jr., Kwan; Ivey, Jimond; Jackson, Antino; Johnson, Isaiah; Robotham, Noah","11:50"
"03/11/2017","7:40 p.m.","2nd Half","02:49","60-51","Kent St.","Team","","Second Timeout","","Avery, Jalen; Hall, Jimmy; Peterson, Mitch; Walker, Jaylin; Zabo, Kevin","3:35"
"03/11/2017","7:40 p.m.","2nd Half","02:49","60-51","Kent St.","Edwin, Deon","","Enters Game","","Avery, Jalen; Edwin, Deon; Hall, Jimmy; Peterson, Mitch; Walker, Jaylin; Zabo, Kevin","0:00"
"03/11/2017","7:40 p.m.","2nd Half","02:49","60-51","Kent St.","Avery, Jalen","","Leaves Game","","Edwin, Deon; Hall, Jimmy; Peterson, Mitch; Walker, Jaylin; Zabo, Kevin","3:49"
"03/11/2017","7:40 p.m.","2nd Half","02:49","60-51","Akron","Williams, Josh","","Enters Game","","Cheatham, Jr., Kwan; Ivey, Jimond; Jackson, Antino; Johnson, Isaiah; Robotham, Noah; Williams, Josh","0:00"
"03/11/2017","7:40 p.m.","2nd Half","02:49","60-51","Akron","Jackson, Antino","","Leaves Game","","Cheatham, Jr., Kwan; Ivey, Jimond; Johnson, Isaiah; Robotham, Noah; Williams, Josh","0:00"
"03/11/2017","7:40 p.m.","2nd Half","02:40","60-53","Akron","Johnson, Isaiah","made","Layup","11","Cheatham, Jr., Kwan; Ivey, Jimond; Johnson, Isaiah; Robotham, Noah; Williams, Josh","0:09"
"03/11/2017","7:40 p.m.","2nd Half","02:21","62-53","Kent St.","Walker, Jaylin","made","Two Point Jumper","11","Edwin, Deon; Hall, Jimmy; Peterson, Mitch; Walker, Jaylin; Zabo, Kevin","4:17"
"03/11/2017","7:40 p.m.","2nd Half","02:05","62-55","Akron","Robotham, Noah","made","Layup","14","Cheatham, Jr., Kwan; Ivey, Jimond; Johnson, Isaiah; Robotham, Noah; Williams, Josh","0:44"
"03/11/2017","7:40 p.m.","2nd Half","01:54","62-55","Kent St.","Walker, Jaylin","missed","Three Point Jumper","19","Edwin, Deon; Hall, Jimmy; Peterson, Mitch; Walker, Jaylin; Zabo, Kevin","4:44"
"03/11/2017","7:40 p.m.","2nd Half","01:54","62-55","Akron","Team","","Defensive Rebound","","Cheatham, Jr., Kwan; Ivey, Jimond; Johnson, Isaiah; Robotham, Noah; Williams, Josh","0:55"
"03/11/2017","7:40 p.m.","2nd Half","01:40","62-55","Kent St.","Zabo, Kevin","","Commits Foul","16","Edwin, Deon; Hall, Jimmy; Peterson, Mitch; Walker, Jaylin; Zabo, Kevin","4:58"
"03/11/2017","7:40 p.m.","2nd Half","01:40","62-56","Akron","Ivey, Jimond","made","Free Throw","","Cheatham, Jr., Kwan; Ivey, Jimond; Johnson, Isaiah; Robotham, Noah; Williams, Josh","1:09"
"03/11/2017","7:40 p.m.","2nd Half","01:40","62-57","Akron","Ivey, Jimond","made","Free Throw","","Cheatham, Jr., Kwan; Ivey, Jimond; Johnson, Isaiah; Robotham, Noah; Williams, Josh","1:09"
"03/11/2017","7:40 p.m.","2nd Half","01:40","62-57","Kent St.","Avery, Jalen","","Enters Game","","Avery, Jalen; Edwin, Deon; Hall, Jimmy; Peterson, Mitch; Walker, Jaylin; Zabo, Kevin","0:00"
"03/11/2017","7:40 p.m.","2nd Half","01:40","62-57","Kent St.","Zabo, Kevin","","Leaves Game","","Avery, Jalen; Edwin, Deon; Hall, Jimmy; Peterson, Mitch; Walker, Jaylin","4:03"
"03/11/2017","7:40 p.m.","2nd Half","01:40","62-57","Akron","Jackson, Antino","","Enters Game","","Cheatham, Jr., Kwan; Ivey, Jimond; Jackson, Antino; Johnson, Isaiah; Robotham, Noah; Williams, Josh","0:00"
"03/11/2017","7:40 p.m.","2nd Half","01:40","62-57","Akron","Johnson, Isaiah","","Leaves Game","","Cheatham, Jr., Kwan; Ivey, Jimond; Jackson, Antino; Robotham, Noah; Williams, Josh","0:00"
"03/11/2017","7:40 p.m.","2nd Half","01:35","64-57","Kent St.","Hall, Jimmy","made","Layup","25","Avery, Jalen; Edwin, Deon; Hall, Jimmy; Peterson, Mitch; Walker, Jaylin","4:08"
"03/11/2017","7:40 p.m.","2nd Half","01:35","64-57","Akron","Johnson, Isaiah","","Enters Game","","Cheatham, Jr., Kwan; Ivey, Jimond; Jackson, Antino; Johnson, Isaiah; Robotham, Noah; Williams, Josh","0:00"
"03/11/2017","7:40 p.m.","2nd Half","01:35","64-57","Akron","Jackson, Antino","","Leaves Game","","Cheatham, Jr., Kwan; Ivey, Jimond; Johnson, Isaiah; Robotham, Noah; Williams, Josh","1:09"
"03/11/2017","7:40 p.m.","2nd Half","01:14","64-59","Akron","Johnson, Isaiah","made","Layup","9","Cheatham, Jr., Kwan; Ivey, Jimond; Johnson, Isaiah; Robotham, Noah; Williams, Josh","1:30"
"03/11/2017","7:40 p.m.","2nd Half","00:57","64-59","Kent St.","Team","","Second Timeout","","Avery, Jalen; Edwin, Deon; Hall, Jimmy; Peterson, Mitch; Walker, Jaylin","4:46"
"03/11/2017","7:40 p.m.","2nd Half","00:57","64-59","Akron","Jackson, Antino","","Enters Game","","Cheatham, Jr., Kwan; Ivey, Jimond; Jackson, Antino; Johnson, Isaiah; Robotham, Noah; Williams, Josh","0:00"
"03/11/2017","7:40 p.m.","2nd Half","00:57","64-59","Akron","Johnson, Isaiah","","Leaves Game","","Cheatham, Jr., Kwan; Ivey, Jimond; Jackson, Antino; Robotham, Noah; Williams, Josh","0:05"
"03/11/2017","7:40 p.m.","2nd Half","00:51","64-59","Akron","Ivey, Jimond","","Commits Foul","7","Cheatham, Jr., Kwan; Ivey, Jimond; Jackson, Antino; Robotham, Noah; Williams, Josh","0:11"
"03/11/2017","7:40 p.m.","2nd Half","00:51","64-59","Akron","Johnson, Isaiah","","Enters Game","","Cheatham, Jr., Kwan; Ivey, Jimond; Jackson, Antino; Johnson, Isaiah; Robotham, Noah; Williams, Josh","0:00"
"03/11/2017","7:40 p.m.","2nd Half","00:51","64-59","Akron","Williams, Josh","","Leaves Game","","Cheatham, Jr., Kwan; Ivey, Jimond; Jackson, Antino; Johnson, Isaiah; Robotham, Noah","12:00"
"03/11/2017","7:40 p.m.","2nd Half","00:43","64-59","Akron","Robotham, Noah","","Commits Foul","22","Cheatham, Jr., Kwan; Ivey, Jimond; Jackson, Antino; Johnson, Isaiah; Robotham, Noah","12:08"
"03/11/2017","7:40 p.m.","2nd Half","00:43","65-59","Kent St.","Walker, Jaylin","made","Free Throw","","Avery, Jalen; Edwin, Deon; Hall, Jimmy; Peterson, Mitch; Walker, Jaylin","5:00"
"03/11/2017","7:40 p.m.","2nd Half","00:43","66-59","Kent St.","Walker, Jaylin","made","Free Throw","","Avery, Jalen; Edwin, Deon; Hall, Jimmy; Peterson, Mitch; Walker, Jaylin","5:00"
"03/11/2017","7:40 p.m.","2nd Half","00:43","66-59","Kent St.","Zabo, Kevin","","Enters Game","","Avery, Jalen; Edwin, Deon; Hall, Jimmy; Peterson, Mitch; Walker, Jaylin; Zabo, Kevin","0:00"
"03/11/2017","7:40 p.m.","2nd Half","00:43","66-59","Kent St.","Avery, Jalen","","Leaves Game","","Edwin, Deon; Hall, Jimmy; Peterson, Mitch; Walker, Jaylin; Zabo, Kevin","4:58"
"03/11/2017","7:40 p.m.","2nd Half","00:43","66-59","Akron","Williams, Josh","","Enters Game","","Cheatham, Jr., Kwan; Ivey, Jimond; Jackson, Antino; Johnson, Isaiah; Robotham, Noah; Williams, Josh","0:00"
"03/11/2017","7:40 p.m.","2nd Half","00:43","66-59","Akron","Jackson, Antino","","Leaves Game","","Cheatham, Jr., Kwan; Ivey, Jimond; Johnson, Isaiah; Robotham, Noah; Williams, Josh","1:47"
"03/11/2017","7:40 p.m.","2nd Half","00:30","66-59","Akron","Ivey, Jimond","missed","Three Point Jumper","17","Cheatham, Jr., Kwan; Ivey, Jimond; Johnson, Isaiah; Robotham, Noah; Williams, Josh","2:00"
"03/11/2017","7:40 p.m.","2nd Half","00:30","66-59","Akron","Cheatham, Jr., Kwan","","Offensive Rebound","","Cheatham, Jr., Kwan; Ivey, Jimond; Johnson, Isaiah; Robotham, Noah; Williams, Josh","2:00"
"03/11/2017","7:40 p.m.","2nd Half","00:26","66-59","Akron","Williams, Josh","missed","Three Point Jumper","26","Cheatham, Jr., Kwan; Ivey, Jimond; Johnson, Isaiah; Robotham, Noah; Williams, Josh","2:04"
"03/11/2017","7:40 p.m.","2nd Half","00:26","66-59","Kent St.","Hall, Jimmy","","Defensive Rebound","","Edwin, Deon; Hall, Jimmy; Peterson, Mitch; Walker, Jaylin; Zabo, Kevin","5:15"
"03/11/2017","7:40 p.m.","2nd Half","00:22","66-59","Akron","Johnson, Isaiah","","Commits Foul","26","Cheatham, Jr., Kwan; Ivey, Jimond; Johnson, Isaiah; Robotham, Noah; Williams, Josh","2:08"
"03/11/2017","7:40 p.m.","2nd Half","00:22","66-59","Kent St.","Hall, Jimmy","missed","Free Throw","","Edwin, Deon; Hall, Jimmy; Peterson, Mitch; Walker, Jaylin; Zabo, Kevin","5:19"
"03/11/2017","7:40 p.m.","2nd Half","00:22","66-59","Akron","Cheatham, Jr., Kwan","","Defensive Rebound","","Cheatham, Jr., Kwan; Ivey, Jimond; Johnson, Isaiah; Robotham, Noah; Williams, Josh","2:08"
"03/11/2017","7:40 p.m.","2nd Half","00:16","66-59","Akron","Team","","Team Timeout","","Cheatham, Jr., Kwan; Ivey, Jimond; Johnson, Isaiah; Robotham, Noah; Williams, Josh","2:14"
"03/11/2017","7:40 p.m.","2nd Half","00:15","66-62","Akron","Ivey, Jimond","made","Three Point Jumper","23","Cheatham, Jr., Kwan; Ivey, Jimond; Johnson, Isaiah; Robotham, Noah; Williams, Josh","2:15"
"03/11/2017","7:40 p.m.","2nd Half","00:15","66-62","Akron","Robotham, Noah","","Assist","","Cheatham, Jr., Kwan; Ivey, Jimond; Johnson, Isaiah; Robotham, Noah; Williams, Josh","2:15"
"03/11/2017","7:40 p.m.","2nd Half","00:12","66-62","Akron","Robotham, Noah","","Commits Foul","27","Cheatham, Jr., Kwan; Ivey, Jimond; Johnson, Isaiah; Robotham, Noah; Williams, Josh","2:18"
"03/11/2017","7:40 p.m.","2nd Half","00:12","67-62","Kent St.","Walker, Jaylin","made","Free Throw","","Edwin, Deon; Hall, Jimmy; Peterson, Mitch; Walker, Jaylin; Zabo, Kevin","5:29"
"03/11/2017","7:40 p.m.","2nd Half","00:12","68-62","Kent St.","Walker, Jaylin","made","Free Throw","","Edwin, Deon; Hall, Jimmy; Peterson, Mitch; Walker, Jaylin; Zabo, Kevin","5:29"
"03/11/2017","7:40 p.m.","2nd Half","00:12","68-62","Kent St.","Avery, Jalen","","Enters Game","","Avery, Jalen; Edwin, Deon; Hall, Jimmy; Peterson, Mitch; Walker, Jaylin; Zabo, Kevin","0:00"
"03/11/2017","7:40 p.m.","2nd Half","00:12","68-62","Kent St.","Zabo, Kevin","","Leaves Game","","Avery, Jalen; Edwin, Deon; Hall, Jimmy; Peterson, Mitch; Walker, Jaylin","5:00"
"03/11/2017","7:40 p.m.","2nd Half","00:08","68-65","Akron","Ivey, Jimond","made","Three Point Jumper","26","Cheatham, Jr., Kwan; Ivey, Jimond; Johnson, Isaiah; Robotham, Noah; Williams, Josh","2:22"
"03/11/2017","7:40 p.m.","2nd Half","00:08","68-65","Akron","Johnson, Isaiah","","Assist","","Cheatham, Jr., Kwan; Ivey, Jimond; Johnson, Isaiah; Robotham, Noah; Williams, Josh","2:22"
"03/11/2017","7:40 p.m.","2nd Half","00:08","68-65","Akron","Jackson, Antino","","Enters Game","","Cheatham, Jr., Kwan; Ivey, Jimond; Jackson, Antino; Johnson, Isaiah; Robotham, Noah; Williams, Josh","0:00"
"03/11/2017","7:40 p.m.","2nd Half","00:08","68-65","Akron","Johnson, Isaiah","","Leaves Game","","Cheatham, Jr., Kwan; Ivey, Jimond; Jackson, Antino; Robotham, Noah; Williams, Josh","0:11"
"03/11/2017","7:40 p.m.","2nd Half","00:06","68-65","Akron","Williams, Josh","","Commits Foul","28","Cheatham, Jr., Kwan; Ivey, Jimond; Jackson, Antino; Robotham, Noah; Williams, Josh","0:13"
"03/11/2017","7:40 p.m.","2nd Half","00:06","69-65","Kent St.","Avery, Jalen","made","Free Throw","","Avery, Jalen; Edwin, Deon; Hall, Jimmy; Peterson, Mitch; Walker, Jaylin","5:06"
"03/11/2017","7:40 p.m.","2nd Half","00:06","70-65","Kent St.","Avery, Jalen","made","Free Throw","","Avery, Jalen; Edwin, Deon; Hall, Jimmy; Peterson, Mitch; Walker, Jaylin","5:06"
"03/11/2017","7:40 p.m.","2nd Half","00:06","70-65","Kent St.","Team","","Team Timeout","","Avery, Jalen; Edwin, Deon; Hall, Jimmy; Peterson, Mitch; Walker, Jaylin","5:06"
"03/11/2017","7:40 p.m.","2nd Half","00:06","70-65","Akron","Johnson, Isaiah","","Enters Game","","Cheatham, Jr., Kwan; Ivey, Jimond; Jackson, Antino; Johnson, Isaiah; Robotham, Noah; Williams, Josh","0:00"
"03/11/2017","7:40 p.m.","2nd Half","00:06","70-65","Akron","Cheatham, Jr., Kwan","","Leaves Game","","Ivey, Jimond; Jackson, Antino; Johnson, Isaiah; Robotham, Noah; Williams, Josh","0:00"
"03/11/2017","7:40 p.m.","2nd Half","00:02","70-65","Akron","Johnson, Isaiah","missed","Three Point Jumper","26","Ivey, Jimond; Jackson, Antino; Johnson, Isaiah; Robotham, Noah; Williams, Josh","0:04"
"03/11/2017","7:40 p.m.","2nd Half","00:02","70-65","Kent St.","Hall, Jimmy","","Defensive Rebound","","Avery, Jalen; Edwin, Deon; Hall, Jimmy; Peterson, Mitch; Walker, Jaylin","5:10"
