"Time","Kent St.","Score","Akron"
"19:43","","27-24","CHEATHAM,JR, KWAN Turnover"
"19:42","EDWIN,DEON Steal","27-24",""
"19:38","EDWIN,DEON made Layup","29-24",""
"19:38","","29-24","IVEY,JIMOND Commits Foul"
"19:38","EDWIN,DEON made Free Throw","30-24",""
"19:17","","30-24","CHEATHAM,JR, KWAN missed Three Point Jumper"
"19:17","TEAM Defensive Rebound","30-24",""
"18:47","WALKER,JAYLIN made Two Point Jumper","32-24",""
"18:20","","32-24","JACKSON,ANTINO missed Three Point Jumper"
"18:20","","32-24","CHEATHAM,JR, KWAN Offensive Rebound"
"18:15","","32-24","CHEATHAM,JR, KWAN missed Tip In"
"18:15","AVERY,JALEN Defensive Rebound","32-24",""
"18:10","WALKER,JAYLIN missed Three Point Jumper","32-24",""
"18:10","","32-24","CHEATHAM,JR, KWAN Defensive Rebound"
"18:02","","32-26","IVEY,JIMOND made Layup"
"18:02","","32-26","CHEATHAM,JR, KWAN Assist"
"18:02","EDWIN,DEON Commits Foul","32-26",""
"18:02","","32-26","IVEY,JIMOND missed Free Throw"
"18:02","EDWIN,DEON Defensive Rebound","32-26",""
"17:42","WALKER,JAYLIN made Two Point Jumper","34-26",""
"17:14","","34-28","CHEATHAM,JR, KWAN made Two Point Jumper"
"16:43","HALL,JIMMY missed Two Point Jumper","34-28",""
"16:43","","34-28","JOHNSON,ISAIAH Defensive Rebound"
"16:30","","34-28","CHEATHAM,JR, KWAN missed Three Point Jumper"
"16:30","WALKER,JAYLIN Defensive Rebound","34-28",""
"16:08","HALL,JIMMY made Two Point Jumper","36-28",""
"15:57","WALKER,JAYLIN Commits Foul","36-28",""
"15:57","","36-29","JOHNSON,ISAIAH made Free Throw"
"15:57","","36-30","JOHNSON,ISAIAH made Free Throw"
"15:57","ZABO,KEVIN Enters Game","36-30",""
"15:57","EDWIN,DEON Leaves Game","36-30",""
"15:29","HALL,JIMMY Turnover","36-30",""
"15:01","","36-32","JOHNSON,ISAIAH made Layup"
"15:01","","36-32","JACKSON,ANTINO Assist"
"14:37","WALKER,JAYLIN Turnover","36-32",""
"14:36","","36-32","JACKSON,ANTINO Steal"
"14:34","","36-32","ROBOTHAM,NOAH missed Three Point Jumper"
"14:34","","36-32","IVEY,JIMOND Offensive Rebound"
"14:30","","36-34","IVEY,JIMOND made Tip In"
"14:06","WALKER,JAYLIN made Three Point Jumper","39-34",""
"14:06","HALL,JIMMY Assist","39-34",""
"13:46","","39-34","JOHNSON,ISAIAH missed Layup"
"13:46","HALL,JIMMY Blocked Shot","39-34",""
"13:45","","39-34","TEAM Offensive Rebound"
"13:43","EDWIN,DEON Enters Game","39-34",""
"13:43","PETERSON,MITCH Leaves Game","39-34",""
"13:38","","39-34","JACKSON,ANTINO missed Three Point Jumper"
"13:38","","39-34","ROBOTHAM,NOAH Offensive Rebound"
"13:20","","39-37","JACKSON,ANTINO made Three Point Jumper"
"13:20","","39-37","ROBOTHAM,NOAH Assist"
"13:02","","39-37","CHEATHAM,JR, KWAN Commits Foul"
"13:02","HALL,JIMMY missed Free Throw","39-37",""
"13:02","TEAM Deadball Rebound","39-37",""
"13:02","HALL,JIMMY made Free Throw","40-37",""
"13:02","DE LA ROSA,ADONIS Enters Game","40-37",""
"13:02","HALL,JIMMY Leaves Game","40-37",""
"12:41","","40-39","JOHNSON,ISAIAH made Layup"
"12:41","","40-39","JACKSON,ANTINO Assist"
"12:16","EDWIN,DEON made Three Point Jumper","43-39",""
"12:16","AVERY,JALEN Assist","43-39",""
"11:52","","43-41","JOHNSON,ISAIAH made Layup"
"11:52","","43-41","ROBOTHAM,NOAH Assist"
"11:42","TEAM Team Timeout","43-41",""
"11:42","HALL,JIMMY Enters Game","43-41",""
"11:42","DE LA ROSA,ADONIS Leaves Game","43-41",""
"11:42","","43-41","WILLIAMS,JOSH Enters Game"
"11:42","","43-41","UTOMI,DANIEL Enters Game"
"11:42","","43-41","CHEATHAM,JR, KWAN Leaves Game"
"11:42","","43-41","JACKSON,ANTINO Leaves Game"
"11:27","","43-41","UTOMI,DANIEL Commits Foul"
"11:27","TEAM  Timeout","43-41",""
"11:27","EDWIN,DEON missed Free Throw","43-41",""
"11:27","TEAM Deadball Rebound","43-41",""
"11:27","EDWIN,DEON missed Free Throw","43-41",""
"11:27","","43-41","UTOMI,DANIEL Defensive Rebound"
"11:15","","43-43","JOHNSON,ISAIAH made Layup"
"11:15","","43-43","ROBOTHAM,NOAH Assist"
"11:15","HALL,JIMMY Commits Foul","43-43",""
"11:15","","43-43","JOHNSON,ISAIAH missed Free Throw"
"11:15","ZABO,KEVIN Defensive Rebound","43-43",""
"11:00","ZABO,KEVIN made Layup","45-43",""
"10:44","","45-46","WILLIAMS,JOSH made Three Point Jumper"
"10:44","","45-46","ROBOTHAM,NOAH Assist"
"10:22","HALL,JIMMY made Layup","47-46",""
"09:58","","47-46","IVEY,JIMOND Turnover"
"09:34","HALL,JIMMY Turnover","47-46",""
"09:19","","47-46","UTOMI,DANIEL missed Two Point Jumper"
"09:19","","47-46","WILLIAMS,JOSH Offensive Rebound"
"09:02","","47-49","WILLIAMS,JOSH made Three Point Jumper"
"08:34","AVERY,JALEN missed Three Point Jumper","47-49",""
"08:34","","47-49","JOHNSON,ISAIAH Defensive Rebound"
"08:09","","47-49","ROBOTHAM,NOAH missed Three Point Jumper"
"08:09","WALKER,JAYLIN Defensive Rebound","47-49",""
"07:59","","47-49","JOHNSON,ISAIAH Commits Foul"
"07:59","TEAM Media Timeout","47-49",""
"07:59","ZABO,KEVIN made Free Throw","48-49",""
"07:59","ZABO,KEVIN made Free Throw","49-49",""
"07:59","PETERSON,MITCH Enters Game","49-49",""
"07:59","AVERY,JALEN Leaves Game","49-49",""
"07:59","","49-49","JACKSON,ANTINO Enters Game"
"07:59","","49-49","CHEATHAM,JR, KWAN Enters Game"
"07:59","","49-49","ROBOTHAM,NOAH Leaves Game"
"07:59","","49-49","UTOMI,DANIEL Leaves Game"
"07:45","","49-49","WILLIAMS,JOSH missed Two Point Jumper"
"07:45","EDWIN,DEON Defensive Rebound","49-49",""
"07:25","WALKER,JAYLIN made Two Point Jumper","51-49",""
"06:57","","51-49","JOHNSON,ISAIAH Turnover"
"06:36","WALKER,JAYLIN missed Three Point Jumper","51-49",""
"06:36","","51-49","TEAM Defensive Rebound"
"06:31","","51-49","ROBOTHAM,NOAH Enters Game"
"06:31","","51-49","WILLIAMS,JOSH Leaves Game"
"06:02","","51-49","ROBOTHAM,NOAH missed Two Point Jumper"
"06:02","PETERSON,MITCH Defensive Rebound","51-49",""
"05:54","HALL,JIMMY made Dunk","53-49",""
"05:54","PETERSON,MITCH Assist","53-49",""
"05:32","","53-49","CHEATHAM,JR, KWAN missed Three Point Jumper"
"05:32","TEAM Defensive Rebound","53-49",""
"05:14","ZABO,KEVIN missed Layup","53-49",""
"05:14","WALKER,JAYLIN Offensive Rebound","53-49",""
"05:11","WALKER,JAYLIN made Tip In","55-49",""
"04:43","","55-49","JACKSON,ANTINO missed Layup"
"04:43","","55-49","TEAM Offensive Rebound"
"04:34","","55-49","JOHNSON,ISAIAH Turnover"
"04:33","EDWIN,DEON Steal","55-49",""
"04:24","HALL,JIMMY missed Layup","55-49",""
"04:24","","55-49","CHEATHAM,JR, KWAN Blocked Shot"
"04:24","WALKER,JAYLIN Offensive Rebound","55-49",""
"04:24","","55-49","JACKSON,ANTINO Commits Foul"
"04:24","WALKER,JAYLIN made Free Throw","56-49",""
"04:24","WALKER,JAYLIN made Free Throw","57-49",""
"04:12","","57-49","JACKSON,ANTINO missed Three Point Jumper"
"04:12","","57-49","IVEY,JIMOND Offensive Rebound"
"04:10","EDWIN,DEON Commits Foul","57-49",""
"04:10","AVERY,JALEN Enters Game","57-49",""
"04:10","EDWIN,DEON Leaves Game","57-49",""
"04:03","","57-51","IVEY,JIMOND made Layup"
"04:03","","57-51","JOHNSON,ISAIAH Assist"
"04:02","","57-51","TEAM Team Timeout"
"03:35","PETERSON,MITCH made Three Point Jumper","60-51",""
"03:35","ZABO,KEVIN Assist","60-51",""
"03:14","","60-51","JOHNSON,ISAIAH Turnover"
"03:14","WALKER,JAYLIN Steal","60-51",""
"02:59","ZABO,KEVIN missed Two Point Jumper","60-51",""
"02:59","","60-51","JOHNSON,ISAIAH Defensive Rebound"
"02:49","TEAM 30 Second Timeout","60-51",""
"02:49","EDWIN,DEON Enters Game","60-51",""
"02:49","AVERY,JALEN Leaves Game","60-51",""
"02:49","","60-51","WILLIAMS,JOSH Enters Game"
"02:49","","60-51","JACKSON,ANTINO Leaves Game"
"02:40","","60-53","JOHNSON,ISAIAH made Layup"
"02:21","WALKER,JAYLIN made Two Point Jumper","62-53",""
"02:05","","62-55","ROBOTHAM,NOAH made Layup"
"01:54","WALKER,JAYLIN missed Three Point Jumper","62-55",""
"01:54","","62-55","TEAM Defensive Rebound"
"01:40","ZABO,KEVIN Commits Foul","62-55",""
"01:40","","62-56","IVEY,JIMOND made Free Throw"
"01:40","","62-57","IVEY,JIMOND made Free Throw"
"01:40","AVERY,JALEN Enters Game","62-57",""
"01:40","ZABO,KEVIN Leaves Game","62-57",""
"01:40","","62-57","JACKSON,ANTINO Enters Game"
"01:40","","62-57","JOHNSON,ISAIAH Leaves Game"
"01:35","HALL,JIMMY made Layup","64-57",""
"01:35","","64-57","JOHNSON,ISAIAH Enters Game"
"01:35","","64-57","JACKSON,ANTINO Leaves Game"
"01:14","","64-59","JOHNSON,ISAIAH made Layup"
"00:57","TEAM 30 Second Timeout","64-59",""
"00:57","","64-59","JACKSON,ANTINO Enters Game"
"00:57","","64-59","JOHNSON,ISAIAH Leaves Game"
"00:51","","64-59","IVEY,JIMOND Commits Foul"
"00:51","","64-59","JOHNSON,ISAIAH Enters Game"
"00:51","","64-59","WILLIAMS,JOSH Leaves Game"
"00:43","","64-59","ROBOTHAM,NOAH Commits Foul"
"00:43","WALKER,JAYLIN made Free Throw","65-59",""
"00:43","WALKER,JAYLIN made Free Throw","66-59",""
"00:43","ZABO,KEVIN Enters Game","66-59",""
"00:43","AVERY,JALEN Leaves Game","66-59",""
"00:43","","66-59","WILLIAMS,JOSH Enters Game"
"00:43","","66-59","JACKSON,ANTINO Leaves Game"
"00:30","","66-59","IVEY,JIMOND missed Three Point Jumper"
"00:30","","66-59","CHEATHAM,JR, KWAN Offensive Rebound"
"00:26","","66-59","WILLIAMS,JOSH missed Three Point Jumper"
"00:26","HALL,JIMMY Defensive Rebound","66-59",""
"00:22","","66-59","JOHNSON,ISAIAH Commits Foul"
"00:22","HALL,JIMMY missed Free Throw","66-59",""
"00:22","","66-59","CHEATHAM,JR, KWAN Defensive Rebound"
"00:16","","66-59","TEAM Team Timeout"
"00:15","","66-62","IVEY,JIMOND made Three Point Jumper"
"00:15","","66-62","ROBOTHAM,NOAH Assist"
"00:12","","66-62","ROBOTHAM,NOAH Commits Foul"
"00:12","WALKER,JAYLIN made Free Throw","67-62",""
"00:12","WALKER,JAYLIN made Free Throw","68-62",""
"00:12","AVERY,JALEN Enters Game","68-62",""
"00:12","ZABO,KEVIN Leaves Game","68-62",""
"00:08","","68-65","IVEY,JIMOND made Three Point Jumper"
"00:08","","68-65","JOHNSON,ISAIAH Assist"
"00:08","","68-65","JACKSON,ANTINO Enters Game"
"00:08","","68-65","JOHNSON,ISAIAH Leaves Game"
"00:06","","68-65","WILLIAMS,JOSH Commits Foul"
"00:06","AVERY,JALEN made Free Throw","69-65",""
"00:06","AVERY,JALEN made Free Throw","70-65",""
"00:06","TEAM Team Timeout","70-65",""
"00:06","","70-65","JOHNSON,ISAIAH Enters Game"
"00:06","","70-65","CHEATHAM,JR, KWAN Leaves Game"
"00:02","","70-65","JOHNSON,ISAIAH missed Three Point Jumper"
"00:02","HALL,JIMMY Defensive Rebound","70-65",""
"End of 2nd Half"
