"Time","Kent St.","Score","Akron"
"19:44","","0-0","JOHNSON,ISAIAH missed Layup"
"19:44","HALL,JIMMY Defensive Rebound","0-0",""
"19:19","EDWIN,DEON made Layup","2-0",""
"19:19","HALL,JIMMY Assist","2-0",""
"18:49","","2-2","JOHNSON,ISAIAH made Two Point Jumper"
"18:49","","2-2","ROBOTHAM,NOAH Assist"
"18:21","WALKER,JAYLIN made Three Point Jumper","5-2",""
"18:03","","5-2","JACKSON,ANTINO missed Layup"
"18:03","","5-2","JOHNSON,ISAIAH Offensive Rebound"
"17:44","","5-2","IVEY,JIMOND missed Three Point Jumper"
"17:44","PETERSON,MITCH Defensive Rebound","5-2",""
"17:31","WALKER,JAYLIN made Layup","7-2",""
"17:31","HALL,JIMMY Assist","7-2",""
"17:16","","7-2","JOHNSON,ISAIAH missed Layup"
"17:16","HALL,JIMMY Blocked Shot","7-2",""
"17:15","HALL,JIMMY Defensive Rebound","7-2",""
"17:09","AVERY,JALEN missed Two Point Jumper","7-2",""
"17:09","","7-2","JACKSON,ANTINO Defensive Rebound"
"17:02","","7-2","JACKSON,ANTINO missed Layup"
"17:02","WALKER,JAYLIN Defensive Rebound","7-2",""
"16:54","PETERSON,MITCH missed Three Point Jumper","7-2",""
"16:54","","7-2","CHEATHAM,JR, KWAN Defensive Rebound"
"16:35","HALL,JIMMY Commits Foul","7-2",""
"16:35","","7-2","JOHNSON,ISAIAH missed Free Throw"
"16:35","","7-2","TEAM Deadball Rebound"
"16:35","","7-3","JOHNSON,ISAIAH made Free Throw"
"16:08","HALL,JIMMY made Layup","9-3",""
"16:08","EDWIN,DEON Assist","9-3",""
"15:37","","9-3","TEAM Media Timeout"
"15:37","RIDENOUR,DESMOND Enters Game","9-3",""
"15:37","ZABO,KEVIN Enters Game","9-3",""
"15:37","PETERSON,MITCH Leaves Game","9-3",""
"15:37","AVERY,JALEN Leaves Game","9-3",""
"15:37","","9-3","UTOMI,DANIEL Enters Game"
"15:37","","9-3","WILLIAMS,JOSH Enters Game"
"15:37","","9-3","JACKSON,ANTINO Leaves Game"
"15:37","","9-3","CHEATHAM,JR, KWAN Leaves Game"
"15:34","","9-3","JOHNSON,ISAIAH missed Three Point Jumper"
"15:34","HALL,JIMMY Blocked Shot","9-3",""
"15:32","HALL,JIMMY Defensive Rebound","9-3",""
"15:14","EDWIN,DEON missed Layup","9-3",""
"15:14","HALL,JIMMY Offensive Rebound","9-3",""
"15:11","HALL,JIMMY made Tip In","11-3",""
"14:47","","11-5","ROBOTHAM,NOAH made Two Point Jumper"
"14:22","RIDENOUR,DESMOND Turnover","11-5",""
"14:21","","11-5","IVEY,JIMOND Steal"
"14:07","","11-5","UTOMI,DANIEL missed Two Point Jumper"
"14:07","RIDENOUR,DESMOND Defensive Rebound","11-5",""
"14:00","DE LA ROSA,ADONIS Enters Game","11-5",""
"14:00","HALL,JIMMY Leaves Game","11-5",""
"13:44","ZABO,KEVIN Turnover","11-5",""
"13:43","","11-5","JOHNSON,ISAIAH Steal"
"13:40","","11-7","IVEY,JIMOND made Layup"
"13:40","","11-7","JOHNSON,ISAIAH Assist"
"13:40","EDWIN,DEON Commits Foul","11-7",""
"13:40","","11-7","IVEY,JIMOND missed Free Throw"
"13:40","EDWIN,DEON Defensive Rebound","11-7",""
"13:40","PETERSON,MITCH Enters Game","11-7",""
"13:40","RIDENOUR,DESMOND Leaves Game","11-7",""
"13:40","","11-7","OLOJAKPOKE,EMMANUEL Enters Game"
"13:40","","11-7","JOHNSON,ISAIAH Leaves Game"
"13:22","PETERSON,MITCH missed Two Point Jumper","11-7",""
"13:22","","11-7","UTOMI,DANIEL Defensive Rebound"
"13:16","","11-7","WILLIAMS,JOSH missed Three Point Jumper"
"13:16","","11-7","WILLIAMS,JOSH Offensive Rebound"
"13:11","DE LA ROSA,ADONIS Commits Foul","11-7",""
"13:11","","11-8","WILLIAMS,JOSH made Free Throw"
"13:11","","11-8","WILLIAMS,JOSH missed Free Throw"
"13:11","HALL,JIMMY Defensive Rebound","11-8",""
"13:11","HALL,JIMMY Enters Game","11-8",""
"13:11","AVERY,JALEN Enters Game","11-8",""
"13:11","EDWIN,DEON Leaves Game","11-8",""
"13:11","WALKER,JAYLIN Leaves Game","11-8",""
"13:11","","11-8","CHEATHAM,JR, KWAN Enters Game"
"13:11","","11-8","UTOMI,DANIEL Leaves Game"
"12:53","","11-8","IVEY,JIMOND Commits Foul"
"12:33","ZABO,KEVIN missed Layup","11-8",""
"12:33","","11-8","IVEY,JIMOND Defensive Rebound"
"12:28","","11-8","WILLIAMS,JOSH missed Three Point Jumper"
"12:28","","11-8","TEAM Offensive Rebound"
"12:13","DE LA ROSA,ADONIS Commits Foul","11-8",""
"12:13","EDWIN,DEON Enters Game","11-8",""
"12:13","DE LA ROSA,ADONIS Leaves Game","11-8",""
"11:57","PETERSON,MITCH Commits Foul","11-8",""
"11:57","","11-8","TEAM  Timeout"
"11:57","WALKER,JAYLIN Enters Game","11-8",""
"11:57","ZABO,KEVIN Leaves Game","11-8",""
"11:57","","11-8","DUNN-MARTIN,TAVIAN Enters Game"
"11:57","","11-8","ROBOTHAM,NOAH Leaves Game"
"11:45","","11-8","WILLIAMS,JOSH Turnover"
"11:45","","11-8","JACKSON,ANTINO Enters Game"
"11:45","","11-8","WILLIAMS,JOSH Leaves Game"
"11:31","HALL,JIMMY made Layup","13-8",""
"11:31","PETERSON,MITCH Assist","13-8",""
"11:14","","13-10","OLOJAKPOKE,EMMANUEL made Layup"
"11:14","","13-10","DUNN-MARTIN,TAVIAN Assist"
"10:58","HALL,JIMMY missed Layup","13-10",""
"10:58","","13-10","CHEATHAM,JR, KWAN Defensive Rebound"
"10:49","","13-10","DUNN-MARTIN,TAVIAN missed Two Point Jumper"
"10:49","HALL,JIMMY Defensive Rebound","13-10",""
"10:42","","13-10","JACKSON,ANTINO Commits Foul"
"10:41","","13-10","JOHNSON,ISAIAH Enters Game"
"10:41","","13-10","OLOJAKPOKE,EMMANUEL Leaves Game"
"10:30","WALKER,JAYLIN missed Two Point Jumper","13-10",""
"10:30","","13-10","CHEATHAM,JR, KWAN Defensive Rebound"
"10:28","HALL,JIMMY Commits Foul","13-10",""
"10:28","DE LA ROSA,ADONIS Enters Game","13-10",""
"10:28","HALL,JIMMY Leaves Game","13-10",""
"10:10","","13-10","JOHNSON,ISAIAH missed Two Point Jumper"
"10:10","DE LA ROSA,ADONIS Blocked Shot","13-10",""
"10:08","EDWIN,DEON Defensive Rebound","13-10",""
"09:51","WALKER,JAYLIN made Layup","15-10",""
"09:51","AVERY,JALEN Assist","15-10",""
"09:31","","15-12","IVEY,JIMOND made Layup"
"09:31","","15-12","JACKSON,ANTINO Assist"
"09:08","WALKER,JAYLIN missed Two Point Jumper","15-12",""
"09:08","","15-12","DUNN-MARTIN,TAVIAN Defensive Rebound"
"09:01","","15-12","CHEATHAM,JR, KWAN Turnover"
"08:35","PETERSON,MITCH missed Two Point Jumper","15-12",""
"08:35","","15-12","JOHNSON,ISAIAH Defensive Rebound"
"08:16","","15-12","CHEATHAM,JR, KWAN Commits Foul"
"08:16","","15-12","CHEATHAM,JR, KWAN Turnover"
"08:16","DE LA ROSA,ADONIS Steal","15-12",""
"08:16","ZABO,KEVIN Enters Game","15-12",""
"08:16","PETERSON,MITCH Leaves Game","15-12",""
"08:16","","15-12","ROBOTHAM,NOAH Enters Game"
"08:16","","15-12","DUNN-MARTIN,TAVIAN Leaves Game"
"08:02","ZABO,KEVIN missed Three Point Jumper","15-12",""
"08:02","","15-12","TEAM Defensive Rebound"
"07:58","","15-12","TEAM Media Timeout"
"07:34","","15-14","JOHNSON,ISAIAH made Layup"
"07:12","WALKER,JAYLIN made Two Point Jumper","17-14",""
"06:39","","17-16","JOHNSON,ISAIAH made Two Point Jumper"
"06:19","DE LA ROSA,ADONIS missed Two Point Jumper","17-16",""
"06:19","","17-16","CHEATHAM,JR, KWAN Defensive Rebound"
"06:00","","17-16","JOHNSON,ISAIAH Turnover"
"06:00","ZABO,KEVIN Steal","17-16",""
"06:00","","17-16","WILLIAMS,JOSH Enters Game"
"06:00","","17-16","IVEY,JIMOND Leaves Game"
"05:39","WALKER,JAYLIN missed Three Point Jumper","17-16",""
"05:39","","17-16","JACKSON,ANTINO Defensive Rebound"
"05:26","","17-16","ROBOTHAM,NOAH Turnover"
"05:26","","17-16","UTOMI,DANIEL Enters Game"
"05:26","","17-16","CHEATHAM,JR, KWAN Leaves Game"
"05:00","","17-16","JOHNSON,ISAIAH Commits Foul"
"05:00","ZABO,KEVIN made Free Throw","18-16",""
"05:00","ZABO,KEVIN made Free Throw","19-16",""
"04:44","DE LA ROSA,ADONIS Commits Foul","19-16",""
"04:44","","19-17","JOHNSON,ISAIAH made Free Throw"
"04:44","","19-17","JOHNSON,ISAIAH missed Free Throw"
"04:44","HALL,JIMMY Defensive Rebound","19-17",""
"04:44","HALL,JIMMY Enters Game","19-17",""
"04:44","DE LA ROSA,ADONIS Leaves Game","19-17",""
"04:23","WALKER,JAYLIN missed Three Point Jumper","19-17",""
"04:23","EDWIN,DEON Offensive Rebound","19-17",""
"04:18","HALL,JIMMY made Layup","21-17",""
"04:18","EDWIN,DEON Assist","21-17",""
"03:56","","21-19","WILLIAMS,JOSH made Two Point Jumper"
"03:33","EDWIN,DEON missed Three Point Jumper","21-19",""
"03:33","","21-19","JACKSON,ANTINO Defensive Rebound"
"03:25","","21-22","WILLIAMS,JOSH made Three Point Jumper"
"03:25","","21-22","JACKSON,ANTINO Assist"
"02:52","HALL,JIMMY made Two Point Jumper","23-22",""
"02:52","AVERY,JALEN Assist","23-22",""
"02:20","","23-22","WILLIAMS,JOSH missed Two Point Jumper"
"02:20","HALL,JIMMY Defensive Rebound","23-22",""
"01:56","ZABO,KEVIN made Two Point Jumper","25-22",""
"01:31","","25-22","UTOMI,DANIEL missed Three Point Jumper"
"01:31","EDWIN,DEON Defensive Rebound","25-22",""
"01:25","EDWIN,DEON Commits Foul","25-22",""
"01:25","EDWIN,DEON Turnover","25-22",""
"01:25","","25-22","TEAM  Timeout"
"01:25","PETERSON,MITCH Enters Game","25-22",""
"01:25","PIPPEN,DANNY Enters Game","25-22",""
"01:25","HALL,JIMMY Leaves Game","25-22",""
"01:25","EDWIN,DEON Leaves Game","25-22",""
"01:25","","25-22","DUNN-MARTIN,TAVIAN Enters Game"
"01:25","","25-22","OLOJAKPOKE,EMMANUEL Enters Game"
"01:25","","25-22","CHEATHAM,JR, KWAN Enters Game"
"01:25","","25-22","IVEY,JIMOND Enters Game"
"01:25","","25-22","JOHNSON,ISAIAH Leaves Game"
"01:25","","25-22","UTOMI,DANIEL Leaves Game"
"01:25","","25-22","ROBOTHAM,NOAH Leaves Game"
"01:25","","25-22","JACKSON,ANTINO Leaves Game"
"01:21","","25-22","OLOJAKPOKE,EMMANUEL missed Layup"
"01:21","PIPPEN,DANNY Defensive Rebound","25-22",""
"00:57","ZABO,KEVIN missed Three Point Jumper","25-22",""
"00:57","WALKER,JAYLIN Offensive Rebound","25-22",""
"00:49","TEAM 30 Second Timeout","25-22",""
"00:49","","25-22","ROBOTHAM,NOAH Enters Game"
"00:49","","25-22","JOHNSON,ISAIAH Enters Game"
"00:49","","25-22","DUNN-MARTIN,TAVIAN Leaves Game"
"00:49","","25-22","OLOJAKPOKE,EMMANUEL Leaves Game"
"00:34","WALKER,JAYLIN made Two Point Jumper","27-22",""
"00:06","","27-24","JOHNSON,ISAIAH made Layup"
"End of 1st Half"
